일시,평균기온(°C),최저기온(°C),최고기온(°C),일강수량(mm),평균 풍속(m/s),평균 상대습도(%),합계 일조시간(hr),합계 일사량(MJ/m2),평균 전운량(1/10)
2016-01-01,0.5333333333333333,-5.366666666666667,6.866666666666667,,0.8333333333333334,74.83333333333333,4.6000000000000005,8.355,5.55
2016-01-02,5.433333333333334,0.5666666666666667,12.299999999999999,,0.9333333333333332,72.46666666666667,6.166666666666667,6.76,5.699999999999999
2016-01-03,6.033333333333334,0.8333333333333334,13.066666666666668,,0.7666666666666666,79.89999999999999,5.866666666666667,7.71,4.75
2016-01-04,4.3999999999999995,-1.1666666666666667,8.4,,1.8333333333333333,56.699999999999996,6.966666666666666,9.129999999999999,4.25
2016-01-05,-0.9333333333333332,-3.9,3.1333333333333333,,1.4000000000000001,40.73333333333333,4.833333333333333,7.55,4.25
2016-01-06,-0.6333333333333333,-6.433333333333334,4.5,,1.2666666666666666,57.86666666666667,3.966666666666667,6.99,7.05
2016-01-07,-0.6666666666666666,-3.733333333333333,3.1333333333333333,,1.9333333333333333,53.73333333333333,7.433333333333334,10.08,4.1
2016-01-08,-1.4666666666666668,-4.833333333333333,2.8333333333333335,0.0,1.4333333333333333,55.13333333333333,7.966666666666666,9.34,4.55
2016-01-09,0.7333333333333333,-3.133333333333333,5.3,0.0,1.2333333333333334,56.43333333333334,6.1000000000000005,8.934999999999999,7.15
2016-01-10,0.5666666666666667,-2.5,4.766666666666667,,1.2666666666666666,58.0,2.433333333333333,5.825,4.6
2016-01-11,-2.3333333333333335,-5.866666666666667,3.0,,1.2333333333333334,48.300000000000004,8.366666666666665,10.68,1.35
2016-01-12,-3.6666666666666665,-8.666666666666666,2.3333333333333335,,1.3333333333333333,54.333333333333336,8.5,11.19,1.85
2016-01-13,-2.0666666666666664,-5.3999999999999995,1.4333333333333333,0.3666666666666667,1.4333333333333333,74.13333333333334,3.8333333333333335,7.245,7.55
2016-01-14,-2.1666666666666665,-7.0,2.733333333333333,0.0,1.3666666666666665,52.300000000000004,8.033333333333333,11.025,3.25
2016-01-15,-0.6666666666666666,-5.3,5.666666666666667,,0.7999999999999999,66.66666666666667,6.2,8.725,3.8
2016-01-16,-0.19999999999999996,-5.533333333333334,7.166666666666667,,0.8333333333333334,68.0,5.2,8.26,3.8499999999999996
2016-01-17,1.2666666666666666,-2.033333333333333,5.566666666666666,3.1,0.9,79.3,0.0,3.49,9.3
2016-01-18,-3.9000000000000004,-9.533333333333333,1.366666666666667,2.5,2.9,76.33333333333333,3.133333333333333,5.4350000000000005,8.3
2016-01-19,-9.366666666666667,-11.833333333333334,-6.433333333333334,0.4000000000000001,3.3333333333333335,64.56666666666666,6.633333333333333,10.26,5.9
2016-01-20,-9.5,-13.833333333333334,-5.166666666666667,0.0,1.0666666666666667,62.833333333333336,6.3999999999999995,9.16,4.949999999999999
2016-01-21,-6.866666666666667,-10.866666666666667,-1.6666666666666667,,1.0666666666666667,60.800000000000004,5.066666666666666,8.649999999999999,4.699999999999999
2016-01-22,-6.566666666666666,-12.4,-0.8666666666666667,,1.1,53.63333333333333,7.333333333333333,11.28,4.65
2016-01-23,-8.799999999999999,-12.566666666666668,-5.266666666666667,0.95,2.8000000000000003,53.63333333333333,6.933333333333333,10.7,6.75
2016-01-24,-13.166666666666666,-17.166666666666668,-9.766666666666666,0.13333333333333333,1.8,61.43333333333334,6.466666666666666,8.76,4.35
2016-01-25,-8.5,-14.799999999999999,-2.9,0.05,0.9666666666666667,67.0,8.166666666666666,12.379999999999999,2.5
2016-01-26,-2.6666666666666665,-7.1000000000000005,2.6999999999999997,0.20000000000000004,0.7999999999999999,73.23333333333333,3.4,8.120000000000001,6.65
2016-01-27,-1.3,-6.533333333333334,5.1000000000000005,,0.7999999999999999,68.66666666666667,8.466666666666667,10.79,2.0
2016-01-28,-0.9666666666666667,-6.3,2.3666666666666667,0.10000000000000002,0.9333333333333332,69.03333333333335,0.10000000000000002,3.2649999999999997,8.350000000000001
2016-01-29,2.433333333333333,0.19999999999999998,5.066666666666666,1.3666666666666665,1.4333333333333333,75.26666666666667,0.0,3.055,9.65
2016-01-30,2.5,-1.5333333333333334,8.4,0.25,1.0333333333333334,73.0,4.833333333333333,9.865,5.65
2016-01-31,-2.066666666666667,-4.533333333333334,2.066666666666667,,1.7333333333333334,55.56666666666666,8.333333333333334,11.1,3.5
2016-02-01,-4.6,-8.1,0.39999999999999997,,1.8,49.0,9.299999999999999,13.89,0.9500000000000001
2016-02-02,-4.833333333333333,-10.6,1.7666666666666666,,1.1666666666666667,50.53333333333333,9.333333333333334,14.19,0.0
2016-02-03,-3.0,-10.366666666666667,4.333333333333333,,1.0333333333333334,58.13333333333333,9.133333333333333,13.355,0.45
2016-02-04,-0.9333333333333335,-6.6000000000000005,5.066666666666666,,1.5333333333333332,52.6,6.8999999999999995,10.969999999999999,2.7
2016-02-05,-1.4333333333333333,-6.666666666666667,4.333333333333333,,1.6333333333333335,46.0,9.366666666666667,13.29,1.25
2016-02-06,-2.4333333333333336,-5.966666666666666,2.5,0.0,1.7,47.199999999999996,9.333333333333334,13.955,1.25
2016-02-07,-3.4,-10.6,4.133333333333334,,0.9333333333333335,51.03333333333333,9.533333333333333,14.87,0.15
2016-02-08,1.5,-6.966666666666666,7.533333333333334,,1.8,54.0,7.400000000000001,11.105,5.35
2016-02-09,1.8333333333333333,-2.3333333333333335,6.8999999999999995,,2.6333333333333333,44.666666666666664,9.6,14.79,1.05
2016-02-10,2.066666666666667,-5.866666666666667,11.933333333333332,,0.7666666666666666,48.36666666666667,9.666666666666666,15.28,0.0
2016-02-11,6.233333333333333,-2.6666666666666665,13.566666666666668,0.13333333333333333,1.7333333333333334,43.6,3.766666666666667,9.14,6.3
2016-02-12,9.6,7.233333333333333,11.366666666666667,14.866666666666667,1.8,87.66666666666667,0.0,1.98,10.0
2016-02-13,12.1,8.233333333333333,18.066666666666666,8.700000000000001,1.5999999999999999,91.96666666666665,1.3333333333333333,6.26,9.7
2016-02-14,-0.6,-4.433333333333334,9.799999999999999,0.43333333333333335,3.3666666666666667,73.2,1.9000000000000001,5.09,8.8
2016-02-15,-4.1000000000000005,-7.3999999999999995,-0.6666666666666666,0.03333333333333333,2.9333333333333336,55.73333333333333,8.633333333333333,16.055,3.55
2016-02-16,-0.9666666666666667,-4.133333333333334,3.366666666666667,0.7000000000000001,1.9333333333333333,72.36666666666666,3.5,8.89,6.3
2016-02-17,0.3333333333333333,-5.366666666666667,6.266666666666667,,1.4666666666666668,55.333333333333336,9.766666666666667,15.05,1.2
2016-02-18,2.8333333333333335,-3.9,9.4,0.0,1.4000000000000001,60.86666666666667,7.5,11.585,4.5
2016-02-19,2.8666666666666667,-0.9,5.7,,0.9666666666666667,63.86666666666667,0.5,4.695,7.199999999999999
2016-02-20,2.233333333333333,-1.4333333333333333,8.200000000000001,,2.0,49.36666666666667,8.266666666666666,13.379999999999999,4.4
2016-02-21,0.06666666666666665,-4.733333333333333,5.3,,1.8333333333333333,38.9,9.433333333333332,15.105,3.3499999999999996
2016-02-22,2.2666666666666666,-2.1,6.866666666666667,,0.8333333333333334,39.800000000000004,2.1333333333333333,9.245,9.0
2016-02-23,2.0,-2.966666666666667,7.1000000000000005,0.26666666666666666,2.266666666666667,49.6,6.2,12.469999999999999,5.4
2016-02-24,-2.1333333333333333,-6.833333333333333,3.3666666666666667,,1.8666666666666665,46.86666666666667,9.566666666666666,16.395,1.25
2016-02-25,-0.2333333333333333,-6.433333333333334,5.6000000000000005,,1.5666666666666667,52.86666666666667,8.866666666666667,13.94,2.7
2016-02-26,2.033333333333333,-1.4000000000000001,5.366666666666667,3.233333333333333,1.0666666666666667,86.39999999999999,1.1666666666666667,8.55,8.65
2016-02-27,4.333333333333333,0.43333333333333335,10.0,3.0666666666666664,1.2666666666666666,68.83333333333333,7.433333333333334,13.48,6.8
2016-02-28,1.2666666666666666,-2.233333333333333,5.166666666666667,11.966666666666667,0.9666666666666668,82.8,0.0,1.9300000000000002,7.9
2016-02-29,-3.1666666666666665,-6.533333333333334,-0.3333333333333333,0.3,2.1,64.8,5.966666666666666,13.715,5.5
2016-03-01,-2.5999999999999996,-8.833333333333334,3.466666666666667,,1.4333333333333333,58.199999999999996,10.466666666666667,18.61,0.2
2016-03-02,2.3666666666666667,-4.8,9.966666666666667,,1.3666666666666665,62.4,10.299999999999999,17.84,0.4
2016-03-03,6.3,-1.3666666666666665,15.633333333333333,,0.7999999999999999,65.96666666666665,6.766666666666667,14.670000000000002,3.0
2016-03-04,9.1,3.5666666666666664,13.333333333333334,5.266666666666667,0.9666666666666668,77.63333333333333,0.09999999999999999,3.845,9.25
2016-03-05,12.366666666666665,8.0,16.5,22.7,2.3000000000000003,88.7,2.0,6.855,8.65
2016-03-06,9.833333333333334,5.5,14.4,0.2333333333333333,1.4333333333333333,65.8,7.166666666666667,15.125,4.699999999999999
2016-03-07,8.633333333333333,2.733333333333333,15.766666666666666,,1.2333333333333334,59.5,3.233333333333333,8.530000000000001,6.449999999999999
2016-03-08,4.566666666666666,1.4666666666666668,7.666666666666667,,1.8,44.86666666666667,0.03333333333333333,5.949999999999999,8.350000000000001
2016-03-09,2.0,-0.9333333333333332,8.033333333333333,,2.4,41.96666666666667,8.366666666666667,18.045,5.199999999999999
2016-03-10,0.06666666666666665,-3.0666666666666664,4.8,,2.3666666666666667,39.9,10.0,19.985,2.4
2016-03-11,0.033333333333333326,-4.7,5.6000000000000005,0.0,1.6666666666666667,43.699999999999996,10.966666666666667,20.58,0.6
2016-03-12,2.033333333333333,-5.3,9.366666666666667,,1.0666666666666667,44.333333333333336,10.0,18.3,2.95
2016-03-13,3.3333333333333335,-0.09999999999999994,8.233333333333333,,0.9,54.6,1.0333333333333334,8.345,7.15
2016-03-14,3.8333333333333335,-0.33333333333333326,9.766666666666666,,1.4000000000000001,61.699999999999996,5.633333333333333,11.945,4.35
2016-03-15,5.433333333333334,-3.1999999999999997,13.5,,1.0333333333333334,45.46666666666667,8.966666666666667,19.15,4.0
2016-03-16,8.566666666666666,2.8000000000000003,16.7,,1.3333333333333333,38.13333333333333,8.966666666666667,18.535,3.3
2016-03-17,9.5,-0.9666666666666667,18.7,,1.0333333333333334,41.03333333333333,8.6,17.119999999999997,5.699999999999999
2016-03-18,10.6,7.8999999999999995,14.166666666666666,4.8,0.7999999999999999,81.39999999999999,0.5666666666666667,6.27,6.8
2016-03-19,10.166666666666666,5.433333333333334,17.866666666666667,,1.0333333333333334,69.26666666666667,7.366666666666667,16.450000000000003,3.2
2016-03-20,9.166666666666666,2.2333333333333334,16.733333333333334,,1.3,61.333333333333336,8.9,18.855,1.4500000000000002
2016-03-21,9.033333333333333,1.8666666666666665,17.3,,1.2666666666666666,55.53333333333333,10.433333333333334,20.105,0.05
2016-03-22,8.966666666666667,1.0666666666666667,17.366666666666667,,1.5666666666666667,46.9,10.466666666666667,20.875,3.3
2016-03-23,7.6000000000000005,3.5,13.733333333333334,,1.8333333333333333,49.199999999999996,9.200000000000001,17.755000000000003,5.8
2016-03-24,6.466666666666666,0.7000000000000001,13.033333333333333,,1.5,46.300000000000004,9.6,20.02,2.2
2016-03-25,6.266666666666667,0.6999999999999998,12.833333333333334,,1.3333333333333333,47.06666666666666,7.3,18.73,3.5999999999999996
2016-03-26,5.8999999999999995,-0.8333333333333334,12.799999999999999,,1.3333333333333333,47.199999999999996,10.799999999999999,21.015,1.15
2016-03-27,6.6000000000000005,-0.9333333333333332,14.633333333333333,,1.6666666666666667,43.53333333333333,11.066666666666668,20.675,0.2
2016-03-28,8.733333333333333,-1.3333333333333333,17.7,,1.3666666666666665,38.5,11.433333333333332,22.409999999999997,0.55
2016-03-29,11.866666666666667,4.566666666666666,18.900000000000002,,2.033333333333333,50.6,6.1000000000000005,14.315,6.05
2016-03-30,13.333333333333334,6.866666666666667,21.3,,1.7,47.699999999999996,10.466666666666667,21.759999999999998,1.75
2016-03-31,12.266666666666666,3.433333333333333,21.233333333333334,,0.9333333333333332,36.63333333333333,7.3999999999999995,16.48,4.85
2016-04-01,14.466666666666667,3.733333333333333,25.3,,1.0666666666666667,33.199999999999996,10.9,22.495,1.2
2016-04-02,15.466666666666667,5.633333333333333,24.266666666666666,,1.4333333333333333,37.300000000000004,10.299999999999999,20.61,3.75
2016-04-03,12.433333333333332,9.133333333333333,16.23333333333333,2.1666666666666665,1.4000000000000001,65.10000000000001,0.3,5.75,8.45
2016-04-04,12.566666666666668,9.233333333333333,17.533333333333335,0.5,2.0,65.89999999999999,6.033333333333334,19.035,7.55
2016-04-05,12.200000000000001,4.3,20.366666666666664,,1.6333333333333335,39.43333333333333,11.466666666666669,24.560000000000002,2.2
2016-04-06,13.200000000000001,4.566666666666666,22.96666666666667,4.8,1.866666666666667,45.800000000000004,5.533333333333334,14.940000000000001,7.9
2016-04-07,12.566666666666668,8.1,18.566666666666666,20.3,1.5666666666666667,76.16666666666667,4.1000000000000005,12.024999999999999,6.9
2016-04-08,13.533333333333333,6.900000000000001,22.099999999999998,,1.5333333333333332,66.43333333333334,8.1,19.89,3.05
2016-04-09,15.466666666666667,8.533333333333333,23.400000000000002,,1.7,61.699999999999996,7.466666666666668,18.575000000000003,5.3
2016-04-10,16.366666666666667,10.733333333333334,24.566666666666666,0.0,1.5999999999999999,55.6,7.666666666666667,20.130000000000003,6.2
2016-04-11,12.299999999999999,8.066666666666666,18.066666666666666,,2.766666666666667,52.96666666666667,10.133333333333333,24.564999999999998,2.5
2016-04-12,13.533333333333333,6.733333333333333,20.733333333333334,0.0,2.1333333333333333,46.5,8.633333333333333,18.939999999999998,7.35
2016-04-13,13.633333333333333,10.133333333333333,18.366666666666667,27.433333333333334,0.9333333333333332,91.16666666666667,2.3666666666666667,9.015,7.15
2016-04-14,15.033333333333333,9.933333333333334,20.266666666666666,,1.6333333333333335,69.10000000000001,7.866666666666667,18.064999999999998,4.15
2016-04-15,14.833333333333334,5.533333333333334,24.066666666666666,,1.3666666666666665,54.46666666666667,11.666666666666666,25.22,0.0
2016-04-16,14.5,8.166666666666666,20.666666666666668,21.46666666666667,2.066666666666667,69.93333333333334,2.6666666666666665,8.46,7.8
2016-04-17,12.233333333333334,9.466666666666667,16.26666666666667,17.566666666666666,3.6666666666666665,54.5,7.266666666666667,17.455000000000002,6.4
2016-04-18,12.0,6.7,18.599999999999998,2.0,2.3333333333333335,59.300000000000004,9.700000000000001,22.48,5.05
2016-04-19,12.166666666666666,6.733333333333333,19.166666666666668,,1.4333333333333333,57.36666666666667,10.233333333333333,24.93,2.8499999999999996
2016-04-20,12.733333333333334,6.3999999999999995,18.400000000000002,0.7999999999999999,0.8666666666666667,63.53333333333333,1.0666666666666667,8.93,8.7
2016-04-21,13.333333333333334,9.9,16.666666666666668,34.4,1.0666666666666667,91.16666666666667,0.10000000000000002,5.970000000000001,9.5
2016-04-22,17.466666666666665,12.866666666666667,24.96666666666667,,2.1333333333333333,70.3,8.566666666666668,22.285,5.3
2016-04-23,14.766666666666666,10.033333333333333,21.633333333333336,,1.2,51.9,3.1999999999999997,15.184999999999999,6.85
2016-04-24,14.633333333333333,5.933333333333334,23.400000000000002,,1.1666666666666667,41.266666666666666,10.433333333333334,24.765,2.6
2016-04-25,17.0,7.800000000000001,26.3,,1.2333333333333334,43.36666666666667,11.6,24.939999999999998,1.05
2016-04-26,19.633333333333333,9.133333333333333,28.633333333333336,,1.8,38.93333333333334,9.4,22.97,4.949999999999999
2016-04-27,13.1,10.700000000000001,19.366666666666664,13.9,2.4,73.53333333333333,0.0,4.995,10.0
2016-04-28,14.466666666666667,9.766666666666667,20.433333333333334,0.6,1.3333333333333333,64.39999999999999,4.466666666666667,17.1,7.3
2016-04-29,15.133333333333333,8.799999999999999,22.46666666666667,0.0,1.7,53.4,10.433333333333334,25.14,2.0
2016-04-30,16.433333333333334,8.266666666666666,24.53333333333333,,1.9333333333333336,51.06666666666666,11.066666666666668,23.509999999999998,1.4
2016-05-01,18.866666666666664,10.200000000000001,27.566666666666666,,1.4666666666666668,47.46666666666667,10.566666666666668,25.335,2.0
2016-05-02,19.5,11.533333333333333,28.599999999999998,6.266666666666667,1.6333333333333335,62.1,8.433333333333334,21.015,6.5
2016-05-03,14.300000000000002,10.133333333333333,18.46666666666667,21.033333333333335,3.3666666666666667,83.13333333333334,0.0,2.25,9.55
2016-05-04,17.0,12.200000000000001,22.766666666666666,,3.8000000000000003,36.56666666666666,12.666666666666666,28.68,0.65
2016-05-05,19.099999999999998,8.333333333333334,27.7,,1.5999999999999999,44.5,10.9,25.64,4.449999999999999
2016-05-06,19.633333333333333,13.9,25.5,0.0,1.8333333333333333,65.5,2.5666666666666664,12.39,7.9
2016-05-07,16.566666666666666,10.866666666666667,23.633333333333336,,1.8666666666666665,52.300000000000004,10.666666666666666,26.625,3.3
2016-05-08,18.400000000000002,8.733333333333333,27.133333333333336,,1.3333333333333333,48.63333333333333,11.066666666666668,26.065,5.199999999999999
2016-05-09,19.566666666666666,13.633333333333333,26.2,,1.2666666666666666,47.4,4.166666666666667,19.47,7.699999999999999
2016-05-10,13.866666666666667,12.200000000000001,17.8,22.066666666666666,1.5,87.3,0.0,3.34,10.0
2016-05-11,16.733333333333334,11.700000000000001,23.099999999999998,3.033333333333333,1.3,69.93333333333334,11.666666666666666,26.825,3.15
2016-05-12,18.466666666666665,11.466666666666667,25.933333333333334,,1.5666666666666667,63.96666666666666,11.533333333333333,28.35,1.6
2016-05-13,17.400000000000002,13.866666666666667,22.900000000000002,,1.9000000000000001,61.633333333333326,7.233333333333333,19.9,4.95
2016-05-14,19.233333333333334,11.9,25.766666666666666,,2.1999999999999997,48.333333333333336,11.799999999999999,28.585,4.699999999999999
2016-05-15,19.333333333333332,12.833333333333334,26.133333333333336,10.299999999999999,2.6,68.3,7.166666666666667,18.0,7.699999999999999
2016-05-16,15.233333333333334,9.133333333333333,22.099999999999998,5.433333333333334,2.433333333333333,55.23333333333333,11.033333333333333,27.675,3.8499999999999996
2016-05-17,18.433333333333334,9.233333333333333,27.03333333333333,,1.2666666666666666,52.73333333333333,12.966666666666667,28.965,0.0
2016-05-18,20.933333333333334,11.200000000000001,29.7,,1.0999999999999999,50.43333333333334,12.633333333333333,28.775,1.1
2016-05-19,22.3,13.466666666666667,30.96666666666667,,1.3,46.56666666666666,12.799999999999999,28.59,1.85
2016-05-20,22.0,13.133333333333333,30.0,,1.5333333333333332,42.333333333333336,12.466666666666667,28.48,2.55
2016-05-21,21.900000000000002,13.733333333333334,28.733333333333334,,2.0,35.6,12.799999999999999,28.17,4.85
2016-05-22,21.566666666666666,12.466666666666667,29.666666666666668,,1.7333333333333334,39.86666666666667,12.766666666666666,29.509999999999998,2.5
2016-05-23,22.099999999999998,13.566666666666668,29.833333333333332,,1.1666666666666667,44.53333333333333,10.4,24.855,6.0
2016-05-24,17.866666666666664,15.166666666666666,21.3,17.833333333333332,1.4666666666666668,82.39999999999999,1.5,6.890000000000001,8.15
2016-05-25,18.666666666666668,12.333333333333334,25.5,,1.1666666666666667,74.03333333333333,8.566666666666666,23.265,2.6
2016-05-26,20.433333333333334,15.233333333333334,25.8,,1.3,71.43333333333334,6.166666666666667,18.77,6.1
2016-05-27,22.23333333333333,16.866666666666664,28.733333333333334,,1.0999999999999999,55.6,7.066666666666666,22.240000000000002,8.350000000000001
2016-05-28,21.333333333333332,17.133333333333333,27.733333333333334,,1.1333333333333333,54.56666666666666,8.9,24.445,4.3
2016-05-29,20.46666666666667,16.3,26.666666666666668,0.05,1.3333333333333333,55.13333333333333,6.099999999999999,18.55,4.75
2016-05-30,21.566666666666666,13.700000000000001,29.099999999999998,,1.3333333333333333,58.166666666666664,12.333333333333334,27.955,0.05
2016-05-31,21.8,15.366666666666665,28.266666666666666,,1.5333333333333332,60.03333333333333,11.333333333333334,24.555,2.85
2016-06-01,22.3,17.366666666666667,27.7,,2.0,50.56666666666666,12.200000000000001,28.075000000000003,2.7
2016-06-02,21.933333333333334,13.933333333333332,29.166666666666668,,1.4333333333333333,45.56666666666666,11.299999999999999,27.5,1.75
2016-06-03,22.133333333333336,15.866666666666667,29.0,,1.4333333333333333,55.86666666666667,10.1,25.54,4.4
2016-06-04,19.766666666666666,16.733333333333334,22.666666666666668,0.16666666666666666,0.9333333333333332,66.73333333333333,0.03333333333333333,6.845,8.600000000000001
2016-06-05,22.5,14.299999999999999,29.833333333333332,,2.033333333333333,53.13333333333333,11.866666666666667,28.53,1.7
2016-06-06,19.8,17.3,22.566666666666666,0.7000000000000001,2.3666666666666667,69.39999999999999,0.8666666666666667,13.575,9.100000000000001
2016-06-07,21.433333333333334,17.833333333333332,26.733333333333334,1.0666666666666667,1.0666666666666667,71.3,3.433333333333333,16.2,8.25
2016-06-08,21.766666666666666,18.366666666666667,26.96666666666667,,1.1333333333333335,66.96666666666665,5.933333333333334,18.369999999999997,7.8
2016-06-09,23.2,16.633333333333333,29.96666666666667,,1.0999999999999999,61.666666666666664,10.799999999999999,26.064999999999998,3.4
2016-06-10,24.833333333333332,18.566666666666666,31.400000000000002,,1.3666666666666665,63.199999999999996,9.866666666666665,24.32,3.55
2016-06-11,25.100000000000005,20.833333333333332,30.066666666666666,0.16666666666666666,1.5666666666666667,66.5,7.1000000000000005,20.92,6.6
2016-06-12,24.3,21.666666666666668,27.333333333333332,1.0,1.1666666666666667,79.0,0.43333333333333335,11.055,8.9
2016-06-13,23.8,19.966666666666665,29.26666666666667,,1.3666666666666665,68.53333333333333,9.166666666666666,23.03,5.45
2016-06-14,23.766666666666666,18.466666666666665,30.133333333333336,0.0,1.5666666666666667,68.83333333333333,7.533333333333334,24.020000000000003,6.15
2016-06-15,21.866666666666664,19.96666666666667,25.833333333333332,5.3,1.7666666666666666,79.8,0.8666666666666667,8.91,9.3
2016-06-16,21.5,18.933333333333334,25.566666666666666,0.26666666666666666,1.8,74.60000000000001,4.733333333333333,15.715,6.199999999999999
2016-06-17,22.933333333333334,16.366666666666667,29.5,,1.5,62.56666666666666,11.866666666666667,26.34,0.4
2016-06-18,24.46666666666667,17.533333333333335,31.266666666666666,,1.2666666666666666,61.73333333333333,11.299999999999999,26.975,3.9
2016-06-19,24.96666666666667,20.433333333333334,30.333333333333332,,1.5333333333333332,60.333333333333336,10.966666666666667,26.259999999999998,3.75
2016-06-20,24.0,18.900000000000002,30.133333333333336,1.2,1.3333333333333333,69.10000000000001,6.233333333333333,20.355,6.449999999999999
2016-06-21,25.566666666666666,19.733333333333334,31.53333333333333,0.1,1.4000000000000001,66.10000000000001,8.5,21.759999999999998,6.05
2016-06-22,24.866666666666664,21.766666666666666,29.96666666666667,0.05,1.9666666666666668,72.23333333333333,3.8666666666666667,15.67,7.75
2016-06-23,25.833333333333332,20.03333333333333,31.933333333333334,0.0,1.5999999999999999,65.93333333333334,9.966666666666667,24.27,5.9
2016-06-24,21.8,19.5,24.8,37.13333333333333,1.7,87.0,0.6666666666666666,7.54,8.5
2016-06-25,22.53333333333333,18.166666666666668,27.833333333333332,,2.2666666666666666,62.76666666666667,11.666666666666666,27.485,3.95
2016-06-26,23.266666666666666,17.233333333333334,30.099999999999998,,1.6000000000000003,63.300000000000004,12.4,27.335,1.8
2016-06-27,23.2,17.766666666666666,28.666666666666668,5.5,1.0,66.86666666666666,5.466666666666666,16.96,6.15
2016-06-28,23.566666666666666,17.633333333333336,29.633333333333336,,1.5333333333333332,65.53333333333333,8.200000000000001,21.689999999999998,5.65
2016-06-29,24.133333333333336,20.033333333333335,27.900000000000002,,1.6333333333333335,66.7,4.7,16.625,7.55
2016-06-30,25.03333333333333,22.233333333333334,29.3,1.5,1.3,77.36666666666666,3.766666666666667,12.905,7.449999999999999
2016-07-01,24.5,22.8,29.333333333333332,58.13333333333333,1.9666666666666668,86.53333333333335,1.0666666666666667,7.5649999999999995,9.7
2016-07-02,24.233333333333334,22.03333333333333,28.266666666666666,13.566666666666668,1.6333333333333335,81.86666666666666,3.266666666666667,15.175,8.65
2016-07-03,22.366666666666664,20.133333333333333,24.633333333333336,10.299999999999999,0.9666666666666667,84.0,0.3666666666666667,6.705,9.7
2016-07-04,21.46666666666667,19.53333333333333,24.0,176.4,1.3,97.89999999999999,0.0,3.42,10.0
2016-07-05,25.566666666666666,21.5,30.166666666666668,28.833333333333332,2.1,86.33333333333333,1.9666666666666668,11.25,9.7
2016-07-06,24.0,22.133333333333336,27.96666666666667,40.63333333333333,1.3,92.8,1.7333333333333334,10.665,9.7
2016-07-07,25.5,22.233333333333334,29.666666666666668,1.3333333333333333,1.1666666666666667,83.36666666666666,5.333333333333333,17.92,8.7
2016-07-08,26.46666666666667,21.766666666666666,32.56666666666666,0.15000000000000002,1.1333333333333333,73.33333333333333,10.666666666666666,24.560000000000002,3.7
2016-07-09,26.8,21.666666666666668,33.0,,1.0,69.0,10.366666666666667,26.384999999999998,3.0
2016-07-10,26.46666666666667,21.133333333333333,32.03333333333333,,0.7666666666666666,70.73333333333333,7.966666666666666,21.765,7.4
2016-07-11,26.5,22.766666666666666,32.53333333333333,4.15,1.3333333333333333,73.76666666666667,3.5,17.38,8.6
2016-07-12,25.03333333333333,22.266666666666666,28.566666666666666,1.5666666666666667,0.9333333333333332,84.10000000000001,1.3,11.055,8.850000000000001
2016-07-13,25.599999999999998,22.066666666666666,29.933333333333334,,1.2333333333333334,74.13333333333333,6.766666666666667,19.29,4.8
2016-07-14,25.0,21.099999999999998,30.433333333333334,0.1,1.2333333333333334,74.60000000000001,5.066666666666666,17.515,6.6
2016-07-15,25.099999999999998,21.03333333333333,29.599999999999998,0.8,2.0666666666666664,65.5,4.2,17.385,8.5
2016-07-16,21.53333333333333,19.933333333333334,23.633333333333336,32.166666666666664,2.566666666666667,90.2,0.13333333333333333,3.595,9.55
2016-07-17,22.866666666666664,20.7,26.266666666666666,0.3333333333333333,1.7,80.60000000000001,1.9000000000000001,12.685,8.75
2016-07-18,23.633333333333336,20.266666666666666,28.46666666666667,,1.0666666666666667,75.56666666666666,5.166666666666667,17.225,5.45
2016-07-19,26.2,19.3,32.233333333333334,0.0,1.2333333333333334,70.86666666666666,10.799999999999999,24.055,2.7
2016-07-20,26.366666666666664,22.46666666666667,30.666666666666668,0.0,2.5333333333333337,70.83333333333333,10.0,25.355,5.95
2016-07-21,25.900000000000002,21.400000000000002,30.833333333333332,,2.266666666666667,69.89999999999999,10.0,24.195,6.6
2016-07-22,27.400000000000002,22.400000000000002,32.36666666666667,,2.2666666666666666,66.5,11.766666666666666,25.415,5.1
2016-07-23,28.53333333333333,24.066666666666666,33.166666666666664,,1.6666666666666667,68.43333333333334,11.166666666666666,22.509999999999998,5.8
2016-07-24,28.96666666666667,25.46666666666667,33.06666666666667,,1.3,74.13333333333333,6.3999999999999995,19.915,6.35
2016-07-25,28.7,26.0,32.9,,1.2666666666666666,74.10000000000001,6.0,15.86,7.15
2016-07-26,28.333333333333332,23.53333333333333,33.46666666666667,,1.3333333333333333,69.7,9.833333333333334,22.77,5.9
2016-07-27,28.0,24.400000000000002,31.833333333333332,0.05,1.5333333333333332,74.63333333333334,4.133333333333333,14.125,7.7
2016-07-28,28.46666666666667,24.3,32.699999999999996,0.06666666666666667,1.9333333333333333,67.3,10.299999999999999,23.74,4.3
2016-07-29,26.866666666666664,23.066666666666666,31.03333333333333,2.566666666666667,1.0999999999999999,79.83333333333333,4.133333333333333,12.605,7.65
2016-07-30,27.599999999999998,24.900000000000002,32.86666666666667,37.35,1.0666666666666667,83.96666666666667,5.633333333333333,15.92,6.7
2016-07-31,28.7,24.866666666666664,33.96666666666667,,1.2,76.46666666666665,9.166666666666666,22.26,4.3
2016-08-01,28.0,24.2,32.699999999999996,,1.1333333333333333,75.3,6.2,18.185,5.8
2016-08-02,26.866666666666664,23.3,30.099999999999998,1.6666666666666667,1.0999999999999999,78.46666666666667,0.5,9.775,9.3
2016-08-03,26.96666666666667,22.733333333333334,32.93333333333334,0.8666666666666667,1.0333333333333334,76.43333333333334,7.900000000000001,18.98,6.699999999999999
2016-08-04,28.5,23.5,33.96666666666667,,1.2333333333333334,71.39999999999999,9.433333333333332,20.225,3.25
2016-08-05,29.333333333333332,24.2,35.0,,1.0999999999999999,68.06666666666666,11.1,24.17,1.7000000000000002
2016-08-06,29.0,24.100000000000005,35.23333333333333,0.6,1.0999999999999999,70.36666666666666,10.866666666666667,21.78,3.45
2016-08-07,28.733333333333334,24.133333333333336,34.766666666666666,6.7,1.2333333333333334,70.8,10.333333333333334,21.905,2.0999999999999996
2016-08-08,29.066666666666666,23.933333333333334,34.666666666666664,,1.2333333333333334,67.8,11.333333333333334,23.39,2.95
2016-08-09,28.23333333333333,24.333333333333332,34.166666666666664,15.049999999999999,1.3666666666666665,74.73333333333333,8.200000000000001,17.19,4.3
2016-08-10,29.03333333333333,24.900000000000002,34.266666666666666,,1.2,70.8,9.733333333333334,22.68,3.4000000000000004
2016-08-11,29.233333333333334,23.46666666666667,35.233333333333334,,1.2333333333333334,66.46666666666665,12.466666666666667,25.075000000000003,0.55
2016-08-12,29.5,24.266666666666666,35.56666666666666,,1.2,64.89999999999999,12.200000000000001,25.93,0.4
2016-08-13,29.166666666666668,24.066666666666666,34.93333333333334,,1.3333333333333333,68.5,11.133333333333333,24.384999999999998,2.7
2016-08-14,29.0,24.96666666666667,34.199999999999996,,1.4000000000000001,72.23333333333333,8.366666666666667,20.65,5.0
2016-08-15,28.96666666666667,25.133333333333336,34.73333333333333,,1.2,66.7,7.866666666666667,20.42,6.8
2016-08-16,29.099999999999998,25.233333333333334,34.53333333333333,0.0,1.2333333333333334,60.29999999999999,8.433333333333334,21.25,5.9
2016-08-17,29.0,23.933333333333334,34.5,,1.3,61.900000000000006,11.166666666666666,22.020000000000003,4.2
2016-08-18,29.233333333333334,24.5,34.733333333333334,0.0,1.3666666666666665,64.63333333333333,7.099999999999999,17.98,7.05
2016-08-19,29.53333333333333,24.599999999999998,35.86666666666667,,1.3,61.4,8.5,20.32,6.199999999999999
2016-08-20,30.233333333333334,25.266666666666666,36.166666666666664,,1.9333333333333333,51.5,11.200000000000001,23.700000000000003,4.55
2016-08-21,28.766666666666666,23.5,34.46666666666667,,1.6333333333333335,51.800000000000004,8.866666666666667,19.435000000000002,3.2
2016-08-22,29.3,22.733333333333334,35.56666666666667,,1.2333333333333334,57.5,11.200000000000001,23.18,1.95
2016-08-23,28.366666666666664,24.433333333333334,33.43333333333333,7.3,1.9666666666666668,65.66666666666667,7.133333333333333,15.265,7.15
2016-08-24,28.599999999999998,23.46666666666667,34.46666666666667,0.0,1.4666666666666668,54.43333333333334,10.766666666666666,23.605,2.95
2016-08-25,27.866666666666664,22.233333333333334,34.06666666666666,0.0,1.2666666666666666,61.13333333333333,8.166666666666666,17.064999999999998,5.0
2016-08-26,21.233333333333334,18.0,26.7,15.733333333333334,2.0,81.33333333333333,0.0,3.275,8.8
2016-08-27,22.03333333333333,16.7,27.066666666666666,0.0,2.1333333333333333,57.76666666666667,5.266666666666667,16.4,6.65
2016-08-28,19.666666666666668,17.433333333333334,23.833333333333332,2.2333333333333334,2.1,77.2,1.3333333333333333,9.695,8.9
2016-08-29,19.866666666666664,15.866666666666667,26.2,1.7666666666666668,1.9000000000000001,69.46666666666665,8.033333333333333,19.27,5.05
2016-08-30,18.96666666666667,15.333333333333334,22.566666666666666,3.8666666666666667,1.5999999999999999,81.13333333333333,2.0,6.035,7.3
2016-08-31,20.433333333333334,16.666666666666668,24.03333333333333,16.133333333333336,2.8000000000000003,74.3,0.6666666666666666,7.755000000000001,9.2
2016-09-01,25.400000000000002,19.833333333333332,31.2,3.8000000000000003,2.466666666666667,63.93333333333334,9.566666666666668,18.035,4.75
2016-09-02,22.133333333333336,20.599999999999998,24.53333333333333,4.5,2.5,77.36666666666666,2.433333333333333,10.865,8.4
2016-09-03,24.266666666666666,20.166666666666668,29.666666666666668,0.0,1.5333333333333332,74.10000000000001,7.766666666666667,18.705,5.55
2016-09-04,25.5,21.666666666666668,30.333333333333332,1.75,1.2666666666666666,78.60000000000001,2.533333333333333,13.2,8.8
2016-09-05,25.400000000000002,22.400000000000002,30.866666666666664,0.5333333333333333,0.9333333333333335,80.23333333333333,5.166666666666667,13.025,6.15
2016-09-06,23.7,20.03333333333333,27.833333333333332,,0.8333333333333334,77.3,2.766666666666667,10.665,7.95
2016-09-07,23.166666666666668,19.46666666666667,27.8,0.16666666666666666,0.9333333333333335,76.39999999999999,1.7333333333333334,12.145,8.2
2016-09-08,23.0,18.933333333333334,29.0,7.6000000000000005,1.1666666666666667,75.16666666666667,6.833333333333333,16.15,5.65
2016-09-09,23.366666666666664,19.633333333333336,28.933333333333334,0.7,1.0999999999999999,76.39999999999999,7.233333333333334,16.865000000000002,4.75
2016-09-10,22.96666666666667,18.066666666666666,28.666666666666668,0.3,1.2666666666666666,75.43333333333334,5.8,15.544999999999998,6.5
2016-09-11,23.766666666666666,19.566666666666666,28.599999999999998,,1.2,71.0,6.1000000000000005,15.715,6.9
2016-09-12,23.03333333333333,20.066666666666666,27.599999999999998,3.6,1.5,73.26666666666667,4.866666666666666,13.645,6.949999999999999
2016-09-13,23.2,17.733333333333334,29.233333333333334,,1.0666666666666667,70.36666666666667,10.133333333333333,19.595,3.0999999999999996
2016-09-14,23.666666666666668,19.366666666666667,29.166666666666668,0.0,1.0333333333333334,71.13333333333333,5.833333333333333,15.235,6.65
2016-09-15,22.900000000000002,17.633333333333333,28.933333333333334,,0.7999999999999999,70.5,6.933333333333334,17.060000000000002,6.5
2016-09-16,21.96666666666667,19.633333333333336,25.666666666666668,4.066666666666666,0.7666666666666666,81.63333333333333,0.19999999999999998,7.435,9.75
2016-09-17,19.933333333333334,19.26666666666667,20.96666666666667,79.43333333333334,1.4000000000000001,97.63333333333333,0.0,2.9749999999999996,9.7
2016-09-18,18.933333333333334,17.7,20.599999999999998,10.700000000000001,1.6333333333333335,91.10000000000001,0.0,5.955,9.8
2016-09-19,19.766666666666666,16.433333333333334,23.900000000000002,,2.0,70.63333333333334,1.866666666666667,10.97,6.05
2016-09-20,18.333333333333332,12.733333333333334,24.8,,1.5999999999999999,60.76666666666666,10.433333333333334,21.5,1.5
2016-09-21,18.133333333333336,11.6,23.599999999999998,,1.3666666666666665,64.93333333333334,7.366666666666667,15.505,6.0
2016-09-22,19.8,15.866666666666667,25.53333333333333,,1.1666666666666667,68.73333333333333,7.066666666666666,17.22,4.3
2016-09-23,20.166666666666668,14.433333333333332,27.0,,0.8666666666666667,71.16666666666667,9.066666666666666,18.130000000000003,3.1
2016-09-24,21.099999999999998,15.433333333333332,28.066666666666666,,0.9,70.73333333333333,10.233333333333333,18.619999999999997,2.65
2016-09-25,20.266666666666666,16.166666666666668,25.3,,0.7333333333333334,81.10000000000001,2.1333333333333333,8.475000000000001,7.5
2016-09-26,21.5,17.066666666666666,26.400000000000002,,0.9666666666666668,78.36666666666666,1.8666666666666665,9.21,7.3
2016-09-27,22.03333333333333,19.933333333333334,25.8,23.133333333333336,1.1333333333333333,90.10000000000001,1.1333333333333333,6.82,9.25
2016-09-28,21.866666666666664,18.033333333333335,26.633333333333336,0.05,1.2333333333333334,80.2,6.0,13.385,8.350000000000001
2016-09-29,19.599999999999998,17.46666666666667,21.5,0.25,2.3666666666666667,73.60000000000001,0.06666666666666667,7.045,9.75
2016-09-30,17.2,15.899999999999999,18.400000000000002,1.8333333333333333,0.9333333333333332,88.0,0.0,3.4749999999999996,8.6
2016-10-01,18.400000000000002,15.4,21.933333333333334,0.3666666666666667,0.9333333333333332,87.60000000000001,0.23333333333333336,7.16,9.0
2016-10-02,20.566666666666666,17.099999999999998,23.566666666666666,0.8333333333333334,1.3666666666666665,82.96666666666667,0.5666666666666667,6.295,8.8
2016-10-03,22.866666666666664,18.900000000000002,27.833333333333332,7.3999999999999995,1.3333333333333333,89.43333333333334,3.566666666666667,9.379999999999999,5.5
2016-10-04,21.433333333333334,16.833333333333332,27.566666666666666,,2.3666666666666667,74.3,8.1,17.65,4.1
2016-10-05,19.066666666666666,16.333333333333332,23.46666666666667,22.233333333333334,1.7666666666666666,86.83333333333333,2.4666666666666663,7.609999999999999,6.699999999999999
2016-10-06,17.966666666666665,14.233333333333334,23.733333333333334,,1.1666666666666667,72.26666666666667,10.166666666666666,18.485,1.1
2016-10-07,18.233333333333334,13.799999999999999,23.53333333333333,21.233333333333334,2.1333333333333333,79.06666666666666,5.233333333333333,12.155000000000001,7.6
2016-10-08,16.966666666666665,14.033333333333333,21.733333333333334,26.7,1.6666666666666667,75.0,4.966666666666667,11.135,6.35
2016-10-09,11.366666666666667,7.166666666666667,16.866666666666664,,1.8666666666666665,56.63333333333333,10.366666666666667,18.905,2.9
2016-10-10,12.166666666666666,7.366666666666667,18.066666666666666,,0.9666666666666667,71.56666666666666,5.766666666666667,11.719999999999999,7.2
2016-10-11,13.833333333333334,9.5,20.566666666666666,,0.7999999999999999,75.53333333333333,6.333333333333333,12.105,6.55
2016-10-12,14.266666666666666,10.299999999999999,20.666666666666668,,0.9333333333333332,66.43333333333334,7.8999999999999995,15.605,6.35
2016-10-13,13.6,9.333333333333334,20.033333333333335,,0.6666666666666666,66.7,4.466666666666667,11.565,6.55
2016-10-14,14.466666666666667,7.566666666666666,23.0,,0.8000000000000002,72.0,9.5,14.815,0.0
2016-10-15,16.533333333333335,9.7,25.133333333333336,,0.8666666666666667,71.7,7.366666666666666,14.105,4.2
2016-10-16,16.433333333333334,13.9,20.066666666666666,6.333333333333333,0.9333333333333332,85.0,0.19999999999999998,5.13,9.7
2016-10-17,17.233333333333334,13.633333333333333,22.96666666666667,0.7666666666666666,1.1333333333333333,83.06666666666666,7.3999999999999995,13.620000000000001,5.75
2016-10-18,15.633333333333333,12.433333333333332,21.53333333333333,,0.7999999999999999,89.10000000000001,4.166666666666667,8.57,5.4
2016-10-19,16.3,11.933333333333332,23.3,,0.7666666666666666,82.60000000000001,7.133333333333333,13.46,2.45
2016-10-20,16.2,10.5,22.53333333333333,,1.4333333333333333,79.0,3.5666666666666664,9.715,6.199999999999999
2016-10-21,16.599999999999998,15.5,18.333333333333332,0.0,2.8000000000000003,67.76666666666667,0.03333333333333333,5.49,9.75
2016-10-22,17.133333333333333,13.700000000000001,21.833333333333332,,1.3,68.86666666666667,5.5,11.475000000000001,8.45
2016-10-23,14.366666666666667,10.866666666666667,17.533333333333335,1.4666666666666668,2.4,74.46666666666667,0.13333333333333333,4.5649999999999995,9.350000000000001
2016-10-24,14.533333333333333,8.233333333333334,19.566666666666666,0.03333333333333333,1.9666666666666668,64.43333333333334,9.133333333333333,14.855,6.15
2016-10-25,13.966666666666667,11.299999999999999,19.46666666666667,18.03333333333333,1.6666666666666667,89.23333333333333,2.8000000000000003,5.845000000000001,7.75
2016-10-26,12.666666666666666,9.666666666666666,16.7,,0.9333333333333332,87.23333333333333,1.1333333333333333,6.145,7.449999999999999
2016-10-27,13.966666666666667,9.066666666666666,18.5,,1.9000000000000001,76.66666666666667,0.7999999999999999,6.859999999999999,8.3
2016-10-28,13.266666666666666,10.866666666666667,15.566666666666668,8.566666666666668,1.3333333333333333,85.26666666666667,0.0,2.8,9.3
2016-10-29,8.766666666666667,5.3,12.633333333333333,,1.1333333333333333,64.26666666666667,0.8666666666666667,7.800000000000001,7.6
2016-10-30,6.433333333333333,0.39999999999999997,14.266666666666666,,0.9333333333333332,53.29999999999999,9.766666666666667,15.89,1.7999999999999998
2016-10-31,7.2,3.866666666666667,10.266666666666667,0.0,1.2,65.23333333333333,0.03333333333333333,2.315,9.15
2016-11-01,2.6666666666666665,-1.4000000000000001,8.366666666666667,,1.7666666666666666,51.96666666666667,9.666666666666666,15.34,0.3
2016-11-02,3.9333333333333336,-3.5666666666666664,11.166666666666666,0.0,1.1333333333333333,61.333333333333336,9.566666666666668,14.365,1.3
2016-11-03,6.966666666666666,2.4,14.1,0.0,0.9333333333333335,71.5,4.866666666666666,8.84,3.45
2016-11-04,8.833333333333334,1.0,17.3,,1.0666666666666667,73.16666666666667,8.266666666666667,11.545,3.8
2016-11-05,12.566666666666668,7.466666666666666,19.2,,1.0333333333333334,77.96666666666665,3.8000000000000003,7.38,6.65
2016-11-06,12.6,8.9,17.033333333333335,,2.3666666666666667,71.89999999999999,6.033333333333334,12.34,5.85
2016-11-07,13.933333333333332,9.766666666666667,18.666666666666668,4.066666666666666,1.5999999999999999,66.83333333333333,4.566666666666666,9.23,8.15
2016-11-08,6.333333333333333,0.5333333333333333,11.4,3.6,2.3333333333333335,64.03333333333333,7.033333333333334,11.555,4.0
2016-11-09,2.566666666666667,-3.033333333333333,9.333333333333334,,1.1,53.63333333333333,9.233333333333333,13.6,2.0
2016-11-10,6.066666666666666,1.3999999999999997,11.733333333333334,6.533333333333334,1.0666666666666667,76.60000000000001,0.8666666666666667,5.0649999999999995,9.3
2016-11-11,8.433333333333334,4.166666666666667,14.633333333333333,1.1333333333333333,1.3666666666666665,75.13333333333333,7.166666666666667,10.045,3.7
2016-11-12,8.533333333333333,1.5,18.166666666666668,,0.9333333333333332,73.66666666666667,6.8,10.43,1.7
2016-11-13,11.333333333333334,4.933333333333333,18.46666666666667,,0.7999999999999999,73.93333333333334,3.033333333333333,7.470000000000001,6.75
2016-11-14,14.700000000000001,8.533333333333333,21.53333333333333,0.15000000000000002,1.0333333333333334,75.23333333333333,6.0,9.559999999999999,6.85
2016-11-15,7.733333333333333,1.6666666666666667,14.233333333333334,,1.7666666666666666,49.199999999999996,8.966666666666667,13.125,0.75
2016-11-16,4.666666666666667,-1.7,12.4,,0.8333333333333334,60.26666666666667,8.066666666666666,10.07,1.75
2016-11-17,7.133333333333333,1.2,15.0,,0.8666666666666667,61.0,7.833333333333333,10.115,1.75
2016-11-18,8.266666666666667,2.066666666666667,14.0,8.9,0.8333333333333334,80.0,2.9333333333333336,5.699999999999999,6.7
2016-11-19,11.866666666666667,9.733333333333334,13.799999999999999,1.0666666666666667,0.5666666666666667,94.56666666666666,0.0,2.1799999999999997,9.95
2016-11-20,10.866666666666667,5.533333333333334,16.466666666666665,,1.1333333333333335,72.33333333333333,8.0,11.105,2.7
2016-11-21,8.200000000000001,4.466666666666667,11.833333333333334,0.3,0.7333333333333334,85.8,0.0,2.33,7.55
2016-11-22,4.3999999999999995,0.26666666666666666,9.066666666666668,0.0,2.1333333333333333,57.86666666666667,3.766666666666667,5.5,7.9
2016-11-23,0.5,-3.6,5.6000000000000005,,1.7,41.36666666666667,7.8999999999999995,10.620000000000001,5.9
2016-11-24,-1.0333333333333334,-5.333333333333333,4.2,,1.7666666666666666,49.76666666666667,8.766666666666666,12.175,0.45
2016-11-25,0.2333333333333333,-4.733333333333333,6.6000000000000005,,0.9333333333333332,61.76666666666667,6.266666666666667,8.434999999999999,3.05
2016-11-26,-0.4666666666666666,-4.2,2.5666666666666664,1.6666666666666667,0.7333333333333334,84.43333333333334,0.0,2.39,7.449999999999999
2016-11-27,2.6333333333333333,0.4666666666666666,6.3999999999999995,0.43333333333333335,0.7999999999999999,91.89999999999999,2.6666666666666665,7.225,7.85
2016-11-28,2.533333333333333,-1.3666666666666665,7.666666666666667,0.0,1.4666666666666668,65.73333333333333,8.0,10.665,2.0
2016-11-29,1.1333333333333335,-4.3999999999999995,8.6,,0.9,56.4,8.533333333333333,11.58,0.35
2016-11-30,5.2,-1.5333333333333332,11.466666666666667,2.1,0.9666666666666667,74.10000000000001,0.7666666666666666,5.125,8.5
2016-12-01,5.166666666666667,-0.8666666666666667,9.766666666666666,0.0,2.1,62.43333333333334,5.833333333333333,8.14,3.2
2016-12-02,1.0,-4.866666666666666,8.066666666666666,,1.1,57.9,8.533333333333333,11.3,0.0
2016-12-03,2.3333333333333335,-4.266666666666667,10.966666666666667,,0.6333333333333333,66.60000000000001,7.733333333333334,10.219999999999999,2.9
2016-12-04,3.533333333333333,-1.2666666666666666,8.866666666666667,0.0,0.6,70.73333333333333,0.8333333333333334,4.74,8.1
2016-12-05,8.066666666666666,3.966666666666667,14.133333333333333,0.06666666666666667,1.8666666666666665,64.8,3.6333333333333333,6.05,7.0
2016-12-06,0.3333333333333333,-3.9333333333333336,5.566666666666666,,1.9666666666666668,44.5,8.366666666666667,11.399999999999999,0.05
2016-12-07,0.7000000000000001,-5.7,6.766666666666666,0.1,0.7999999999999999,68.39999999999999,3.1333333333333333,5.91,5.6
2016-12-08,2.8666666666666667,-3.0666666666666664,8.700000000000001,1.6333333333333335,1.0666666666666667,78.43333333333334,3.633333333333333,7.8,6.25
2016-12-09,3.533333333333333,-1.8666666666666665,7.2,1.0999999999999999,2.0666666666666664,64.76666666666667,5.633333333333333,7.265000000000001,4.35
2016-12-10,-0.9333333333333335,-5.366666666666667,5.933333333333334,,1.0333333333333334,55.0,8.4,10.965,0.0
2016-12-11,-1.5999999999999999,-7.466666666666666,6.566666666666666,,0.7000000000000001,57.0,8.4,11.25,0.75
2016-12-12,3.0666666666666664,-4.533333333333334,10.933333333333332,0.03333333333333333,0.7999999999999999,56.1,6.0,7.705,6.9
2016-12-13,4.133333333333334,0.3,9.6,0.0,1.2,70.46666666666667,4.733333333333333,7.0649999999999995,4.25
2016-12-14,0.0,-3.0,2.3333333333333335,,1.2,71.5,1.4000000000000001,3.925,6.0
2016-12-15,-2.0,-6.433333333333334,2.0,,2.3666666666666667,49.833333333333336,7.466666666666666,10.195,2.1
2016-12-16,-3.1333333333333333,-9.266666666666667,1.7,,1.4666666666666668,48.13333333333333,8.4,11.025,2.45
2016-12-17,3.1666666666666665,-2.1666666666666665,10.299999999999999,,1.0,64.33333333333333,5.466666666666666,8.73,5.1
2016-12-18,3.1999999999999997,-2.733333333333333,9.5,0.0,0.6333333333333333,74.83333333333333,2.6666666666666665,5.075,7.6
2016-12-19,6.833333333333333,3.6333333333333333,10.366666666666667,1.8666666666666665,0.7999999999999999,84.56666666666666,0.7333333333333334,3.72,8.850000000000001
2016-12-20,7.099999999999999,2.766666666666667,13.0,,0.9,80.43333333333334,7.0,8.45,4.0
2016-12-21,7.966666666666666,1.0999999999999999,13.266666666666666,17.666666666666668,1.5666666666666667,85.13333333333334,3.0,5.640000000000001,7.9
2016-12-22,7.566666666666666,3.466666666666667,14.1,13.566666666666668,2.6,84.63333333333334,0.0,1.2,9.75
2016-12-23,0.43333333333333335,-1.8,3.5,0.9666666666666668,2.533333333333333,73.89999999999999,0.39999999999999997,2.025,9.65
2016-12-24,-1.4666666666666668,-2.966666666666667,0.9666666666666668,,1.1666666666666667,68.23333333333333,0.8666666666666667,5.75,7.85
2016-12-25,0.8666666666666667,-5.233333333333333,7.233333333333333,,0.8333333333333334,78.13333333333334,5.833333333333333,8.975,4.55
2016-12-26,2.766666666666667,1.7333333333333334,4.0,8.966666666666667,1.0333333333333332,89.10000000000001,0.0,1.4449999999999998,9.95
2016-12-27,-0.23333333333333336,-5.5,3.0,0.16666666666666666,2.3333333333333335,64.13333333333333,5.6000000000000005,8.469999999999999,3.95
2016-12-28,-2.966666666666667,-8.233333333333333,3.6666666666666665,,0.9333333333333335,57.46666666666667,8.366666666666667,10.719999999999999,1.15
2016-12-29,-2.966666666666667,-5.5,0.36666666666666664,0.06666666666666667,2.0,57.699999999999996,7.8999999999999995,11.01,2.15
2016-12-30,-2.766666666666667,-8.933333333333332,3.8000000000000003,,0.9,64.3,8.233333333333333,10.675,2.5999999999999996
2016-12-31,0.39999999999999997,-3.233333333333333,4.266666666666667,0.0,0.6666666666666666,79.16666666666667,1.0333333333333334,4.29,7.55
2017-01-01,2.4,-1.9000000000000001,9.533333333333333,,0.6,81.46666666666665,5.066666666666666,8.18,5.75
2017-01-02,4.333333333333333,-0.8333333333333334,11.066666666666668,0.0,1.0666666666666667,79.0,3.1,6.82,6.9
2017-01-03,2.733333333333333,-1.5333333333333334,8.799999999999999,,1.2333333333333334,72.5,7.866666666666667,9.739999999999998,0.15
2017-01-04,3.5,-1.3333333333333333,10.333333333333334,,0.9,67.89999999999999,5.5,7.74,4.7
2017-01-05,3.966666666666667,-1.6333333333333335,8.866666666666667,,1.6666666666666667,66.56666666666666,0.0,4.965,8.55
2017-01-06,5.6000000000000005,1.0333333333333334,11.133333333333333,,1.6333333333333335,63.46666666666666,7.666666666666667,10.0,3.35
2017-01-07,3.3333333333333335,-2.6333333333333333,9.433333333333332,,0.7666666666666666,72.60000000000001,5.133333333333334,7.98,5.9
2017-01-08,7.7,3.233333333333333,13.6,0.0,1.2666666666666666,62.43333333333334,5.566666666666666,9.34,7.85
2017-01-09,3.4666666666666663,-1.866666666666667,7.133333333333333,0.06666666666666667,2.3666666666666667,61.73333333333333,5.766666666666667,7.785,4.75
2017-01-10,-1.0666666666666667,-4.2,3.4333333333333336,,2.1999999999999997,58.43333333333334,6.366666666666667,8.26,3.05
2017-01-11,-3.4,-8.4,1.9666666666666668,0.0,1.8,54.73333333333333,6.166666666666667,9.06,2.8
2017-01-12,-1.4000000000000001,-4.6000000000000005,3.6333333333333333,0.10000000000000002,1.5666666666666667,68.6,1.8333333333333333,4.43,3.8499999999999996
2017-01-13,-4.2,-8.299999999999999,-0.4666666666666666,0.19999999999999998,1.8,59.96666666666667,4.7,6.49,3.6999999999999997
2017-01-14,-6.533333333333334,-9.266666666666666,-3.533333333333333,0.0,2.9,41.46666666666667,8.466666666666667,12.149999999999999,1.5999999999999999
2017-01-15,-6.633333333333333,-12.566666666666668,-0.19999999999999998,,1.3333333333333333,45.73333333333333,8.766666666666666,12.345,0.0
2017-01-16,-4.933333333333333,-11.533333333333333,3.266666666666667,,0.8666666666666667,53.46666666666667,8.733333333333333,12.61,0.05
2017-01-17,-3.766666666666666,-10.033333333333333,4.1000000000000005,,0.7000000000000001,55.46666666666666,5.2,7.97,2.75
2017-01-18,-1.0333333333333334,-5.8999999999999995,4.133333333333333,,0.7666666666666666,65.2,3.4333333333333336,6.38,6.699999999999999
2017-01-19,-0.9,-5.166666666666667,5.900000000000001,0.0,0.8666666666666667,70.46666666666665,5.466666666666666,8.485,5.8
2017-01-20,-2.8666666666666667,-5.3,-1.1666666666666667,3.9333333333333336,2.0,73.96666666666667,2.466666666666667,4.19,8.350000000000001
2017-01-21,-3.1333333333333333,-8.733333333333334,2.1666666666666665,0.7999999999999999,1.2,75.89999999999999,5.033333333333334,9.280000000000001,6.5
2017-01-22,-5.533333333333334,-8.233333333333333,-1.1333333333333335,0.7333333333333334,2.9333333333333336,66.2,6.666666666666667,9.05,6.449999999999999
2017-01-23,-7.7,-11.933333333333332,-2.6,0.0,1.5666666666666667,61.333333333333336,8.799999999999999,12.245000000000001,2.2
2017-01-24,-6.466666666666666,-12.6,0.13333333333333333,,1.1666666666666667,62.03333333333333,9.0,13.41,1.15
2017-01-25,-5.7,-12.799999999999999,1.7333333333333332,,1.0333333333333334,62.86666666666667,8.966666666666667,13.8,0.3
2017-01-26,-2.766666666666667,-11.566666666666668,5.3999999999999995,,1.0,60.46666666666667,7.8,12.36,4.05
2017-01-27,-0.3333333333333333,-5.633333333333333,4.633333333333333,2.1333333333333333,2.4666666666666663,53.1,8.066666666666666,13.254999999999999,3.3
2017-01-28,-0.9666666666666667,-8.966666666666667,7.333333333333333,,0.8666666666666667,52.800000000000004,7.7,12.995000000000001,3.8
2017-01-29,1.8333333333333333,0.06666666666666665,4.2,5.633333333333333,0.7333333333333334,78.86666666666666,0.06666666666666667,2.125,10.0
2017-01-30,-3.1333333333333333,-7.866666666666667,0.6666666666666666,0.8666666666666667,2.533333333333333,68.7,6.5,11.62,4.8
2017-01-31,-5.0,-10.4,1.2,,1.0999999999999999,60.63333333333333,8.033333333333333,12.725,3.65
2017-02-01,-3.033333333333333,-7.333333333333333,2.766666666666667,0.0,1.7,50.4,7.733333333333334,13.065,1.9
2017-02-02,-2.2666666666666666,-9.533333333333333,4.366666666666666,,1.3999999999999997,48.699999999999996,9.4,14.85,1.35
2017-02-03,1.5666666666666667,-2.6333333333333333,7.766666666666667,,1.0666666666666667,60.96666666666667,7.699999999999999,12.74,3.9499999999999997
2017-02-04,2.0,-4.6000000000000005,7.833333333333333,0.0,0.7666666666666666,62.199999999999996,2.6999999999999997,7.35,6.8
2017-02-05,2.6666666666666665,0.9333333333333332,5.3999999999999995,0.3333333333333333,1.4666666666666668,70.96666666666665,0.0,2.3,8.2
2017-02-06,-0.43333333333333335,-3.8000000000000003,3.4333333333333336,,2.4,54.36666666666667,8.966666666666667,13.41,1.4
2017-02-07,-1.0333333333333334,-5.8999999999999995,5.266666666666667,,0.9666666666666667,57.800000000000004,6.533333333333334,11.21,5.8
2017-02-08,-0.7333333333333334,-5.166666666666667,3.6333333333333333,,1.2666666666666666,58.199999999999996,2.3666666666666667,8.05,5.35
2017-02-09,-3.466666666666667,-5.933333333333334,-0.13333333333333333,0.03333333333333333,3.0666666666666664,53.43333333333334,7.666666666666667,11.84,6.1
2017-02-10,-5.233333333333333,-7.433333333333334,-1.7666666666666666,1.0,2.9,55.26666666666667,9.200000000000001,13.425,4.5
2017-02-11,-4.0,-9.133333333333333,1.3666666666666665,0.5,1.9000000000000001,56.833333333333336,8.066666666666666,12.48,5.1
2017-02-12,-1.1333333333333333,-6.533333333333334,4.733333333333333,,1.5333333333333332,55.93333333333334,9.766666666666667,15.795,0.95
2017-02-13,-0.3333333333333333,-6.966666666666666,5.7,1.4000000000000001,0.9666666666666668,74.46666666666667,6.066666666666666,11.504999999999999,5.3
2017-02-14,0.9,-3.5,6.966666666666666,,1.1666666666666667,60.4,9.566666666666666,15.74,1.75
2017-02-15,1.2,-6.433333333333334,9.9,,0.8000000000000002,52.73333333333333,9.433333333333332,14.205,0.7
2017-02-16,6.066666666666666,-4.3999999999999995,14.799999999999999,1.6333333333333335,1.0999999999999999,63.633333333333326,7.833333333333333,13.48,4.65
2017-02-17,3.633333333333333,-2.9333333333333336,11.166666666666666,1.8,2.5666666666666664,60.800000000000004,6.633333333333333,13.16,5.6
2017-02-18,-1.4666666666666668,-6.733333333333333,4.3,,2.2333333333333334,43.23333333333333,10.0,16.795,0.15
2017-02-19,2.3333333333333335,-6.0,9.366666666666667,4.666666666666667,1.4000000000000001,61.666666666666664,5.066666666666666,10.655000000000001,6.75
2017-02-20,0.6666666666666666,-5.0,6.7,14.133333333333333,2.766666666666667,64.66666666666667,6.733333333333333,14.285,3.95
2017-02-21,0.0,-7.366666666666667,8.6,,1.0,50.46666666666667,9.533333333333333,16.575,3.05
2017-02-22,2.6666666666666665,-0.4333333333333334,3.733333333333333,17.400000000000002,1.3,80.83333333333333,0.0,1.63,9.850000000000001
2017-02-23,-0.033333333333333326,-3.233333333333333,4.1000000000000005,,3.033333333333333,57.300000000000004,8.366666666666667,16.134999999999998,4.5
2017-02-24,-0.033333333333333326,-6.133333333333333,5.666666666666667,,1.7333333333333334,50.96666666666667,10.166666666666666,17.939999999999998,1.5
2017-02-25,2.8000000000000003,-3.5,9.533333333333333,,1.3,53.800000000000004,9.700000000000001,17.585,1.25
2017-02-26,3.4333333333333336,-1.3666666666666665,10.0,,1.1666666666666667,55.06666666666666,9.733333333333334,16.805,1.5
2017-02-27,3.3000000000000003,-3.466666666666667,11.299999999999999,,1.0,52.56666666666666,10.033333333333333,17.155,0.15
2017-02-28,4.5,-3.766666666666667,13.299999999999999,,0.9,48.23333333333333,10.333333333333334,17.84,1.5
2017-03-01,5.566666666666666,0.19999999999999987,12.366666666666667,0.10000000000000002,1.1666666666666667,53.666666666666664,2.4,9.385000000000002,9.600000000000001
2017-03-02,2.433333333333333,-1.7333333333333334,7.366666666666667,2.3666666666666667,2.3666666666666667,66.76666666666667,5.8,13.79,5.1
2017-03-03,3.3000000000000003,-4.3,11.866666666666667,,1.1666666666666667,53.0,10.433333333333332,18.189999999999998,1.55
2017-03-04,5.2,-2.1999999999999997,14.266666666666666,,0.9666666666666668,50.199999999999996,10.033333333333333,18.07,1.9
2017-03-05,5.966666666666666,-1.0,14.200000000000001,0.0,1.1666666666666667,56.166666666666664,8.4,14.370000000000001,6.9
2017-03-06,1.4666666666666668,-1.8,6.1000000000000005,0.03333333333333333,3.1,44.333333333333336,10.466666666666667,20.07,0.8999999999999999
2017-03-07,-0.7666666666666666,-2.766666666666667,3.1333333333333333,0.8666666666666666,2.766666666666667,51.46666666666667,10.133333333333333,19.195,4.15
2017-03-08,0.7999999999999999,-4.2,5.766666666666667,0.0,2.033333333333333,55.43333333333334,7.766666666666666,14.285,5.05
2017-03-09,4.366666666666666,-2.1,11.066666666666668,,2.4,50.73333333333333,9.833333333333334,17.85,1.1
2017-03-10,5.066666666666666,-2.4,12.9,,1.7,41.53333333333333,10.833333333333334,20.189999999999998,0.2
2017-03-11,6.566666666666667,-2.966666666666667,16.8,,1.0,39.833333333333336,10.666666666666666,19.14,2.3
2017-03-12,8.066666666666668,-0.7000000000000001,16.8,,1.2333333333333334,43.4,6.866666666666667,14.920000000000002,5.199999999999999
2017-03-13,7.366666666666667,1.9666666666666668,13.733333333333334,,1.5666666666666667,51.13333333333333,9.266666666666667,18.9,5.4
2017-03-14,5.066666666666666,-0.6333333333333334,11.566666666666668,,1.8333333333333333,48.300000000000004,10.866666666666667,20.695,0.15
2017-03-15,5.033333333333334,-2.5666666666666664,12.733333333333334,,1.1333333333333335,44.800000000000004,10.9,20.145,0.5
2017-03-16,5.733333333333333,-2.1,13.766666666666666,,1.3333333333333333,43.833333333333336,10.066666666666666,18.54,2.25
2017-03-17,7.133333333333333,-1.9333333333333333,16.233333333333334,,1.1333333333333333,38.699999999999996,10.799999999999999,20.48,0.8
2017-03-18,8.333333333333334,2.3000000000000003,17.466666666666665,,1.4000000000000001,34.266666666666666,7.166666666666667,16.4,3.5
2017-03-19,9.1,-0.4333333333333333,19.0,,0.9666666666666667,36.166666666666664,10.5,20.255000000000003,0.95
2017-03-20,8.4,1.5666666666666667,14.1,0.03333333333333333,1.3,51.6,2.1666666666666665,6.975,7.0
2017-03-21,7.7,3.5666666666666664,12.299999999999999,0.03333333333333333,2.1,49.63333333333333,9.966666666666667,20.534999999999997,1.85
2017-03-22,7.066666666666666,-0.6666666666666665,14.433333333333332,,1.3,40.333333333333336,8.266666666666667,17.990000000000002,5.75
2017-03-23,8.799999999999999,3.266666666666667,15.933333333333335,,1.4666666666666668,34.333333333333336,8.466666666666667,16.915,4.65
2017-03-24,8.333333333333334,0.8666666666666666,15.033333333333333,,1.1666666666666667,43.800000000000004,6.733333333333333,16.53,8.15
2017-03-25,6.833333333333333,5.733333333333333,8.966666666666667,2.4,1.8666666666666665,72.43333333333334,0.10000000000000002,7.305,9.9
2017-03-26,6.5,4.066666666666666,10.166666666666666,0.16666666666666666,1.2666666666666666,65.7,1.2666666666666666,10.149999999999999,8.45
2017-03-27,5.8999999999999995,2.766666666666666,10.566666666666666,1.3666666666666665,1.5333333333333332,66.46666666666667,3.9333333333333336,10.04,5.65
2017-03-28,7.233333333333333,-0.1666666666666666,13.966666666666667,0.1,1.3666666666666665,57.76666666666667,6.3,16.395,5.55
2017-03-29,9.233333333333333,4.0,16.633333333333333,1.05,1.3,55.46666666666667,9.0,20.64,3.75
2017-03-30,10.6,1.0333333333333334,19.266666666666666,,1.3666666666666665,44.9,10.666666666666666,21.515,3.8499999999999996
2017-03-31,9.5,7.1000000000000005,13.133333333333333,4.333333333333333,1.7,73.56666666666666,0.9333333333333332,8.254999999999999,9.95
2017-04-01,8.066666666666666,4.466666666666667,13.366666666666667,0.7666666666666666,1.5,69.60000000000001,5.866666666666667,13.3,6.7
2017-04-02,8.533333333333333,1.0333333333333334,16.366666666666667,,1.7,51.300000000000004,11.433333333333332,22.54,0.55
2017-04-03,11.299999999999999,1.8666666666666665,20.96666666666667,,1.6666666666666667,43.06666666666666,11.6,23.31,0.0
2017-04-04,13.666666666666666,3.0666666666666664,23.0,,1.2666666666666666,35.36666666666667,10.633333333333333,20.935000000000002,4.1
2017-04-05,12.966666666666667,10.333333333333334,15.633333333333333,13.766666666666666,1.5333333333333332,66.60000000000001,0.03333333333333333,4.275,9.95
2017-04-06,13.6,10.5,17.266666666666666,13.266666666666666,1.8,87.10000000000001,1.9333333333333333,10.185,9.3
2017-04-07,15.699999999999998,9.5,24.333333333333332,,1.5,61.800000000000004,9.4,21.59,3.65
2017-04-08,15.833333333333334,9.133333333333333,24.333333333333332,,1.4333333333333333,60.56666666666666,9.700000000000001,21.82,6.449999999999999
2017-04-09,13.666666666666666,11.166666666666666,18.466666666666665,,2.533333333333333,55.833333333333336,4.733333333333333,17.65,7.2
2017-04-10,14.533333333333333,9.366666666666667,21.099999999999998,,3.3333333333333335,30.5,10.066666666666668,23.94,5.8
2017-04-11,12.233333333333334,7.533333333333332,19.133333333333333,14.633333333333335,2.0,62.699999999999996,8.033333333333333,19.174999999999997,5.449999999999999
2017-04-12,11.700000000000001,5.3,17.5,,2.2333333333333334,24.03333333333333,11.799999999999999,24.85,1.6
2017-04-13,12.533333333333333,4.1000000000000005,20.566666666666666,,2.033333333333333,46.4,11.533333333333333,23.16,0.65
2017-04-14,14.766666666666666,7.666666666666667,20.866666666666664,0.03333333333333333,2.433333333333333,49.0,6.599999999999999,17.119999999999997,6.449999999999999
2017-04-15,17.933333333333334,10.566666666666666,25.933333333333334,,1.7666666666666666,52.199999999999996,11.366666666666667,23.655,1.05
2017-04-16,19.133333333333333,9.633333333333333,28.633333333333336,,1.0,43.96666666666667,10.466666666666667,22.75,5.8
2017-04-17,13.333333333333334,11.066666666666668,17.566666666666666,22.366666666666664,1.4000000000000001,77.46666666666667,1.6666666666666667,3.385,8.100000000000001
2017-04-18,13.700000000000001,9.700000000000001,21.633333333333336,0.9666666666666667,2.3000000000000003,71.3,4.8,14.545,5.0
2017-04-19,13.0,6.1000000000000005,19.933333333333334,,2.1333333333333333,45.333333333333336,11.9,25.585,1.1
2017-04-20,11.033333333333333,8.0,15.0,0.7333333333333334,1.0666666666666667,63.03333333333333,0.0,5.865,8.600000000000001
2017-04-21,12.300000000000002,5.2,19.966666666666665,,1.3,60.79999999999999,8.433333333333334,21.14,6.45
2017-04-22,14.066666666666668,7.2,21.1,,1.3,50.06666666666666,10.933333333333332,22.42,2.1
2017-04-23,14.566666666666668,5.666666666666667,23.099999999999998,,1.4333333333333333,43.43333333333334,12.233333333333334,26.615,0.0
2017-04-24,14.9,5.666666666666667,23.933333333333334,,1.4666666666666668,43.36666666666667,11.966666666666667,26.685000000000002,1.75
2017-04-25,16.533333333333335,9.333333333333334,23.03333333333333,0.0,1.5999999999999999,54.666666666666664,5.433333333333334,18.21,7.6
2017-04-26,15.266666666666666,10.0,21.066666666666666,0.26666666666666666,2.1333333333333333,41.43333333333333,9.799999999999999,24.35,5.699999999999999
2017-04-27,13.0,5.7,20.2,,2.266666666666667,39.833333333333336,12.066666666666668,27.095,0.95
2017-04-28,15.0,6.533333333333334,23.900000000000002,,2.5,48.6,10.6,24.869999999999997,2.7
2017-04-29,16.966666666666665,8.466666666666667,25.400000000000002,,1.8,46.166666666666664,11.833333333333334,26.055,0.5
2017-04-30,20.0,12.533333333333331,27.96666666666667,,2.2333333333333334,49.199999999999996,11.433333333333332,24.700000000000003,0.4
2017-05-01,19.7,11.733333333333334,27.833333333333332,,1.6333333333333335,48.96666666666667,11.366666666666667,26.42,1.5
2017-05-02,19.099999999999998,11.200000000000001,27.133333333333336,,1.6333333333333335,41.166666666666664,11.733333333333334,23.325,5.0
2017-05-03,20.166666666666668,10.233333333333333,29.599999999999998,,1.0999999999999999,43.800000000000004,12.6,27.785,0.15
2017-05-04,20.53333333333333,12.5,28.233333333333334,0.0,1.3,49.96666666666667,8.333333333333334,20.535,5.9
2017-05-05,21.433333333333334,16.666666666666668,28.233333333333334,0.0,1.6666666666666667,54.53333333333333,7.866666666666667,21.545,6.15
2017-05-06,16.066666666666666,10.666666666666666,23.333333333333332,,2.6,35.73333333333333,11.866666666666667,26.155,2.2
2017-05-07,17.066666666666666,9.533333333333333,25.433333333333334,,2.466666666666667,42.699999999999996,12.066666666666668,27.525,0.15
2017-05-08,17.433333333333334,9.966666666666667,23.2,,1.5,48.9,5.033333333333333,15.935,7.6
2017-05-09,15.4,12.966666666666667,19.966666666666665,6.333333333333333,2.1,71.39999999999999,1.7999999999999998,11.875,9.65
2017-05-10,15.533333333333331,12.933333333333332,19.966666666666665,2.766666666666667,1.5666666666666667,83.63333333333334,2.6666666666666665,10.135,7.699999999999999
2017-05-11,18.2,12.433333333333332,25.7,2.05,1.0999999999999999,74.46666666666667,4.8,15.965,7.85
2017-05-12,19.033333333333335,15.200000000000001,24.0,0.0,1.3,73.53333333333335,0.19999999999999998,9.745,8.850000000000001
2017-05-13,17.7,12.566666666666668,25.53333333333333,0.7999999999999999,1.8666666666666665,71.7,8.133333333333333,18.71,3.45
2017-05-14,15.866666666666667,10.533333333333333,22.433333333333334,,2.6999999999999997,51.199999999999996,12.766666666666666,29.415,0.6000000000000001
2017-05-15,15.966666666666667,9.166666666666666,22.866666666666664,,2.3666666666666667,55.800000000000004,11.333333333333334,28.365000000000002,2.0999999999999996
2017-05-16,16.566666666666666,11.200000000000001,22.46666666666667,,1.5,62.6,7.0,19.555,6.05
2017-05-17,18.366666666666664,10.466666666666667,25.766666666666666,,1.4000000000000001,55.0,12.4,26.83,0.8500000000000001
2017-05-18,19.733333333333334,11.233333333333334,27.46666666666667,,1.3333333333333333,52.63333333333333,12.733333333333334,25.6,0.5
2017-05-19,20.966666666666665,12.433333333333332,29.899999999999995,,1.6666666666666667,44.36666666666667,12.933333333333332,28.335,0.0
2017-05-20,20.3,12.133333333333333,28.366666666666664,,1.4333333333333333,42.333333333333336,11.299999999999999,24.465,5.15
2017-05-21,20.866666666666664,13.533333333333333,28.46666666666667,,1.3333333333333333,47.699999999999996,11.833333333333334,26.215,4.15
2017-05-22,21.333333333333332,13.033333333333333,29.233333333333334,,1.2666666666666666,50.666666666666664,12.933333333333332,28.36,2.0999999999999996
2017-05-23,20.533333333333335,14.366666666666667,26.53333333333333,0.0,1.2,58.96666666666667,4.266666666666667,17.145000000000003,7.6
2017-05-24,20.3,16.133333333333333,26.599999999999998,10.299999999999999,1.1666666666666667,72.03333333333333,7.166666666666667,18.71,5.2
2017-05-25,19.266666666666666,13.566666666666668,27.599999999999998,,2.3666666666666667,57.300000000000004,12.533333333333333,28.75,0.2
2017-05-26,16.3,10.266666666666667,22.099999999999998,,2.0666666666666664,46.76666666666667,13.233333333333334,30.27,0.8
2017-05-27,18.566666666666666,10.533333333333333,26.233333333333334,,1.5666666666666667,50.9,13.266666666666666,29.48,0.15
2017-05-28,20.933333333333334,12.033333333333333,29.366666666666664,,1.8,50.5,11.566666666666668,25.555,0.8500000000000001
2017-05-29,23.599999999999998,17.0,31.866666666666664,,2.1333333333333333,52.666666666666664,12.1,26.659999999999997,0.75
2017-05-30,23.0,16.099999999999998,29.866666666666664,,1.3333333333333333,52.96666666666667,10.466666666666667,22.305,5.0
2017-05-31,21.566666666666666,16.53333333333333,28.666666666666668,2.25,1.2666666666666666,63.46666666666666,6.133333333333333,19.54,6.8
2017-06-01,22.099999999999998,17.400000000000002,27.833333333333332,0.25,2.0,61.29999999999999,8.200000000000001,21.1,5.0
2017-06-02,19.8,12.566666666666668,26.833333333333332,0.0,1.7333333333333334,43.36666666666667,13.233333333333334,29.52,2.05
2017-06-03,19.73333333333333,14.9,25.53333333333333,0.1,2.0,42.76666666666667,12.366666666666665,28.6,3.25
2017-06-04,20.099999999999998,11.466666666666667,28.066666666666663,,1.6666666666666667,42.233333333333334,13.0,29.355000000000004,0.95
2017-06-05,21.866666666666664,12.933333333333332,29.333333333333332,,1.7,36.5,12.366666666666667,28.03,5.3
2017-06-06,17.900000000000002,15.466666666666667,21.599999999999998,9.4,2.6666666666666665,63.833333333333336,0.03333333333333333,7.699999999999999,9.7
2017-06-07,17.833333333333332,15.933333333333332,19.599999999999998,3.5666666666666664,1.7666666666666666,90.83333333333333,0.0,3.6550000000000002,9.65
2017-06-08,19.900000000000002,15.566666666666668,26.599999999999998,,1.7333333333333334,67.63333333333334,7.900000000000001,22.795,5.55
2017-06-09,21.566666666666666,14.9,28.5,,2.2333333333333334,61.36666666666667,10.700000000000001,25.395,4.65
2017-06-10,22.5,19.03333333333333,27.133333333333336,,1.8666666666666665,58.800000000000004,6.066666666666666,19.02,8.1
2017-06-11,21.96666666666667,13.9,29.633333333333336,,1.6666666666666667,38.666666666666664,12.9,30.155,1.3
2017-06-12,21.366666666666664,16.099999999999998,26.666666666666668,,2.3333333333333335,47.0,9.1,23.695,6.25
2017-06-13,20.833333333333332,16.133333333333333,27.0,0.0,1.9666666666666668,54.699999999999996,9.966666666666667,23.895,4.35
2017-06-14,21.366666666666664,14.666666666666666,28.03333333333333,,1.6666666666666667,58.300000000000004,11.1,26.4,1.95
2017-06-15,22.866666666666664,15.4,30.46666666666667,,1.8666666666666665,56.76666666666667,12.799999999999999,27.605,0.05
2017-06-16,24.566666666666666,17.233333333333334,32.56666666666667,,1.5999999999999999,50.93333333333334,12.1,26.89,0.35
2017-06-17,24.233333333333334,16.666666666666668,32.13333333333333,,1.3333333333333333,45.0,12.799999999999999,26.975,0.05
2017-06-18,24.733333333333334,16.366666666666667,33.333333333333336,,1.4666666666666668,44.699999999999996,13.266666666666666,29.245,0.0
2017-06-19,25.333333333333332,16.933333333333334,33.333333333333336,,1.3666666666666665,48.6,12.366666666666667,26.53,2.95
2017-06-20,24.766666666666666,18.633333333333333,30.900000000000002,,1.2666666666666666,48.73333333333333,4.8,18.07,6.95
2017-06-21,24.5,19.2,30.933333333333334,0.0,1.6666666666666667,54.333333333333336,8.6,22.195,4.5
2017-06-22,24.733333333333334,18.233333333333334,32.166666666666664,,1.5,57.46666666666667,10.933333333333332,25.11,2.3
2017-06-23,26.73333333333333,19.0,34.63333333333333,,1.3666666666666665,48.300000000000004,10.700000000000001,26.445,4.55
2017-06-24,23.933333333333334,19.866666666666664,31.53333333333333,2.1333333333333333,1.3333333333333333,65.83333333333333,3.033333333333333,13.41,8.9
2017-06-25,24.0,19.566666666666666,30.266666666666666,11.75,1.3666666666666665,72.86666666666666,7.133333333333333,19.975,7.5
2017-06-26,23.433333333333334,20.366666666666664,28.099999999999998,0.7666666666666666,2.0,74.53333333333335,3.8333333333333335,16.19,8.1
2017-06-27,24.233333333333334,20.433333333333334,28.96666666666667,4.366666666666666,1.5999999999999999,70.96666666666665,3.7000000000000006,16.384999999999998,7.5
2017-06-28,25.03333333333333,21.0,31.5,18.366666666666667,1.2666666666666666,73.33333333333333,5.566666666666666,19.455,7.5
2017-06-29,25.633333333333336,20.966666666666665,31.433333333333337,0.2,1.0999999999999999,69.53333333333335,7.8999999999999995,20.705,6.9
2017-06-30,26.400000000000002,21.666666666666668,32.46666666666667,,1.2666666666666666,64.8,7.233333333333333,21.12,7.9
2017-07-01,23.833333333333332,21.933333333333334,25.433333333333334,18.366666666666667,0.8000000000000002,91.89999999999999,0.0,5.51,9.95
2017-07-02,25.433333333333334,23.833333333333332,28.566666666666666,27.833333333333332,1.4000000000000001,93.46666666666665,0.43333333333333335,9.03,9.65
2017-07-03,25.0,23.566666666666666,28.400000000000002,98.43333333333334,1.8333333333333333,95.16666666666667,0.19999999999999998,7.305,9.95
2017-07-04,25.599999999999998,23.433333333333334,30.0,42.666666666666664,1.3,89.03333333333335,4.2,15.055,8.45
2017-07-05,27.400000000000002,23.266666666666666,32.93333333333334,,1.0,73.3,9.700000000000001,21.045,5.95
2017-07-06,26.099999999999998,22.599999999999998,32.733333333333334,22.866666666666664,1.2,82.39999999999999,5.333333333333333,13.94,7.3
2017-07-07,26.5,23.133333333333336,29.433333333333334,1.5999999999999999,1.4000000000000001,84.46666666666667,0.13333333333333333,9.655000000000001,9.600000000000001
2017-07-08,25.5,22.46666666666667,28.733333333333334,47.666666666666664,1.4000000000000001,89.76666666666667,1.7000000000000002,8.14,9.15
2017-07-09,26.766666666666666,22.53333333333333,32.93333333333333,23.233333333333334,1.1333333333333333,82.83333333333333,6.3999999999999995,18.25,8.4
2017-07-10,25.766666666666666,23.633333333333336,28.96666666666667,33.300000000000004,1.5666666666666667,94.36666666666667,0.19999999999999998,6.285,9.4
2017-07-11,26.5,23.233333333333334,31.599999999999998,6.6000000000000005,1.7666666666666666,81.86666666666667,5.6000000000000005,19.75,9.0
2017-07-12,27.53333333333333,24.03333333333333,32.36666666666667,,1.2333333333333334,76.8,7.833333333333333,20.04,5.3
2017-07-13,27.400000000000002,22.666666666666668,32.833333333333336,,1.1666666666666667,75.16666666666667,9.966666666666667,23.54,2.9
2017-07-14,26.7,23.73333333333333,33.96666666666667,8.433333333333334,1.3666666666666665,78.60000000000001,7.066666666666666,21.085,5.35
2017-07-15,25.133333333333336,22.933333333333337,27.8,19.2,1.8333333333333333,87.39999999999999,1.3666666666666665,10.5,9.55
2017-07-16,25.7,23.333333333333332,28.633333333333336,117.43333333333334,1.4333333333333333,90.36666666666667,0.13333333333333333,8.055,9.7
2017-07-17,25.266666666666666,22.766666666666666,29.400000000000002,5.8,1.3,89.53333333333335,0.03333333333333333,7.795,9.3
2017-07-18,25.7,22.53333333333333,29.333333333333332,0.4666666666666666,1.1333333333333333,86.60000000000001,2.766666666666666,13.735,8.95
2017-07-19,27.666666666666668,24.333333333333332,32.63333333333333,,1.0999999999999999,77.43333333333334,6.833333333333333,18.68,6.6
2017-07-20,28.8,24.46666666666667,33.86666666666667,,1.2,76.10000000000001,8.933333333333332,21.505000000000003,3.15
2017-07-21,29.46666666666667,25.733333333333334,34.0,,1.5,74.5,7.033333333333334,19.240000000000002,6.15
2017-07-22,29.066666666666666,26.53333333333333,32.8,,1.3333333333333333,78.8,3.1999999999999997,14.614999999999998,7.949999999999999
2017-07-23,27.0,25.5,28.599999999999998,3.3333333333333335,1.1666666666666667,90.43333333333334,0.0,4.055,9.4
2017-07-24,27.400000000000002,25.566666666666666,30.666666666666668,23.900000000000002,1.1666666666666667,92.86666666666667,0.03333333333333333,7.65,9.9
2017-07-25,27.866666666666664,24.766666666666666,32.9,22.46666666666667,1.9000000000000001,80.86666666666666,8.633333333333333,20.045,5.55
2017-07-26,26.766666666666666,22.7,31.3,,2.6,64.60000000000001,11.966666666666667,26.11,1.85
2017-07-27,26.833333333333332,21.066666666666666,32.9,,1.4000000000000001,63.800000000000004,10.033333333333333,23.765,5.15
2017-07-28,27.400000000000002,24.400000000000002,31.333333333333332,24.53333333333333,1.3333333333333333,80.63333333333333,1.4000000000000001,12.344999999999999,9.2
2017-07-29,26.099999999999998,24.166666666666668,29.96666666666667,9.633333333333333,2.1666666666666665,82.06666666666666,4.2,17.02,7.55
2017-07-30,27.266666666666666,23.366666666666664,31.766666666666666,0.0,1.5999999999999999,76.56666666666666,7.033333333333332,19.125,6.95
2017-07-31,24.366666666666664,22.433333333333334,26.833333333333332,40.766666666666666,1.0666666666666667,95.73333333333333,0.0,3.2649999999999997,9.2
2017-08-01,26.599999999999998,22.2,32.333333333333336,5.433333333333333,0.9666666666666667,82.5,8.133333333333333,19.810000000000002,5.85
2017-08-02,28.599999999999998,24.53333333333333,33.26666666666667,,1.5,77.93333333333334,9.033333333333333,20.505000000000003,3.8
2017-08-03,27.766666666666666,23.933333333333334,32.233333333333334,,2.6333333333333333,68.23333333333333,12.133333333333333,26.125,3.0999999999999996
2017-08-04,29.133333333333336,23.266666666666666,34.53333333333333,,1.4666666666666668,71.60000000000001,12.0,23.325,2.5
2017-08-05,31.099999999999998,25.866666666666664,36.13333333333333,,1.4666666666666668,66.86666666666667,12.200000000000001,23.759999999999998,3.05
2017-08-06,30.5,26.099999999999998,35.6,12.75,1.5999999999999999,68.83333333333333,8.933333333333334,21.59,6.05
2017-08-07,28.5,24.599999999999998,33.76666666666667,10.5,1.4333333333333333,71.63333333333333,10.700000000000001,23.18,3.05
2017-08-08,27.400000000000002,23.7,31.866666666666664,0.0,1.0333333333333334,75.33333333333333,2.033333333333333,15.265,8.350000000000001
2017-08-09,24.03333333333333,22.066666666666666,26.633333333333336,34.766666666666666,1.3,94.13333333333333,0.0,4.745,10.0
2017-08-10,25.8,23.53333333333333,30.400000000000002,4.933333333333334,1.0,89.13333333333333,3.0,12.76,7.4
2017-08-11,26.3,23.099999999999998,32.1,5.833333333333333,1.0,80.13333333333334,7.3,19.82,4.4
2017-08-12,26.366666666666664,21.96666666666667,30.8,,1.4666666666666668,71.39999999999999,7.7,18.29,5.2
2017-08-13,24.433333333333334,22.133333333333336,26.433333333333334,0.5666666666666667,2.466666666666667,72.23333333333333,0.6333333333333333,9.190000000000001,9.0
2017-08-14,22.46666666666667,21.099999999999998,25.099999999999998,47.666666666666664,1.8,92.23333333333333,0.06666666666666667,5.26,9.95
2017-08-15,22.766666666666666,21.366666666666664,24.166666666666668,32.06666666666666,1.6666666666666667,95.5,0.03333333333333333,3.545,10.0
2017-08-16,24.900000000000002,22.099999999999998,29.5,6.3999999999999995,1.2666666666666666,86.43333333333334,3.0666666666666664,12.719999999999999,8.65
2017-08-17,25.233333333333334,22.266666666666666,30.733333333333334,12.266666666666666,1.3,83.33333333333333,5.766666666666667,17.455,7.4
2017-08-18,25.766666666666666,22.766666666666666,30.3,0.2333333333333333,1.0666666666666667,80.06666666666666,6.533333333333334,16.939999999999998,6.05
2017-08-19,25.03333333333333,22.133333333333336,30.266666666666666,5.166666666666667,1.1666666666666667,85.66666666666667,2.966666666666667,12.695,8.65
2017-08-20,25.733333333333334,23.0,29.2,6.033333333333334,2.733333333333333,81.7,2.8333333333333335,11.825,9.05
2017-08-21,24.7,22.666666666666668,28.7,38.13333333333333,1.3,94.46666666666665,1.0666666666666667,7.4399999999999995,9.55
2017-08-22,27.3,23.833333333333332,31.900000000000002,0.4333333333333333,1.2333333333333334,85.06666666666666,6.833333333333333,18.15,5.95
2017-08-23,28.7,25.03333333333333,32.56666666666667,4.6,1.6333333333333335,79.36666666666666,7.233333333333333,17.645,7.05
2017-08-24,27.3,24.599999999999998,30.333333333333332,30.73333333333333,2.1999999999999997,84.46666666666665,2.5,9.89,8.6
2017-08-25,25.599999999999998,20.966666666666665,31.433333333333334,,1.2,69.73333333333333,10.0,23.025,5.9
2017-08-26,22.900000000000002,18.166666666666668,29.266666666666666,,1.2666666666666666,61.333333333333336,11.533333333333331,25.435,2.2
2017-08-27,22.933333333333334,17.233333333333334,30.133333333333336,,1.0333333333333334,67.06666666666668,7.966666666666666,21.205,5.6
2017-08-28,23.96666666666667,19.133333333333336,28.366666666666664,30.633333333333336,1.4000000000000001,78.8,3.0,11.62,7.449999999999999
2017-08-29,20.833333333333332,17.533333333333335,25.566666666666666,0.1,1.8333333333333333,63.699999999999996,10.766666666666666,23.485,4.65
2017-08-30,17.933333333333334,15.799999999999999,21.233333333333334,0.3333333333333333,1.1333333333333333,65.86666666666666,0.39999999999999997,8.465,8.2
2017-08-31,21.033333333333335,16.033333333333335,27.03333333333333,,1.3666666666666665,69.26666666666667,11.233333333333334,23.265,2.45
2017-09-01,21.3,15.066666666666668,27.900000000000002,,1.3666666666666665,64.3,11.933333333333332,24.98,0.45
2017-09-02,20.900000000000002,15.633333333333333,26.599999999999998,,1.3333333333333333,66.10000000000001,10.666666666666666,20.810000000000002,3.05
2017-09-03,21.46666666666667,14.9,28.26666666666667,,1.3,64.89999999999999,10.5,23.415,3.25
2017-09-04,21.866666666666664,15.866666666666667,28.099999999999998,,1.4666666666666668,64.60000000000001,9.5,20.314999999999998,5.949999999999999
2017-09-05,20.8,17.833333333333332,23.633333333333336,1.3333333333333333,1.0333333333333334,82.73333333333333,0.0,6.445,9.25
2017-09-06,20.633333333333333,18.266666666666666,22.900000000000002,2.1666666666666665,0.9333333333333332,88.60000000000001,0.0,5.12,10.0
2017-09-07,21.566666666666663,17.633333333333333,26.933333333333334,0.1,1.0,78.13333333333334,6.366666666666667,16.16,5.3
2017-09-08,22.400000000000002,18.0,28.400000000000002,,0.9666666666666668,75.73333333333333,6.8999999999999995,16.27,4.35
2017-09-09,21.8,17.099999999999998,28.0,,0.7999999999999999,80.73333333333333,5.066666666666666,15.629999999999999,5.15
2017-09-10,21.96666666666667,18.133333333333336,26.733333333333334,0.0,0.8333333333333334,83.89999999999999,0.8666666666666667,10.0,8.2
2017-09-11,20.233333333333334,17.7,22.8,59.300000000000004,1.5333333333333332,90.03333333333335,0.39999999999999997,6.654999999999999,8.15
2017-09-12,21.53333333333333,16.833333333333332,28.099999999999998,,1.2333333333333334,75.60000000000001,9.066666666666666,19.605,2.7
2017-09-13,19.76666666666667,13.466666666666667,27.5,,1.1,65.10000000000001,11.566666666666668,22.835,0.05
2017-09-14,20.166666666666668,12.966666666666667,27.433333333333334,,1.3333333333333333,69.36666666666666,11.5,22.535,0.05
2017-09-15,20.966666666666665,16.633333333333333,25.666666666666668,,2.8666666666666667,60.166666666666664,9.766666666666667,19.155,5.85
2017-09-16,20.333333333333332,16.833333333333332,24.266666666666666,,2.6999999999999997,64.96666666666667,4.766666666666667,14.275,6.699999999999999
2017-09-17,20.966666666666665,15.799999999999999,27.566666666666666,,1.8,71.23333333333333,6.266666666666667,16.915,3.7
2017-09-18,20.46666666666667,15.0,27.0,,1.2333333333333334,74.43333333333332,9.966666666666667,19.69,1.65
2017-09-19,22.266666666666666,16.8,27.3,0.25,1.7666666666666666,77.39999999999999,4.6000000000000005,12.719999999999999,7.25
2017-09-20,19.5,14.166666666666666,24.7,2.8000000000000003,1.8,60.73333333333333,10.6,20.685000000000002,2.7
2017-09-21,18.066666666666666,10.766666666666666,26.133333333333336,,1.0,69.56666666666666,11.133333333333333,21.705,0.9
2017-09-22,19.333333333333332,13.266666666666666,26.7,,1.0,71.60000000000001,10.766666666666666,19.52,1.85
2017-09-23,19.599999999999998,14.233333333333334,26.3,,0.8666666666666667,81.06666666666666,3.733333333333333,13.23,5.65
2017-09-24,21.633333333333336,17.066666666666666,27.133333333333336,0.0,0.9333333333333335,82.46666666666667,4.533333333333333,12.41,6.1
2017-09-25,22.566666666666666,18.033333333333335,28.900000000000002,,1.0333333333333334,76.53333333333333,8.533333333333333,16.759999999999998,4.0
2017-09-26,22.5,16.033333333333335,28.666666666666668,0.0,1.3666666666666665,70.03333333333333,8.200000000000001,18.05,4.55
2017-09-27,18.866666666666667,16.0,22.366666666666664,33.63333333333333,1.3333333333333333,90.86666666666667,1.0,5.68,8.7
2017-09-28,19.5,14.799999999999999,24.633333333333336,,1.7,64.10000000000001,9.6,19.605,3.3
2017-09-29,15.1,9.533333333333333,21.53333333333333,,1.0666666666666667,58.9,10.233333333333334,18.225,4.25
2017-09-30,16.733333333333334,8.933333333333334,25.5,,0.9333333333333335,70.8,10.033333333333333,18.740000000000002,1.15
2017-10-01,15.466666666666667,12.666666666666666,19.066666666666666,12.266666666666666,1.0,85.86666666666667,0.03333333333333333,4.244999999999999,9.4
2017-10-02,19.033333333333335,15.299999999999999,24.099999999999998,4.733333333333333,1.0999999999999999,87.89999999999999,2.6,9.329999999999998,6.199999999999999
2017-10-03,17.866666666666664,14.966666666666667,22.666666666666668,,0.9666666666666668,74.3,3.9,13.845,5.3
2017-10-04,17.2,12.066666666666668,22.96666666666667,,1.3333333333333333,66.60000000000001,8.366666666666667,16.055,5.199999999999999
2017-10-05,17.3,13.333333333333334,21.099999999999998,,2.3000000000000003,68.0,4.566666666666666,11.64,8.15
2017-10-06,16.166666666666668,13.766666666666666,18.3,1.5999999999999999,0.9333333333333335,86.46666666666665,0.26666666666666666,5.46,8.75
2017-10-07,19.53333333333333,16.2,24.766666666666666,0.0,0.9333333333333332,81.86666666666666,4.666666666666667,12.965,7.15
2017-10-08,20.566666666666666,16.133333333333336,27.0,,0.7666666666666666,78.83333333333333,8.566666666666668,16.065,3.05
2017-10-09,21.133333333333333,16.666666666666668,27.0,,0.7666666666666666,78.46666666666667,8.033333333333333,13.545,3.0
2017-10-10,21.366666666666664,17.0,26.3,0.0,0.8666666666666667,82.03333333333335,3.766666666666667,11.07,6.9
2017-10-11,17.03333333333333,13.166666666666666,21.633333333333336,6.1000000000000005,1.5,86.5,0.06666666666666667,3.965,9.7
2017-10-12,12.166666666666666,9.266666666666667,13.666666666666666,1.9000000000000001,0.8999999999999999,87.2,0.0,2.9749999999999996,7.2
2017-10-13,11.333333333333334,5.933333333333334,18.2,,1.2666666666666666,73.63333333333334,7.666666666666667,16.605,5.1
2017-10-14,13.066666666666668,7.433333333333334,19.166666666666668,,1.4000000000000001,63.4,8.033333333333333,16.38,5.95
2017-10-15,14.433333333333332,8.866666666666665,19.933333333333334,,1.5999999999999999,66.96666666666667,5.133333333333334,11.445,6.75
2017-10-16,15.433333333333332,11.966666666666667,21.099999999999998,,1.3,68.93333333333332,4.0,10.41,7.1
2017-10-17,14.933333333333332,8.366666666666665,22.400000000000002,,1.0999999999999999,72.06666666666666,9.933333333333332,16.395,2.95
2017-10-18,15.833333333333334,13.566666666666668,19.133333333333336,0.05,2.1333333333333333,63.43333333333333,0.43333333333333335,6.295,8.95
2017-10-19,15.566666666666668,10.0,20.900000000000002,,1.2666666666666666,68.86666666666666,6.633333333333333,12.815,4.8
2017-10-20,15.366666666666667,9.9,22.733333333333334,,1.0,70.93333333333334,9.1,16.085,0.4
2017-10-21,14.933333333333332,8.8,22.900000000000002,,1.1666666666666667,71.8,9.533333333333333,16.025,0.15
2017-10-22,14.9,8.066666666666666,22.333333333333332,,2.2333333333333334,61.43333333333334,7.533333333333334,14.76,2.5
2017-10-23,12.466666666666667,8.133333333333333,18.366666666666667,,1.4333333333333333,60.833333333333336,9.700000000000001,15.584999999999999,1.2
2017-10-24,11.666666666666666,6.5,18.633333333333333,,0.9666666666666667,70.56666666666666,8.0,14.315,1.55
2017-10-25,11.533333333333333,5.5,19.666666666666668,,0.8333333333333334,73.39999999999999,8.566666666666666,14.735,2.0
2017-10-26,12.533333333333333,6.566666666666666,19.566666666666666,,0.7000000000000001,71.63333333333333,5.3,11.395,6.85
2017-10-27,13.9,10.133333333333333,20.46666666666667,,0.7666666666666666,69.2,3.6666666666666665,9.175,5.05
2017-10-28,14.866666666666667,8.4,22.96666666666667,,1.2666666666666666,73.3,8.933333333333334,14.33,1.2
2017-10-29,10.933333333333332,5.533333333333332,17.933333333333334,,2.1,66.56666666666666,8.066666666666668,11.455,1.4500000000000002
2017-10-30,6.233333333333333,0.5666666666666665,13.299999999999999,,1.3,49.0,9.733333333333334,15.52,0.0
2017-10-31,7.6000000000000005,-0.7333333333333334,16.599999999999998,,0.9,64.33333333333333,9.633333333333333,15.07,1.35
2017-11-01,12.200000000000001,6.199999999999999,18.566666666666666,,1.0333333333333334,72.39999999999999,5.733333333333333,12.105,7.8
2017-11-02,13.166666666666666,9.799999999999999,18.5,,0.7333333333333334,79.83333333333333,3.533333333333333,7.8,4.25
2017-11-03,10.9,7.166666666666667,16.566666666666666,0.15,1.6333333333333335,73.76666666666667,3.4,6.13,5.55
2017-11-04,7.233333333333333,2.466666666666667,13.5,,1.3,60.833333333333336,8.799999999999999,13.465,1.0
2017-11-05,6.266666666666667,-0.16666666666666666,14.433333333333332,,0.8666666666666667,72.89999999999999,8.733333333333333,13.67,0.0
2017-11-06,7.933333333333333,0.4333333333333333,17.2,,0.8666666666666667,72.3,8.5,13.365,1.15
2017-11-07,12.733333333333334,4.266666666666667,20.366666666666667,0.0,0.6666666666666666,73.10000000000001,7.066666666666666,11.83,5.449999999999999
2017-11-08,13.266666666666666,6.033333333333334,18.633333333333333,0.39999999999999997,1.7,65.26666666666667,7.8,11.254999999999999,2.8
2017-11-09,7.966666666666666,1.0333333333333332,16.933333333333334,,0.7666666666666666,58.46666666666667,9.266666666666667,13.100000000000001,0.0
2017-11-10,9.299999999999999,1.8333333333333333,18.433333333333334,3.1999999999999997,1.9333333333333333,68.63333333333334,3.5999999999999996,6.96,6.199999999999999
2017-11-11,5.566666666666666,0.8666666666666667,11.166666666666666,,1.8666666666666665,55.1,9.1,13.35,0.0
2017-11-12,4.266666666666667,-2.2666666666666666,13.0,,0.9,67.23333333333333,8.933333333333332,12.405,1.85
2017-11-13,6.366666666666667,-0.5333333333333333,12.6,0.0,0.9,67.60000000000001,1.8,6.055,6.949999999999999
2017-11-14,8.033333333333333,3.033333333333333,13.133333333333333,0.1,1.8666666666666665,57.53333333333333,8.700000000000001,11.25,0.25
2017-11-15,4.833333333333333,1.4000000000000001,9.333333333333334,0.0,2.033333333333333,56.5,6.633333333333333,9.690000000000001,5.2
2017-11-16,2.0333333333333337,-2.6333333333333333,8.200000000000001,,1.4000000000000001,51.26666666666667,8.966666666666667,12.625,0.15
2017-11-17,3.6999999999999997,-3.5666666666666664,9.166666666666666,0.5,1.0333333333333334,62.86666666666667,3.0,5.8100000000000005,6.75
2017-11-18,0.06666666666666665,-3.6333333333333333,6.2,0.0,2.8000000000000003,47.9,8.933333333333334,13.165,1.3
2017-11-19,-0.5666666666666668,-6.033333333333334,3.9333333333333336,,1.5666666666666667,46.76666666666667,7.966666666666666,10.684999999999999,4.1
2017-11-20,3.3333333333333335,-2.3666666666666667,8.4,0.0,1.5,57.333333333333336,7.366666666666667,10.65,2.8
2017-11-21,1.6333333333333335,-3.8000000000000003,9.166666666666666,0.0,0.8666666666666667,65.46666666666667,8.433333333333334,12.13,1.2
2017-11-22,3.466666666666667,-2.033333333333333,9.266666666666667,0.20000000000000004,1.5,67.66666666666667,1.9000000000000001,3.975,6.9
2017-11-23,0.43333333333333335,-3.1999999999999997,5.5,0.8666666666666667,1.4666666666666668,70.56666666666666,4.066666666666666,6.995,3.05
2017-11-24,0.1333333333333333,-2.9333333333333336,3.533333333333333,4.266666666666667,1.0666666666666667,87.5,2.3666666666666667,5.555,6.75
2017-11-25,4.366666666666666,-4.133333333333334,10.433333333333332,0.0,1.6666666666666667,70.86666666666667,5.966666666666666,8.879999999999999,4.8
2017-11-26,6.033333333333334,0.03333333333333336,10.733333333333334,4.466666666666666,1.6333333333333335,76.23333333333333,3.9,6.095,4.9
2017-11-27,2.6333333333333333,-3.4,10.6,,0.7000000000000001,77.03333333333335,8.3,10.594999999999999,0.2
2017-11-28,4.933333333333334,-0.7333333333333334,12.633333333333333,0.0,0.9,81.96666666666665,2.966666666666667,6.365,5.1
2017-11-29,5.8,1.2333333333333332,10.166666666666666,0.0,1.8,53.6,6.066666666666666,9.46,6.699999999999999
2017-11-30,-0.4666666666666666,-3.266666666666667,4.533333333333334,,2.3000000000000003,38.333333333333336,8.1,11.415,1.9
2017-12-01,-1.3,-6.833333333333333,3.8000000000000003,,1.4000000000000001,39.766666666666666,8.533333333333333,11.815,1.9
2017-12-02,0.7333333333333334,-4.766666666666667,7.533333333333334,,0.7666666666666666,59.0,7.2,8.899999999999999,3.7
2017-12-03,3.4,-2.6999999999999997,9.666666666666666,0.0,0.7000000000000001,77.63333333333333,2.3333333333333335,6.05,7.0
2017-12-04,1.3333333333333333,-3.1666666666666665,4.8999999999999995,0.03333333333333333,2.466666666666667,62.26666666666667,6.8999999999999995,10.504999999999999,4.9
2017-12-05,-3.5333333333333337,-7.366666666666667,0.8000000000000002,,2.066666666666667,47.76666666666667,8.4,11.155000000000001,1.2000000000000002
2017-12-06,-0.03333333333333329,-6.0,5.966666666666666,1.8333333333333333,0.8333333333333334,80.73333333333333,4.8,8.065,6.3
2017-12-07,2.3333333333333335,-1.4333333333333333,6.6000000000000005,3.266666666666667,1.4000000000000001,72.66666666666667,3.0666666666666664,6.13,7.4
2017-12-08,-2.3333333333333335,-5.066666666666666,1.4666666666666668,0.0,2.033333333333333,52.1,8.299999999999999,10.64,2.5
2017-12-09,0.5666666666666668,-2.566666666666667,5.0,0.0,0.7999999999999999,67.60000000000001,2.8666666666666667,6.755,7.55
2017-12-10,2.4,-1.7333333333333332,7.766666666666667,2.3333333333333335,1.7,79.5,1.7666666666666666,4.095,7.35
2017-12-11,-4.733333333333333,-8.633333333333333,-0.3666666666666667,0.19999999999999998,2.733333333333333,64.39999999999999,2.9333333333333336,5.93,4.9
2017-12-12,-7.466666666666666,-11.966666666666667,-2.6999999999999997,,1.9000000000000001,54.166666666666664,8.4,11.165,0.15
2017-12-13,-6.766666666666667,-11.200000000000001,-0.5666666666666668,,1.4000000000000001,52.76666666666667,8.433333333333334,11.185,0.0
2017-12-14,-5.633333333333333,-12.166666666666666,0.6,,0.8000000000000002,58.76666666666667,5.633333333333333,8.395,4.35
2017-12-15,-2.0,-9.1,3.233333333333333,0.0,0.8333333333333334,52.86666666666667,4.966666666666667,7.555,6.9
2017-12-16,-2.6333333333333333,-6.2,1.6666666666666667,0.0,2.6666666666666665,48.93333333333334,7.133333333333333,9.135,4.699999999999999
2017-12-17,-5.533333333333334,-10.333333333333334,-0.4333333333333333,,1.5666666666666667,54.03333333333333,8.299999999999999,10.7,0.8500000000000001
2017-12-18,-0.1333333333333334,-7.866666666666667,6.733333333333333,0.0,1.3666666666666665,66.8,5.966666666666666,9.015,5.05
2017-12-19,-2.6999999999999997,-7.266666666666667,2.766666666666667,0.3333333333333333,2.033333333333333,53.26666666666667,6.266666666666667,9.125,3.4
2017-12-20,-2.3000000000000003,-9.833333333333334,4.6000000000000005,1.0333333333333334,1.0,74.36666666666666,6.133333333333333,9.145,4.9
2017-12-21,-0.8666666666666667,-4.666666666666667,3.9333333333333336,0.0,0.9666666666666667,73.33333333333333,7.866666666666667,8.815000000000001,2.3
2017-12-22,0.7999999999999999,-5.533333333333334,8.5,,0.7000000000000001,73.8,4.566666666666666,5.9350000000000005,4.6
2017-12-23,3.3666666666666667,-1.3,10.733333333333334,,0.6,80.13333333333333,4.7,5.55,6.6
2017-12-24,2.6666666666666665,0.4666666666666666,5.5,16.233333333333334,1.6333333333333335,87.2,0.0,0.655,8.5
2017-12-25,-0.8333333333333334,-3.3666666666666667,2.4,0.0,2.6,53.03333333333333,8.366666666666665,8.87,2.05
2017-12-26,-1.8666666666666665,-5.7,2.766666666666667,0.26666666666666666,2.1999999999999997,63.20000000000001,5.833333333333333,6.59,3.5
2017-12-27,-5.5,-9.633333333333333,-0.3666666666666667,,1.8666666666666665,42.43333333333333,8.366666666666667,8.925,0.0
2017-12-28,-2.1999999999999997,-7.8999999999999995,2.8333333333333335,,0.9666666666666668,55.43333333333334,4.966666666666667,5.154999999999999,7.6
2017-12-29,2.5,-1.0333333333333334,5.8,0.0,0.8000000000000002,73.23333333333333,0.03333333333333333,2.47,8.95
2017-12-30,3.0,-0.7666666666666666,7.099999999999999,0.9333333333333332,0.9333333333333335,77.5,3.1666666666666665,4.305,8.3
2017-12-31,0.9333333333333335,-2.6333333333333333,5.033333333333333,0.9333333333333332,2.2333333333333334,62.36666666666667,7.833333333333333,7.575,2.7
2018-01-01,-1.3,-6.266666666666666,4.566666666666666,,1.0666666666666667,57.833333333333336,7.8999999999999995,7.765,0.55
2018-01-02,-1.3333333333333333,-5.8,3.533333333333333,,1.0999999999999999,68.53333333333333,1.2,3.61,5.0
2018-01-03,-2.9,-6.633333333333333,1.7333333333333334,,1.7,51.166666666666664,8.366666666666667,8.7,2.3
2018-01-04,-3.1999999999999997,-7.0,0.0,,1.0999999999999999,53.9,5.8,6.305,7.949999999999999
2018-01-05,-1.2,-4.266666666666667,3.4,,1.3666666666666665,58.800000000000004,7.633333333333333,7.775,4.55
2018-01-06,-1.2333333333333334,-5.6000000000000005,4.633333333333334,,1.3333333333333333,61.599999999999994,8.4,8.725,0.05
2018-01-07,-2.066666666666667,-8.133333333333333,2.1999999999999997,0.0,0.7333333333333334,65.33333333333333,0.8333333333333334,3.15,6.9
2018-01-08,0.9333333333333332,-0.7333333333333334,2.3333333333333335,2.733333333333333,1.2,81.16666666666667,0.03333333333333333,1.6350000000000002,9.850000000000001
2018-01-09,-2.4333333333333336,-4.7,-0.13333333333333336,2.1,2.3000000000000003,80.76666666666667,2.3000000000000003,4.03,8.75
2018-01-10,-5.866666666666667,-10.633333333333333,-1.7333333333333334,4.1000000000000005,1.9000000000000001,71.66666666666667,4.933333333333334,6.44,5.45
2018-01-11,-10.233333333333334,-14.466666666666667,-5.733333333333333,0.0,1.6666666666666667,72.96666666666667,6.5,7.105,4.65
2018-01-12,-10.0,-16.099999999999998,-5.433333333333334,0.0,1.3,60.9,8.5,9.385,4.45
2018-01-13,-3.766666666666667,-8.233333333333333,1.8999999999999997,0.3666666666666667,0.7333333333333334,78.96666666666667,3.966666666666667,6.01,6.5
2018-01-14,-2.1666666666666665,-9.766666666666667,6.033333333333334,,0.7333333333333334,79.16666666666667,6.3,8.4,4.8
2018-01-15,3.9,-0.36666666666666653,9.733333333333334,,0.9666666666666667,74.46666666666665,7.033333333333334,7.6450000000000005,5.8
2018-01-16,2.8333333333333335,-1.0666666666666667,6.966666666666666,2.6,0.8333333333333334,85.06666666666666,0.13333333333333333,2.485,9.4
2018-01-17,3.5,1.7333333333333334,5.633333333333333,8.733333333333333,0.9666666666666667,93.13333333333333,0.0,3.29,9.45
2018-01-18,3.1333333333333333,-0.43333333333333335,6.3999999999999995,0.0,1.1333333333333335,76.56666666666666,1.8333333333333333,6.76,7.5
2018-01-19,-0.03333333333333329,-3.8000000000000003,5.7,,0.9,61.29999999999999,7.7,10.1,2.3499999999999996
2018-01-20,0.26666666666666666,-5.366666666666667,7.566666666666666,,0.7999999999999999,72.10000000000001,5.7,8.84,3.8
2018-01-21,0.30000000000000004,-4.566666666666666,6.2,,0.7333333333333334,69.43333333333334,4.766666666666667,8.309999999999999,5.8
2018-01-22,2.4,-1.2333333333333334,7.866666666666667,1.5333333333333332,1.5333333333333332,64.03333333333333,1.1666666666666667,5.805,8.95
2018-01-23,-7.8999999999999995,-11.266666666666666,-1.1333333333333333,0.0,3.3333333333333335,52.73333333333333,8.200000000000001,9.38,2.0999999999999996
2018-01-24,-12.066666666666668,-15.033333333333333,-7.8999999999999995,0.0,2.9,41.699999999999996,8.966666666666667,9.72,0.2
2018-01-25,-11.700000000000001,-16.233333333333334,-6.833333333333333,,2.3333333333333335,46.9,8.0,9.155000000000001,3.55
2018-01-26,-12.433333333333332,-15.866666666666665,-7.199999999999999,,2.466666666666667,54.6,9.1,9.905000000000001,0.25
2018-01-27,-9.1,-16.599999999999998,-1.5333333333333332,,1.0333333333333334,50.833333333333336,9.0,10.035,2.3
2018-01-28,-4.133333333333333,-7.099999999999999,0.8333333333333334,0.0,2.1,42.333333333333336,7.433333333333334,10.75,4.15
2018-01-29,-7.233333333333333,-9.9,-3.4,,2.3333333333333335,50.0,9.166666666666666,10.23,1.5
2018-01-30,-4.966666666666667,-12.4,1.4666666666666668,,1.3333333333333333,61.13333333333333,8.266666666666667,11.355,2.7
2018-01-31,-0.9666666666666668,-4.966666666666667,3.466666666666667,,1.4000000000000001,50.73333333333333,4.3,8.094999999999999,7.0
2018-02-01,-2.8000000000000003,-8.166666666666666,3.6333333333333333,,1.1666666666666667,46.666666666666664,9.066666666666668,11.52,0.0
2018-02-02,-3.4,-10.0,3.9333333333333336,,1.0,51.666666666666664,9.033333333333333,11.78,2.3
2018-02-03,-5.5,-8.933333333333332,-1.9333333333333333,0.0,3.1333333333333333,54.199999999999996,8.9,10.975,4.5
2018-02-04,-8.1,-11.933333333333332,-3.866666666666667,0.0,2.3666666666666667,51.23333333333333,9.033333333333333,10.93,1.9
2018-02-05,-8.566666666666666,-13.266666666666666,-3.533333333333333,,2.433333333333333,49.1,8.966666666666667,10.55,1.25
2018-02-06,-8.9,-13.833333333333334,-4.266666666666667,0.06666666666666667,2.3000000000000003,53.53333333333333,9.0,10.59,2.3
2018-02-07,-8.266666666666667,-15.266666666666666,-1.2666666666666666,0.0,1.2333333333333334,52.333333333333336,9.466666666666667,12.01,0.05
2018-02-08,-4.8,-12.633333333333333,4.2,,0.9,50.56666666666666,9.266666666666667,11.125,0.0
2018-02-09,0.4333333333333333,-7.533333333333334,8.566666666666666,,1.0,55.199999999999996,5.033333333333333,8.49,7.199999999999999
2018-02-10,-0.26666666666666666,-5.633333333333333,5.966666666666666,,2.3666666666666667,52.800000000000004,5.266666666666667,7.705,6.4
2018-02-11,-4.8,-9.1,-0.5,1.3666666666666665,2.1,68.86666666666667,5.566666666666666,8.26,7.0
2018-02-12,-6.1000000000000005,-12.166666666666666,-1.7666666666666666,0.7999999999999999,1.8,74.83333333333333,5.033333333333334,8.415,5.6
2018-02-13,-1.7,-8.733333333333333,3.9333333333333336,0.5333333333333333,1.6666666666666667,67.43333333333334,9.666666666666666,13.030000000000001,0.75
2018-02-14,3.766666666666667,-3.8666666666666667,10.799999999999999,,1.7000000000000002,68.06666666666666,4.933333333333334,6.785,5.7
2018-02-15,0.3,-3.5,6.266666666666667,,1.5,41.93333333333333,9.233333333333333,12.135,4.25
2018-02-16,-0.16666666666666666,-6.2,6.533333333333334,,1.4333333333333333,47.699999999999996,8.933333333333334,10.975,3.5999999999999996
2018-02-17,-1.7666666666666666,-5.166666666666667,3.0666666666666664,,2.1333333333333333,33.733333333333334,9.166666666666666,13.485,2.95
2018-02-18,-0.6333333333333333,-4.7,4.3,,0.7999999999999999,39.86666666666667,1.0666666666666667,6.025,7.699999999999999
2018-02-19,1.6333333333333335,-4.733333333333333,8.633333333333333,,0.9333333333333332,49.93333333333334,7.766666666666667,10.17,5.449999999999999
2018-02-20,1.3333333333333333,-4.433333333333334,7.666666666666667,,1.3333333333333333,51.5,6.8999999999999995,10.145,4.3
2018-02-21,-0.5333333333333333,-4.8,4.966666666666667,,1.5333333333333332,34.0,8.666666666666666,11.495,3.9000000000000004
2018-02-22,-0.26666666666666666,-7.666666666666667,7.5,0.0,1.3333333333333333,52.699999999999996,8.5,12.06,2.5
2018-02-23,4.7,-2.033333333333333,9.866666666666667,1.2,1.8666666666666665,70.96666666666667,3.9,7.86,5.45
2018-02-24,5.3999999999999995,0.5333333333333333,11.366666666666667,,1.6333333333333335,48.86666666666667,7.2,10.79,5.9
2018-02-25,3.3666666666666667,-1.6333333333333335,10.6,,1.3,38.53333333333333,6.533333333333334,10.065000000000001,4.25
2018-02-26,3.0,-5.3999999999999995,12.166666666666666,,0.9333333333333332,41.53333333333333,10.299999999999999,14.455,0.4
2018-02-27,5.333333333333333,-3.266666666666667,13.433333333333332,,1.0999999999999999,43.63333333333333,6.466666666666666,10.15,5.699999999999999
2018-02-28,4.8999999999999995,1.2,9.333333333333334,29.233333333333334,2.6666666666666665,74.2,0.0,1.2650000000000001,9.9
2018-03-01,1.5333333333333332,-2.966666666666667,4.866666666666666,1.5666666666666667,3.233333333333333,64.66666666666667,8.233333333333333,16.79,6.0
2018-03-02,0.4666666666666666,-6.3999999999999995,8.133333333333333,,1.2333333333333334,45.93333333333334,10.5,18.5,0.3
2018-03-03,7.366666666666667,-2.8333333333333335,18.099999999999998,,0.9333333333333332,51.199999999999996,9.633333333333333,17.41,2.95
2018-03-04,13.833333333333334,6.966666666666666,22.333333333333332,14.4,1.4666666666666668,66.23333333333333,5.566666666666666,14.754999999999999,7.8
2018-03-05,5.833333333333333,2.1333333333333333,13.266666666666666,14.633333333333335,2.5,82.3,0.8666666666666667,6.245,8.4
2018-03-06,5.1000000000000005,-1.0999999999999999,12.200000000000001,,1.2666666666666666,62.23333333333333,9.933333333333332,19.47,2.25
2018-03-07,5.333333333333333,1.9333333333333333,9.433333333333332,4.3999999999999995,2.966666666666667,67.56666666666666,2.433333333333333,11.665,7.699999999999999
2018-03-08,2.6999999999999997,0.39999999999999997,6.133333333333333,10.466666666666667,1.4333333333333333,88.96666666666665,0.03333333333333333,3.8449999999999998,9.45
2018-03-09,3.0666666666666664,-0.06666666666666672,7.233333333333333,0.25,1.1333333333333335,76.63333333333334,0.9,6.865,7.15
2018-03-10,3.933333333333333,-1.9333333333333333,11.333333333333334,,1.4666666666666668,68.26666666666667,7.933333333333334,17.445,1.85
2018-03-11,6.966666666666666,1.8,14.366666666666667,,1.2333333333333334,60.133333333333326,8.5,18.395,3.2
2018-03-12,8.066666666666666,-0.9666666666666667,17.8,,1.1666666666666667,56.666666666666664,10.233333333333334,18.465,0.0
2018-03-13,11.866666666666667,1.7,20.900000000000002,,1.4666666666666668,62.6,9.233333333333333,17.935000000000002,2.75
2018-03-14,15.333333333333334,6.333333333333333,23.900000000000002,,1.2666666666666666,62.93333333333334,10.566666666666666,19.405,1.7
2018-03-15,12.766666666666666,9.433333333333332,15.066666666666668,13.200000000000001,0.8000000000000002,94.16666666666667,0.0,2.0949999999999998,10.0
2018-03-16,5.566666666666666,2.2666666666666666,10.333333333333334,0.5333333333333333,2.9666666666666663,69.7,2.733333333333333,11.545,5.85
2018-03-17,6.3999999999999995,-1.3666666666666665,14.4,,1.5,57.833333333333336,10.6,20.915,3.65
2018-03-18,7.3,1.9333333333333333,11.633333333333333,5.8999999999999995,0.7000000000000001,77.76666666666667,0.0,6.055,9.2
2018-03-19,7.8,4.8999999999999995,10.666666666666666,21.8,2.466666666666667,87.26666666666667,0.03333333333333333,3.035,9.95
2018-03-20,5.466666666666666,2.533333333333333,9.933333333333334,0.0,4.333333333333333,48.800000000000004,2.6999999999999997,14.105,9.3
2018-03-21,1.0999999999999999,-0.6,3.1333333333333333,7.133333333333333,2.1666666666666665,88.53333333333335,0.0,5.21,10.0
2018-03-22,5.033333333333333,0.26666666666666666,11.933333333333332,0.5,1.7333333333333334,69.16666666666667,9.033333333333333,20.43,3.05
2018-03-23,5.8999999999999995,-1.4666666666666668,13.9,,1.2666666666666666,63.29999999999999,10.366666666666667,21.380000000000003,1.3
2018-03-24,8.1,0.9333333333333332,15.633333333333333,,1.4666666666666668,66.83333333333333,8.200000000000001,17.52,1.2
2018-03-25,10.066666666666668,2.5,19.433333333333334,,1.2,67.86666666666666,8.299999999999999,19.520000000000003,3.8
2018-03-26,11.566666666666668,2.733333333333333,20.266666666666666,,1.2333333333333334,67.86666666666667,9.9,20.275,1.2
2018-03-27,13.433333333333332,5.0,21.766666666666666,,1.5999999999999999,64.10000000000001,10.0,20.25,0.15
2018-03-28,14.566666666666668,7.033333333333334,22.133333333333336,,1.6666666666666667,62.56666666666666,10.200000000000001,20.575000000000003,1.35
2018-03-29,15.233333333333334,9.433333333333332,21.633333333333336,,1.0666666666666667,68.10000000000001,2.566666666666667,12.125,5.949999999999999
2018-03-30,14.666666666666666,9.366666666666667,21.266666666666666,,2.1333333333333333,50.166666666666664,8.95,18.5,1.8499999999999999
2018-03-31,15.233333333333334,7.8999999999999995,23.233333333333334,,1.3333333333333333,56.03333333333333,9.866666666666667,17.145,1.65
2018-04-01,15.366666666666667,9.0,20.900000000000002,0.0,1.1333333333333333,69.7,0.7666666666666666,6.334999999999999,7.199999999999999
2018-04-02,17.833333333333332,10.766666666666666,25.333333333333332,,1.3333333333333333,67.26666666666667,9.566666666666666,17.805,0.8
2018-04-03,18.566666666666666,11.933333333333332,25.8,,1.2666666666666666,66.39999999999999,6.2,13.6,5.5
2018-04-04,12.4,8.866666666666667,17.7,18.066666666666666,2.1333333333333333,84.66666666666667,0.16666666666666666,2.55,9.95
2018-04-05,7.866666666666667,6.8,8.933333333333334,15.033333333333333,2.433333333333333,89.10000000000001,0.0,2.025,10.0
2018-04-06,7.3999999999999995,3.1666666666666665,12.933333333333332,17.866666666666667,2.5666666666666664,72.03333333333335,6.3,18.62,8.5
2018-04-07,4.8999999999999995,2.5,9.299999999999999,0.0,3.8000000000000003,42.666666666666664,9.033333333333333,21.375,4.85
2018-04-08,7.8999999999999995,-0.1333333333333334,13.200000000000001,,2.6333333333333333,53.76666666666667,7.866666666666667,20.235,4.6
2018-04-09,11.266666666666666,5.166666666666667,18.066666666666666,,1.4000000000000001,53.46666666666667,11.066666666666668,24.405,2.8499999999999996
2018-04-10,15.733333333333334,4.2,23.96666666666667,4.3,2.966666666666667,54.23333333333333,8.9,21.564999999999998,5.45
2018-04-11,15.1,9.366666666666667,20.866666666666667,10.366666666666667,2.8000000000000003,51.56666666666666,10.933333333333332,25.895,2.8499999999999996
2018-04-12,13.133333333333333,4.866666666666666,21.5,,1.8333333333333333,40.46666666666667,11.799999999999999,25.380000000000003,2.1
2018-04-13,12.833333333333334,4.6000000000000005,18.900000000000002,0.0,2.5666666666666664,39.800000000000004,2.4,12.940000000000001,8.7
2018-04-14,8.799999999999999,6.933333333333334,12.533333333333333,30.8,2.1999999999999997,84.73333333333333,0.0,2.67,9.5
2018-04-15,10.0,5.8999999999999995,16.366666666666664,,2.266666666666667,67.39999999999999,7.933333333333334,21.439999999999998,3.85
2018-04-16,11.233333333333334,3.033333333333333,18.866666666666664,,1.1666666666666667,61.26666666666667,10.833333333333334,25.689999999999998,3.75
2018-04-17,13.4,7.3999999999999995,20.5,,1.2,54.333333333333336,10.200000000000001,23.700000000000003,3.9000000000000004
2018-04-18,13.299999999999999,5.133333333333334,21.900000000000002,,1.2666666666666666,49.300000000000004,11.799999999999999,26.935000000000002,0.0
2018-04-19,14.833333333333334,4.933333333333334,23.866666666666664,,1.5,43.0,11.766666666666666,26.6,0.0
2018-04-20,18.900000000000002,8.533333333333333,29.900000000000002,,1.0666666666666667,49.0,11.433333333333332,23.15,0.0
2018-04-21,19.433333333333334,10.200000000000001,29.866666666666664,,1.3666666666666665,46.9,11.833333333333334,22.47,2.5
2018-04-22,15.733333333333334,11.066666666666668,20.8,1.4666666666666668,1.8666666666666665,66.36666666666666,1.3333333333333333,6.12,9.3
2018-04-23,11.1,10.266666666666667,15.666666666666666,41.166666666666664,2.9,88.56666666666666,0.0,1.895,10.0
2018-04-24,11.666666666666666,9.0,14.299999999999999,3.4333333333333336,1.9666666666666668,80.73333333333333,0.0,6.67,9.25
2018-04-25,13.666666666666666,4.666666666666667,22.333333333333332,,1.2333333333333334,50.06666666666666,12.299999999999999,28.6,0.0
2018-04-26,15.1,6.7,23.866666666666664,,1.2666666666666666,54.56666666666666,10.433333333333332,24.11,4.2
2018-04-27,15.566666666666668,8.133333333333333,22.96666666666667,,1.4333333333333333,59.03333333333333,11.299999999999999,23.055,0.7
2018-04-28,15.833333333333334,8.933333333333334,24.0,,1.5333333333333332,56.03333333333333,11.766666666666666,23.375,0.0
2018-04-29,16.066666666666666,5.8999999999999995,25.833333333333332,,1.3666666666666665,50.199999999999996,11.733333333333334,21.939999999999998,3.0999999999999996
2018-04-30,19.433333333333334,11.9,26.933333333333334,,1.2333333333333334,63.300000000000004,9.366666666666667,19.57,6.15
2018-05-01,20.566666666666666,15.4,26.233333333333334,0.0,1.3,73.46666666666667,5.866666666666667,17.43,8.2
2018-05-02,16.833333333333332,10.933333333333332,21.833333333333332,11.666666666666666,1.866666666666667,83.53333333333333,1.0333333333333334,9.59,9.75
2018-05-03,12.1,8.166666666666666,17.333333333333332,0.2,3.033333333333333,60.199999999999996,9.566666666666668,23.395,3.75
2018-05-04,14.833333333333334,6.633333333333333,22.0,,2.766666666666667,42.9,12.4,29.645000000000003,0.2
2018-05-05,18.566666666666666,10.4,25.900000000000002,0.0,2.0,42.199999999999996,10.666666666666666,23.990000000000002,5.1
2018-05-06,15.633333333333335,14.299999999999999,18.733333333333334,19.233333333333334,0.9666666666666667,94.5,0.0,3.7199999999999998,10.0
2018-05-07,17.2,14.166666666666666,21.8,2.3333333333333335,1.1666666666666667,83.7,2.433333333333333,11.515,7.0
2018-05-08,16.099999999999998,12.266666666666666,20.833333333333332,,2.8666666666666667,65.56666666666666,5.7,21.305,5.9
2018-05-09,15.133333333333335,8.1,22.233333333333334,,1.7,60.03333333333333,11.866666666666667,29.009999999999998,0.4
2018-05-10,15.9,9.566666666666666,23.566666666666666,,1.6333333333333335,66.53333333333333,10.066666666666668,27.24,1.35
2018-05-11,16.96666666666667,10.166666666666666,24.133333333333336,,1.4333333333333333,58.699999999999996,8.466666666666667,26.365000000000002,8.45
2018-05-12,15.333333333333334,12.766666666666666,17.566666666666666,22.733333333333334,1.0333333333333334,90.39999999999999,0.0,2.555,10.0
2018-05-13,17.366666666666664,14.066666666666668,21.666666666666668,1.9333333333333333,1.5,81.96666666666665,6.333333333333333,18.78,5.699999999999999
2018-05-14,19.633333333333333,13.133333333333333,26.900000000000002,,1.2333333333333334,71.33333333333333,9.366666666666667,25.08,4.4
2018-05-15,22.833333333333332,14.566666666666668,29.900000000000002,0.0,0.8333333333333334,66.06666666666666,7.900000000000001,22.060000000000002,7.35
2018-05-16,24.666666666666668,21.5,26.900000000000002,0.3,1.8666666666666665,79.60000000000001,0.0,4.495,9.8
2018-05-17,25.933333333333334,23.8,30.766666666666666,0.85,1.5333333333333332,76.5,2.2666666666666666,12.934999999999999,9.45
2018-05-18,19.8,15.166666666666666,24.666666666666668,10.200000000000001,1.9000000000000001,90.60000000000001,0.13333333333333333,5.93,10.0
2018-05-19,16.933333333333334,12.333333333333334,21.5,0.0,3.033333333333333,60.666666666666664,10.566666666666666,30.064999999999998,3.5999999999999996
2018-05-20,16.766666666666666,10.4,22.566666666666666,,2.8000000000000003,46.166666666666664,7.366666666666667,21.085,4.1
2018-05-21,16.633333333333333,11.4,21.3,,2.6,66.4,8.333333333333334,26.270000000000003,4.449999999999999
2018-05-22,18.3,12.833333333333334,24.900000000000002,6.866666666666667,1.0666666666666667,76.0,5.766666666666667,18.14,7.55
2018-05-23,18.53333333333333,13.333333333333334,23.53333333333333,19.8,1.9333333333333333,62.833333333333336,11.733333333333334,30.7,2.65
2018-05-24,18.400000000000002,10.0,26.7,,1.6666666666666667,56.06666666666666,12.299999999999999,29.665,1.4500000000000002
2018-05-25,19.333333333333332,11.133333333333333,26.666666666666668,,1.0666666666666667,53.43333333333334,9.266666666666667,26.04,5.35
2018-05-26,21.233333333333334,12.0,30.7,,1.2,56.26666666666667,12.833333333333334,30.259999999999998,0.7
2018-05-27,20.566666666666666,15.966666666666667,26.3,,1.0333333333333334,62.699999999999996,1.7,15.11,8.2
2018-05-28,22.566666666666666,14.299999999999999,30.099999999999998,0.0,1.3666666666666665,61.5,11.233333333333334,28.86,4.7
2018-05-29,23.066666666666666,18.233333333333334,28.566666666666666,,1.2,69.10000000000001,7.2,21.439999999999998,7.8
2018-05-30,21.7,16.96666666666667,28.03333333333333,1.5,1.5333333333333332,70.89999999999999,6.366666666666667,20.275,6.25
2018-05-31,20.333333333333332,13.633333333333333,26.733333333333334,,1.4666666666666668,63.53333333333333,12.933333333333332,30.335,1.3
2018-06-01,23.066666666666666,15.533333333333333,30.8,,1.3333333333333333,56.76666666666667,13.233333333333334,30.240000000000002,0.0
2018-06-02,23.0,15.366666666666667,31.266666666666666,,1.3333333333333333,48.93333333333334,12.666666666666666,30.46,2.25
2018-06-03,22.933333333333337,14.700000000000001,31.03333333333333,,1.2,49.43333333333334,11.966666666666669,29.095,3.3
2018-06-04,22.866666666666664,16.96666666666667,29.266666666666666,0.0,1.3333333333333333,56.26666666666667,7.833333333333333,23.57,7.9
2018-06-05,23.066666666666663,18.766666666666666,28.233333333333334,0.3666666666666667,1.3,65.10000000000001,7.1000000000000005,21.345,7.55
2018-06-06,23.900000000000002,17.966666666666665,30.633333333333336,,1.2,65.63333333333333,11.166666666666666,28.605,1.8
2018-06-07,23.8,18.633333333333336,30.366666666666664,,1.2666666666666666,68.43333333333334,9.266666666666667,25.28,3.45
2018-06-08,21.766666666666666,18.3,26.900000000000002,,1.4333333333333333,72.13333333333334,6.133333333333333,19.98,5.3
2018-06-09,22.233333333333334,16.933333333333334,27.7,0.3,2.5666666666666664,65.5,8.766666666666667,25.68,5.0
2018-06-10,20.833333333333332,18.333333333333332,24.7,0.03333333333333333,3.033333333333333,63.06666666666666,6.033333333333332,22.924999999999997,8.600000000000001
2018-06-11,19.866666666666667,17.766666666666666,22.933333333333334,0.0,2.1333333333333333,67.56666666666666,1.4666666666666668,13.219999999999999,9.3
2018-06-12,21.266666666666666,17.566666666666666,26.599999999999998,0.05,1.3333333333333333,69.96666666666665,5.233333333333333,17.92,5.7
2018-06-13,22.266666666666666,16.433333333333334,27.96666666666667,,1.7,66.60000000000001,6.7,21.6,4.9
2018-06-14,21.833333333333332,18.666666666666668,27.2,0.35,3.0,63.4,6.8,20.740000000000002,7.5
2018-06-15,20.96666666666667,17.0,26.03333333333333,,3.1,55.833333333333336,12.366666666666667,29.92,2.95
2018-06-16,21.2,15.100000000000001,27.599999999999998,,2.3666666666666667,57.46666666666667,13.299999999999999,31.560000000000002,0.7
2018-06-17,22.599999999999998,16.099999999999998,29.0,,1.1666666666666667,66.66666666666667,6.2,20.785,7.05
2018-06-18,25.3,19.466666666666665,32.1,,1.1666666666666667,59.800000000000004,9.799999999999999,25.35,5.1
2018-06-19,20.933333333333334,18.7,24.7,1.3,1.0,80.63333333333333,0.09999999999999999,7.56,9.25
2018-06-20,22.766666666666666,18.366666666666667,29.099999999999998,0.05,1.4333333333333333,69.73333333333333,8.766666666666667,23.064999999999998,6.65
2018-06-21,23.233333333333334,17.866666666666667,30.0,,1.6666666666666667,56.76666666666667,10.366666666666667,28.064999999999998,4.0
2018-06-22,24.53333333333333,16.133333333333333,32.43333333333333,,1.2333333333333334,51.199999999999996,9.266666666666666,27.025,6.55
2018-06-23,24.233333333333334,19.400000000000002,30.933333333333334,,1.6666666666666667,54.36666666666667,8.4,24.88,4.75
2018-06-24,25.8,18.766666666666666,33.56666666666666,,1.5,59.9,10.666666666666666,27.560000000000002,2.0
2018-06-25,26.133333333333336,18.7,33.06666666666666,,0.9333333333333335,56.333333333333336,6.5,19.939999999999998,6.35
2018-06-26,23.333333333333332,20.633333333333333,26.233333333333334,45.333333333333336,1.4666666666666668,85.33333333333333,0.0,1.935,10.0
2018-06-27,25.400000000000002,22.266666666666666,30.46666666666667,25.399999999999995,1.8666666666666665,78.63333333333333,7.566666666666666,24.025,7.2
2018-06-28,24.266666666666666,22.53333333333333,26.633333333333336,0.15,1.5,83.26666666666667,0.03333333333333333,6.93,9.9
2018-06-29,25.5,20.666666666666668,31.2,4.8,1.4000000000000001,74.96666666666665,9.033333333333333,24.555,6.2
2018-06-30,24.7,22.333333333333332,28.566666666666666,8.466666666666667,1.5333333333333332,81.53333333333333,1.0666666666666667,10.225,9.350000000000001
2018-07-01,21.7,20.133333333333336,25.133333333333336,108.39999999999999,1.4333333333333333,92.3,0.0,5.345,9.9
2018-07-02,22.433333333333334,20.53333333333333,25.2,51.333333333333336,1.0999999999999999,93.56666666666666,0.6333333333333333,6.765000000000001,9.850000000000001
2018-07-03,25.566666666666666,22.099999999999998,29.7,0.06666666666666667,1.9666666666666668,78.63333333333334,3.466666666666667,16.59,7.4
2018-07-04,25.76666666666667,22.96666666666667,31.333333333333332,12.9,1.3333333333333333,81.5,6.833333333333333,18.98,6.9
2018-07-05,25.366666666666664,22.833333333333332,30.433333333333334,26.266666666666666,1.4666666666666668,81.76666666666667,4.866666666666667,16.095,8.850000000000001
2018-07-06,22.5,20.366666666666667,24.733333333333334,2.8666666666666667,2.1999999999999997,78.63333333333333,0.6,10.145,8.7
2018-07-07,22.53333333333333,17.966666666666665,27.7,,2.6333333333333333,66.39999999999999,10.633333333333333,28.939999999999998,4.3
2018-07-08,21.7,17.0,25.900000000000002,,2.6999999999999997,67.83333333333333,7.333333333333333,24.16,7.2
2018-07-09,20.233333333333334,18.933333333333334,21.5,29.900000000000002,1.8,87.03333333333335,0.0,3.62,9.9
2018-07-10,25.5,20.5,30.53333333333333,0.0,1.5666666666666667,78.2,4.566666666666666,17.585,7.949999999999999
2018-07-11,27.866666666666664,24.066666666666666,32.666666666666664,0.1,0.9333333333333332,78.43333333333334,3.9333333333333336,19.060000000000002,7.6000000000000005
2018-07-12,28.46666666666667,24.900000000000002,32.86666666666667,,1.2,75.7,8.6,23.055,7.0
2018-07-13,28.433333333333334,25.2,33.06666666666667,,1.1333333333333333,73.16666666666667,8.333333333333334,20.325000000000003,5.45
2018-07-14,28.46666666666667,24.633333333333336,33.53333333333333,,1.2666666666666666,71.56666666666666,10.033333333333333,25.28,4.65
2018-07-15,28.96666666666667,24.233333333333334,34.26666666666667,,1.0999999999999999,69.89999999999999,12.9,28.4,2.4
2018-07-16,29.03333333333333,24.066666666666666,34.46666666666667,,1.1666666666666667,69.56666666666666,11.566666666666668,25.875,3.2
2018-07-17,28.400000000000002,24.633333333333336,33.73333333333333,,1.4000000000000001,69.23333333333333,10.733333333333334,25.14,1.9500000000000002
2018-07-18,28.566666666666666,23.96666666666667,33.699999999999996,,1.0999999999999999,71.43333333333334,10.166666666666666,22.73,2.85
2018-07-19,28.8,24.03333333333333,34.666666666666664,,1.2333333333333334,68.03333333333333,11.933333333333332,27.625,1.35
2018-07-20,29.366666666666664,23.2,35.43333333333333,,0.9666666666666667,68.96666666666667,12.133333333333333,26.095,0.6000000000000001
2018-07-21,30.46666666666667,24.733333333333334,36.666666666666664,,1.0333333333333334,64.76666666666667,11.766666666666666,27.0,0.55
2018-07-22,30.53333333333333,24.8,36.93333333333333,,1.0666666666666667,66.43333333333334,9.366666666666667,20.939999999999998,5.35
2018-07-23,30.233333333333334,25.933333333333334,35.4,,1.0999999999999999,66.63333333333334,10.700000000000001,23.195,5.3
2018-07-24,30.833333333333332,25.266666666666666,36.9,,1.1666666666666667,67.93333333333334,10.966666666666667,24.345,3.4
2018-07-25,30.46666666666667,27.3,34.733333333333334,,1.5666666666666667,69.06666666666666,9.9,21.7,5.4
2018-07-26,30.233333333333334,25.566666666666666,35.266666666666666,,1.2,69.56666666666666,10.966666666666669,23.869999999999997,2.7
2018-07-27,30.833333333333332,25.766666666666666,36.86666666666667,,1.2666666666666666,69.33333333333333,10.566666666666666,25.935,1.85
2018-07-28,28.53333333333333,25.3,36.03333333333333,31.400000000000002,1.0,81.2,6.033333333333334,19.09,4.65
2018-07-29,29.7,24.933333333333334,35.43333333333333,,1.9000000000000001,66.8,11.666666666666666,24.695,2.55
2018-07-30,29.666666666666668,24.8,35.166666666666664,0.0,1.9333333333333333,64.46666666666665,9.200000000000001,23.595,4.2
2018-07-31,30.5,24.133333333333336,36.76666666666667,,1.5666666666666667,61.76666666666667,12.666666666666666,27.305,1.45
2018-08-01,31.633333333333336,24.96666666666667,38.0,,1.3666666666666665,60.26666666666666,12.9,28.17,0.4666666666666666
2018-08-02,31.933333333333334,25.96666666666667,37.6,,1.5999999999999999,57.5,12.5,26.66,1.5333333333333332
2018-08-03,31.8,26.633333333333336,37.63333333333333,0.0,1.3666666666666665,60.56666666666666,10.433333333333334,24.785,3.0666666666666664
2018-08-04,30.333333333333332,26.866666666666664,35.13333333333333,,1.4333333333333333,68.43333333333334,7.333333333333333,19.845,4.233333333333333
2018-08-05,29.76666666666667,26.03333333333333,34.733333333333334,0.0,1.6333333333333335,71.26666666666667,8.0,21.91,5.666666666666667
2018-08-06,29.866666666666664,26.066666666666666,35.0,0.0,1.3333333333333333,73.10000000000001,5.933333333333334,18.385,6.666666666666667
2018-08-07,30.633333333333336,26.7,35.9,,1.7,67.8,8.266666666666666,20.435000000000002,4.7
2018-08-08,30.53333333333333,26.766666666666666,35.93333333333334,,1.4333333333333333,65.8,9.700000000000001,23.025,4.8999999999999995
2018-08-09,29.5,25.566666666666666,35.199999999999996,0.16666666666666666,1.0999999999999999,73.03333333333335,6.3999999999999995,19.155,5.666666666666667
2018-08-10,29.933333333333334,26.633333333333336,35.166666666666664,0.25,1.8,71.56666666666666,7.266666666666667,21.69,6.3
2018-08-11,29.099999999999998,25.933333333333334,33.300000000000004,,2.6,66.5,5.866666666666667,19.665,5.833333333333333
2018-08-12,29.366666666666664,24.8,34.3,0.05,2.0,68.76666666666667,8.566666666666668,21.86,5.7
2018-08-13,30.833333333333332,25.433333333333334,37.699999999999996,0.75,1.2,68.93333333333334,9.700000000000001,21.520000000000003,5.400000000000001
2018-08-14,31.53333333333333,26.266666666666666,37.63333333333333,0.0,1.2,63.833333333333336,11.133333333333333,22.735,6.233333333333333
2018-08-15,32.06666666666667,25.866666666666664,38.9,,1.8,55.96666666666667,11.666666666666666,25.735,4.866666666666667
2018-08-16,28.900000000000002,24.833333333333332,35.5,,2.8333333333333335,61.26666666666666,7.8999999999999995,20.955,7.033333333333334
2018-08-17,26.066666666666666,21.8,31.433333333333337,,3.466666666666667,51.699999999999996,11.733333333333334,26.535,2.2333333333333334
2018-08-18,25.366666666666664,18.733333333333334,31.566666666666666,,1.9333333333333333,54.73333333333333,11.700000000000001,26.85,2.9333333333333336
2018-08-19,26.866666666666664,20.2,33.800000000000004,,1.2,57.9,10.633333333333333,24.705,5.8999999999999995
2018-08-20,28.166666666666668,22.333333333333332,34.699999999999996,,1.8333333333333333,60.03333333333333,8.0,19.855,5.866666666666667
2018-08-21,27.066666666666666,24.366666666666664,31.099999999999998,0.0,1.8,68.16666666666667,2.1,10.17,6.733333333333333
2018-08-22,30.099999999999998,22.566666666666666,37.86666666666667,,2.5666666666666664,61.76666666666667,9.666666666666666,24.46,5.266666666666667
2018-08-23,28.900000000000002,25.900000000000002,32.9,2.0,3.4333333333333336,67.13333333333333,1.1666666666666667,8.565000000000001,9.733333333333334
2018-08-24,24.96666666666667,23.133333333333336,26.96666666666667,18.96666666666667,2.3333333333333335,86.10000000000001,0.43333333333333335,5.98,8.633333333333333
2018-08-25,24.666666666666668,22.53333333333333,28.066666666666666,0.0,1.3,76.16666666666667,1.1666666666666667,10.780000000000001,9.0
2018-08-26,20.933333333333334,19.533333333333335,23.96666666666667,52.76666666666667,1.2333333333333334,88.66666666666667,0.16666666666666666,6.58,9.733333333333334
2018-08-27,23.099999999999998,19.866666666666664,25.96666666666667,68.43333333333334,1.0666666666666667,94.16666666666667,0.19999999999999998,3.785,9.766666666666667
2018-08-28,25.833333333333332,23.7,29.53333333333333,73.23333333333333,1.0999999999999999,89.33333333333333,1.1,8.73,8.533333333333333
2018-08-29,27.400000000000002,23.8,32.36666666666667,0.5,1.4000000000000001,76.93333333333334,6.633333333333333,20.11,7.8
2018-08-30,25.833333333333332,23.833333333333332,29.733333333333334,73.86666666666666,1.4000000000000001,88.53333333333335,2.8333333333333335,12.594999999999999,8.8
2018-08-31,22.233333333333334,19.033333333333335,26.400000000000002,57.199999999999996,1.1333333333333335,88.39999999999999,4.0,10.989999999999998,7.833333333333333
2018-09-01,24.133333333333336,19.633333333333336,29.53333333333333,,2.1333333333333333,71.83333333333333,10.666666666666666,21.325,3.8000000000000003
2018-09-02,23.333333333333332,18.233333333333334,27.833333333333332,0.0,2.2666666666666666,71.2,6.933333333333333,18.425,5.8999999999999995
2018-09-03,24.133333333333336,21.733333333333334,29.400000000000002,101.8,1.6666666666666667,84.43333333333332,2.3333333333333335,11.3,9.366666666666667
2018-09-04,23.633333333333336,20.333333333333332,28.066666666666666,17.2,1.9000000000000001,75.66666666666667,9.0,21.52,4.233333333333333
2018-09-05,23.133333333333336,18.166666666666668,28.96666666666667,,1.5999999999999999,66.43333333333334,11.133333333333333,22.69,2.6333333333333333
2018-09-06,22.833333333333332,18.833333333333332,27.266666666666666,0.5,1.4000000000000001,75.89999999999999,2.3666666666666667,11.805,8.133333333333333
2018-09-07,21.333333333333332,17.133333333333333,25.96666666666667,3.3000000000000003,1.5333333333333332,74.56666666666666,4.533333333333333,14.02,8.299999999999999
2018-09-08,20.033333333333335,13.633333333333333,26.96666666666667,,1.2,67.16666666666667,11.166666666666666,24.674999999999997,1.1333333333333333
2018-09-09,21.03333333333333,14.4,27.96666666666667,,1.0,66.5,11.633333333333333,23.095,0.6333333333333334
2018-09-10,21.266666666666666,16.1,26.833333333333332,,1.8333333333333333,62.23333333333333,10.066666666666666,19.525,1.8666666666666665
2018-09-11,19.833333333333332,14.1,24.733333333333334,,2.1333333333333333,62.56666666666666,6.633333333333333,18.369999999999997,5.666666666666667
2018-09-12,21.53333333333333,14.466666666666667,27.433333333333334,,1.6666666666666667,68.60000000000001,10.033333333333333,22.545,4.866666666666666
2018-09-13,21.066666666666666,19.066666666666666,24.266666666666666,0.05,1.4666666666666668,79.0,0.7999999999999999,6.73,9.033333333333333
2018-09-14,21.366666666666664,18.933333333333334,23.566666666666666,4.766666666666667,1.3333333333333333,86.46666666666665,0.0,6.425000000000001,9.1
2018-09-15,21.833333333333332,20.166666666666668,23.666666666666668,0.8333333333333334,1.1333333333333335,87.96666666666665,0.0,5.725,9.466666666666667
2018-09-16,22.233333333333334,20.166666666666668,25.0,0.25,0.7333333333333334,84.03333333333335,0.2333333333333333,7.09,9.6
2018-09-17,22.166666666666668,18.166666666666668,27.53333333333333,0.05,0.9666666666666667,71.53333333333333,9.533333333333333,21.04,5.2
2018-09-18,20.933333333333334,15.566666666666668,27.633333333333336,,1.0333333333333332,66.76666666666667,10.166666666666666,21.35,4.533333333333333
2018-09-19,20.599999999999998,15.833333333333334,24.633333333333336,0.0,0.6333333333333333,73.03333333333333,0.16666666666666666,9.15,9.433333333333334
2018-09-20,20.166666666666668,18.066666666666666,21.8,0.6666666666666666,1.7666666666666666,82.13333333333334,0.0,4.275,9.6
2018-09-21,19.233333333333334,18.066666666666666,21.0,33.166666666666664,1.1666666666666667,90.46666666666665,0.0,4.625,9.066666666666666
2018-09-22,20.466666666666665,15.433333333333332,26.066666666666666,,1.2333333333333334,73.8,9.166666666666666,19.75,4.133333333333333
2018-09-23,18.400000000000002,13.533333333333333,25.866666666666664,0.35,1.1666666666666667,71.60000000000001,8.066666666666666,17.035,6.066666666666666
2018-09-24,16.3,11.933333333333332,22.566666666666666,,1.1333333333333333,68.26666666666667,8.6,18.575,4.766666666666667
2018-09-25,16.5,8.966666666666667,23.933333333333334,,1.4000000000000001,66.7,10.566666666666666,21.950000000000003,2.6666666666666665
2018-09-26,17.766666666666666,13.433333333333332,23.366666666666664,,1.8333333333333333,66.23333333333333,5.5,15.475,5.033333333333333
2018-09-27,17.400000000000002,10.833333333333334,24.633333333333336,,1.4000000000000001,66.16666666666667,10.266666666666667,20.744999999999997,1.7666666666666666
2018-09-28,16.7,11.533333333333333,20.933333333333334,0.0,1.3,73.96666666666665,2.3666666666666667,8.89,6.633333333333333
2018-09-29,19.3,12.633333333333333,25.900000000000002,,1.5,69.93333333333334,10.5,21.23,4.3999999999999995
2018-09-30,18.0,13.700000000000001,24.733333333333334,,1.9333333333333333,63.0,10.700000000000001,19.585,1.5999999999999999
2018-10-01,14.733333333333334,11.0,19.166666666666668,3.0,1.7666666666666666,73.39999999999999,4.733333333333333,12.955,6.833333333333333
2018-10-02,15.0,9.433333333333334,21.633333333333336,,1.0333333333333334,72.73333333333333,10.0,18.535,1.0
2018-10-03,15.1,8.766666666666666,23.2,,0.8666666666666667,73.13333333333334,9.866666666666667,20.31,1.4666666666666668
2018-10-04,18.766666666666666,10.933333333333332,25.666666666666668,,1.9666666666666668,65.8,9.433333333333332,19.09,6.066666666666666
2018-10-05,17.333333333333332,15.6,19.599999999999998,55.4,1.5666666666666667,92.86666666666667,0.0,2.8200000000000003,10.0
2018-10-06,17.966666666666665,16.166666666666668,21.266666666666666,30.166666666666668,2.8333333333333335,87.8,1.0666666666666667,5.495,8.266666666666667
2018-10-07,16.966666666666665,11.700000000000001,23.2,,1.1333333333333333,73.73333333333333,9.299999999999999,17.814999999999998,2.2333333333333334
2018-10-08,13.200000000000001,8.0,20.466666666666665,,0.8666666666666667,68.16666666666667,8.6,17.1,3.533333333333333
2018-10-09,14.266666666666666,8.766666666666666,19.866666666666667,,1.2,72.5,1.3,9.475,9.233333333333334
2018-10-10,13.366666666666667,8.0,17.2,0.2333333333333333,2.1999999999999997,63.333333333333336,7.3,15.915,6.166666666666667
2018-10-11,10.1,4.533333333333333,15.5,,1.5999999999999999,63.46666666666666,8.833333333333334,16.78,3.5
2018-10-12,10.0,4.0,17.400000000000002,,0.8333333333333334,67.03333333333333,10.466666666666667,18.990000000000002,0.0
2018-10-13,11.166666666666666,3.6666666666666665,19.866666666666667,,0.8333333333333334,71.86666666666667,10.1,18.424999999999997,1.5333333333333332
2018-10-14,12.433333333333332,6.066666666666666,19.966666666666665,,0.8333333333333334,71.10000000000001,9.0,16.965,5.466666666666666
2018-10-15,13.5,7.3,20.900000000000002,,0.7333333333333334,76.63333333333334,8.166666666666666,14.225,3.9666666666666663
2018-10-16,12.700000000000001,9.433333333333334,17.966666666666665,,0.7333333333333334,82.39999999999999,1.7,8.1,7.3999999999999995
2018-10-17,11.666666666666666,6.8,19.333333333333332,,0.9666666666666667,71.10000000000001,8.166666666666666,16.625,1.3666666666666665
2018-10-18,10.5,4.0,17.7,0.43333333333333335,1.4000000000000001,76.3,7.933333333333333,15.765,3.5666666666666664
2018-10-19,11.566666666666668,6.466666666666666,18.433333333333334,,1.2,71.73333333333333,10.0,17.869999999999997,0.5
2018-10-20,11.333333333333334,4.533333333333333,21.033333333333335,,0.7333333333333334,69.96666666666665,9.466666666666667,17.22,2.3333333333333335
2018-10-21,11.233333333333334,4.033333333333333,21.099999999999998,,0.7000000000000001,66.13333333333334,9.766666666666666,16.915,1.1666666666666667
2018-10-22,12.700000000000001,6.533333333333332,20.433333333333334,,0.6333333333333334,68.86666666666666,5.533333333333334,11.82,7.333333333333333
2018-10-23,11.4,6.933333333333334,18.833333333333332,1.0999999999999999,0.8666666666666667,85.0,3.5999999999999996,9.379999999999999,4.566666666666666
2018-10-24,11.4,6.2,18.96666666666667,,0.8333333333333334,76.66666666666667,8.566666666666666,15.850000000000001,2.1
2018-10-25,11.800000000000002,5.133333333333334,21.433333333333334,,0.7666666666666666,71.16666666666667,8.066666666666666,15.36,4.433333333333334
2018-10-26,11.033333333333333,8.866666666666667,12.733333333333334,15.533333333333331,0.9333333333333332,85.93333333333334,0.0,1.45,8.533333333333333
2018-10-27,9.466666666666667,5.533333333333332,13.5,0.5666666666666667,2.2333333333333334,65.83333333333333,6.5,11.115,5.533333333333334
2018-10-28,9.1,4.533333333333333,15.533333333333333,11.633333333333333,1.5333333333333332,80.46666666666667,4.433333333333333,7.1,4.133333333333334
2018-10-29,8.766666666666666,5.2,13.666666666666666,0.1,1.3666666666666665,77.06666666666666,3.8333333333333335,8.41,5.3999999999999995
2018-10-30,6.2,0.7666666666666666,12.233333333333334,,1.3666666666666665,65.5,9.766666666666667,15.925,0.8000000000000002
2018-10-31,7.3999999999999995,2.733333333333333,13.766666666666666,0.0,1.2333333333333334,67.26666666666667,8.9,15.46,1.9333333333333333
2018-11-01,6.8,0.16666666666666666,15.799999999999999,,0.8666666666666667,68.73333333333333,9.666666666666666,15.315000000000001,0.0
2018-11-02,8.4,0.7999999999999998,18.633333333333336,,0.7333333333333334,66.23333333333333,9.566666666666666,15.26,0.0
2018-11-03,9.200000000000001,1.8,19.46666666666667,,0.7000000000000001,66.73333333333333,9.4,14.51,0.7333333333333334
2018-11-04,9.5,2.233333333333333,19.3,,0.7999999999999999,66.16666666666667,9.299999999999999,14.24,2.5
2018-11-05,9.6,2.6,18.233333333333334,,0.6333333333333334,70.16666666666667,8.6,12.03,4.166666666666667
2018-11-06,11.066666666666668,4.2,19.766666666666666,,0.6,72.46666666666667,6.566666666666666,10.93,4.566666666666666
2018-11-07,12.200000000000001,9.966666666666667,13.933333333333332,1.0,0.4666666666666666,89.63333333333333,0.0,2.52,9.466666666666667
2018-11-08,13.966666666666667,12.066666666666668,16.099999999999998,38.4,1.7666666666666668,91.90000000000002,0.0,0.96,9.533333333333333
2018-11-09,11.566666666666668,7.3,15.700000000000001,0.7666666666666666,1.8,76.53333333333333,2.8666666666666667,6.3100000000000005,6.0
2018-11-10,10.633333333333333,6.066666666666666,18.133333333333333,,0.8666666666666667,81.60000000000001,5.5,10.695,4.233333333333333
2018-11-11,8.799999999999999,4.566666666666666,11.933333333333332,0.03333333333333333,0.6666666666666666,84.89999999999999,0.13333333333333333,3.92,8.033333333333333
2018-11-12,8.433333333333334,3.733333333333333,14.866666666666667,,1.0333333333333334,65.23333333333333,9.066666666666668,13.434999999999999,1.0999999999999999
2018-11-13,7.8,2.066666666666667,15.933333333333332,,0.7999999999999999,73.06666666666666,6.266666666666667,11.14,3.733333333333333
2018-11-14,8.366666666666667,2.5333333333333337,16.533333333333335,,0.6666666666666666,73.39999999999999,8.766666666666667,12.89,1.5333333333333332
2018-11-15,8.233333333333333,2.0666666666666664,16.599999999999998,,0.6,72.83333333333333,8.4,10.955,3.6999999999999997
2018-11-16,9.033333333333333,4.6000000000000005,14.833333333333334,,0.7999999999999999,72.8,2.1,6.965,7.6000000000000005
2018-11-17,6.233333333333333,1.3,13.299999999999999,,1.0666666666666667,61.03333333333333,8.133333333333333,12.4,4.466666666666667
2018-11-18,4.933333333333334,-0.2333333333333334,11.166666666666666,,0.6666666666666666,67.26666666666667,2.6999999999999997,6.925000000000001,7.2
2018-11-19,7.666666666666667,1.6333333333333335,13.933333333333332,,0.9,62.633333333333326,7.333333333333333,10.93,4.033333333333333
2018-11-20,5.366666666666667,-0.6,13.733333333333334,,0.8000000000000002,50.06666666666666,8.733333333333333,12.3,0.2333333333333333
2018-11-21,3.8000000000000003,0.4666666666666668,9.166666666666666,0.5,1.3666666666666665,73.7,0.3666666666666667,3.4450000000000003,9.4
2018-11-22,3.0999999999999996,-1.7333333333333334,8.5,,1.5,58.73333333333333,8.533333333333333,12.6,0.9
2018-11-23,1.5,-3.3666666666666667,7.833333333333333,,0.9333333333333335,49.43333333333334,7.866666666666667,11.795,2.1333333333333333
2018-11-24,2.9333333333333336,-1.4333333333333333,5.7,8.6,0.8333333333333334,82.36666666666667,0.2333333333333333,2.98,8.5
2018-11-25,5.933333333333334,2.3333333333333335,11.833333333333334,,0.7999999999999999,81.36666666666666,3.233333333333333,8.23,6.1000000000000005
2018-11-26,4.8999999999999995,-0.5666666666666668,14.133333333333333,,0.7000000000000001,79.76666666666667,6.2,10.530000000000001,1.0
2018-11-27,7.1000000000000005,-0.7333333333333334,14.1,,0.7666666666666666,78.96666666666665,5.6000000000000005,8.87,4.6
2018-11-28,4.866666666666666,0.5333333333333333,10.633333333333333,,1.0333333333333334,42.5,3.8333333333333335,7.29,4.6
2018-11-29,4.3,-1.8666666666666665,9.799999999999999,,0.7666666666666666,52.93333333333334,3.9333333333333336,6.234999999999999,4.033333333333334
2018-11-30,4.566666666666667,-0.3333333333333333,10.933333333333332,,0.9,57.833333333333336,8.4,11.135,0.9666666666666668
2018-12-01,4.233333333333333,-0.4666666666666666,11.466666666666667,,0.7666666666666666,67.23333333333333,5.233333333333333,8.3,7.066666666666666
2018-12-02,7.2,-0.2666666666666666,14.833333333333334,0.0,0.8000000000000002,71.60000000000001,5.833333333333333,8.225,6.066666666666666
2018-12-03,11.566666666666668,7.766666666666667,14.066666666666668,12.366666666666667,0.5666666666666667,92.96666666666665,0.0,1.955,9.4
2018-12-04,9.066666666666666,2.966666666666667,13.966666666666667,16.133333333333336,1.9000000000000001,81.96666666666667,0.7666666666666666,3.82,8.133333333333333
2018-12-05,1.4000000000000001,-2.5,5.0,,1.3666666666666665,58.93333333333334,4.566666666666666,8.32,6.266666666666667
2018-12-06,2.3666666666666667,0.16666666666666666,5.3,1.2,1.3666666666666665,75.76666666666667,1.9666666666666666,5.465,8.9
2018-12-07,-4.433333333333334,-7.533333333333332,2.033333333333333,0.0,3.466666666666667,52.166666666666664,8.066666666666666,10.114999999999998,4.533333333333333
2018-12-08,-6.8,-10.133333333333333,-2.6,,1.6333333333333335,54.76666666666667,7.566666666666666,9.655000000000001,1.9333333333333333
2018-12-09,-6.133333333333333,-11.266666666666666,-0.9,,1.2333333333333334,44.53333333333333,8.299999999999999,11.855,1.5999999999999999
2018-12-10,-3.3333333333333335,-9.666666666666666,4.3,,0.9333333333333332,46.699999999999996,8.299999999999999,11.315,2.033333333333333
2018-12-11,-1.1666666666666667,-3.766666666666667,0.43333333333333335,2.6999999999999997,0.7000000000000001,77.36666666666666,0.0,1.795,9.366666666666667
2018-12-12,-2.233333333333333,-5.7,3.0666666666666664,,1.1666666666666667,62.23333333333333,8.266666666666666,10.280000000000001,0.6
2018-12-13,-1.8666666666666665,-7.233333333333333,4.633333333333334,0.19999999999999998,1.6666666666666667,71.7,3.533333333333333,6.8100000000000005,4.5
2018-12-14,-3.8333333333333335,-8.366666666666667,1.8333333333333333,,1.0999999999999999,59.76666666666667,8.4,11.145,0.3
2018-12-15,-3.4,-9.966666666666667,4.133333333333333,,0.7000000000000001,60.86666666666667,7.5,11.010000000000002,3.1
2018-12-16,-0.2333333333333334,-4.633333333333334,5.1000000000000005,0.0,0.6666666666666666,70.66666666666667,2.4,6.15,7.633333333333333
2018-12-17,2.8000000000000003,-0.8333333333333334,7.133333333333333,0.19999999999999998,1.5999999999999999,67.0,7.1000000000000005,9.96,3.6333333333333333
2018-12-18,1.7,-3.5666666666666664,8.3,,0.9666666666666667,73.36666666666666,6.1000000000000005,8.899999999999999,2.966666666666667
2018-12-19,5.033333333333333,-0.23333333333333325,11.866666666666667,0.9,0.8999999999999999,67.76666666666667,7.2,9.024999999999999,5.566666666666666
2018-12-20,3.233333333333333,-1.0,10.133333333333333,,0.6333333333333334,64.3,3.8333333333333335,6.945,5.0
2018-12-21,3.6999999999999997,-3.466666666666667,10.1,,0.5666666666666667,66.7,4.333333333333333,6.76,3.733333333333333
2018-12-22,6.133333333333333,0.30000000000000004,13.233333333333334,,0.7000000000000001,65.4,7.7,9.42,4.733333333333333
2018-12-23,4.866666666666667,-1.0,9.833333333333334,0.0,2.1333333333333333,50.36666666666667,8.033333333333333,10.58,2.6666666666666665
2018-12-24,-1.6666666666666667,-5.900000000000001,3.966666666666667,,1.0666666666666667,52.199999999999996,8.133333333333333,11.055,0.8333333333333334
2018-12-25,-1.2666666666666666,-7.033333333333334,4.033333333333334,,0.5666666666666667,67.13333333333334,1.8333333333333333,5.38,6.833333333333333
2018-12-26,1.0999999999999999,-2.1666666666666665,5.466666666666666,0.0,1.8666666666666665,49.4,7.3,9.61,6.3
2018-12-27,-6.7,-8.766666666666667,-2.1666666666666665,,3.1333333333333333,38.699999999999996,8.4,11.415,2.0666666666666664
2018-12-28,-9.200000000000001,-12.4,-4.666666666666667,0.0,1.8999999999999997,55.86666666666667,7.566666666666666,10.635,2.1666666666666665
2018-12-29,-6.6000000000000005,-11.799999999999999,-1.7333333333333334,0.0,1.9333333333333333,50.03333333333333,8.366666666666665,11.315,2.1999999999999997
2018-12-30,-6.2,-11.733333333333334,-0.19999999999999998,0.0,0.9333333333333335,49.13333333333333,8.333333333333334,11.585,2.3000000000000003
2018-12-31,-5.5,-12.266666666666666,2.4,,0.9666666666666668,54.1,8.366666666666667,11.3,1.4000000000000001
2019-01-01,-2.866666666666667,-6.599999999999999,0.3666666666666667,0.03333333333333333,1.5333333333333332,65.76666666666667,2.566666666666667,5.585,6.233333333333333
2019-01-02,-4.033333333333333,-9.066666666666666,2.066666666666667,,1.2333333333333334,59.166666666666664,8.233333333333333,11.175,0.6333333333333334
2019-01-03,-3.7000000000000006,-9.9,4.0,,0.7000000000000001,53.1,8.366666666666667,11.495000000000001,0.0
2019-01-04,-2.2666666666666666,-9.200000000000001,4.133333333333334,,0.7333333333333334,59.166666666666664,4.433333333333334,6.484999999999999,4.833333333333333
2019-01-05,-1.2666666666666666,-6.033333333333334,3.8000000000000003,,1.3333333333333333,50.5,7.966666666666666,10.31,3.266666666666667
2019-01-06,-3.033333333333333,-8.233333333333333,4.6000000000000005,,0.9,52.86666666666667,7.533333333333334,10.66,3.1333333333333333
2019-01-07,-2.033333333333333,-8.4,4.533333333333333,,1.0666666666666667,65.46666666666667,7.566666666666666,9.89,3.4333333333333336
2019-01-08,-2.2666666666666666,-6.2,3.0,,2.033333333333333,53.333333333333336,8.299999999999999,10.765,2.6
2019-01-09,-4.366666666666666,-10.1,2.1999999999999997,,0.9,43.699999999999996,6.633333333333333,9.645,4.866666666666666
2019-01-10,-1.4666666666666668,-4.533333333333333,1.8666666666666665,,0.9666666666666667,58.166666666666664,0.09999999999999999,3.925,7.3
2019-01-11,2.1999999999999997,-3.6999999999999997,8.033333333333333,,0.8666666666666667,62.4,5.1000000000000005,8.95,6.8999999999999995
2019-01-12,3.6999999999999997,0.4000000000000001,8.766666666666667,0.2333333333333333,0.9333333333333332,66.60000000000001,4.3,8.085,6.166666666666667
2019-01-13,0.8666666666666667,-4.466666666666667,8.266666666666667,,0.7000000000000001,66.26666666666667,8.266666666666667,10.595,0.3333333333333333
2019-01-14,0.3666666666666667,-3.8666666666666667,5.7,,0.7333333333333334,74.3,3.266666666666667,7.775,7.466666666666666
2019-01-15,-0.5666666666666668,-5.433333333333334,4.633333333333333,0.3,2.0666666666666664,70.33333333333333,2.733333333333333,5.17,6.466666666666666
2019-01-16,-4.533333333333333,-9.333333333333334,0.3666666666666667,,1.4333333333333333,54.56666666666666,7.666666666666667,11.850000000000001,3.9
2019-01-17,-0.13333333333333333,-3.766666666666667,4.533333333333333,0.0,1.5,62.63333333333333,3.033333333333333,5.42,4.566666666666666
2019-01-18,-0.3333333333333333,-6.566666666666666,7.166666666666667,,0.8333333333333334,66.53333333333333,8.0,10.725000000000001,2.5
2019-01-19,1.9000000000000001,-3.9,8.066666666666666,,0.5,62.26666666666666,4.3999999999999995,8.135,7.433333333333334
2019-01-20,0.5666666666666667,-3.5666666666666664,3.766666666666667,0.0,2.6333333333333333,49.36666666666667,8.566666666666668,12.66,1.7
2019-01-21,-0.3333333333333333,-7.766666666666667,6.266666666666667,,1.5999999999999999,57.6,6.766666666666667,10.27,2.533333333333333
2019-01-22,2.466666666666667,-2.5,8.766666666666667,,1.2,63.1,7.766666666666666,10.835,2.4666666666666663
2019-01-23,1.8,-3.233333333333333,8.833333333333334,,1.5999999999999999,56.699999999999996,8.200000000000001,11.13,0.7999999999999999
2019-01-24,-0.20000000000000004,-6.599999999999999,7.6000000000000005,,1.0666666666666667,42.03333333333333,8.966666666666667,13.185,0.0
2019-01-25,-1.5999999999999999,-6.2,5.033333333333334,,1.8333333333333333,45.53333333333333,8.366666666666667,11.415,1.1666666666666667
2019-01-26,-3.1333333333333333,-7.7,3.1,,1.7333333333333334,42.300000000000004,9.133333333333333,13.61,0.0
2019-01-27,-1.5666666666666667,-9.933333333333334,6.466666666666666,,1.0,58.9,9.066666666666668,13.5,2.2333333333333334
2019-01-28,1.5666666666666667,-3.3333333333333335,5.733333333333333,0.3333333333333333,2.1666666666666665,57.833333333333336,7.833333333333333,12.055,2.8333333333333335
2019-01-29,-0.7666666666666666,-8.1,8.1,,0.8000000000000002,49.13333333333333,9.1,13.775,2.3666666666666667
2019-01-30,2.066666666666667,-4.766666666666667,9.066666666666666,,1.0333333333333334,53.333333333333336,6.533333333333334,11.415,6.5
2019-01-31,-0.13333333333333336,-5.2,2.966666666666667,0.0,1.7,52.6,2.6999999999999997,5.63,6.866666666666667
2019-02-01,-1.9666666666666668,-8.166666666666666,4.2,,1.4333333333333333,58.79999999999999,7.0,12.16,2.5
2019-02-02,0.6666666666666666,-6.566666666666667,8.066666666666666,0.0,0.7000000000000001,67.89999999999999,4.166666666666667,8.78,6.3999999999999995
2019-02-03,4.3999999999999995,1.9333333333333336,8.033333333333333,20.8,1.3666666666666665,90.60000000000001,0.0,0.7949999999999999,9.166666666666666
2019-02-04,1.0333333333333334,-2.3000000000000003,5.866666666666667,,1.7999999999999998,48.1,9.0,14.379999999999999,2.0
2019-02-05,2.3666666666666667,-5.3,11.666666666666666,,0.6666666666666666,52.13333333333333,8.066666666666666,13.075,4.066666666666666
2019-02-06,5.5,-2.0666666666666664,12.966666666666667,,1.0,64.0,6.1000000000000005,10.905000000000001,7.2
2019-02-07,1.0,-5.533333333333334,6.8999999999999995,0.03333333333333333,2.6333333333333333,55.43333333333334,7.066666666666666,12.325,5.566666666666666
2019-02-08,-3.533333333333333,-7.833333333333333,2.1999999999999997,,1.6333333333333335,40.46666666666666,8.333333333333334,14.055,7.033333333333334
2019-02-09,-3.1999999999999997,-5.933333333333334,0.6666666666666666,,2.3333333333333335,44.300000000000004,9.4,15.67,5.233333333333333
2019-02-10,-2.8333333333333335,-8.033333333333333,2.566666666666667,,1.1666666666666667,38.73333333333333,5.3,11.190000000000001,7.933333333333334
2019-02-11,-2.1,-6.033333333333334,3.133333333333333,,1.9000000000000001,45.1,9.6,15.84,0.5
2019-02-12,-0.9,-6.866666666666667,5.333333333333333,,1.0666666666666667,54.36666666666667,5.933333333333334,12.035,5.866666666666667
2019-02-13,-0.8666666666666667,-4.933333333333334,4.3999999999999995,,1.6666666666666667,44.46666666666667,9.366666666666667,14.515,3.1666666666666665
2019-02-14,0.7333333333333333,-4.433333333333333,7.433333333333334,,0.9333333333333332,45.93333333333334,8.466666666666667,15.305,6.666666666666667
2019-02-15,1.1333333333333333,-1.2,4.133333333333334,0.0,1.4333333333333333,62.29999999999999,0.6,6.07,9.766666666666667
2019-02-16,-1.4333333333333333,-4.366666666666666,2.066666666666667,0.10000000000000002,2.1333333333333333,66.5,6.6000000000000005,13.24,5.466666666666666
2019-02-17,-1.2333333333333332,-7.166666666666667,5.733333333333333,,1.2666666666666666,54.26666666666667,9.766666666666667,17.375,0.8666666666666667
2019-02-18,1.3666666666666665,-5.666666666666667,6.966666666666666,0.1,0.6666666666666666,52.699999999999996,4.8999999999999995,10.575,8.4
2019-02-19,1.8,0.19999999999999998,4.133333333333333,15.0,1.0333333333333334,92.03333333333335,0.0,2.06,8.9
2019-02-20,1.7999999999999998,-1.1666666666666667,5.866666666666667,0.0,1.4333333333333333,76.73333333333333,2.466666666666667,8.355,6.3999999999999995
2019-02-21,1.7333333333333334,-3.3333333333333335,8.266666666666667,,0.7333333333333334,72.43333333333334,8.266666666666667,15.370000000000001,3.966666666666667
2019-02-22,3.0666666666666664,-2.2666666666666666,10.066666666666666,,0.8666666666666667,66.53333333333333,7.1000000000000005,12.68,6.8
2019-02-23,4.8,-2.3666666666666667,13.6,,0.9,60.0,8.633333333333333,16.044999999999998,3.766666666666666
2019-02-24,5.933333333333334,-1.8,14.366666666666667,,1.0333333333333334,63.86666666666667,9.933333333333334,16.835,1.9666666666666668
2019-02-25,4.966666666666667,0.16666666666666666,12.266666666666666,,1.1666666666666667,58.06666666666666,9.566666666666666,16.265,2.1999999999999997
2019-02-26,4.666666666666667,-3.1666666666666665,12.433333333333332,,0.9333333333333335,47.26666666666667,9.866666666666667,17.755,3.6333333333333333
2019-02-27,6.266666666666667,3.0,11.1,0.39999999999999997,0.8333333333333334,67.5,0.8999999999999999,5.29,9.533333333333333
2019-02-28,5.933333333333334,0.10000000000000002,13.1,,0.9333333333333332,66.86666666666667,6.7,14.355,5.133333333333333
2019-03-01,5.366666666666667,-1.8666666666666665,13.533333333333333,,1.1,57.166666666666664,8.733333333333333,16.495,2.75
2019-03-02,6.666666666666667,-2.033333333333333,15.700000000000001,,0.8333333333333334,50.86666666666667,7.333333333333333,15.435,4.733333333333333
2019-03-03,8.233333333333333,-0.03333333333333351,15.4,,0.7666666666666666,50.23333333333333,6.2,12.985,5.566666666666666
2019-03-04,9.299999999999999,3.9333333333333336,16.266666666666666,,1.0666666666666667,49.9,8.1,14.809999999999999,3.6999999999999997
2019-03-05,7.933333333333333,1.1333333333333333,13.966666666666667,,0.9,60.93333333333334,4.766666666666667,11.09,7.733333333333333
2019-03-06,9.0,4.533333333333333,15.200000000000001,,1.3333333333333333,58.06666666666666,5.666666666666667,13.835,5.866666666666667
2019-03-07,6.633333333333333,2.1666666666666665,12.6,,1.3333333333333333,65.9,5.766666666666667,12.73,3.966666666666667
2019-03-08,6.233333333333333,-1.3666666666666665,15.200000000000001,,0.9666666666666668,54.03333333333333,10.466666666666667,20.465,0.3333333333333333
2019-03-09,7.5,-2.3333333333333335,16.933333333333334,,0.8666666666666667,42.4,9.566666666666666,17.51,6.5
2019-03-10,7.3999999999999995,3.033333333333333,11.9,0.55,1.0999999999999999,59.0,0.03333333333333333,4.635,7.5
2019-03-11,5.333333333333333,0.06666666666666672,10.233333333333334,0.9666666666666668,1.3,82.13333333333333,2.3000000000000003,9.02,7.3999999999999995
2019-03-12,4.133333333333334,-0.6,10.466666666666667,1.3333333333333333,2.066666666666667,76.03333333333333,1.5,6.32,5.3
2019-03-13,3.033333333333333,-2.8333333333333335,8.966666666666667,,2.5,43.76666666666667,9.633333333333333,18.384999999999998,1.2333333333333334
2019-03-14,5.400000000000001,-3.3666666666666667,11.799999999999999,0.0,1.4666666666666668,45.333333333333336,7.633333333333333,17.884999999999998,4.033333333333333
2019-03-15,6.8,1.9333333333333333,12.299999999999999,0.7000000000000001,2.233333333333333,67.53333333333333,5.566666666666666,13.01,6.5
2019-03-16,5.733333333333333,2.1666666666666665,10.4,0.0,1.4000000000000001,65.56666666666666,4.733333333333333,12.805,7.3999999999999995
2019-03-17,6.633333333333333,1.1666666666666667,13.233333333333334,,1.5,53.0,9.6,21.15,2.6999999999999997
2019-03-18,6.5,-1.9666666666666668,14.833333333333334,,0.8666666666666667,45.333333333333336,7.166666666666667,16.005000000000003,7.533333333333334
2019-03-19,10.233333333333333,0.9666666666666667,19.733333333333334,,1.0,52.93333333333334,10.299999999999999,18.674999999999997,1.3666666666666665
2019-03-20,10.766666666666666,4.8999999999999995,16.733333333333334,13.366666666666665,1.2333333333333334,76.0,0.03333333333333333,5.85,9.4
2019-03-21,8.433333333333334,3.0666666666666664,12.966666666666667,2.3666666666666667,2.733333333333333,79.60000000000001,1.5666666666666667,6.925000000000001,8.6
2019-03-22,4.166666666666667,0.3333333333333333,9.533333333333333,,2.066666666666667,53.43333333333334,10.166666666666666,23.125,3.6666666666666665
2019-03-23,3.033333333333333,-1.9666666666666668,9.700000000000001,3.8000000000000003,1.9000000000000001,62.699999999999996,8.133333333333333,15.829999999999998,3.1666666666666665
2019-03-24,4.133333333333333,-2.6333333333333333,11.6,,1.5999999999999999,57.300000000000004,11.4,23.785,0.7333333333333334
2019-03-25,6.7,-0.7333333333333334,14.700000000000001,,1.4000000000000001,61.29999999999999,8.633333333333333,18.075,3.1
2019-03-26,10.433333333333334,2.533333333333333,19.0,,1.3666666666666665,51.699999999999996,9.033333333333333,21.975,1.9666666666666668
2019-03-27,13.133333333333333,6.6000000000000005,20.8,,2.6333333333333333,57.5,7.866666666666667,17.15,6.266666666666667
2019-03-28,11.466666666666667,6.866666666666667,17.533333333333335,,1.3666666666666665,51.9,8.033333333333333,18.525,6.733333333333333
2019-03-29,11.1,5.2,17.966666666666665,,1.3666666666666665,41.56666666666666,8.0,21.535,5.866666666666667
2019-03-30,5.566666666666666,3.3666666666666667,10.566666666666666,4.6000000000000005,2.1999999999999997,72.43333333333334,1.8,8.18,8.733333333333333
2019-03-31,4.966666666666667,1.5666666666666667,9.033333333333333,0.16666666666666666,2.8333333333333335,49.86666666666667,5.733333333333333,14.795,5.666666666666667
2019-04-01,5.066666666666666,-0.7999999999999999,10.566666666666668,0.0,2.0,47.6,8.066666666666666,18.060000000000002,3.1666666666666665
2019-04-02,6.2,-1.8333333333333333,14.1,,1.7666666666666666,40.800000000000004,11.799999999999999,25.259999999999998,0.5333333333333333
2019-04-03,6.933333333333334,-1.0333333333333334,15.033333333333333,,1.5,40.03333333333333,11.833333333333334,25.16,0.09999999999999999
2019-04-04,8.799999999999999,-0.2666666666666666,17.933333333333334,,1.8333333333333333,42.96666666666666,11.566666666666668,25.16,0.8666666666666667
2019-04-05,10.933333333333332,4.7,19.5,,2.1,49.199999999999996,6.5,16.255000000000003,3.1666666666666665
2019-04-06,11.466666666666667,2.033333333333333,20.266666666666666,,1.1,38.9,6.533333333333334,17.325,4.033333333333333
2019-04-07,14.166666666666666,8.466666666666667,20.966666666666665,0.26666666666666666,1.3,35.1,6.2,18.015,6.833333333333333
2019-04-08,12.033333333333333,4.533333333333333,19.133333333333333,,1.8333333333333333,33.13333333333333,10.733333333333334,23.85,3.4333333333333336
2019-04-09,10.033333333333333,5.0,15.700000000000001,31.03333333333333,3.4,50.666666666666664,1.8333333333333333,9.31,9.133333333333333
2019-04-10,7.7,4.766666666666667,10.366666666666667,4.3999999999999995,2.0,74.8,0.0,7.575,9.1
2019-04-11,9.633333333333333,3.9,15.799999999999999,,1.0333333333333334,64.73333333333333,6.0,16.740000000000002,6.666666666666667
2019-04-12,11.299999999999999,4.0,18.533333333333335,,1.4000000000000001,50.666666666666664,11.299999999999999,25.215,2.0666666666666664
2019-04-13,11.633333333333333,3.533333333333333,19.666666666666668,,1.3333333333333333,44.5,9.966666666666667,24.775,5.633333333333333
2019-04-14,9.733333333333333,6.166666666666667,14.966666666666667,0.5666666666666667,1.6666666666666667,56.76666666666667,3.266666666666667,10.51,5.766666666666667
2019-04-15,11.033333333333333,1.7,20.599999999999998,,1.3,46.76666666666667,12.0,26.025,0.0
2019-04-16,14.033333333333333,3.0,23.666666666666668,,0.9666666666666668,37.53333333333333,10.533333333333333,23.465,4.866666666666666
2019-04-17,16.366666666666664,8.799999999999999,24.933333333333334,,1.3,41.699999999999996,11.4,26.48,2.433333333333333
2019-04-18,15.233333333333334,8.700000000000001,21.333333333333332,,1.5333333333333332,62.666666666666664,6.533333333333334,17.035,6.266666666666667
2019-04-19,13.566666666666668,10.733333333333334,16.733333333333334,0.1,1.5999999999999999,71.26666666666667,2.1,12.66,8.166666666666666
2019-04-20,16.5,10.299999999999999,23.7,,1.366666666666667,60.1,9.733333333333334,24.744999999999997,5.5
2019-04-21,17.433333333333334,14.299999999999999,21.8,,0.8666666666666667,70.43333333333334,1.5,11.305,8.333333333333334
2019-04-22,20.099999999999998,10.266666666666667,29.133333333333336,,1.1333333333333333,57.199999999999996,11.533333333333333,26.755,3.3000000000000003
2019-04-23,18.333333333333332,14.133333333333333,23.0,4.333333333333333,1.0999999999999999,69.43333333333332,0.7666666666666666,9.55,9.333333333333334
2019-04-24,17.633333333333333,14.866666666666667,21.566666666666666,20.233333333333334,0.7000000000000001,87.23333333333335,2.2333333333333334,10.05,7.966666666666666
2019-04-25,14.966666666666667,11.133333333333333,17.666666666666668,6.5,1.2666666666666666,86.63333333333333,0.0,3.71,9.266666666666667
2019-04-26,9.666666666666666,8.233333333333334,11.700000000000001,3.4333333333333336,1.3,85.63333333333333,0.06666666666666667,5.84,9.4
2019-04-27,11.866666666666667,4.3999999999999995,18.233333333333334,,1.2666666666666666,63.86666666666667,10.266666666666667,25.985,5.0
2019-04-28,12.333333333333334,9.200000000000001,17.166666666666668,0.2333333333333333,1.0333333333333334,69.86666666666667,2.2666666666666666,13.735,8.433333333333334
2019-04-29,10.766666666666666,7.2,15.700000000000001,13.333333333333334,0.9666666666666667,88.10000000000001,1.0999999999999999,7.529999999999999,8.266666666666667
2019-04-30,15.966666666666667,9.633333333333333,22.900000000000002,,1.0333333333333334,74.13333333333333,8.0,22.79,6.066666666666666
2019-05-01,15.833333333333334,9.766666666666667,22.933333333333334,,1.8,63.03333333333333,10.533333333333333,24.98,2.766666666666667
2019-05-02,15.700000000000001,8.033333333333333,24.7,,1.7,55.23333333333333,12.366666666666667,29.13,0.0
2019-05-03,17.666666666666668,6.933333333333334,28.5,,1.2333333333333334,46.96666666666667,12.333333333333334,28.59,0.09999999999999999
2019-05-04,18.866666666666667,9.566666666666666,27.8,,1.1333333333333335,47.46666666666667,11.033333333333333,24.04,4.333333333333333
2019-05-05,18.933333333333334,11.133333333333333,28.366666666666664,,1.3,43.666666666666664,10.566666666666668,26.0,3.9
2019-05-06,14.266666666666666,8.666666666666666,20.400000000000002,0.0,2.3000000000000003,40.93333333333334,12.466666666666667,30.155,1.1666666666666667
2019-05-07,14.433333333333332,4.933333333333333,22.8,,1.7,40.63333333333333,12.666666666666666,29.895000000000003,0.03333333333333333
2019-05-08,15.4,6.433333333333334,23.366666666666664,,1.7333333333333332,43.56666666666666,10.666666666666666,25.8,6.033333333333334
2019-05-09,17.03333333333333,10.633333333333333,24.233333333333334,,1.7,43.86666666666667,12.166666666666666,27.805,4.333333333333333
2019-05-10,18.133333333333336,7.266666666666667,28.03333333333333,,1.1333333333333333,45.46666666666667,12.133333333333333,28.6,3.1666666666666665
2019-05-11,19.900000000000002,11.066666666666668,29.099999999999998,,1.2,46.06666666666666,12.15,27.25,1.5333333333333332
2019-05-12,20.833333333333332,12.133333333333333,28.766666666666666,,1.4000000000000001,46.633333333333326,11.566666666666668,25.14,3.1999999999999997
2019-05-13,19.599999999999998,12.5,27.066666666666666,0.0,1.3333333333333333,50.0,7.0,20.15,7.7
2019-05-14,20.5,13.166666666666666,28.133333333333336,,1.2666666666666666,58.1,11.366666666666667,27.85,2.6
2019-05-15,21.366666666666664,15.1,28.766666666666666,,1.1333333333333335,61.699999999999996,9.433333333333332,23.58,4.866666666666667
2019-05-16,23.099999999999998,15.666666666666666,30.599999999999998,,1.0666666666666667,55.46666666666667,9.700000000000001,26.195,5.466666666666666
2019-05-17,23.3,17.366666666666667,27.8,0.0,1.5666666666666667,53.6,3.8000000000000003,16.235,8.333333333333334
2019-05-18,19.2,16.166666666666668,23.066666666666666,10.566666666666668,3.0666666666666664,76.46666666666665,1.1666666666666667,13.85,8.700000000000001
2019-05-19,20.333333333333332,17.866666666666667,23.666666666666668,3.5,2.4,80.8,0.7333333333333334,12.399999999999999,9.0
2019-05-20,16.566666666666666,10.9,20.866666666666667,3.1,2.066666666666667,63.06666666666666,6.966666666666666,22.895000000000003,6.233333333333333
2019-05-21,17.0,9.033333333333333,24.833333333333332,,2.3000000000000003,55.333333333333336,13.033333333333333,31.47,0.03333333333333333
2019-05-22,19.666666666666668,11.033333333333333,27.633333333333336,,1.9666666666666668,48.4,12.833333333333334,30.935000000000002,0.09999999999999999
2019-05-23,21.8,13.566666666666668,29.900000000000002,,1.5333333333333332,52.06666666666666,12.966666666666667,30.275,0.4333333333333333
2019-05-24,23.766666666666666,14.6,33.06666666666667,,1.4000000000000001,57.300000000000004,12.466666666666667,28.72,0.9333333333333332
2019-05-25,23.46666666666667,17.366666666666667,30.566666666666666,,1.3333333333333333,49.666666666666664,8.5,23.685000000000002,7.533333333333334
2019-05-26,24.066666666666666,15.700000000000001,32.733333333333334,0.0,1.5333333333333332,45.300000000000004,10.066666666666666,28.875,5.833333333333333
2019-05-27,17.900000000000002,14.333333333333334,22.53333333333333,15.366666666666667,2.3333333333333335,86.96666666666665,0.0,3.635,9.700000000000001
2019-05-28,17.733333333333334,11.799999999999999,24.400000000000002,,1.6333333333333335,56.13333333333333,8.4,24.27,4.133333333333334
2019-05-29,19.566666666666666,10.9,28.099999999999998,,1.7,51.1,13.233333333333334,31.005,0.26666666666666666
2019-05-30,19.599999999999998,12.366666666666667,26.96666666666667,0.19999999999999998,1.7333333333333334,53.800000000000004,6.066666666666666,21.020000000000003,6.833333333333333
2019-05-31,18.900000000000002,14.633333333333333,24.766666666666666,0.16666666666666666,1.6333333333333335,62.46666666666667,9.666666666666666,25.33,4.333333333333333
2019-06-01,18.366666666666667,11.799999999999999,23.96666666666667,,1.1,68.33333333333333,8.333333333333334,21.810000000000002,6.166666666666667
2019-06-02,21.133333333333336,13.799999999999999,28.53333333333333,,1.1333333333333333,56.1,12.6,29.134999999999998,2.1
2019-06-03,22.733333333333334,13.933333333333332,30.566666666666666,,1.1666666666666667,51.63333333333333,12.266666666666666,29.049999999999997,0.09999999999999999
2019-06-04,23.866666666666664,16.766666666666666,31.766666666666666,,1.3333333333333333,55.300000000000004,11.9,28.785,1.8
2019-06-05,23.933333333333334,17.066666666666666,31.53333333333333,,1.2666666666666666,65.60000000000001,11.433333333333332,28.115000000000002,3.1
2019-06-06,21.833333333333332,16.966666666666665,28.3,17.033333333333335,1.2666666666666666,74.16666666666667,0.4333333333333333,10.93,8.933333333333334
2019-06-07,18.8,16.433333333333334,21.333333333333332,26.733333333333334,1.7333333333333334,89.96666666666665,0.16666666666666666,6.38,8.133333333333333
2019-06-08,21.333333333333332,16.099999999999998,27.633333333333336,,1.1,73.46666666666665,8.533333333333333,24.990000000000002,6.866666666666667
2019-06-09,21.666666666666668,16.966666666666665,27.900000000000002,4.733333333333333,1.6666666666666667,68.8,7.933333333333333,24.939999999999998,7.366666666666667
2019-06-10,18.5,14.700000000000001,22.566666666666666,10.4,1.4666666666666668,74.13333333333334,2.1666666666666665,17.505,8.6
2019-06-11,20.26666666666667,15.633333333333333,25.833333333333332,,1.4333333333333333,62.666666666666664,10.533333333333333,26.424999999999997,3.9333333333333336
2019-06-12,20.933333333333334,14.4,27.866666666666664,,1.1333333333333335,66.76666666666667,11.666666666666666,28.04,2.066666666666667
2019-06-13,23.066666666666663,15.9,30.366666666666664,,1.0333333333333334,62.199999999999996,11.733333333333334,29.325000000000003,3.1666666666666665
2019-06-14,21.400000000000002,18.400000000000002,25.233333333333334,,0.9666666666666667,71.26666666666667,0.6333333333333333,13.0,8.633333333333333
2019-06-15,21.46666666666667,16.133333333333333,27.333333333333332,,1.7666666666666666,67.83333333333333,11.033333333333333,27.805,3.6999999999999997
2019-06-16,21.633333333333336,15.1,28.066666666666666,,1.3,67.66666666666667,10.200000000000001,28.285,3.733333333333333
2019-06-17,22.0,17.3,27.733333333333334,,1.7,65.43333333333334,10.466666666666667,28.265,4.866666666666667
2019-06-18,21.366666666666664,17.166666666666668,25.866666666666664,0.03333333333333333,1.2333333333333334,73.06666666666666,2.3333333333333335,14.495000000000001,8.233333333333333
2019-06-19,22.133333333333336,19.066666666666666,26.900000000000002,0.05,1.0666666666666667,76.10000000000001,3.3333333333333335,14.934999999999999,7.6000000000000005
2019-06-20,23.266666666666666,18.266666666666666,29.066666666666666,,1.1,71.3,7.133333333333333,23.035,6.733333333333333
2019-06-21,23.53333333333333,19.166666666666668,28.96666666666667,,1.4666666666666668,67.36666666666666,9.566666666666666,25.915,4.133333333333334
2019-06-22,23.23333333333333,18.400000000000002,29.566666666666666,5.25,1.3,68.56666666666666,8.133333333333333,23.009999999999998,4.733333333333333
2019-06-23,23.333333333333332,17.133333333333333,29.366666666666664,,1.3333333333333333,59.800000000000004,12.333333333333334,30.775,2.2666666666666666
2019-06-24,24.233333333333334,18.266666666666666,30.833333333333332,,1.3333333333333333,60.63333333333333,11.266666666666666,28.09,3.1
2019-06-25,25.633333333333336,18.099999999999998,33.06666666666667,,1.2,57.1,12.366666666666667,30.45,2.1999999999999997
2019-06-26,21.8,20.066666666666666,24.3,2.9333333333333336,1.3666666666666665,78.13333333333333,0.16666666666666666,8.475000000000001,9.233333333333334
2019-06-27,24.53333333333333,20.8,29.03333333333333,0.8,0.9333333333333335,81.36666666666666,2.1666666666666665,14.035,7.8
2019-06-28,25.400000000000002,22.2,30.233333333333334,0.0,1.5,73.96666666666665,4.233333333333333,20.69,8.299999999999999
2019-06-29,21.900000000000002,20.966666666666665,24.5,12.166666666666666,1.1666666666666667,91.0,0.0,7.6,9.466666666666667
2019-06-30,23.866666666666664,20.566666666666666,28.333333333333332,0.0,1.2333333333333334,82.13333333333334,3.233333333333333,16.3,7.933333333333334
2019-07-01,23.46666666666667,19.866666666666667,27.599999999999998,0.0,1.3333333333333333,76.10000000000001,2.8333333333333335,15.575,7.0
2019-07-02,23.5,16.833333333333332,29.933333333333334,,1.2333333333333334,69.43333333333334,11.033333333333333,26.975,2.733333333333333
2019-07-03,23.933333333333334,18.866666666666664,29.2,,1.0333333333333334,73.3,6.433333333333334,20.41,5.966666666666666
2019-07-04,25.233333333333334,18.633333333333333,32.166666666666664,,1.0999999999999999,63.56666666666666,11.133333333333333,28.71,2.766666666666667
2019-07-05,26.833333333333332,19.033333333333335,34.666666666666664,,1.5333333333333332,56.03333333333333,12.333333333333334,29.915,3.6
2019-07-06,26.933333333333334,19.8,33.03333333333333,,2.4,51.666666666666664,13.366666666666667,31.03,0.26666666666666666
2019-07-07,24.833333333333332,20.166666666666668,30.03333333333333,,2.6333333333333333,57.666666666666664,7.533333333333334,24.915,6.933333333333334
2019-07-08,24.0,19.266666666666666,29.400000000000002,0.35,2.1999999999999997,60.46666666666667,7.466666666666666,22.54,6.7
2019-07-09,23.666666666666668,18.366666666666667,28.566666666666666,,2.466666666666667,61.5,8.5,23.200000000000003,4.3999999999999995
2019-07-10,21.366666666666664,19.166666666666668,24.366666666666664,17.7,1.9666666666666668,78.60000000000001,0.3333333333333333,6.975,9.5
2019-07-11,21.266666666666666,19.233333333333334,23.333333333333332,3.1333333333333333,1.0999999999999999,92.03333333333335,0.0,6.125,8.233333333333334
2019-07-12,23.3,19.866666666666664,28.3,5.5,1.3,76.63333333333333,3.8333333333333335,16.285,7.633333333333333
2019-07-13,24.03333333333333,20.599999999999998,29.333333333333332,0.0,0.9,78.53333333333333,4.633333333333333,18.505000000000003,8.233333333333334
2019-07-14,25.2,20.966666666666665,30.900000000000002,5.25,1.0666666666666667,76.66666666666667,6.466666666666666,21.75,6.533333333333334
2019-07-15,23.666666666666668,20.8,28.2,18.166666666666668,1.4666666666666668,84.39999999999999,3.0666666666666664,13.585,8.666666666666666
2019-07-16,24.599999999999998,19.666666666666668,30.566666666666666,14.15,1.2333333333333334,78.33333333333333,6.566666666666667,21.39,6.8
2019-07-17,25.666666666666668,22.0,29.666666666666668,0.03333333333333333,1.3,76.73333333333333,5.1000000000000005,18.490000000000002,8.433333333333334
2019-07-18,25.433333333333334,22.333333333333332,28.833333333333332,3.033333333333333,1.5333333333333332,78.56666666666666,3.5666666666666664,17.97,8.366666666666667
2019-07-19,26.433333333333334,23.03333333333333,29.233333333333334,0.0,2.066666666666667,77.83333333333333,3.766666666666667,15.525,8.4
2019-07-20,25.866666666666664,23.666666666666668,28.933333333333334,18.633333333333333,2.966666666666667,83.93333333333334,0.16666666666666666,9.41,9.966666666666667
2019-07-21,24.766666666666666,22.266666666666666,27.03333333333333,32.03333333333333,1.6333333333333335,90.3,0.19999999999999998,6.42,9.0
2019-07-22,27.833333333333332,24.7,32.46666666666667,0.0,1.4666666666666668,77.93333333333334,6.566666666666666,20.645,6.266666666666666
2019-07-23,28.7,25.266666666666666,33.6,,1.2,76.2,6.533333333333334,22.63,7.266666666666667
2019-07-24,27.5,25.333333333333332,29.733333333333334,0.0,1.1333333333333333,80.03333333333333,0.03333333333333333,8.405000000000001,9.366666666666667
2019-07-25,25.766666666666666,24.8,27.400000000000002,69.56666666666666,0.7000000000000001,95.5,0.03333333333333333,2.55,9.666666666666666
2019-07-26,26.833333333333332,25.266666666666666,29.46666666666667,7.766666666666667,0.8999999999999999,90.93333333333334,0.10000000000000002,7.175000000000001,9.733333333333334
2019-07-27,27.866666666666664,25.066666666666666,31.96666666666667,8.700000000000001,1.0999999999999999,85.90000000000002,5.033333333333333,18.515,7.866666666666667
2019-07-28,26.53333333333333,25.166666666666668,29.333333333333332,16.2,1.2333333333333334,90.76666666666667,0.7666666666666666,8.535,8.733333333333334
2019-07-29,28.366666666666664,24.433333333333334,33.03333333333333,,1.5,76.73333333333333,10.533333333333333,25.91,5.066666666666667
2019-07-30,29.0,25.2,33.73333333333333,,1.8499999999999999,75.13333333333333,6.333333333333333,21.29,5.733333333333333
2019-07-31,29.2,26.5,33.300000000000004,,1.9000000000000001,73.76666666666667,7.266666666666667,21.105,6.233333333333333
2019-08-01,28.96666666666667,25.53333333333333,33.666666666666664,0.0,1.2666666666666666,75.9,7.966666666666666,22.11,4.966666666666667
2019-08-02,29.7,25.133333333333336,34.76666666666667,,0.9,72.86666666666666,11.1,27.0,2.966666666666667
2019-08-03,29.53333333333333,25.5,35.6,,1.0666666666666667,75.0,8.733333333333333,21.33,6.8
2019-08-04,29.866666666666664,25.333333333333332,35.86666666666667,0.0,0.7666666666666666,74.03333333333333,9.9,23.045,3.8666666666666667
2019-08-05,30.266666666666666,25.53333333333333,35.733333333333334,0.5,1.0,72.46666666666665,9.533333333333333,20.744999999999997,3.8666666666666667
2019-08-06,29.333333333333332,25.5,33.26666666666667,0.1,1.5666666666666667,65.0,6.133333333333333,18.23,7.866666666666667
2019-08-07,28.03333333333333,23.733333333333334,33.266666666666666,14.166666666666666,1.3666666666666665,79.76666666666667,7.666666666666667,23.895,5.966666666666666
2019-08-08,27.266666666666666,24.599999999999998,33.43333333333333,10.299999999999999,0.8666666666666667,84.13333333333334,3.766666666666667,15.599999999999998,7.0
2019-08-09,29.0,24.46666666666667,34.666666666666664,0.85,0.7333333333333334,78.33333333333333,9.1,22.145000000000003,6.033333333333334
2019-08-10,29.733333333333334,25.3,34.5,,2.266666666666667,70.13333333333333,11.366666666666667,25.865,4.666666666666667
2019-08-11,29.599999999999998,26.366666666666664,34.0,0.0,3.766666666666667,64.66666666666667,7.066666666666667,21.655,7.166666666666667
2019-08-12,28.766666666666666,26.46666666666667,32.233333333333334,6.1000000000000005,2.3333333333333335,78.39999999999999,1.9666666666666668,11.95,8.233333333333334
2019-08-13,30.0,25.0,34.766666666666666,0.0,1.3,71.8,9.433333333333334,20.345,3.6999999999999997
2019-08-14,29.833333333333332,25.633333333333336,34.46666666666667,,1.9333333333333333,67.43333333333334,7.133333333333333,19.855,5.633333333333333
2019-08-15,25.733333333333334,24.099999999999998,29.233333333333334,7.033333333333334,1.7333333333333334,87.3,0.06666666666666667,8.02,8.566666666666668
2019-08-16,26.7,23.8,31.333333333333332,0.4666666666666666,1.5666666666666667,79.83333333333333,5.866666666666667,18.085,6.233333333333333
2019-08-17,25.96666666666667,22.900000000000002,30.766666666666666,1.7,1.8333333333333333,78.76666666666667,6.966666666666666,18.924999999999997,6.366666666666667
2019-08-18,24.96666666666667,19.933333333333334,30.8,,0.8333333333333334,72.3,10.033333333333333,26.435000000000002,3.5
2019-08-19,25.833333333333332,19.933333333333334,32.0,,0.9666666666666667,71.26666666666667,9.766666666666666,22.375,5.1
2019-08-20,27.0,22.3,31.8,,1.8666666666666665,67.7,10.366666666666667,23.505000000000003,4.333333333333333
2019-08-21,26.900000000000002,22.333333333333332,32.300000000000004,2.1,1.3,73.16666666666667,6.033333333333334,18.439999999999998,7.366666666666667
2019-08-22,26.0,22.833333333333332,30.03333333333333,25.900000000000002,1.1666666666666667,79.89999999999999,3.766666666666666,14.45,8.166666666666666
2019-08-23,24.599999999999998,20.733333333333334,29.96666666666667,0.0,1.2,72.63333333333333,5.266666666666667,17.270000000000003,5.966666666666666
2019-08-24,22.866666666666664,19.366666666666667,27.03333333333333,,0.7999999999999999,78.23333333333333,1.3333333333333333,11.684999999999999,7.133333333333333
2019-08-25,24.0,19.366666666666667,29.7,,0.7000000000000001,74.39999999999999,8.466666666666667,22.310000000000002,4.366666666666667
2019-08-26,25.233333333333334,18.733333333333334,31.2,,0.9333333333333332,70.73333333333333,10.299999999999999,23.795,3.533333333333333
2019-08-27,22.166666666666668,19.833333333333332,25.900000000000002,29.7,1.0666666666666667,86.93333333333332,1.0666666666666667,7.885,9.033333333333333
2019-08-28,23.96666666666667,20.96666666666667,28.633333333333336,1.0333333333333334,0.9333333333333332,83.83333333333333,3.366666666666667,15.11,7.466666666666666
2019-08-29,22.633333333333336,19.900000000000002,26.933333333333334,8.466666666666667,1.2,86.33333333333333,1.7,10.440000000000001,8.5
2019-08-30,22.666666666666668,18.566666666666666,28.133333333333336,1.2,1.3333333333333333,75.46666666666665,8.766666666666666,22.34,3.6999999999999997
2019-08-31,22.766666666666666,17.533333333333335,28.333333333333332,,0.9,74.16666666666667,8.799999999999999,20.775,4.233333333333333
2019-09-01,23.03333333333333,18.099999999999998,28.366666666666664,0.1,0.7999999999999999,78.46666666666667,4.3,16.79,7.7
2019-09-02,22.433333333333337,20.033333333333335,26.433333333333334,11.1,1.0999999999999999,83.63333333333333,0.7333333333333334,10.86,9.133333333333333
2019-09-03,22.133333333333336,20.033333333333335,24.03333333333333,2.033333333333333,0.9333333333333332,91.16666666666667,0.0,6.49,9.766666666666667
2019-09-04,23.833333333333332,21.666666666666668,27.633333333333336,5.533333333333332,1.3,89.60000000000001,1.0333333333333334,10.145,9.6
2019-09-05,24.03333333333333,21.7,28.833333333333332,34.46666666666667,0.7666666666666666,91.33333333333333,1.0333333333333334,8.615,9.366666666666667
2019-09-06,25.833333333333332,22.133333333333336,28.333333333333332,0.39999999999999997,1.3,83.53333333333335,1.2,9.875,9.6
2019-09-07,26.400000000000002,23.0,30.7,1.4333333333333333,4.833333333333333,77.13333333333334,0.7000000000000001,6.48,8.766666666666667
2019-09-08,25.066666666666666,22.266666666666666,29.333333333333332,0.39999999999999997,0.6999999999999998,84.23333333333333,1.0999999999999999,11.415,9.299999999999999
2019-09-09,23.866666666666664,22.133333333333336,25.53333333333333,7.666666666666667,0.6666666666666666,93.2,0.0,6.484999999999999,9.733333333333334
2019-09-10,27.066666666666666,23.099999999999998,31.8,0.0,1.4333333333333333,75.7,7.233333333333333,18.259999999999998,7.033333333333334
2019-09-11,24.566666666666666,22.53333333333333,27.733333333333334,0.5,1.9000000000000001,82.16666666666667,0.8666666666666667,8.0,7.733333333333333
2019-09-12,20.900000000000002,18.733333333333334,23.400000000000002,2.533333333333333,2.1666666666666665,76.36666666666667,0.0,6.545,8.666666666666666
2019-09-13,22.2,16.566666666666666,27.733333333333334,,1.5666666666666667,71.06666666666666,11.433333333333332,23.955,1.6333333333333335
2019-09-14,22.53333333333333,18.0,27.633333333333336,0.1,0.5666666666666667,79.89999999999999,2.4,12.375,7.766666666666667
2019-09-15,24.866666666666664,20.7,30.599999999999998,,0.9,75.76666666666667,8.066666666666668,20.28,5.7
2019-09-16,23.766666666666666,19.633333333333333,29.433333333333334,,0.9666666666666667,70.5,8.366666666666667,20.83,3.7000000000000006
2019-09-17,22.166666666666668,15.566666666666668,28.133333333333336,,1.3,64.13333333333334,11.200000000000001,23.775,2.5666666666666664
2019-09-18,21.399999999999995,14.966666666666667,28.5,,1.3666666666666665,59.86666666666667,11.266666666666666,23.48,2.3333333333333335
2019-09-19,19.5,12.366666666666667,26.833333333333332,,1.0666666666666667,66.63333333333333,9.799999999999999,22.215,3.6
2019-09-20,19.5,16.166666666666668,22.933333333333334,,1.5,69.10000000000001,1.0666666666666667,9.905000000000001,9.133333333333333
2019-09-21,17.466666666666665,15.533333333333333,20.400000000000002,35.93333333333333,1.5,84.36666666666667,0.0,2.66,9.8
2019-09-22,16.533333333333335,15.233333333333334,17.633333333333333,67.33333333333333,1.8333333333333333,90.36666666666667,0.0,1.77,10.0
2019-09-23,17.733333333333334,13.866666666666667,21.766666666666666,0.05,1.0333333333333334,77.10000000000001,3.6666666666666665,13.42,5.533333333333334
2019-09-24,17.7,12.033333333333333,25.133333333333336,,0.6666666666666666,78.06666666666666,9.766666666666667,21.509999999999998,1.6333333333333335
2019-09-25,18.2,12.566666666666668,24.366666666666664,,0.7000000000000001,79.10000000000001,5.833333333333333,15.4,6.733333333333333
2019-09-26,20.466666666666665,16.566666666666666,25.03333333333333,,1.2666666666666666,76.93333333333334,3.4333333333333336,12.96,7.566666666666666
2019-09-27,21.933333333333334,16.0,28.599999999999998,,0.9333333333333332,73.83333333333333,9.433333333333334,19.155,5.8999999999999995
2019-09-28,23.7,19.333333333333332,29.46666666666667,,0.7000000000000001,76.46666666666665,7.8,17.375,5.966666666666666
2019-09-29,22.03333333333333,17.400000000000002,28.46666666666667,,0.7333333333333334,73.13333333333333,9.333333333333334,20.08,1.1333333333333333
2019-09-30,21.5,14.799999999999999,29.0,,0.7666666666666666,73.93333333333334,9.466666666666667,19.835,2.8333333333333335
2019-10-01,21.8,17.7,26.099999999999998,,0.8666666666666667,84.06666666666666,0.03333333333333333,8.03,9.066666666666668
2019-10-02,21.033333333333335,20.0,22.599999999999998,72.63333333333334,1.5666666666666667,91.33333333333333,0.0,1.655,10.0
2019-10-03,21.900000000000002,18.633333333333333,26.766666666666666,13.533333333333333,2.0,83.63333333333334,3.8000000000000003,13.100000000000001,5.966666666666666
2019-10-04,21.833333333333332,18.166666666666668,27.8,,0.8333333333333334,83.26666666666667,5.8999999999999995,15.015,5.8
2019-10-05,19.099999999999998,16.266666666666666,21.833333333333332,0.03333333333333333,1.4000000000000001,80.73333333333333,0.5666666666666668,5.005000000000001,8.299999999999999
2019-10-06,17.733333333333334,14.700000000000001,21.96666666666667,,2.3333333333333335,65.5,7.933333333333333,17.1,6.666666666666667
2019-10-07,15.200000000000001,13.799999999999999,16.7,9.733333333333334,0.9,88.76666666666667,0.0,3.435,9.1
2019-10-08,15.066666666666668,9.5,22.0,0.0,1.3666666666666665,71.96666666666667,7.199999999999999,15.940000000000001,3.9333333333333336
2019-10-09,12.566666666666668,5.766666666666667,20.266666666666666,,0.6333333333333333,68.89999999999999,10.066666666666666,18.89,2.1999999999999997
2019-10-10,13.533333333333333,8.533333333333333,19.333333333333332,,0.5333333333333333,76.33333333333333,1.366666666666667,9.105,7.466666666666666
2019-10-11,16.733333333333334,10.700000000000001,24.933333333333334,,0.7999999999999999,71.89999999999999,7.766666666666666,16.560000000000002,3.266666666666667
2019-10-12,17.433333333333334,12.466666666666667,24.366666666666664,,1.7333333333333334,63.96666666666667,10.166666666666666,18.265,0.4000000000000001
2019-10-13,15.6,9.333333333333334,22.333333333333332,,1.0999999999999999,69.10000000000001,10.166666666666666,18.369999999999997,1.9000000000000001
2019-10-14,13.933333333333332,9.466666666666667,20.666666666666668,,1.0,73.7,7.1000000000000005,13.135000000000002,4.5
2019-10-15,13.700000000000001,8.133333333333333,19.7,,1.3333333333333333,70.46666666666667,8.633333333333333,16.495,3.6666666666666665
2019-10-16,13.566666666666668,7.8,20.566666666666666,,0.4666666666666666,75.0,8.966666666666667,16.7,5.433333333333334
2019-10-17,14.066666666666668,9.833333333333334,20.03333333333333,,0.9333333333333332,75.5,4.0,11.754999999999999,6.866666666666667
2019-10-18,15.300000000000002,9.9,20.666666666666668,0.3,1.3333333333333333,78.16666666666667,1.2666666666666668,8.955,6.8999999999999995
2019-10-19,16.333333333333332,11.6,23.133333333333336,,0.7000000000000001,75.13333333333334,8.133333333333333,16.564999999999998,1.7333333333333334
2019-10-20,14.566666666666668,9.733333333333334,22.5,,0.3666666666666667,77.43333333333334,8.1,16.53,1.3333333333333333
2019-10-21,14.933333333333332,8.4,23.46666666666667,,0.6,75.39999999999999,8.366666666666667,16.23,3.9
2019-10-22,16.066666666666666,9.799999999999999,23.3,,1.0,72.39999999999999,9.366666666666667,16.52,3.0666666666666664
2019-10-23,16.033333333333335,11.633333333333333,19.233333333333334,0.0,1.2,70.53333333333333,0.3666666666666667,6.085,9.066666666666668
2019-10-24,18.03333333333333,14.200000000000001,23.3,,1.4666666666666668,59.866666666666674,6.566666666666666,13.905000000000001,5.8
2019-10-25,16.7,11.266666666666666,23.2,0.2,1.0666666666666667,67.73333333333333,7.033333333333334,13.515,5.966666666666666
2019-10-26,12.066666666666668,7.466666666666666,16.733333333333334,0.0,1.8666666666666665,65.06666666666666,8.0,15.129999999999999,5.366666666666667
2019-10-27,10.0,4.433333333333334,17.066666666666666,,0.7999999999999999,68.73333333333333,9.766666666666667,16.325,1.2
2019-10-28,10.766666666666666,3.5999999999999996,18.233333333333334,,0.9333333333333335,69.7,7.966666666666668,15.245000000000001,3.0666666666666664
2019-10-29,13.033333333333333,8.633333333333333,18.400000000000002,0.9,1.3333333333333333,70.06666666666666,5.466666666666666,10.8,3.4
2019-10-30,10.666666666666666,5.033333333333333,17.866666666666667,,0.6666666666666666,71.83333333333333,9.766666666666667,15.825000000000001,0.8333333333333334
2019-10-31,12.233333333333334,4.7,20.233333333333334,,0.8333333333333334,78.2,8.633333333333333,14.32,3.1666666666666665
2019-11-01,14.1,9.266666666666666,21.433333333333334,,0.6666666666666666,70.96666666666667,7.533333333333334,13.155000000000001,4.1000000000000005
2019-11-02,12.866666666666665,6.466666666666666,19.599999999999998,,0.43333333333333335,77.23333333333333,4.233333333333333,9.135,5.533333333333334
2019-11-03,14.0,9.233333333333333,20.633333333333333,,0.7333333333333334,74.26666666666667,7.133333333333333,12.315000000000001,5.3
2019-11-04,12.866666666666667,7.933333333333334,20.166666666666668,,0.6666666666666666,70.89999999999999,8.866666666666665,14.205,1.2333333333333334
2019-11-05,11.033333333333333,5.233333333333333,19.0,,0.8666666666666667,76.89999999999999,8.033333333333333,12.75,2.1333333333333333
2019-11-06,10.4,4.733333333333333,17.633333333333336,,0.7000000000000001,76.33333333333333,6.933333333333334,12.870000000000001,4.933333333333334
2019-11-07,10.0,4.133333333333333,16.966666666666665,,1.2333333333333334,64.66666666666667,7.833333333333333,12.795,2.966666666666667
2019-11-08,6.1000000000000005,-0.2666666666666666,14.166666666666666,,0.7666666666666666,57.9,9.266666666666666,14.545,0.0
2019-11-09,7.133333333333333,-0.5,16.733333333333334,,0.7000000000000001,59.6,9.166666666666666,13.93,0.03333333333333333
2019-11-10,8.366666666666667,1.8333333333333333,15.733333333333334,10.633333333333333,0.9,72.10000000000001,3.466666666666667,7.635,8.066666666666668
2019-11-11,11.200000000000001,8.133333333333333,16.0,2.8000000000000003,1.5666666666666667,81.33333333333333,2.433333333333333,5.485,6.8
2019-11-12,8.733333333333333,3.8333333333333335,16.0,,0.5666666666666667,78.8,7.1000000000000005,11.075,3.1
2019-11-13,7.3999999999999995,3.033333333333333,12.466666666666667,2.9,1.2,81.66666666666667,0.39999999999999997,2.85,8.066666666666668
2019-11-14,2.5,-1.3,7.2,0.0,2.1999999999999997,43.333333333333336,9.1,14.095,0.9
2019-11-15,8.866666666666667,-2.2333333333333334,16.766666666666666,2.1666666666666665,1.3,68.56666666666666,5.7,9.645,4.633333333333334
2019-11-16,11.433333333333332,6.7,16.8,0.7000000000000001,0.6666666666666666,83.73333333333333,5.133333333333334,9.66,4.433333333333334
2019-11-17,9.266666666666667,5.0,13.166666666666666,56.76666666666667,0.9333333333333332,94.43333333333334,0.0,0.9099999999999999,9.133333333333333
2019-11-18,7.3,2.1,13.633333333333335,16.900000000000002,2.6333333333333333,72.2,2.1333333333333333,6.445,8.666666666666666
2019-11-19,2.1999999999999997,-0.7333333333333333,5.633333333333333,0.06666666666666667,1.6666666666666667,69.33333333333333,5.3,8.469999999999999,4.266666666666667
2019-11-20,1.5,-3.0666666666666664,8.1,,0.5333333333333333,60.26666666666667,8.766666666666666,13.49,0.16666666666666666
2019-11-21,3.8000000000000003,-3.5666666666666664,11.333333333333334,,0.5333333333333333,58.86666666666667,6.8,10.16,5.8
2019-11-22,9.1,2.1333333333333333,17.366666666666667,,1.0,62.03333333333333,8.733333333333333,12.515,1.3333333333333333
2019-11-23,10.4,3.733333333333333,18.033333333333335,0.0,0.8333333333333334,75.16666666666667,7.7,10.385000000000002,5.266666666666667
2019-11-24,12.1,6.2,20.8,2.1,1.4666666666666668,77.43333333333334,7.666666666666667,10.605,5.166666666666667
2019-11-25,3.4,0.9333333333333332,8.5,,1.7,71.03333333333335,0.26666666666666666,5.49,7.3999999999999995
2019-11-26,7.466666666666666,0.16666666666666674,14.5,,0.8333333333333334,72.53333333333333,5.2,10.945,4.366666666666666
2019-11-27,5.3999999999999995,1.0666666666666667,8.366666666666667,0.0,1.3666666666666665,58.199999999999996,4.733333333333333,7.84,8.1
2019-11-28,4.033333333333333,-1.5,11.866666666666667,,0.6333333333333333,70.2,7.366666666666667,10.975,2.8000000000000003
2019-11-29,2.3333333333333335,-1.9333333333333333,9.166666666666666,,0.7000000000000001,59.06666666666666,8.533333333333333,12.385,1.0666666666666667
2019-11-30,4.233333333333333,-2.966666666666667,12.533333333333333,,0.5,60.23333333333333,7.266666666666667,9.725,5.3
2019-12-01,5.933333333333334,4.066666666666666,7.733333333333333,10.333333333333334,0.3,81.23333333333333,0.09999999999999999,2.38,9.266666666666666
2019-12-02,2.3333333333333335,-1.6333333333333335,6.366666666666667,0.0,2.0,64.93333333333334,6.6000000000000005,10.59,4.766666666666667
2019-12-03,1.4000000000000001,-3.4333333333333336,5.666666666666667,0.7999999999999999,0.9,77.86666666666666,3.3000000000000003,6.23,5.933333333333334
2019-12-04,5.066666666666666,1.4000000000000001,9.6,0.05,1.1333333333333333,64.86666666666666,7.433333333333334,11.129999999999999,3.8000000000000003
2019-12-05,-0.9666666666666667,-6.033333333333334,3.6,,2.1666666666666665,49.1,8.333333333333334,11.219999999999999,1.3333333333333333
2019-12-06,-4.766666666666667,-9.6,1.0666666666666667,,1.0333333333333334,51.333333333333336,8.366666666666667,11.89,0.0
2019-12-07,-1.3,-7.966666666666666,5.3,,0.5,69.43333333333334,3.0666666666666664,6.525,4.766666666666667
2019-12-08,0.3333333333333333,-4.2,6.733333333333333,,0.4666666666666666,71.03333333333333,8.066666666666666,11.205,1.0333333333333334
2019-12-09,1.7333333333333334,-4.866666666666666,9.766666666666667,,0.4666666666666666,73.3,6.133333333333333,8.575,3.0
2019-12-10,6.3999999999999995,1.1666666666666667,13.366666666666667,,0.5333333333333333,78.96666666666665,3.3666666666666667,6.390000000000001,5.066666666666666
2019-12-11,5.933333333333334,1.8,11.266666666666666,0.5,1.7,73.16666666666667,0.9666666666666667,3.33,6.3999999999999995
2019-12-12,0.6,-3.266666666666667,5.333333333333333,,1.4000000000000001,54.133333333333326,8.366666666666667,11.29,0.0
2019-12-13,0.10000000000000009,-6.033333333333334,6.966666666666666,,0.5,57.4,8.033333333333333,9.115,4.066666666666666
2019-12-14,3.3000000000000003,0.2333333333333334,8.0,0.4666666666666666,1.1,64.63333333333333,8.033333333333333,10.524999999999999,4.633333333333334
2019-12-15,4.3,-2.9,12.6,,0.7333333333333334,69.03333333333333,7.8,10.045,3.4
2019-12-16,6.666666666666667,0.3999999999999999,14.5,,0.4666666666666666,74.36666666666666,7.833333333333333,9.43,2.8000000000000003
2019-12-17,6.8,3.733333333333333,9.966666666666667,1.8666666666666665,0.9333333333333332,89.36666666666667,0.0,1.175,8.966666666666667
2019-12-18,2.533333333333333,-0.09999999999999994,6.3,,1.2666666666666666,73.3,2.8666666666666667,5.73,6.733333333333333
2019-12-19,0.3666666666666667,-3.233333333333334,5.266666666666667,,1.1666666666666667,55.43333333333334,8.033333333333333,10.785,1.7
2019-12-20,0.1333333333333333,-3.4333333333333336,4.633333333333333,0.06666666666666667,1.0999999999999999,68.5,5.666666666666667,8.695,4.6000000000000005
2019-12-21,-0.7000000000000001,-5.733333333333333,5.7,,0.7000000000000001,73.36666666666667,3.6666666666666665,7.12,4.333333333333333
2019-12-22,2.4,-2.1,9.133333333333333,,0.5333333333333333,74.46666666666665,4.633333333333334,7.59,5.8
2019-12-23,2.933333333333333,-0.9333333333333332,7.666666666666667,0.06666666666666667,1.0666666666666667,78.2,2.966666666666667,6.205,5.166666666666667
2019-12-24,-0.10000000000000002,-3.5666666666666664,7.066666666666666,,0.6666666666666666,80.56666666666666,4.766666666666667,8.415000000000001,3.0
2019-12-25,1.1333333333333335,-5.366666666666667,8.433333333333332,0.0,0.6666666666666666,66.89999999999999,2.9333333333333336,6.71,6.5
2019-12-26,2.0,0.26666666666666666,3.466666666666667,2.5,1.2333333333333334,75.23333333333333,0.0,1.345,8.6
2019-12-27,-0.43333333333333335,-3.8333333333333335,4.233333333333333,,1.3666666666666665,61.56666666666666,8.200000000000001,10.645,0.26666666666666666
2019-12-28,-0.5000000000000001,-6.333333333333333,7.3,,0.5,65.66666666666667,8.166666666666666,10.58,0.0
2019-12-29,1.4333333333333333,-3.5,5.5,7.233333333333334,0.6333333333333333,76.26666666666667,0.03333333333333333,3.08,8.966666666666667
2019-12-30,3.6,-1.1,8.033333333333333,0.9,1.3333333333333333,86.10000000000001,0.2333333333333333,2.965,8.0
2019-12-31,-5.566666666666666,-8.299999999999999,-1.1333333333333333,0.0,2.3666666666666667,57.43333333333334,8.366666666666667,11.719999999999999,1.1333333333333333
2020-01-01,-1.5333333333333332,-8.200000000000001,3.3333333333333335,0.0,0.7666666666666666,71.0,2.5333333333333337,7.62,7.433333333333334
2020-01-02,1.3666666666666665,-1.7,4.166666666666667,,0.5333333333333333,77.36666666666666,0.06666666666666667,3.06,7.449999999999999
2020-01-03,1.3666666666666665,-2.3333333333333335,6.433333333333334,,1.0333333333333334,73.33333333333333,5.733333333333333,9.02,2.6
2020-01-04,0.09999999999999994,-4.833333333333333,7.1000000000000005,,0.7666666666666666,75.76666666666667,4.833333333333333,7.52,1.7666666666666666
2020-01-05,0.4666666666666666,-5.633333333333333,7.3,,0.5666666666666668,65.33333333333333,7.5,11.51,3.5666666666666664
2020-01-06,2.3333333333333335,-1.1666666666666667,4.7,8.799999999999999,0.7999999999999999,86.43333333333334,0.0,1.775,9.966666666666667
2020-01-07,8.166666666666666,4.533333333333334,13.200000000000001,52.0,0.9333333333333335,96.7,0.0,0.825,9.933333333333334
2020-01-08,4.266666666666667,2.1999999999999997,11.433333333333332,3.5333333333333337,2.3666666666666667,87.93333333333334,0.06666666666666667,1.69,9.266666666666667
2020-01-09,0.8333333333333334,-2.4,4.3,0.0,1.7,71.76666666666667,6.1000000000000005,9.465,4.066666666666666
2020-01-10,-0.26666666666666666,-4.433333333333333,6.033333333333334,0.0,0.7000000000000001,75.16666666666667,8.066666666666666,11.175,4.066666666666666
2020-01-11,0.5,-3.9333333333333336,6.233333333333333,,0.9666666666666668,72.53333333333333,7.833333333333333,10.535,4.433333333333334
2020-01-12,0.9,-1.2666666666666668,5.0,,1.3666666666666665,66.56666666666666,4.666666666666667,8.855,4.833333333333333
2020-01-13,-0.39999999999999997,-3.6666666666666665,2.9,0.0,1.5999999999999999,62.633333333333326,4.466666666666667,8.09,5.533333333333334
2020-01-14,-0.9,-4.3,4.066666666666666,,1.0333333333333334,61.63333333333333,7.533333333333334,9.754999999999999,4.0
2020-01-15,-1.6333333333333335,-5.2,3.266666666666667,,1.0666666666666667,65.60000000000001,8.5,11.975000000000001,1.8333333333333333
2020-01-16,-1.3666666666666665,-5.266666666666667,5.0,,0.8333333333333334,59.666666666666664,8.033333333333333,11.23,6.5
2020-01-17,-0.8666666666666667,-4.266666666666667,5.233333333333333,,0.6333333333333333,60.06666666666666,5.6000000000000005,9.615,4.7
2020-01-18,-0.06666666666666665,-4.866666666666666,6.933333333333334,,0.8333333333333334,56.633333333333326,8.5,12.239999999999998,2.3666666666666667
2020-01-19,1.8666666666666665,-3.266666666666667,8.133333333333333,0.05,1.2333333333333334,64.8,3.6999999999999997,7.735,6.366666666666667
2020-01-20,2.233333333333333,-1.7,7.166666666666667,0.0,1.866666666666667,62.300000000000004,6.5,10.7,3.9
2020-01-21,-0.2333333333333334,-5.8999999999999995,6.466666666666666,,0.8333333333333334,47.1,8.9,13.059999999999999,2.6
2020-01-22,1.9333333333333333,-0.8666666666666667,3.6,0.3,0.6,65.46666666666665,0.0,2.225,9.766666666666667
2020-01-23,5.333333333333333,1.8,11.799999999999999,1.4000000000000001,0.9,66.7,5.7,11.14,6.466666666666666
2020-01-24,3.6999999999999997,-1.2666666666666666,10.6,,0.6333333333333333,68.83333333333333,8.233333333333333,11.965,4.833333333333333
2020-01-25,4.533333333333333,0.03333333333333336,9.933333333333332,,0.6333333333333333,77.86666666666666,2.033333333333333,7.225,7.966666666666666
2020-01-26,6.0,0.033333333333333215,11.6,,2.1,69.36666666666666,5.2,10.075,8.299999999999999
2020-01-27,5.533333333333334,2.9333333333333336,7.833333333333333,5.166666666666667,2.9333333333333336,74.3,0.0,1.9300000000000002,9.966666666666667
2020-01-28,6.0,2.3333333333333335,10.1,0.0,0.9333333333333332,77.16666666666667,1.7333333333333334,7.6850000000000005,8.266666666666667
2020-01-29,6.1000000000000005,3.1666666666666665,9.9,0.0,0.8666666666666667,65.63333333333334,1.9333333333333336,7.5600000000000005,8.666666666666666
2020-01-30,5.6000000000000005,2.6,10.233333333333333,0.0,0.9,62.23333333333333,4.5,9.535,6.466666666666666
2020-01-31,3.566666666666667,0.3333333333333333,7.533333333333334,,1.0,70.26666666666667,2.3000000000000003,6.425,6.166666666666667
2020-02-01,1.6666666666666667,-2.6,6.866666666666667,,0.8000000000000002,78.53333333333333,1.5666666666666667,5.949999999999999,5.733333333333333
2020-02-02,1.3333333333333333,-2.533333333333333,6.833333333333333,,0.7333333333333334,71.8,7.166666666666667,10.195,4.466666666666666
2020-02-03,0.9666666666666667,-3.5,5.166666666666667,0.0,1.6333333333333335,57.96666666666667,8.933333333333334,13.71,2.766666666666667
2020-02-04,-0.26666666666666666,-6.633333333333333,6.333333333333333,0.3333333333333333,1.0,62.06666666666666,9.333333333333334,14.61,1.9000000000000001
2020-02-05,-5.1000000000000005,-8.666666666666666,0.23333333333333336,0.1,2.3333333333333335,47.46666666666667,9.5,15.775,0.03333333333333333
2020-02-06,-5.466666666666666,-11.066666666666668,0.4666666666666666,,0.8333333333333334,48.800000000000004,8.1,12.445,2.3333333333333335
2020-02-07,-1.7,-8.299999999999999,3.8666666666666667,,1.0333333333333334,56.79999999999999,6.3,11.885000000000002,6.6000000000000005
2020-02-08,1.0,-3.1,5.566666666666666,0.0,1.7,57.199999999999996,7.8999999999999995,14.24,2.75
2020-02-09,-0.4666666666666666,-6.766666666666667,6.0,,1.0,59.23333333333333,9.6,15.629999999999999,0.7333333333333334
2020-02-10,4.2,-1.0333333333333334,11.266666666666666,,1.0333333333333334,56.366666666666674,8.666666666666666,14.42,1.6666666666666667
2020-02-11,5.733333333333333,-3.1666666666666665,15.033333333333333,,0.7333333333333334,50.56666666666666,8.533333333333333,14.575,4.166666666666667
2020-02-12,7.066666666666666,4.333333333333333,9.366666666666667,13.666666666666666,0.9,89.60000000000001,0.0,1.67,9.233333333333334
2020-02-13,7.666666666666667,3.5,10.866666666666667,0.2333333333333333,1.1666666666666667,87.53333333333335,0.5666666666666667,6.515000000000001,7.833333333333333
2020-02-14,6.6000000000000005,2.733333333333333,13.9,,0.7666666666666666,84.39999999999999,5.333333333333333,10.52,5.5
2020-02-15,9.533333333333333,2.4,16.0,1.2666666666666666,1.2333333333333334,76.39999999999999,5.1000000000000005,9.850000000000001,6.866666666666667
2020-02-16,0.6,-2.433333333333333,8.333333333333334,7.3999999999999995,2.3333333333333335,82.10000000000001,1.5999999999999999,5.475,9.5
2020-02-17,-3.8333333333333335,-6.233333333333333,-0.9,1.0333333333333334,2.533333333333333,74.16666666666667,4.1000000000000005,9.945,8.266666666666667
2020-02-18,-2.466666666666667,-8.333333333333334,3.8333333333333335,0.03333333333333333,1.2,64.13333333333334,9.833333333333334,17.915,1.3333333333333333
2020-02-19,1.3333333333333333,-4.8999999999999995,8.166666666666666,,0.7999999999999999,68.10000000000001,7.433333333333334,14.285,7.133333333333333
2020-02-20,4.6,-1.6666666666666667,12.299999999999999,,0.6333333333333333,68.13333333333334,9.6,15.44,2.3333333333333335
2020-02-21,6.6000000000000005,-0.8666666666666666,13.966666666666667,1.3999999999999997,0.7666666666666666,70.13333333333334,6.033333333333334,11.855,7.333333333333333
2020-02-22,5.833333333333333,1.6000000000000003,10.266666666666667,1.9333333333333333,2.733333333333333,60.46666666666667,7.333333333333333,13.995000000000001,4.333333333333333
2020-02-23,3.1666666666666665,-2.1666666666666665,9.266666666666667,,1.3333333333333333,51.6,10.166666666666666,18.405,0.0
2020-02-24,6.466666666666666,-2.9333333333333336,15.1,0.13333333333333333,0.7666666666666666,54.26666666666667,9.333333333333334,17.095,4.366666666666666
2020-02-25,6.466666666666666,5.133333333333334,8.6,46.13333333333333,1.5999999999999999,92.09999999999998,0.0,0.895,9.5
2020-02-26,7.1000000000000005,2.6666666666666665,13.833333333333334,,1.2666666666666666,75.36666666666666,6.8,15.239999999999998,2.733333333333333
2020-02-27,6.066666666666667,2.033333333333333,11.166666666666666,,1.1333333333333335,66.96666666666667,7.266666666666667,15.695,3.4
2020-02-28,4.3999999999999995,2.1333333333333333,5.933333333333334,4.633333333333333,0.8666666666666667,85.96666666666665,0.0,3.0999999999999996,9.0
2020-02-29,7.166666666666667,3.4333333333333336,12.766666666666666,,0.8666666666666667,79.56666666666666,6.066666666666666,13.295,5.1000000000000005
2020-03-01,6.366666666666667,1.9333333333333336,12.366666666666667,,1.3666666666666665,79.36666666666666,2.8666666666666667,11.0,7.566666666666666
2020-03-02,4.833333333333333,1.7666666666666668,9.466666666666667,,2.066666666666667,56.633333333333326,9.933333333333334,19.310000000000002,3.466666666666667
2020-03-03,6.7,-0.6666666666666666,14.133333333333333,,1.2666666666666666,64.7,7.3999999999999995,16.29,6.666666666666667
2020-03-04,3.533333333333333,-0.16666666666666666,8.299999999999999,0.0,2.6333333333333333,57.333333333333336,6.833333333333333,18.58,6.8999999999999995
2020-03-05,2.1333333333333333,-2.466666666666667,8.433333333333334,,1.5999999999999999,50.5,10.266666666666666,20.43,0.6
2020-03-06,3.6,-4.566666666666666,11.833333333333334,,0.7999999999999999,48.6,10.466666666666667,20.275,3.433333333333333
2020-03-07,5.233333333333333,0.8000000000000002,9.933333333333332,0.0,0.6333333333333333,61.43333333333334,0.16666666666666666,5.915,6.833333333333333
2020-03-08,7.8,-0.8999999999999999,17.666666666666668,,0.8666666666666667,61.199999999999996,10.366666666666667,20.200000000000003,0.39999999999999997
2020-03-09,9.266666666666667,1.4333333333333336,15.866666666666667,1.4666666666666668,1.0,64.96666666666667,5.166666666666667,12.09,7.466666666666666
2020-03-10,6.633333333333333,3.2999999999999994,8.866666666666667,9.333333333333334,1.7,84.93333333333334,0.0,2.175,7.466666666666666
2020-03-11,4.3,-0.033333333333333215,9.4,,2.3,48.96666666666667,10.6,22.195,0.0
2020-03-12,6.233333333333333,-2.3666666666666667,15.700000000000001,,1.2333333333333334,47.63333333333333,10.4,21.025,0.09999999999999999
2020-03-13,5.833333333333333,0.4666666666666666,11.700000000000001,,1.6666666666666667,48.36666666666667,6.566666666666666,15.405000000000001,5.366666666666667
2020-03-14,4.566666666666666,-2.3000000000000003,11.166666666666666,,1.8,47.9,10.533333333333333,21.695,1.5333333333333332
2020-03-15,4.6000000000000005,-0.10000000000000002,11.5,0.0,2.733333333333333,52.73333333333333,8.133333333333333,17.7,4.2
2020-03-16,3.9333333333333336,-2.6333333333333333,11.0,,1.5,47.833333333333336,10.733333333333334,22.56,0.3
2020-03-17,6.433333333333334,0.4666666666666668,12.6,,1.6666666666666667,73.36666666666666,2.8666666666666667,7.5200000000000005,4.666666666666667
2020-03-18,9.200000000000001,1.0,18.733333333333334,,0.9666666666666667,58.03333333333333,8.833333333333334,21.64,1.3
2020-03-19,9.0,4.133333333333333,14.9,,3.0,51.199999999999996,5.933333333333334,14.955,3.6666666666666665
2020-03-20,8.766666666666667,1.8333333333333333,16.066666666666666,,1.7,45.26666666666667,10.766666666666666,22.35,0.2333333333333333
2020-03-21,13.433333333333332,3.1666666666666665,22.599999999999998,,1.4666666666666668,54.76666666666667,8.6,19.265,2.5
2020-03-22,12.533333333333331,6.7,19.3,,1.8666666666666665,49.13333333333333,10.799999999999999,23.46,1.7333333333333334
2020-03-23,9.9,1.9000000000000001,18.466666666666665,,1.5666666666666667,49.76666666666667,11.233333333333334,22.759999999999998,0.0
2020-03-24,10.533333333333333,2.3333333333333335,18.7,,0.9333333333333332,51.13333333333333,11.166666666666666,22.54,0.03333333333333333
2020-03-25,12.733333333333334,3.1,21.766666666666666,,0.9333333333333332,47.43333333333334,10.766666666666666,22.475,2.6999999999999997
2020-03-26,13.866666666666667,7.966666666666666,19.766666666666666,0.6333333333333333,1.0666666666666667,69.5,1.7,9.195,9.233333333333334
2020-03-27,11.333333333333334,4.966666666666666,14.700000000000001,12.200000000000001,1.4333333333333333,80.46666666666665,2.1666666666666665,6.640000000000001,7.066666666666666
2020-03-28,7.066666666666666,3.4,12.266666666666666,,1.4333333333333333,42.6,4.966666666666667,15.809999999999999,7.166666666666667
2020-03-29,8.533333333333333,-0.3666666666666667,15.933333333333332,,1.3,52.13333333333333,9.799999999999999,23.57,4.033333333333333
2020-03-30,11.433333333333332,5.066666666666666,18.5,,1.0666666666666667,49.833333333333336,11.4,24.69,2.1999999999999997
2020-03-31,11.866666666666667,2.6,20.433333333333334,,1.0666666666666667,43.666666666666664,10.333333333333334,22.915,4.6
2020-04-01,10.933333333333332,4.933333333333334,19.166666666666668,,1.7333333333333334,42.36666666666667,7.133333333333333,18.7,4.633333333333333
2020-04-02,9.4,1.8,17.366666666666664,,1.2,48.300000000000004,11.0,21.314999999999998,2.533333333333333
2020-04-03,10.166666666666666,2.3000000000000003,18.033333333333335,,1.4666666666666668,42.03333333333333,11.566666666666668,24.915,0.3
2020-04-04,8.333333333333334,3.0666666666666664,15.833333333333334,,2.2333333333333334,49.13333333333333,10.0,22.195,1.0333333333333334
2020-04-05,7.033333333333334,-0.4666666666666666,15.433333333333332,,1.4000000000000001,36.43333333333333,11.866666666666667,26.555,0.0
2020-04-06,8.9,-0.2333333333333334,17.7,,1.3,44.06666666666666,10.566666666666666,24.75,3.3000000000000003
2020-04-07,11.266666666666666,3.5,19.5,,1.7666666666666666,52.93333333333334,10.9,21.88,1.3333333333333333
2020-04-08,9.4,3.8000000000000003,15.566666666666668,,2.1999999999999997,38.1,11.866666666666667,27.1,0.0
2020-04-09,8.733333333333333,1.2,15.833333333333334,,1.5,46.46666666666667,11.200000000000001,24.295,3.1333333333333333
2020-04-10,10.799999999999999,4.533333333333333,17.233333333333334,,1.4666666666666668,50.4,9.533333333333333,22.295,5.333333333333333
2020-04-11,8.700000000000001,3.9,14.5,,1.2333333333333334,57.666666666666664,4.8,16.02,6.8
2020-04-12,8.166666666666666,1.5,15.566666666666668,0.7333333333333334,1.5999999999999999,68.5,6.166666666666667,16.395,3.6
2020-04-13,10.4,4.066666666666666,18.400000000000002,,2.3000000000000003,43.13333333333333,10.233333333333333,26.325,2.466666666666667
2020-04-14,12.333333333333334,3.0666666666666664,21.866666666666664,,1.3333333333333333,41.666666666666664,11.966666666666667,27.17,0.7999999999999999
2020-04-15,12.5,3.766666666666667,21.133333333333333,,1.0,40.300000000000004,8.700000000000001,20.58,6.233333333333333
2020-04-16,15.033333333333333,5.333333333333333,22.866666666666664,,2.1333333333333333,45.36666666666667,11.200000000000001,25.03,3.4
2020-04-17,13.299999999999999,9.5,18.933333333333334,9.133333333333333,2.3333333333333335,71.86666666666666,4.6000000000000005,14.185,6.866666666666667
2020-04-18,13.799999999999999,9.466666666666667,20.133333333333333,0.05,1.7333333333333334,66.7,7.133333333333333,22.130000000000003,5.366666666666667
2020-04-19,10.933333333333332,8.466666666666667,14.4,13.233333333333334,1.8666666666666665,82.36666666666666,0.09999999999999999,5.255000000000001,9.133333333333333
2020-04-20,10.733333333333334,7.733333333333333,16.099999999999998,0.0,1.7666666666666666,77.0,1.8,11.555,7.8999999999999995
2020-04-21,8.433333333333334,4.1000000000000005,13.733333333333334,,2.9,50.300000000000004,11.133333333333333,27.64,4.466666666666667
2020-04-22,6.833333333333333,3.9,10.833333333333334,0.0,3.033333333333333,44.166666666666664,7.633333333333333,19.855,4.133333333333334
2020-04-23,8.466666666666667,2.3333333333333335,14.933333333333332,,2.6,44.199999999999996,10.200000000000001,25.325,2.5
2020-04-24,9.966666666666667,2.733333333333334,16.833333333333332,,2.3000000000000003,43.800000000000004,12.166666666666666,28.369999999999997,0.16666666666666666
2020-04-25,14.200000000000001,6.3,22.2,,2.6,48.73333333333333,11.266666666666666,24.975,2.4
2020-04-26,12.299999999999999,5.6000000000000005,19.0,,1.9000000000000001,46.29999999999999,11.9,28.505,1.5999999999999999
2020-04-27,11.566666666666668,4.7,18.066666666666666,0.0,1.5333333333333332,45.26666666666667,9.533333333333333,22.055,2.3000000000000003
2020-04-28,13.166666666666666,4.233333333333333,21.133333333333333,,1.8,50.5,12.366666666666667,28.175,0.0
2020-04-29,15.5,7.466666666666668,23.933333333333334,,1.4333333333333333,48.4,12.266666666666666,27.939999999999998,0.0
2020-04-30,17.133333333333333,6.166666666666667,26.333333333333332,,1.4333333333333333,58.1,12.166666666666666,28.16,0.16666666666666666
2020-05-01,21.633333333333336,14.6,29.333333333333332,,1.7333333333333334,67.56666666666666,10.700000000000001,25.785,2.8333333333333335
2020-05-02,22.266666666666666,18.5,26.96666666666667,0.0,1.4333333333333336,60.43333333333334,5.8,19.01,8.633333333333333
2020-05-03,18.7,16.400000000000002,21.566666666666666,4.0,1.2666666666666666,82.2,1.1666666666666667,10.850000000000001,7.933333333333334
2020-05-04,20.46666666666667,14.266666666666666,27.46666666666667,,1.4666666666666668,71.43333333333334,7.433333333333334,21.035,6.233333333333333
2020-05-05,15.4,11.833333333333334,21.5,1.8333333333333333,1.0333333333333334,84.96666666666665,3.5,10.1,6.8999999999999995
2020-05-06,18.966666666666665,11.866666666666667,27.666666666666668,,1.6333333333333335,60.76666666666667,10.766666666666666,27.439999999999998,2.9666666666666663
2020-05-07,18.900000000000002,11.5,25.266666666666666,,2.8666666666666667,36.53333333333333,11.466666666666667,29.145000000000003,4.3999999999999995
2020-05-08,18.566666666666666,11.466666666666667,25.333333333333332,5.5,1.7666666666666666,42.6,8.4,24.689999999999998,6.8
2020-05-09,15.866666666666667,13.166666666666666,18.3,14.4,2.3333333333333335,92.33333333333333,0.0,3.645,9.733333333333334
2020-05-10,14.666666666666666,12.700000000000001,18.166666666666668,0.3333333333333333,1.6333333333333335,89.33333333333333,1.1666666666666667,8.68,8.166666666666666
2020-05-11,18.333333333333332,13.433333333333332,24.7,0.0,1.8,60.76666666666667,9.700000000000001,26.41,5.633333333333333
2020-05-12,16.366666666666667,11.933333333333332,21.333333333333332,0.06666666666666667,2.3333333333333335,60.06666666666666,11.299999999999999,24.97,3.033333333333333
2020-05-13,15.833333333333334,8.166666666666666,23.099999999999998,,1.7333333333333334,51.06666666666666,12.700000000000001,30.245,0.7666666666666666
2020-05-14,19.466666666666665,10.766666666666666,27.233333333333334,,0.7999999999999999,45.166666666666664,8.5,24.105,7.866666666666667
2020-05-15,16.466666666666665,14.799999999999999,19.8,21.8,1.7666666666666666,82.33333333333333,0.0,3.605,9.799999999999999
2020-05-16,17.900000000000002,15.4,21.333333333333332,0.0,1.2,84.16666666666667,2.6333333333333333,15.245000000000001,9.0
2020-05-17,21.099999999999998,15.666666666666666,28.03333333333333,,1.1333333333333333,72.5,8.633333333333333,25.479999999999997,6.566666666666666
2020-05-18,19.866666666666664,14.166666666666666,26.166666666666668,21.46666666666667,2.4,78.36666666666666,7.166666666666667,20.77,7.666666666666667
2020-05-19,13.433333333333332,11.433333333333332,16.8,2.8000000000000003,1.7,80.10000000000001,1.8666666666666665,11.445,7.266666666666666
2020-05-20,14.0,8.0,20.066666666666666,,1.5,68.3,9.533333333333333,27.15,2.766666666666667
2020-05-21,17.0,9.366666666666667,22.933333333333334,,1.0,67.93333333333334,10.533333333333333,26.045,3.5666666666666664
2020-05-22,18.733333333333334,13.666666666666666,24.633333333333336,2.766666666666667,1.8666666666666665,70.5,7.466666666666666,24.32,6.7
2020-05-23,20.233333333333334,14.5,26.233333333333334,,1.5666666666666667,65.83333333333333,12.4,29.265,2.5666666666666664
2020-05-24,19.566666666666666,16.03333333333333,23.96666666666667,3.3000000000000003,1.4333333333333333,77.93333333333334,5.933333333333334,18.189999999999998,7.3999999999999995
2020-05-25,17.333333333333332,14.233333333333334,21.633333333333336,,0.9666666666666667,80.03333333333335,2.3666666666666667,13.595,9.0
2020-05-26,18.866666666666667,14.066666666666668,25.03333333333333,0.0,1.1666666666666667,70.86666666666666,8.1,22.91,7.533333333333334
2020-05-27,18.5,12.833333333333334,24.833333333333332,0.0,1.4666666666666668,60.199999999999996,12.333333333333334,29.634999999999998,4.266666666666667
2020-05-28,18.666666666666668,11.633333333333333,25.333333333333332,,1.2666666666666666,66.26666666666667,9.5,26.685,4.2
2020-05-29,20.866666666666667,14.433333333333335,27.433333333333334,,1.0666666666666667,62.93333333333334,10.266666666666666,28.77,4.766666666666667
2020-05-30,22.133333333333336,14.9,28.8,,1.2,59.199999999999996,10.933333333333332,26.595,4.6000000000000005
2020-05-31,21.633333333333336,15.5,27.266666666666666,0.0,1.2,62.5,5.533333333333334,20.740000000000002,7.7
2020-06-01,20.733333333333334,15.566666666666668,26.3,1.0666666666666667,2.0,58.5,10.966666666666667,30.145,5.1000000000000005
2020-06-02,19.433333333333334,14.033333333333333,23.633333333333336,0.19999999999999998,1.1333333333333333,59.76666666666667,1.9000000000000001,12.96,8.833333333333334
2020-06-03,22.866666666666664,18.099999999999998,28.53333333333333,0.2,1.2333333333333334,72.39999999999999,7.199999999999999,22.58,6.933333333333334
2020-06-04,25.099999999999998,21.266666666666666,30.833333333333332,,1.9000000000000001,67.33333333333333,10.633333333333333,28.415,4.166666666666667
2020-06-05,25.03333333333333,21.5,30.266666666666666,,1.4333333333333333,67.8,8.233333333333333,23.875,6.8999999999999995
2020-06-06,24.233333333333334,18.966666666666665,30.3,1.7,1.8333333333333333,65.63333333333333,10.066666666666666,25.995,4.733333333333333
2020-06-07,23.566666666666666,19.833333333333332,29.433333333333334,0.0,1.1666666666666667,64.86666666666666,7.733333333333334,23.785,3.6999999999999997
2020-06-08,25.5,19.03333333333333,32.333333333333336,,1.0666666666666667,63.699999999999996,12.533333333333333,28.515,1.0
2020-06-09,26.766666666666666,19.599999999999998,33.9,,1.1333333333333333,57.56666666666666,11.633333333333333,28.85,2.4
2020-06-10,25.766666666666666,20.400000000000002,33.800000000000004,57.1,1.0333333333333334,67.96666666666665,8.633333333333333,23.985,7.5
2020-06-11,25.133333333333336,20.53333333333333,30.866666666666664,17.066666666666666,1.1333333333333335,77.0,7.8999999999999995,23.435000000000002,5.833333333333333
2020-06-12,24.133333333333336,21.733333333333334,26.633333333333336,2.6,0.7666666666666666,85.46666666666665,0.7000000000000001,8.61,9.133333333333333
2020-06-13,24.366666666666664,20.666666666666668,30.566666666666666,16.0,1.2,82.23333333333333,5.3999999999999995,21.799999999999997,8.566666666666668
2020-06-14,24.266666666666666,20.666666666666668,28.566666666666666,1.4666666666666668,1.5666666666666667,78.53333333333333,5.533333333333334,18.08,6.2
2020-06-15,22.900000000000002,17.8,28.96666666666667,,1.6333333333333335,68.23333333333333,11.766666666666666,27.675,5.233333333333333
2020-06-16,23.333333333333332,17.666666666666668,29.3,,1.1333333333333333,69.83333333333333,8.866666666666667,26.74,6.333333333333333
2020-06-17,23.0,19.433333333333334,27.766666666666666,,1.1666666666666667,68.23333333333333,4.766666666666667,19.79,9.1
2020-06-18,20.7,19.166666666666668,22.766666666666666,0.2333333333333333,1.3333333333333333,77.26666666666667,0.3,9.33,9.333333333333334
2020-06-19,23.366666666666664,18.166666666666668,29.2,1.8,1.0999999999999999,69.39999999999999,9.933333333333334,27.155,4.633333333333333
2020-06-20,23.96666666666667,19.366666666666664,29.633333333333336,2.3,1.1333333333333333,75.76666666666667,8.966666666666667,23.86,4.833333333333333
2020-06-21,25.366666666666664,20.099999999999998,31.766666666666666,0.8,1.0666666666666667,70.46666666666665,10.9,28.275,2.8333333333333335
2020-06-22,26.433333333333334,19.966666666666665,33.300000000000004,,1.3,65.39999999999999,12.733333333333334,29.32,0.5
2020-06-23,26.53333333333333,21.0,31.566666666666666,,1.1666666666666667,66.8,6.033333333333334,21.075,7.6000000000000005
2020-06-24,22.866666666666664,21.033333333333335,26.066666666666666,3.8333333333333335,2.3333333333333335,77.5,0.0,5.4,9.9
2020-06-25,21.8,20.166666666666668,23.53333333333333,2.6333333333333333,1.3,88.03333333333335,0.0,5.8100000000000005,9.366666666666667
2020-06-26,23.166666666666668,19.433333333333334,28.066666666666666,0.16666666666666666,1.5999999999999999,75.56666666666666,5.433333333333334,21.15,7.133333333333333
2020-06-27,24.099999999999998,19.233333333333334,29.633333333333336,0.0,0.7666666666666666,74.46666666666665,4.5,19.270000000000003,6.6000000000000005
2020-06-28,24.53333333333333,19.233333333333334,30.400000000000002,,1.0,70.76666666666667,8.4,24.365000000000002,2.6
2020-06-29,22.166666666666668,19.2,26.666666666666668,39.4,2.233333333333333,83.73333333333333,0.16666666666666666,10.27,8.466666666666667
2020-06-30,20.333333333333332,18.466666666666665,22.233333333333334,23.833333333333332,1.6333333333333335,91.66666666666667,0.0,5.02,9.0
2020-07-01,20.933333333333334,17.333333333333332,24.53333333333333,0.8666666666666667,0.9,80.3,1.1333333333333333,12.28,7.8999999999999995
2020-07-02,23.53333333333333,18.033333333333335,29.333333333333332,,1.0,72.86666666666667,7.7,24.125,7.0
2020-07-03,21.833333333333332,18.933333333333334,24.53333333333333,1.0333333333333334,1.5,75.73333333333333,0.3333333333333333,10.620000000000001,9.4
2020-07-04,21.833333333333332,18.400000000000002,27.3,0.1,1.2,78.0,3.3333333333333335,18.115000000000002,7.933333333333334
2020-07-05,23.400000000000002,19.53333333333333,27.633333333333336,,0.7333333333333334,76.36666666666666,4.866666666666666,19.035,6.766666666666667
2020-07-06,24.2,19.533333333333335,29.46666666666667,0.85,1.0666666666666667,79.39999999999999,5.666666666666667,21.245,7.3
2020-07-07,24.400000000000002,21.7,28.333333333333332,0.1,1.0999999999999999,79.3,3.6666666666666665,15.055,6.166666666666667
2020-07-08,24.566666666666666,19.8,29.933333333333334,,0.9,76.76666666666667,7.3999999999999995,23.655,6.433333333333334
2020-07-09,26.2,20.599999999999998,31.3,,2.066666666666667,71.7,10.766666666666666,27.155,4.3
2020-07-10,24.766666666666666,21.766666666666666,28.8,10.200000000000001,1.6333333333333335,82.7,3.8333333333333335,16.494999999999997,8.066666666666668
2020-07-11,25.766666666666666,22.7,29.400000000000002,,1.2666666666666666,74.8,4.3,19.689999999999998,8.3
2020-07-12,22.066666666666666,19.099999999999998,24.633333333333336,27.433333333333334,2.3333333333333335,84.13333333333333,0.0,6.45,9.8
2020-07-13,19.099999999999998,17.533333333333335,20.633333333333336,98.93333333333334,2.566666666666667,89.73333333333333,0.0,3.565,9.566666666666666
2020-07-14,19.633333333333333,18.433333333333334,21.46666666666667,5.466666666666666,1.6333333333333335,91.96666666666665,0.0,8.845,8.066666666666666
2020-07-15,20.833333333333332,17.933333333333334,25.133333333333336,4.933333333333334,0.9666666666666667,87.43333333333332,2.433333333333333,13.14,7.333333333333333
2020-07-16,22.96666666666667,18.466666666666665,28.46666666666667,,0.7999999999999999,79.26666666666667,6.666666666666667,20.240000000000002,4.933333333333334
2020-07-17,24.5,19.599999999999998,30.53333333333333,11.0,0.9666666666666667,77.73333333333333,8.666666666666666,26.055,4.733333333333333
2020-07-18,24.53333333333333,21.099999999999998,28.599999999999998,,1.6333333333333335,70.36666666666666,7.3,21.810000000000002,5.633333333333333
2020-07-19,25.0,20.633333333333336,28.3,5.8999999999999995,2.3666666666666667,80.10000000000001,1.9666666666666668,14.969999999999999,9.299999999999999
2020-07-20,24.5,22.433333333333334,28.333333333333332,16.233333333333334,1.7666666666666666,87.2,0.3666666666666667,6.734999999999999,9.833333333333334
2020-07-21,25.5,21.433333333333334,29.866666666666664,0.1,0.7666666666666666,74.13333333333333,9.566666666666666,24.19,6.933333333333334
2020-07-22,23.066666666666666,21.766666666666666,24.566666666666666,30.3,0.8666666666666667,92.73333333333335,0.0,5.71,10.0
2020-07-23,21.833333333333332,20.733333333333334,22.933333333333334,46.76666666666667,1.9666666666666668,90.96666666666665,0.0,3.4299999999999997,9.5
2020-07-24,21.566666666666666,19.666666666666668,24.3,20.666666666666668,1.8666666666666665,90.5,0.3666666666666667,9.73,9.366666666666667
2020-07-25,22.433333333333334,20.400000000000002,25.666666666666668,8.333333333333334,0.9,92.16666666666667,0.7000000000000001,10.46,8.799999999999999
2020-07-26,23.599999999999998,21.266666666666666,26.96666666666667,1.2,0.6666666666666666,89.96666666666665,1.7333333333333334,12.325,8.833333333333334
2020-07-27,24.03333333333333,21.833333333333332,27.066666666666666,3.8000000000000003,1.0333333333333334,86.7,0.19999999999999998,10.775,9.966666666666667
2020-07-28,23.666666666666668,21.333333333333332,26.5,5.066666666666666,0.9666666666666667,91.13333333333333,0.0,9.175,9.933333333333334
2020-07-29,24.066666666666666,22.7,25.599999999999998,66.26666666666667,0.7666666666666666,94.53333333333335,0.0,4.845000000000001,9.933333333333334
2020-07-30,24.566666666666666,23.066666666666666,26.8,114.13333333333333,1.1666666666666667,93.36666666666667,0.7333333333333334,6.795,9.066666666666666
2020-07-31,26.166666666666668,23.3,30.366666666666664,8.25,0.9,86.96666666666665,3.733333333333333,15.63,8.666666666666666
2020-08-01,25.599999999999998,23.3,30.233333333333334,17.066666666666666,1.0999999999999999,88.96666666666665,2.6333333333333333,12.940000000000001,8.933333333333334
2020-08-02,27.0,23.366666666666664,30.566666666666666,7.1000000000000005,1.7333333333333334,84.63333333333333,2.033333333333333,14.16,8.9
2020-08-03,25.933333333333334,23.766666666666666,29.366666666666664,8.4,1.3666666666666665,86.66666666666667,0.7999999999999999,7.43,9.266666666666667
2020-08-04,26.633333333333336,23.866666666666664,32.03333333333333,30.833333333333332,1.2333333333333334,87.39999999999999,4.133333333333334,17.060000000000002,8.166666666666666
2020-08-05,26.0,24.2,29.599999999999998,30.933333333333334,1.2333333333333334,91.16666666666667,2.1999999999999997,9.99,9.0
2020-08-06,25.2,23.066666666666666,27.066666666666666,22.066666666666666,2.1666666666666665,91.93333333333334,0.03333333333333333,4.1,9.733333333333334
2020-08-07,22.933333333333334,22.2,24.03333333333333,25.13333333333333,0.7333333333333334,94.96666666666665,0.0,4.029999999999999,9.866666666666667
2020-08-08,23.566666666666666,22.166666666666668,25.566666666666666,33.1,0.7999999999999999,95.36666666666667,0.13333333333333333,4.02,9.6
2020-08-09,25.96666666666667,23.366666666666664,29.833333333333332,24.566666666666666,1.4000000000000001,87.8,0.9333333333333332,8.575,8.266666666666667
2020-08-10,25.599999999999998,23.666666666666668,29.633333333333336,23.599999999999998,1.0333333333333332,92.73333333333333,0.9333333333333335,9.29,8.700000000000001
2020-08-11,25.3,23.96666666666667,27.333333333333332,67.26666666666667,1.0333333333333332,93.33333333333333,0.16666666666666666,6.824999999999999,9.5
2020-08-12,26.766666666666666,24.2,29.833333333333332,17.53333333333333,0.6666666666666666,92.39999999999999,1.4000000000000001,11.425,9.366666666666667
2020-08-13,28.233333333333334,24.900000000000002,32.233333333333334,,1.1333333333333333,84.39999999999999,5.966666666666666,19.189999999999998,6.166666666666667
2020-08-14,28.266666666666666,25.166666666666668,31.599999999999998,0.6,1.7,82.5,6.166666666666667,17.075,6.8999999999999995
2020-08-15,28.53333333333333,25.599999999999998,32.6,,1.5333333333333332,80.0,7.633333333333333,21.354999999999997,5.466666666666666
2020-08-16,27.8,24.166666666666668,32.93333333333333,0.0,1.4333333333333333,79.60000000000001,7.633333333333333,22.85,4.7
2020-08-17,28.066666666666666,24.166666666666668,33.0,,0.8333333333333334,78.93333333333332,8.333333333333334,22.630000000000003,5.166666666666667
2020-08-18,28.2,24.366666666666664,33.166666666666664,,0.9666666666666667,78.63333333333333,9.566666666666668,25.365000000000002,3.1
2020-08-19,27.96666666666667,23.766666666666666,33.56666666666667,,1.1333333333333333,77.73333333333333,10.433333333333332,25.4,2.5
2020-08-20,28.166666666666668,23.566666666666666,33.666666666666664,,0.9333333333333332,75.53333333333333,10.633333333333333,25.785,2.433333333333333
2020-08-21,28.03333333333333,23.766666666666666,33.233333333333334,,0.7666666666666666,77.96666666666665,8.766666666666667,22.495,5.033333333333334
2020-08-22,25.666666666666668,23.566666666666666,30.166666666666668,4.7,1.3666666666666665,86.3,1.2,9.92,8.933333333333332
2020-08-23,26.400000000000002,22.433333333333334,31.599999999999998,0.0,0.8333333333333334,77.83333333333333,7.833333333333333,22.055,4.666666666666667
2020-08-24,27.53333333333333,22.0,33.03333333333334,0.0,0.9666666666666667,77.36666666666667,10.466666666666667,24.39,2.966666666666667
2020-08-25,29.133333333333336,24.333333333333332,34.96666666666667,0.0,1.3333333333333333,74.06666666666666,10.1,24.655,3.5666666666666664
2020-08-26,28.2,25.166666666666668,32.86666666666667,20.766666666666666,2.8333333333333335,79.06666666666666,4.6000000000000005,15.96,7.366666666666667
2020-08-27,28.53333333333333,25.166666666666668,32.333333333333336,7.400000000000001,2.8333333333333335,79.43333333333334,4.7,15.774999999999999,7.7
2020-08-28,28.133333333333336,24.5,34.300000000000004,60.23333333333333,1.1333333333333333,82.06666666666666,6.6000000000000005,19.775,8.033333333333333
2020-08-29,26.599999999999998,24.333333333333332,31.566666666666663,27.166666666666668,0.9,89.83333333333333,2.6666666666666665,13.620000000000001,7.7
2020-08-30,27.433333333333334,25.0,31.833333333333332,16.966666666666665,0.8333333333333334,87.63333333333333,3.9333333333333336,15.82,8.0
2020-08-31,26.366666666666664,23.566666666666666,30.8,0.03333333333333333,2.1333333333333333,79.93333333333334,5.133333333333334,19.195,5.966666666666666
2020-09-01,26.2,21.733333333333334,30.566666666666666,0.0,1.9000000000000001,76.2,9.633333333333335,22.505000000000003,5.766666666666667
2020-09-02,24.2,22.766666666666666,26.46666666666667,32.6,1.7333333333333334,93.73333333333333,0.0,4.720000000000001,9.966666666666667
2020-09-03,23.03333333333333,20.433333333333334,26.599999999999998,57.199999999999996,3.233333333333333,82.13333333333333,5.0,16.465,6.8999999999999995
2020-09-04,23.400000000000002,19.433333333333334,28.46666666666667,,1.4000000000000001,73.2,9.799999999999999,22.700000000000003,4.1
2020-09-05,21.400000000000002,18.833333333333332,25.099999999999998,,1.0,79.86666666666666,0.26666666666666666,7.97,9.333333333333334
2020-09-06,20.533333333333335,17.633333333333333,24.599999999999998,18.466666666666665,1.7333333333333334,86.7,0.7000000000000001,8.945,9.966666666666667
2020-09-07,19.133333333333333,16.599999999999998,21.96666666666667,27.333333333333332,3.0666666666666664,91.26666666666667,0.0,3.74,9.066666666666668
2020-09-08,23.633333333333336,20.333333333333332,27.900000000000002,0.2,2.0,75.3,9.5,21.740000000000002,3.3666666666666667
2020-09-09,21.7,18.366666666666667,26.066666666666666,13.133333333333333,1.4000000000000001,82.56666666666666,6.633333333333333,17.965,6.966666666666666
2020-09-10,22.5,19.433333333333334,27.633333333333336,,0.8333333333333334,80.03333333333335,6.433333333333334,16.01,6.066666666666666
2020-09-11,21.3,18.599999999999998,24.7,1.5666666666666667,1.4000000000000001,83.39999999999999,0.13333333333333333,8.715,9.533333333333333
2020-09-12,19.166666666666668,17.400000000000002,20.933333333333334,9.366666666666667,1.1666666666666667,92.46666666666665,0.13333333333333333,6.645,8.366666666666667
2020-09-13,21.133333333333333,17.1,26.5,,1.0,77.39999999999999,9.566666666666668,22.939999999999998,3.766666666666667
2020-09-14,20.9,16.099999999999998,26.7,,1.0333333333333334,79.96666666666665,9.233333333333333,21.25,3.966666666666667
2020-09-15,22.46666666666667,17.533333333333335,28.46666666666667,0.03333333333333333,0.9333333333333332,78.60000000000001,7.866666666666667,21.095,5.866666666666667
2020-09-16,21.166666666666668,19.833333333333332,23.400000000000002,4.266666666666667,0.7999999999999999,91.33333333333333,0.16666666666666666,6.455,8.833333333333334
2020-09-17,21.166666666666668,18.966666666666665,23.599999999999998,0.0,0.8333333333333334,87.53333333333335,0.0,7.055,9.566666666666668
2020-09-18,20.2,16.099999999999998,25.2,,1.3,72.13333333333334,7.966666666666666,18.064999999999998,5.433333333333334
2020-09-19,18.866666666666667,14.4,26.266666666666666,2.05,1.2333333333333334,77.53333333333333,7.5,18.2,3.233333333333333
2020-09-20,18.066666666666666,12.933333333333332,25.233333333333334,,1.1333333333333333,70.2,10.933333333333332,21.795,0.5333333333333333
2020-09-21,17.166666666666668,11.366666666666667,23.900000000000002,,0.8666666666666667,71.7,9.666666666666666,18.28,5.233333333333333
2020-09-22,18.46666666666667,13.633333333333333,24.333333333333332,,1.7333333333333334,68.8,7.033333333333334,18.28,6.166666666666667
2020-09-23,18.133333333333333,13.200000000000001,23.46666666666667,,1.7,71.0,3.033333333333333,12.815000000000001,8.533333333333333
2020-09-24,19.433333333333334,14.4,25.733333333333334,,1.8,72.60000000000001,7.533333333333334,17.925,3.8000000000000003
2020-09-25,19.099999999999998,14.0,25.3,,1.4666666666666668,73.66666666666667,6.2,17.59,4.833333333333333
2020-09-26,18.23333333333333,14.1,24.933333333333334,,1.4000000000000001,71.16666666666667,7.466666666666666,19.6,3.966666666666667
2020-09-27,18.599999999999998,12.933333333333332,25.133333333333336,,0.9333333333333335,74.63333333333333,9.0,20.744999999999997,1.5
2020-09-28,18.099999999999998,12.200000000000001,25.366666666666664,,0.8333333333333334,73.06666666666666,10.633333333333335,20.485,2.0
2020-09-29,17.7,12.366666666666667,24.5,,0.8333333333333334,74.63333333333334,6.833333333333333,16.35,5.633333333333333
2020-09-30,18.566666666666666,13.166666666666666,25.46666666666667,,0.7333333333333334,77.3,8.733333333333334,17.895,4.3
2020-10-01,19.333333333333332,13.866666666666667,24.833333333333332,,1.0,75.2,8.033333333333333,16.4,5.466666666666666
2020-10-02,20.033333333333335,16.066666666666666,24.8,0.0,1.1666666666666667,73.13333333333334,6.866666666666667,16.08,6.8999999999999995
2020-10-03,19.066666666666666,16.733333333333334,22.566666666666666,3.233333333333333,0.6666666666666666,87.83333333333333,0.9,7.380000000000001,9.700000000000001
2020-10-04,17.566666666666666,12.166666666666666,21.2,0.39999999999999997,1.4333333333333333,74.73333333333333,0.9,7.805,8.799999999999999
2020-10-05,13.0,6.833333333333333,19.46666666666667,,1.4333333333333333,64.16666666666667,9.733333333333333,17.525,2.766666666666667
2020-10-06,13.299999999999999,7.333333333333333,20.033333333333335,,0.9333333333333332,68.23333333333333,10.149999999999999,19.57,2.6999999999999997
2020-10-07,15.933333333333332,9.833333333333334,22.2,,1.6666666666666667,66.53333333333333,8.200000000000001,17.215,6.166666666666667
2020-10-08,16.466666666666665,10.799999999999999,22.7,,2.3666666666666667,58.56666666666666,10.433333333333332,19.09,0.5
2020-10-09,16.766666666666666,10.0,23.099999999999998,,2.433333333333333,59.26666666666667,10.333333333333334,17.83,2.466666666666667
2020-10-10,16.333333333333332,10.333333333333334,22.833333333333332,,1.3666666666666665,67.8,9.333333333333334,17.950000000000003,5.066666666666666
2020-10-11,16.133333333333333,10.533333333333333,21.2,0.0,1.0333333333333332,75.60000000000001,4.766666666666667,10.49,5.566666666666666
2020-10-12,16.3,12.133333333333333,22.566666666666666,0.3,1.0,77.60000000000001,4.533333333333333,12.184999999999999,6.0
2020-10-13,12.166666666666666,7.833333333333333,17.866666666666667,,0.9666666666666668,68.43333333333334,6.1000000000000005,12.21,5.2
2020-10-14,11.433333333333332,6.8999999999999995,19.333333333333332,0.0,0.9,68.73333333333333,3.733333333333333,9.36,5.333333333333333
2020-10-15,10.733333333333334,4.866666666666666,18.5,,0.8666666666666667,58.79999999999999,6.7,14.93,5.866666666666667
2020-10-16,10.866666666666667,5.733333333333333,16.033333333333335,,0.6666666666666666,76.36666666666667,0.7666666666666666,7.215,7.533333333333334
2020-10-17,11.799999999999999,6.866666666666667,19.3,,0.7999999999999999,72.7,8.200000000000001,15.02,1.6666666666666667
2020-10-18,11.166666666666666,3.6666666666666665,19.8,,0.9,72.60000000000001,9.366666666666667,16.84,1.6666666666666667
2020-10-19,12.533333333333333,5.933333333333334,21.400000000000002,,0.7000000000000001,73.60000000000001,9.299999999999999,15.54,1.8666666666666665
2020-10-20,12.799999999999999,6.066666666666666,22.0,,0.7333333333333334,72.8,9.333333333333334,15.754999999999999,1.1333333333333333
2020-10-21,12.5,8.5,16.166666666666668,0.06666666666666667,0.6333333333333333,81.76666666666667,0.06666666666666667,4.665,8.766666666666667
2020-10-22,12.4,9.133333333333333,17.900000000000002,,1.2666666666666666,75.53333333333333,2.5,8.120000000000001,4.766666666666667
2020-10-23,9.166666666666666,5.5,14.733333333333334,,1.7666666666666666,60.03333333333333,9.233333333333333,16.34,1.0999999999999999
2020-10-24,8.166666666666666,2.4666666666666663,14.4,,1.5999999999999999,57.9,9.866666666666667,16.54,0.6666666666666666
2020-10-25,10.633333333333333,3.466666666666667,19.166666666666668,,0.9666666666666668,69.63333333333333,9.033333333333333,14.26,3.466666666666667
2020-10-26,11.166666666666666,4.466666666666667,19.466666666666665,,0.7666666666666666,73.16666666666667,9.266666666666666,13.85,1.7666666666666666
2020-10-27,11.933333333333332,5.1000000000000005,20.566666666666666,,0.7333333333333334,74.76666666666667,8.266666666666667,13.504999999999999,2.8000000000000003
2020-10-28,12.9,7.3999999999999995,19.966666666666665,,1.1,63.56666666666666,6.366666666666667,12.15,4.533333333333333
2020-10-29,9.066666666666668,2.6,16.8,,0.8666666666666667,57.26666666666667,9.133333333333333,13.675,3.6
2020-10-30,10.0,2.5,18.900000000000002,,0.8666666666666667,64.8,9.299999999999999,14.38,0.5333333333333333
2020-10-31,11.666666666666666,4.766666666666667,19.166666666666668,0.0,0.7999999999999999,67.16666666666667,8.1,12.885,4.6000000000000005
2020-11-01,11.933333333333332,10.633333333333333,13.066666666666668,6.1000000000000005,0.7333333333333333,88.76666666666667,0.0,1.825,9.766666666666667
2020-11-02,10.6,4.8999999999999995,17.066666666666666,,1.0666666666666667,66.3,7.466666666666666,13.44,3.0666666666666664
2020-11-03,5.933333333333334,1.6666666666666667,10.200000000000001,0.2333333333333333,2.1999999999999997,54.4,7.166666666666667,10.86,3.0
2020-11-04,4.3,-1.0333333333333332,11.366666666666667,,1.2666666666666666,52.63333333333333,9.533333333333333,14.915,0.09999999999999999
2020-11-05,7.433333333333333,-1.3,16.0,,0.6,62.4,8.266666666666667,12.344999999999999,4.966666666666667
2020-11-06,11.299999999999999,8.200000000000001,14.533333333333333,0.2333333333333333,0.5,74.2,0.0,3.66,8.466666666666667
2020-11-07,12.766666666666666,7.766666666666667,19.7,,1.1666666666666667,69.23333333333333,7.366666666666667,11.275,2.9
2020-11-08,8.799999999999999,4.0,14.700000000000001,,1.9000000000000001,51.166666666666664,9.1,14.04,0.7666666666666667
2020-11-09,6.566666666666666,-0.8333333333333334,11.9,0.0,1.2,44.9,9.033333333333333,13.45,2.6333333333333333
2020-11-10,7.366666666666667,1.7,13.700000000000001,,1.2333333333333334,55.300000000000004,9.333333333333334,13.43,0.3
2020-11-11,7.633333333333333,0.4333333333333334,16.900000000000002,,0.6333333333333333,60.43333333333334,9.233333333333333,13.05,0.0
2020-11-12,8.433333333333334,0.7666666666666666,18.166666666666668,,0.6,61.36666666666667,9.133333333333333,12.81,0.4000000000000001
2020-11-13,9.133333333333333,2.2333333333333334,17.566666666666666,,0.7999999999999999,73.0,8.466666666666667,10.92,0.9666666666666667
2020-11-14,10.133333333333333,2.8666666666666667,18.96666666666667,,0.6666666666666666,75.23333333333333,6.733333333333333,11.285,4.5
2020-11-15,10.700000000000001,4.166666666666667,18.900000000000002,,0.7333333333333334,74.89999999999999,8.633333333333333,11.61,1.7666666666666666
2020-11-16,10.866666666666667,5.0,18.166666666666668,,0.6666666666666666,75.39999999999999,7.1000000000000005,9.934999999999999,3.0
2020-11-17,14.766666666666666,9.933333333333332,19.933333333333334,2.0,1.1666666666666667,78.66666666666667,2.5,6.01,7.033333333333334
2020-11-18,15.799999999999999,11.800000000000002,19.233333333333334,2.6,0.9666666666666667,90.8,0.0,4.14,8.266666666666667
2020-11-19,15.733333333333334,10.4,21.633333333333336,24.833333333333332,2.3333333333333335,85.2,0.06666666666666667,1.365,9.299999999999999
2020-11-20,6.133333333333333,3.8333333333333335,10.433333333333334,0.0,2.3333333333333335,75.36666666666666,0.0,1.38,9.166666666666666
2020-11-21,7.533333333333334,0.06666666666666672,13.6,,1.8333333333333333,68.83333333333333,8.299999999999999,12.004999999999999,4.1000000000000005
2020-11-22,7.433333333333334,4.033333333333333,9.666666666666666,3.9333333333333336,1.6333333333333335,79.93333333333334,0.0,2.62,8.866666666666667
2020-11-23,3.266666666666667,-0.09999999999999994,7.766666666666667,,1.5333333333333332,63.23333333333333,7.2,11.075,2.6999999999999997
2020-11-24,3.966666666666667,-0.3333333333333333,9.766666666666667,,0.7333333333333334,56.43333333333334,4.233333333333333,8.67,7.233333333333333
2020-11-25,4.466666666666667,-1.1333333333333333,11.4,,0.9333333333333332,66.03333333333333,8.566666666666666,11.34,1.9333333333333333
2020-11-26,6.0,1.1333333333333335,12.366666666666667,,0.8333333333333334,65.76666666666667,7.066666666666666,10.120000000000001,6.433333333333334
2020-11-27,5.2,2.2666666666666666,8.566666666666666,0.0,1.7,64.7,1.0,4.275,6.966666666666666
2020-11-28,2.1999999999999997,0.3,5.233333333333333,,2.0,53.300000000000004,7.85,11.34,5.566666666666666
2020-11-29,1.4666666666666668,-1.4333333333333333,4.533333333333333,,1.0,68.23333333333333,0.9666666666666667,4.904999999999999,6.8999999999999995
2020-11-30,0.5666666666666667,-3.3666666666666667,6.2,,1.1666666666666667,68.5,8.4,11.100000000000001,0.03333333333333333
2020-12-01,0.8333333333333334,-4.666666666666667,7.3999999999999995,,0.9,55.699999999999996,8.366666666666667,11.145,3.733333333333333
2020-12-02,2.8333333333333335,-0.7666666666666666,8.799999999999999,,1.1333333333333335,49.6,6.033333333333334,9.530000000000001,5.466666666666666
2020-12-03,1.1,-2.1999999999999997,6.466666666666666,,1.3666666666666665,58.300000000000004,8.0,10.42,3.3666666666666667
2020-12-04,-0.26666666666666666,-5.0,5.566666666666666,,0.9333333333333332,62.26666666666667,8.299999999999999,10.815000000000001,1.8666666666666665
2020-12-05,0.20000000000000004,-4.366666666666666,5.666666666666667,0.0,0.5666666666666667,79.26666666666667,1.5999999999999999,4.705,5.8999999999999995
2020-12-06,2.1,-2.8000000000000003,9.166666666666666,,0.6333333333333333,78.2,6.633333333333333,9.01,2.1999999999999997
2020-12-07,2.533333333333333,-1.0666666666666664,7.133333333333333,,1.2333333333333334,70.16666666666667,0.6333333333333333,3.5,5.866666666666667
2020-12-08,0.09999999999999994,-3.6666666666666665,5.466666666666666,,1.1,57.333333333333336,8.266666666666666,10.510000000000002,0.9666666666666667
2020-12-09,0.6999999999999998,-6.366666666666667,7.166666666666667,,0.9,57.699999999999996,7.233333333333333,9.66,3.6999999999999997
2020-12-10,5.033333333333333,1.3333333333333333,10.533333333333333,,0.5666666666666667,64.16666666666667,2.0666666666666664,5.68,7.266666666666667
2020-12-11,5.366666666666667,1.6666666666666667,10.666666666666666,,0.6333333333333333,72.0,3.733333333333333,6.525,7.8999999999999995
2020-12-12,3.6333333333333333,-1.2666666666666666,8.266666666666666,,1.5,49.36666666666667,8.1,10.175,2.0
2020-12-13,-0.46666666666666673,-3.8666666666666667,4.866666666666667,1.6666666666666667,1.5,71.53333333333333,0.3333333333333333,2.245,7.766666666666667
2020-12-14,-5.3,-8.333333333333334,-2.033333333333333,,2.466666666666667,47.300000000000004,8.366666666666667,11.27,2.3333333333333335
2020-12-15,-6.233333333333334,-10.9,-1.7333333333333334,0.0,1.9000000000000001,46.96666666666667,8.366666666666667,11.08,1.5333333333333332
2020-12-16,-6.3,-10.533333333333333,-1.1666666666666667,0.0,1.5999999999999999,52.1,8.333333333333334,10.965,0.03333333333333333
2020-12-17,-4.8,-10.5,1.3333333333333333,,0.9333333333333332,56.800000000000004,8.0,10.870000000000001,1.4666666666666668
2020-12-18,-0.9,-4.6000000000000005,3.266666666666667,0.16666666666666666,1.4333333333333333,63.699999999999996,2.8666666666666667,4.640000000000001,5.5
2020-12-19,-4.266666666666667,-9.333333333333334,0.3666666666666667,,1.4333333333333333,45.23333333333333,8.266666666666666,11.315,3.0
2020-12-20,-3.133333333333333,-8.633333333333333,3.0,,1.0,54.166666666666664,8.166666666666666,10.5,0.5
2020-12-21,-0.6333333333333333,-6.3999999999999995,5.3,0.0,0.7333333333333334,67.46666666666665,4.966666666666667,7.84,4.766666666666667
2020-12-22,0.8333333333333334,-4.366666666666666,7.6000000000000005,,0.7666666666666666,71.5,7.066666666666667,8.545,2.966666666666667
2020-12-23,2.2666666666666666,-3.6999999999999997,8.366666666666667,,0.6333333333333333,76.56666666666666,1.8666666666666665,5.43,6.5
2020-12-24,3.6333333333333333,-0.26666666666666666,9.200000000000001,,1.8666666666666665,62.76666666666667,6.8999999999999995,9.36,3.433333333333333
2020-12-25,0.10000000000000002,-3.5666666666666664,4.7,0.0,1.4666666666666668,60.93333333333334,7.2,9.285,2.466666666666667
2020-12-26,0.2666666666666666,-5.033333333333333,6.633333333333333,0.0,0.6,75.89999999999999,3.266666666666667,6.085,5.466666666666666
2020-12-27,2.3333333333333335,-3.033333333333333,8.833333333333334,,0.4666666666666666,77.73333333333333,3.766666666666667,6.574999999999999,6.733333333333333
2020-12-28,4.133333333333334,-1.2333333333333334,12.366666666666667,,0.6,73.10000000000001,5.8999999999999995,8.915,3.0
2020-12-29,0.5666666666666668,-3.3333333333333335,6.266666666666667,1.7666666666666668,1.4666666666666668,83.0,1.1500000000000001,2.58,8.200000000000001
2020-12-30,-8.433333333333334,-11.200000000000001,-2.9333333333333336,1.0333333333333334,2.8666666666666667,69.3,4.8999999999999995,6.025,5.633333333333333
2020-12-31,-8.766666666666667,-14.733333333333334,-3.033333333333333,0.03333333333333333,1.0999999999999999,68.5,6.6000000000000005,10.725000000000001,3.5999999999999996
2021-01-01,-5.633333333333333,-11.333333333333334,-1.5999999999999999,1.2666666666666668,0.39999999999999997,87.26666666666667,1.9666666666666668,5.095000000000001,5.8999999999999995
2021-01-02,-4.733333333333333,-9.233333333333333,0.03333333333333329,0.0,1.0999999999999999,67.5,8.066666666666666,11.06,0.9666666666666667
2021-01-03,-4.8999999999999995,-9.833333333333334,-0.5666666666666668,,0.8666666666666667,61.4,4.833333333333333,7.715,4.666666666666667
2021-01-04,-3.6,-10.1,2.033333333333333,0.0,0.6333333333333333,65.93333333333332,5.833333333333333,8.275,4.466666666666666
2021-01-05,-3.5,-9.033333333333333,-0.06666666666666667,0.13333333333333333,1.7333333333333334,58.300000000000004,7.6000000000000005,9.86,2.6666666666666665
2021-01-06,-6.333333333333333,-11.9,-2.1,1.6000000000000003,1.1333333333333333,65.03333333333333,8.299999999999999,10.8,2.6999999999999997
2021-01-07,-12.1,-16.166666666666668,-3.8000000000000003,0.8666666666666666,2.9,56.03333333333333,7.3999999999999995,9.22,2.6333333333333333
2021-01-08,-13.733333333333334,-18.033333333333335,-9.133333333333333,,1.3,54.46666666666667,8.4,11.629999999999999,1.0666666666666667
2021-01-09,-12.166666666666666,-17.733333333333334,-6.866666666666667,,1.1333333333333335,63.666666666666664,7.733333333333333,10.355,1.0666666666666667
2021-01-10,-8.833333333333334,-15.666666666666666,-2.566666666666667,,0.7333333333333334,62.43333333333334,7.3,11.115,2.1333333333333333
2021-01-11,-7.033333333333334,-11.266666666666666,-2.8333333333333335,,0.5333333333333333,70.43333333333334,0.09999999999999999,4.585,7.8
2021-01-12,-2.6333333333333333,-8.566666666666666,3.233333333333334,0.7000000000000001,0.9,76.3,5.8,9.774999999999999,6.233333333333333
2021-01-13,2.8000000000000003,-4.6000000000000005,10.0,0.0,0.9333333333333332,80.3,7.233333333333333,9.64,2.233333333333333
2021-01-14,2.533333333333333,-3.1333333333333333,10.533333333333333,,0.7999999999999999,59.4,8.4,10.899999999999999,0.0
2021-01-15,4.866666666666666,-1.7333333333333334,12.966666666666667,0.0,1.4333333333333333,69.36666666666666,0.43333333333333335,4.1,8.9
2021-01-16,-1.7,-5.1000000000000005,2.733333333333333,0.0,2.4,59.699999999999996,6.533333333333334,10.285,5.533333333333334
2021-01-17,-3.733333333333333,-9.133333333333333,0.4666666666666666,0.05,1.6000000000000003,58.4,8.0,11.725000000000001,3.3666666666666667
2021-01-18,-2.466666666666667,-6.1000000000000005,3.6333333333333333,2.233333333333333,1.8666666666666665,72.16666666666667,1.8,5.0,4.766666666666667
2021-01-19,-5.966666666666666,-11.366666666666667,-0.2333333333333333,0.0,0.9666666666666668,50.26666666666667,8.299999999999999,12.565000000000001,0.19999999999999998
2021-01-20,-1.9333333333333336,-9.833333333333334,7.900000000000001,,0.7000000000000001,53.76666666666667,8.733333333333333,11.95,0.9333333333333332
2021-01-21,4.2,-2.1333333333333333,9.466666666666667,4.566666666666666,0.5333333333333333,70.86666666666666,3.3000000000000003,5.675,8.533333333333333
2021-01-22,6.5,4.233333333333333,9.833333333333334,2.233333333333333,0.6333333333333334,94.03333333333335,0.09999999999999999,3.835,8.966666666666667
2021-01-23,7.933333333333334,4.133333333333333,11.733333333333334,,2.0,77.86666666666666,0.43333333333333335,4.255,8.966666666666667
2021-01-24,6.833333333333333,1.0999999999999999,13.333333333333334,,1.3,68.13333333333333,8.700000000000001,12.325,2.3666666666666667
2021-01-25,6.966666666666666,1.7666666666666666,13.1,,1.4666666666666668,67.43333333333334,7.533333333333334,10.165,6.666666666666667
2021-01-26,5.3,3.466666666666667,7.466666666666666,3.6333333333333333,1.0333333333333332,85.23333333333333,0.0,2.415,9.6
2021-01-27,2.6333333333333333,-0.9333333333333332,7.466666666666666,,1.4333333333333333,53.699999999999996,7.566666666666667,11.850000000000001,6.366666666666667
2021-01-28,-1.9666666666666668,-6.933333333333334,4.766666666666667,1.4000000000000001,2.566666666666667,62.4,3.0666666666666664,4.955,6.633333333333333
2021-01-29,-6.666666666666667,-9.700000000000001,-2.1999999999999997,0.03333333333333333,2.266666666666667,52.166666666666664,8.8,13.35,1.2666666666666668
2021-01-30,-0.6666666666666666,-9.200000000000001,8.0,0.0,1.1333333333333333,59.96666666666667,4.433333333333333,8.36,4.5
2021-01-31,2.733333333333333,-5.533333333333334,11.466666666666667,,0.7999999999999999,61.26666666666667,8.299999999999999,11.864999999999998,3.3333333333333335
2021-02-01,6.2,1.2333333333333334,11.033333333333333,6.466666666666666,1.4333333333333333,80.53333333333333,2.1,6.97,7.766666666666667
2021-02-02,-3.233333333333333,-5.633333333333333,2.0,0.06666666666666667,2.6999999999999997,47.300000000000004,9.366666666666667,14.235,1.4000000000000001
2021-02-03,-2.433333333333333,-9.5,3.133333333333333,0.10000000000000002,1.3666666666666665,56.36666666666667,9.366666666666667,14.235,1.9333333333333333
2021-02-04,-1.3333333333333333,-4.866666666666667,2.4999999999999996,1.0999999999999999,1.7666666666666666,49.03333333333333,9.433333333333332,14.969999999999999,1.3
2021-02-05,-1.4802973661668753e-16,-6.599999999999999,7.433333333333334,,0.8666666666666667,57.76666666666667,5.966666666666666,10.85,5.533333333333334
2021-02-06,5.066666666666666,-2.6333333333333333,10.200000000000001,0.0,1.2666666666666666,74.66666666666667,2.766666666666667,6.675,7.666666666666667
2021-02-07,5.333333333333333,-0.6666666666666666,10.466666666666667,0.0,1.5999999999999999,64.0,6.8999999999999995,10.4,3.266666666666667
2021-02-08,-1.9333333333333333,-4.366666666666666,1.7666666666666666,,2.4,45.333333333333336,9.633333333333333,15.425,0.0
2021-02-09,-0.6,-6.8999999999999995,6.133333333333333,,1.2333333333333334,49.133333333333326,9.633333333333333,15.28,0.0
2021-02-10,1.4333333333333333,-5.166666666666667,8.533333333333333,,0.7666666666666666,68.93333333333334,5.6000000000000005,10.475000000000001,3.6333333333333333
2021-02-11,4.766666666666667,-0.6333333333333333,11.799999999999999,,0.7000000000000001,67.8,7.033333333333334,11.83,7.133333333333333
2021-02-12,5.8999999999999995,-0.8333333333333334,15.333333333333334,,0.6666666666666666,58.06666666666666,8.2,14.030000000000001,3.1
2021-02-13,6.7,-1.7666666666666666,16.8,,0.6,50.23333333333333,9.533333333333333,15.01,0.8000000000000002
2021-02-14,8.4,2.966666666666667,14.533333333333333,0.7999999999999999,0.6333333333333333,66.46666666666665,1.0,6.205,8.9
2021-02-15,2.6666666666666665,-2.6999999999999997,8.733333333333333,0.6,2.566666666666667,66.16666666666667,4.5,9.25,7.733333333333333
2021-02-16,-3.3333333333333335,-6.3,1.8,2.1333333333333333,1.8333333333333333,66.16666666666667,5.266666666666667,9.465,4.133333333333333
2021-02-17,-6.933333333333334,-8.6,-4.666666666666667,0.5,3.3333333333333335,59.53333333333333,5.866666666666667,12.46,6.233333333333333
2021-02-18,-5.133333333333333,-9.533333333333333,-0.4666666666666666,0.4,2.1666666666666665,57.93333333333334,9.5,14.77,3.1333333333333333
2021-02-19,1.6666666666666667,-7.6000000000000005,9.366666666666667,,1.3333333333333333,66.10000000000001,9.866666666666667,16.189999999999998,0.26666666666666666
2021-02-20,10.233333333333333,4.533333333333333,16.766666666666666,,1.7,63.26666666666667,8.466666666666667,14.265,0.8000000000000002
2021-02-21,12.5,2.6333333333333333,22.2,,1.7,53.86666666666667,9.866666666666667,16.19,0.06666666666666667
2021-02-22,9.566666666666666,1.2,18.633333333333333,,1.9333333333333333,52.46666666666667,9.799999999999999,15.015,0.5333333333333333
2021-02-23,1.3666666666666665,-3.0,7.166666666666667,,1.5999999999999999,37.9,10.066666666666666,16.25,1.6666666666666667
2021-02-24,3.766666666666667,-2.1,11.233333333333334,,0.7666666666666666,38.06666666666666,7.8,14.06,6.766666666666666
2021-02-25,4.266666666666667,-1.0333333333333334,8.466666666666667,0.0,0.7000000000000001,59.26666666666667,0.03333333333333333,4.6,9.266666666666667
2021-02-26,7.933333333333334,0.5,14.866666666666667,,2.033333333333333,50.333333333333336,8.799999999999999,15.86,6.0
2021-02-27,7.7,3.533333333333333,12.133333333333333,,3.0,52.73333333333333,9.066666666666666,15.945,5.5
2021-02-28,7.233333333333333,0.7000000000000001,12.266666666666666,0.0,1.3333333333333333,65.56666666666666,2.466666666666667,7.78,7.233333333333333
2021-03-01,7.8,1.5999999999999999,12.566666666666668,52.199999999999996,1.5999999999999999,92.06666666666666,0.0,1.97,10.0
2021-03-02,2.5,-0.26666666666666666,5.866666666666667,0.8666666666666667,1.4666666666666668,78.96666666666667,1.8,7.055,6.2
2021-03-03,3.633333333333333,-2.2666666666666666,9.666666666666666,,0.7999999999999999,66.93333333333334,7.7,15.094999999999999,5.1000000000000005
2021-03-04,5.1000000000000005,0.43333333333333335,10.133333333333333,2.3000000000000003,0.5666666666666667,79.60000000000001,0.19999999999999998,6.09,8.0
2021-03-05,8.166666666666666,1.8999999999999997,16.7,,1.0666666666666667,75.3,7.8999999999999995,17.130000000000003,4.1000000000000005
2021-03-06,6.7,3.033333333333333,13.066666666666668,,2.1,73.06666666666666,4.8,11.555,6.433333333333334
2021-03-07,6.0,3.0,10.266666666666666,,1.6666666666666667,70.53333333333333,2.6333333333333333,9.85,7.366666666666667
2021-03-08,7.033333333333334,0.8000000000000002,14.5,,0.9,65.13333333333333,9.799999999999999,18.735,2.5666666666666664
2021-03-09,6.733333333333333,1.5,13.266666666666666,,1.0333333333333334,58.29999999999999,6.6000000000000005,14.015,6.333333333333333
2021-03-10,8.4,-0.3333333333333333,17.366666666666667,,1.0999999999999999,54.43333333333334,10.333333333333334,19.4,0.0
2021-03-11,10.133333333333333,1.6666666666666667,18.633333333333336,,0.9,51.76666666666667,8.033333333333333,17.655,5.833333333333333
2021-03-12,8.166666666666666,6.7,10.266666666666667,9.266666666666666,1.2666666666666666,84.73333333333333,0.0,3.61,7.8999999999999995
2021-03-13,8.433333333333334,3.266666666666666,15.1,,1.0,72.83333333333333,6.633333333333333,16.105,4.8999999999999995
2021-03-14,8.799999999999999,3.3000000000000003,14.533333333333333,,0.9666666666666668,70.83333333333333,6.633333333333333,14.835,4.733333333333333
2021-03-15,11.1,2.9000000000000004,17.766666666666666,0.05,1.1666666666666667,62.833333333333336,8.133333333333333,16.445,6.733333333333333
2021-03-16,10.200000000000001,3.7999999999999994,15.666666666666666,0.06666666666666667,2.033333333333333,52.666666666666664,10.200000000000001,21.17,2.6
2021-03-17,9.0,0.3333333333333335,18.599999999999998,,0.9666666666666668,51.4,10.533333333333333,20.665,0.6000000000000001
2021-03-18,11.700000000000001,3.233333333333333,19.3,0.0,1.2666666666666666,56.56666666666666,9.9,19.4,3.3000000000000003
2021-03-19,13.033333333333333,9.4,17.933333333333334,0.0,2.8666666666666667,53.76666666666667,7.733333333333333,16.950000000000003,7.566666666666666
2021-03-20,8.666666666666666,7.066666666666666,11.233333333333334,6.066666666666666,1.4000000000000001,84.26666666666667,0.03333333333333333,2.785,9.1
2021-03-21,6.033333333333334,4.066666666666666,10.1,0.0,2.6666666666666665,66.03333333333333,5.266666666666667,11.655000000000001,7.066666666666666
2021-03-22,6.466666666666666,0.7333333333333334,12.299999999999999,,2.1999999999999997,49.4,10.1,20.015,1.5
2021-03-23,8.833333333333334,1.0333333333333334,17.2,,1.7666666666666666,59.0,10.533333333333333,20.92,0.3
2021-03-24,10.066666666666668,2.3333333333333335,18.2,,1.1666666666666667,50.9,9.1,19.58,3.966666666666667
2021-03-25,12.299999999999999,4.033333333333333,21.066666666666666,,1.0666666666666667,56.666666666666664,10.933333333333332,21.69,0.9
2021-03-26,13.466666666666667,3.966666666666667,22.333333333333332,,0.8666666666666667,48.76666666666667,9.4,17.415,4.233333333333333
2021-03-27,12.133333333333333,7.266666666666667,15.9,15.333333333333334,1.5333333333333332,73.3,0.06666666666666667,5.1,9.666666666666666
2021-03-28,10.166666666666666,8.333333333333334,14.5,2.1333333333333333,1.9333333333333336,90.10000000000001,0.03333333333333333,3.15,9.466666666666667
2021-03-29,11.933333333333332,7.6000000000000005,17.266666666666666,0.0,2.0,54.0,8.133333333333335,18.515,4.566666666666666
2021-03-30,11.766666666666666,4.766666666666667,19.433333333333334,,1.3,41.699999999999996,11.366666666666667,23.54,1.0666666666666667
2021-03-31,13.9,3.1,23.8,,0.9,40.03333333333333,11.200000000000001,22.990000000000002,3.4333333333333336
2021-04-01,15.233333333333334,9.533333333333333,21.400000000000002,,2.8666666666666667,39.766666666666666,8.2,17.89,6.633333333333333
2021-04-02,17.2,12.233333333333334,22.03333333333333,0.0,2.733333333333333,47.6,5.866666666666667,17.23,7.466666666666666
2021-04-03,16.099999999999998,14.299999999999999,18.233333333333334,21.2,1.5666666666666667,79.36666666666667,0.0,3.7249999999999996,9.299999999999999
2021-04-04,11.066666666666668,8.166666666666666,14.299999999999999,12.299999999999999,2.0,83.76666666666667,1.0333333333333334,8.795,8.166666666666666
2021-04-05,10.700000000000001,3.466666666666667,17.666666666666668,,1.3333333333333333,54.63333333333333,11.700000000000001,25.375,0.7333333333333334
2021-04-06,12.466666666666667,5.066666666666666,20.266666666666666,,1.5333333333333332,49.333333333333336,9.633333333333333,22.799999999999997,2.0
2021-04-07,13.466666666666667,5.6000000000000005,21.933333333333334,,1.3333333333333333,45.1,11.633333333333333,24.595,1.0666666666666667
2021-04-08,12.333333333333334,5.866666666666667,19.3,,1.5333333333333332,40.666666666666664,11.4,25.04,0.5333333333333333
2021-04-09,11.133333333333333,3.733333333333333,18.46666666666667,,2.1999999999999997,51.333333333333336,10.766666666666666,22.675,1.8
2021-04-10,12.166666666666666,5.533333333333334,19.133333333333336,,1.4666666666666668,51.166666666666664,11.166666666666666,22.72,1.2666666666666666
2021-04-11,14.566666666666668,5.2,22.733333333333334,,1.1333333333333335,50.4,11.433333333333332,23.53,2.466666666666667
2021-04-12,13.200000000000001,11.299999999999999,16.133333333333336,12.066666666666668,2.1666666666666665,68.10000000000001,0.0,5.645,9.966666666666667
2021-04-13,11.066666666666668,5.2,16.933333333333334,1.6333333333333335,2.4,71.36666666666666,6.8,19.345,5.1000000000000005
2021-04-14,9.0,2.8666666666666667,15.9,,1.9333333333333333,49.03333333333333,11.866666666666665,26.634999999999998,1.4000000000000001
2021-04-15,10.700000000000001,1.8333333333333333,18.96666666666667,,1.0333333333333334,48.6,11.299999999999999,23.695,4.3999999999999995
2021-04-16,11.200000000000001,7.7,15.299999999999999,0.03333333333333333,1.3,71.89999999999999,0.9666666666666667,5.359999999999999,8.666666666666666
2021-04-17,10.0,6.2,16.033333333333335,0.0,1.9666666666666668,56.0,7.266666666666667,17.85,4.5
2021-04-18,10.5,6.333333333333333,16.633333333333336,,2.233333333333333,54.36666666666667,8.9,23.67,2.8333333333333335
2021-04-19,12.933333333333332,3.233333333333334,21.866666666666664,,1.5333333333333332,54.43333333333334,12.0,26.265,0.03333333333333333
2021-04-20,15.266666666666666,5.5,24.833333333333332,,1.0666666666666667,50.96666666666667,10.9,24.455,3.266666666666667
2021-04-21,19.366666666666667,9.0,29.366666666666664,,1.0,43.5,10.833333333333334,23.17,5.833333333333333
2021-04-22,21.866666666666664,14.933333333333332,29.3,0.0,1.9666666666666668,33.699999999999996,6.033333333333334,19.53,8.433333333333334
2021-04-23,18.7,16.066666666666666,21.96666666666667,0.05,2.8000000000000003,28.899999999999995,0.3666666666666667,11.3,9.566666666666668
2021-04-24,17.433333333333334,12.799999999999999,24.0,,1.5333333333333332,37.96666666666667,5.466666666666666,19.09,6.2
2021-04-25,16.833333333333332,9.0,24.133333333333336,,1.9000000000000001,49.5,11.199999999999998,25.835,1.4000000000000001
2021-04-26,16.033333333333335,9.366666666666667,22.46666666666667,,1.8333333333333333,41.73333333333333,11.733333333333334,25.8,4.8
2021-04-27,15.800000000000002,11.266666666666666,21.2,0.0,1.0,56.63333333333333,1.0666666666666667,11.469999999999999,9.200000000000001
2021-04-28,16.3,12.666666666666666,20.46666666666667,0.13333333333333333,1.3666666666666665,58.833333333333336,3.6666666666666665,14.91,8.133333333333333
2021-04-29,15.6,11.366666666666667,20.233333333333334,1.0,1.7666666666666666,54.73333333333333,7.533333333333334,21.314999999999998,7.7
2021-04-30,12.866666666666667,10.166666666666666,17.366666666666667,0.3666666666666667,2.433333333333333,67.5,4.0,15.815000000000001,8.266666666666667
2021-05-01,10.200000000000001,8.700000000000001,13.5,1.8666666666666665,1.6666666666666667,78.06666666666666,0.9666666666666668,7.875,8.166666666666666
2021-05-02,12.333333333333334,7.433333333333334,18.900000000000002,2.8666666666666667,1.5999999999999999,67.46666666666667,7.4,22.73,4.133333333333333
2021-05-03,14.366666666666667,5.766666666666667,22.900000000000002,,1.2333333333333334,57.03333333333333,11.299999999999999,27.38,3.9333333333333336
2021-05-04,16.566666666666666,11.366666666666667,21.866666666666664,4.466666666666667,1.6333333333333335,73.76666666666667,0.19999999999999998,9.285,9.9
2021-05-05,14.866666666666665,9.233333333333333,20.566666666666666,1.6666666666666667,2.3000000000000003,53.73333333333333,12.433333333333332,28.759999999999998,1.4000000000000001
2021-05-06,15.0,5.266666666666667,23.066666666666666,,1.1333333333333333,49.333333333333336,9.066666666666668,21.245,5.733333333333333
2021-05-07,14.6,9.466666666666667,20.566666666666666,2.6999999999999997,1.8666666666666665,60.06666666666666,7.333333333333333,15.395,3.5
2021-05-08,15.533333333333333,7.3999999999999995,23.366666666666664,,2.1666666666666665,59.666666666666664,10.666666666666666,25.14,0.6666666666666666
2021-05-09,15.9,8.666666666666666,22.933333333333334,,2.1,50.6,12.866666666666667,29.14,0.5333333333333333
2021-05-10,11.633333333333333,9.466666666666667,13.766666666666666,15.1,1.0666666666666667,84.8,0.19999999999999998,3.875,8.9
2021-05-11,15.800000000000002,11.666666666666666,20.266666666666666,3.0666666666666664,2.6666666666666665,64.16666666666667,3.4,15.91,8.166666666666666
2021-05-12,19.333333333333332,11.466666666666667,25.96666666666667,,1.9666666666666668,48.166666666666664,12.066666666666668,27.355,2.3666666666666667
2021-05-13,21.566666666666666,12.933333333333332,29.433333333333334,,0.9,59.53333333333333,12.766666666666666,27.310000000000002,2.3333333333333335
2021-05-14,23.46666666666667,15.666666666666666,30.96666666666667,,1.3666666666666665,62.93333333333334,10.299999999999999,23.66,6.666666666666667
2021-05-15,22.166666666666668,18.900000000000002,26.2,2.1999999999999997,1.3,81.39999999999999,1.9000000000000001,12.2,9.5
2021-05-16,20.96666666666667,18.066666666666666,22.7,43.43333333333334,1.0999999999999999,94.8,0.0,3.755,9.733333333333334
2021-05-17,16.333333333333332,15.066666666666668,18.333333333333332,4.966666666666666,1.2333333333333334,93.23333333333333,0.06666666666666667,5.155,9.633333333333333
2021-05-18,18.400000000000002,14.799999999999999,24.166666666666668,0.0,0.9333333333333332,76.96666666666665,7.3,20.785,6.233333333333333
2021-05-19,20.333333333333332,13.433333333333332,27.566666666666666,,1.0333333333333334,62.63333333333333,10.333333333333334,27.759999999999998,4.966666666666667
2021-05-20,16.666666666666668,15.200000000000001,19.7,10.5,1.4666666666666668,84.66666666666667,0.0,4.465,9.766666666666667
2021-05-21,14.9,13.699999999999998,16.133333333333333,3.9666666666666663,1.4666666666666668,91.5,0.0,4.535,8.299999999999999
2021-05-22,18.133333333333336,12.033333333333333,25.03333333333333,,1.2666666666666666,73.39999999999999,11.533333333333333,27.42,1.8999999999999997
2021-05-23,19.633333333333336,12.366666666666667,26.26666666666667,,0.7999999999999999,69.4,7.166666666666667,19.564999999999998,7.1000000000000005
2021-05-24,19.466666666666665,15.033333333333333,24.96666666666667,0.0,1.4000000000000001,58.36666666666667,7.433333333333334,23.54,5.233333333333333
2021-05-25,15.933333333333332,11.633333333333333,21.766666666666666,1.8,2.0,62.76666666666667,8.1,22.145,3.966666666666667
2021-05-26,16.866666666666664,11.233333333333334,23.53333333333333,0.8,1.0999999999999999,64.36666666666666,2.1,12.71,9.0
2021-05-27,16.366666666666667,13.033333333333333,21.0,1.7666666666666668,1.5,78.83333333333333,4.466666666666667,11.059999999999999,6.0
2021-05-28,14.466666666666667,11.133333333333335,19.433333333333334,25.566666666666666,1.4666666666666668,85.73333333333333,3.0,8.135,7.233333333333333
2021-05-29,17.566666666666666,12.233333333333334,24.03333333333333,0.0,1.6666666666666667,68.60000000000001,8.666666666666666,22.85,3.8666666666666667
2021-05-30,19.8,10.933333333333332,27.933333333333334,4.7,1.0333333333333334,69.33333333333333,11.833333333333334,28.305,3.6333333333333333
2021-05-31,20.2,16.433333333333334,25.766666666666666,10.799999999999999,1.1333333333333335,75.43333333333334,4.533333333333334,15.6,7.033333333333334
2021-06-01,21.833333333333332,16.166666666666668,27.333333333333332,,1.2,68.3,9.4,23.6,6.7
2021-06-02,23.666666666666668,17.5,29.866666666666664,,1.0333333333333334,61.56666666666666,7.7,14.254999999999999,4.466666666666667
2021-06-03,18.533333333333335,16.066666666666666,21.233333333333334,25.46666666666667,0.7333333333333334,89.16666666666667,0.0,4.35,8.9
2021-06-04,18.266666666666666,12.833333333333334,24.633333333333336,1.5333333333333332,1.5999999999999999,71.16666666666667,11.066666666666668,28.265,2.6999999999999997
2021-06-05,20.733333333333334,13.9,26.5,,1.8666666666666665,70.03333333333333,10.066666666666668,21.535,2.6
2021-06-06,22.5,17.633333333333333,28.066666666666666,0.0,1.3333333333333333,68.89999999999999,9.466666666666667,25.115000000000002,2.9
2021-06-07,22.400000000000002,16.099999999999998,28.53333333333333,,0.9333333333333332,62.9,8.233333333333334,20.22,5.2
2021-06-08,24.133333333333336,17.866666666666667,30.766666666666666,,0.8333333333333334,64.83333333333333,10.666666666666666,25.0,5.566666666666666
2021-06-09,25.96666666666667,19.533333333333335,32.56666666666667,,1.2,62.699999999999996,12.033333333333333,27.345,3.8333333333333335
2021-06-10,24.833333333333332,19.833333333333332,30.3,1.1666666666666667,1.9666666666666668,65.13333333333334,5.733333333333334,18.925,8.6
2021-06-11,22.8,19.533333333333335,27.900000000000002,14.033333333333333,1.5333333333333332,81.3,4.866666666666666,18.54,7.166666666666667
2021-06-12,24.46666666666667,18.833333333333332,30.400000000000002,,1.0333333333333334,76.53333333333335,8.366666666666667,24.675,6.3
2021-06-13,24.833333333333332,20.866666666666664,30.666666666666668,,1.0999999999999999,76.60000000000001,6.766666666666667,22.384999999999998,4.8999999999999995
2021-06-14,24.3,19.766666666666666,29.599999999999998,0.0,1.3,79.03333333333333,5.5,18.605,7.633333333333333
2021-06-15,22.366666666666664,20.666666666666668,24.53333333333333,1.2666666666666666,1.9333333333333333,77.89999999999999,0.10000000000000002,8.56,9.133333333333333
2021-06-16,23.400000000000002,20.833333333333332,27.233333333333334,0.0,2.9,67.13333333333334,5.133333333333333,18.4,5.866666666666667
2021-06-17,21.53333333333333,18.900000000000002,24.8,0.03333333333333333,1.6666666666666667,76.43333333333334,1.0,11.165,9.466666666666667
2021-06-18,20.900000000000002,19.0,23.566666666666666,1.5666666666666667,1.0999999999999999,89.39999999999999,0.3333333333333333,8.065,8.933333333333334
2021-06-19,22.8,17.633333333333333,28.96666666666667,,1.0666666666666667,71.56666666666666,10.833333333333334,27.085,2.8000000000000003
2021-06-20,23.96666666666667,17.133333333333336,30.566666666666666,0.6,1.5999999999999999,63.86666666666667,11.433333333333332,27.1,4.0
2021-06-21,23.900000000000002,18.8,30.066666666666666,,1.3666666666666665,63.93333333333333,11.299999999999999,27.58,2.9
2021-06-22,22.53333333333333,17.5,28.233333333333334,0.0,1.3,69.83333333333333,5.8999999999999995,18.990000000000002,6.766666666666667
2021-06-23,20.466666666666665,18.233333333333334,23.7,2.6,1.4666666666666668,84.3,0.9666666666666668,8.515,7.0
2021-06-24,22.633333333333336,17.633333333333333,27.900000000000002,0.0,1.0,75.66666666666667,7.166666666666667,20.465,6.6000000000000005
2021-06-25,23.96666666666667,18.53333333333333,30.5,8.299999999999999,1.1666666666666667,73.06666666666666,10.0,25.945,5.366666666666667
2021-06-26,22.03333333333333,19.3,26.233333333333334,12.899999999999999,0.9,84.10000000000001,4.233333333333333,15.504999999999999,7.566666666666666
2021-06-27,24.400000000000002,18.96666666666667,29.400000000000002,0.5,1.2666666666666666,72.16666666666667,8.366666666666667,20.05,5.2
2021-06-28,24.433333333333334,20.566666666666666,29.166666666666668,1.7,1.5,71.46666666666667,6.3,20.5,6.533333333333334
2021-06-29,23.46666666666667,19.433333333333334,29.433333333333334,14.233333333333334,1.0333333333333334,80.2,7.599999999999999,19.79,5.3
2021-06-30,24.366666666666664,20.766666666666666,29.8,2.15,1.0333333333333334,80.06666666666666,5.6000000000000005,18.240000000000002,6.633333333333333
2021-07-01,26.133333333333336,20.400000000000002,31.5,,1.0666666666666667,72.76666666666667,10.566666666666666,23.634999999999998,3.1666666666666665
2021-07-02,26.099999999999998,21.566666666666666,31.233333333333334,,1.8,62.73333333333333,7.7,22.88,4.266666666666667
2021-07-03,22.933333333333334,20.733333333333334,25.866666666666664,37.666666666666664,3.0,82.10000000000001,0.2,8.84,9.133333333333335
2021-07-04,23.0,21.3,25.0,10.366666666666667,2.1,87.63333333333333,0.6333333333333333,10.075,8.799999999999999
2021-07-05,22.7,20.666666666666668,25.733333333333334,4.1000000000000005,1.0,85.10000000000001,0.06666666666666667,11.665,9.433333333333332
2021-07-06,23.433333333333334,21.0,26.566666666666666,11.733333333333334,0.8333333333333334,90.7,0.8666666666666666,10.22,9.266666666666667
2021-07-07,25.5,22.599999999999998,28.099999999999998,15.799999999999999,1.0,90.13333333333333,0.19999999999999998,9.915,9.933333333333334
2021-07-08,25.833333333333332,22.5,30.633333333333336,38.166666666666664,1.1666666666666667,83.3,6.0,19.83,8.4
2021-07-09,25.8,22.26666666666667,30.366666666666664,3.6333333333333333,1.0666666666666667,80.2,6.866666666666667,19.07,6.433333333333334
2021-07-10,26.2,23.166666666666668,30.733333333333334,8.666666666666666,1.5,80.93333333333334,6.233333333333333,20.445,7.3
2021-07-11,25.900000000000002,22.566666666666666,30.633333333333336,0.20000000000000004,1.2666666666666666,84.36666666666666,4.033333333333334,16.645,7.933333333333334
2021-07-12,27.8,22.7,33.13333333333333,0.0,0.9333333333333332,80.06666666666666,6.466666666666666,19.92,6.1000000000000005
2021-07-13,29.099999999999998,24.8,33.7,,1.2333333333333334,76.46666666666667,9.366666666666667,22.814999999999998,5.833333333333333
2021-07-14,28.900000000000002,24.633333333333336,33.43333333333334,,1.1666666666666667,75.43333333333334,9.700000000000001,22.645,6.566666666666666
2021-07-15,28.0,24.166666666666668,34.4,12.15,1.0999999999999999,77.73333333333333,7.3,21.28,5.400000000000001
2021-07-16,27.066666666666663,22.933333333333334,33.1,1.2666666666666666,1.2,78.63333333333333,8.6,22.445,5.166666666666667
2021-07-17,26.76666666666667,22.233333333333334,31.666666666666668,,1.8333333333333333,75.66666666666667,8.733333333333333,23.205,5.966666666666666
2021-07-18,27.166666666666668,22.866666666666664,32.43333333333333,8.25,1.5666666666666667,73.43333333333332,10.066666666666666,23.34,6.1000000000000005
2021-07-19,26.333333333333332,23.53333333333333,31.566666666666666,0.9333333333333332,1.0,82.2,3.1333333333333333,17.085,8.333333333333334
2021-07-20,27.133333333333336,23.7,31.0,0.0,1.0,82.16666666666667,2.6666666666666665,12.915,8.700000000000001
2021-07-21,28.866666666666664,22.866666666666664,34.4,,1.5999999999999999,66.89999999999999,12.299999999999999,28.175,5.366666666666667
2021-07-22,28.5,23.2,33.733333333333334,,1.9000000000000001,69.0,12.366666666666667,28.090000000000003,3.0666666666666664
2021-07-23,28.900000000000002,23.8,34.53333333333333,,1.7,68.66666666666667,12.166666666666666,28.67,4.333333333333333
2021-07-24,29.333333333333332,24.766666666666666,34.6,,1.4666666666666668,68.3,11.066666666666668,25.15,6.333333333333333
2021-07-25,28.766666666666666,24.400000000000002,32.833333333333336,,2.066666666666667,69.26666666666667,10.133333333333333,23.59,6.433333333333334
2021-07-26,29.0,24.066666666666666,34.233333333333334,,2.1333333333333333,66.33333333333333,12.866666666666667,27.424999999999997,1.6333333333333335
2021-07-27,29.2,23.3,34.6,,1.5333333333333332,66.36666666666667,12.05,24.97,1.5999999999999999
2021-07-28,29.46666666666667,25.0,35.03333333333333,,1.3,64.86666666666667,10.133333333333333,23.689999999999998,3.266666666666667
2021-07-29,29.166666666666668,24.933333333333334,34.96666666666667,,1.1333333333333333,71.73333333333333,9.233333333333334,21.439999999999998,6.5
2021-07-30,30.03333333333333,25.666666666666668,35.53333333333333,0.0,1.2,67.36666666666666,11.233333333333334,24.979999999999997,6.366666666666667
2021-07-31,29.53333333333333,25.53333333333333,34.96666666666667,5.133333333333334,1.1333333333333335,73.36666666666666,9.5,23.78,4.966666666666667
2021-08-01,26.866666666666664,23.666666666666668,32.43333333333333,25.0,0.9666666666666668,83.86666666666666,3.1999999999999997,12.125,8.233333333333334
2021-08-02,25.7,24.03333333333333,28.766666666666666,20.900000000000002,0.7333333333333334,90.56666666666666,1.4666666666666668,8.995,9.233333333333334
2021-08-03,27.5,24.099999999999998,31.8,7.766666666666667,1.0666666666666667,83.06666666666668,4.766666666666667,16.845,7.766666666666667
2021-08-04,28.866666666666664,24.766666666666666,33.800000000000004,0.10000000000000002,1.0666666666666667,75.4,10.966666666666667,26.759999999999998,4.066666666666666
2021-08-05,29.3,25.0,34.699999999999996,0.7,1.0333333333333334,73.3,10.533333333333333,22.939999999999998,4.133333333333334
2021-08-06,27.53333333333333,23.266666666666666,34.63333333333333,9.5,1.2333333333333334,80.10000000000001,7.533333333333334,19.165,6.6000000000000005
2021-08-07,27.433333333333334,22.766666666666666,33.06666666666667,0.0,1.0999999999999999,75.36666666666666,8.666666666666666,22.91,6.099999999999999
2021-08-08,26.0,23.766666666666666,29.5,0.0,1.1333333333333333,82.43333333333334,0.26666666666666666,9.485,9.200000000000001
2021-08-09,27.400000000000002,22.733333333333334,32.46666666666667,,1.4333333333333333,69.03333333333333,11.233333333333334,24.880000000000003,4.466666666666667
2021-08-10,26.066666666666666,23.099999999999998,31.2,10.666666666666666,1.7,77.39999999999999,6.466666666666666,19.25,5.033333333333333
2021-08-11,26.666666666666668,22.433333333333337,32.36666666666667,0.0,1.0,74.39999999999999,8.5,19.62,4.1000000000000005
2021-08-12,26.599999999999998,22.599999999999998,31.53333333333333,0.8,1.0666666666666667,76.76666666666667,5.8,17.215,7.5
2021-08-13,25.8,22.566666666666666,29.233333333333334,0.0,1.2333333333333334,77.73333333333333,2.1999999999999997,12.615,8.966666666666667
2021-08-14,25.03333333333333,22.733333333333334,29.166666666666668,0.16666666666666666,1.4333333333333333,77.0,3.466666666666667,12.71,8.266666666666667
2021-08-15,25.866666666666664,21.46666666666667,31.03333333333333,,2.033333333333333,71.10000000000001,11.333333333333334,24.479999999999997,4.866666666666666
2021-08-16,25.3,21.433333333333334,29.8,,2.0333333333333337,68.73333333333333,8.9,20.450000000000003,5.466666666666666
2021-08-17,24.8,21.066666666666666,29.099999999999998,0.1,1.8333333333333333,70.13333333333333,6.466666666666666,19.595,7.8
2021-08-18,24.266666666666666,20.8,29.733333333333334,0.55,1.7333333333333334,74.23333333333333,4.8,17.095,7.033333333333334
2021-08-19,23.866666666666664,20.633333333333333,28.866666666666664,2.0,1.2666666666666666,79.2,5.1000000000000005,18.235,7.033333333333334
2021-08-20,25.53333333333333,20.366666666666664,30.866666666666664,2.1,1.5666666666666667,73.93333333333334,8.433333333333334,20.299999999999997,4.3999999999999995
2021-08-21,24.233333333333334,22.233333333333334,26.866666666666664,40.13333333333333,2.3000000000000003,86.60000000000001,0.5666666666666668,5.425000000000001,8.6
2021-08-22,24.900000000000002,22.166666666666668,28.633333333333336,0.3333333333333333,1.0999999999999999,82.39999999999999,3.1333333333333333,14.175,8.733333333333334
2021-08-23,22.066666666666666,20.966666666666665,23.8,55.4,0.8666666666666667,94.46666666666665,0.0,3.2649999999999997,10.0
2021-08-24,24.0,21.099999999999998,27.433333333333334,23.400000000000002,1.4333333333333333,91.33333333333333,0.39999999999999997,5.855,9.233333333333334
2021-08-25,23.266666666666666,21.866666666666664,25.133333333333336,25.96666666666667,0.6333333333333333,94.73333333333333,0.03333333333333333,3.615,9.5
2021-08-26,25.233333333333334,21.933333333333334,29.166666666666668,0.0,1.0,84.43333333333334,2.933333333333333,14.08,8.433333333333334
2021-08-27,21.599999999999998,19.966666666666665,24.233333333333334,19.099999999999998,0.9333333333333332,94.10000000000001,0.0,3.62,9.5
2021-08-28,22.46666666666667,18.766666666666666,26.366666666666664,0.09999999999999999,0.8333333333333334,85.46666666666665,2.6333333333333333,13.435,9.066666666666668
2021-08-29,22.133333333333336,18.900000000000002,26.599999999999998,21.2,0.9333333333333332,87.06666666666666,3.5,12.895,8.5
2021-08-30,22.3,19.466666666666665,25.233333333333334,0.16666666666666666,0.5666666666666668,88.7,0.2333333333333333,7.585,8.633333333333333
2021-08-31,22.46666666666667,20.3,26.666666666666668,2.533333333333333,1.0333333333333334,87.2,0.6333333333333334,9.71,9.299999999999999
2021-09-01,22.266666666666666,21.03333333333333,23.866666666666664,57.23333333333333,1.5,94.13333333333333,0.03333333333333333,4.79,9.533333333333333
2021-09-02,22.53333333333333,20.2,25.233333333333334,0.0,1.9666666666666668,79.63333333333333,3.8333333333333335,13.05,7.833333333333333
2021-09-03,23.066666666666666,19.066666666666666,28.133333333333336,,1.7666666666666666,72.43333333333334,7.966666666666666,19.535,4.066666666666666
2021-09-04,22.3,17.133333333333336,28.03333333333333,,1.4333333333333333,73.13333333333334,9.633333333333333,19.855,6.0
2021-09-05,21.166666666666668,17.033333333333335,25.266666666666666,0.6,1.3,80.8,1.1666666666666667,10.04,8.266666666666667
2021-09-06,20.7,18.033333333333335,24.5,29.166666666666668,1.8,84.7,0.16666666666666666,7.375,9.633333333333335
2021-09-07,20.866666666666664,18.666666666666668,23.366666666666664,8.433333333333334,1.5,92.33333333333333,0.10000000000000002,3.585,9.833333333333334
2021-09-08,21.7,18.7,26.733333333333334,0.4666666666666666,1.0,84.76666666666667,4.133333333333334,12.73,5.533333333333334
2021-09-09,21.900000000000002,16.966666666666665,28.266666666666666,,0.6666666666666666,81.33333333333333,7.0,18.15,7.033333333333334
2021-09-10,22.933333333333337,19.166666666666668,28.03333333333333,,0.8333333333333334,83.0,4.666666666666667,15.285,6.7
2021-09-11,23.53333333333333,19.433333333333334,29.96666666666667,,0.8333333333333334,79.76666666666667,9.05,20.6,2.233333333333333
2021-09-12,23.46666666666667,18.766666666666666,28.933333333333334,,0.7999999999999999,81.2,8.166666666666666,18.395000000000003,6.0
2021-09-13,23.433333333333334,20.566666666666666,27.733333333333334,,2.2333333333333334,70.8,7.3999999999999995,17.43,8.333333333333334
2021-09-14,22.333333333333332,19.033333333333335,25.833333333333332,,2.433333333333333,67.26666666666667,3.5666666666666664,13.185,6.5
2021-09-15,22.933333333333334,18.366666666666664,28.266666666666666,,3.1,61.699999999999996,10.333333333333334,21.61,1.1333333333333333
2021-09-16,22.099999999999998,16.099999999999998,26.933333333333334,0.0,2.1999999999999997,69.76666666666667,8.433333333333334,18.009999999999998,6.333333333333333
2021-09-17,20.133333333333333,18.266666666666666,22.833333333333332,9.433333333333332,1.8333333333333333,86.33333333333333,0.6333333333333333,7.625,8.266666666666667
2021-09-18,21.566666666666666,16.333333333333332,28.0,,1.0999999999999999,77.36666666666667,9.433333333333334,21.045,2.6333333333333333
2021-09-19,22.066666666666666,17.133333333333333,27.7,,1.1333333333333333,73.7,10.333333333333334,19.28,2.033333333333333
2021-09-20,22.666666666666668,17.5,27.2,,2.6333333333333333,72.43333333333334,10.666666666666666,21.165,3.6999999999999997
2021-09-21,22.266666666666666,19.76666666666667,25.900000000000002,35.13333333333333,1.8,84.46666666666665,2.8333333333333335,9.52,6.666666666666667
2021-09-22,21.633333333333336,17.400000000000002,27.3,9.966666666666667,1.5999999999999999,76.73333333333333,7.8999999999999995,18.17,4.266666666666667
2021-09-23,20.066666666666666,15.733333333333334,25.900000000000002,,1.3,73.86666666666666,8.166666666666666,18.695,3.6999999999999997
2021-09-24,20.46666666666667,14.700000000000001,26.599999999999998,,1.3333333333333333,72.63333333333333,9.333333333333334,17.9,2.0
2021-09-25,20.333333333333332,16.5,24.066666666666666,0.0,1.6333333333333335,77.76666666666667,1.2666666666666668,8.865,7.633333333333333
2021-09-26,20.7,16.466666666666665,25.400000000000002,,1.3666666666666665,73.73333333333333,2.9,13.535,8.366666666666667
2021-09-27,21.400000000000002,17.266666666666666,26.53333333333333,0.10000000000000002,1.7333333333333334,71.43333333333334,5.3999999999999995,15.425,7.8
2021-09-28,21.3,19.0,25.099999999999998,1.2333333333333334,1.4333333333333336,79.96666666666667,0.8333333333333334,9.34,9.033333333333333
2021-09-29,21.033333333333335,19.400000000000002,23.099999999999998,17.7,0.7666666666666666,94.46666666666665,0.0,3.2199999999999998,9.966666666666667
2021-09-30,21.366666666666664,17.5,27.599999999999998,,0.9333333333333332,80.73333333333333,9.200000000000001,18.7,2.6333333333333333
2021-10-01,20.866666666666667,15.733333333333334,27.73333333333333,0.05,1.0,80.86666666666666,7.6000000000000005,16.595,3.5666666666666664
2021-10-02,20.53333333333333,15.266666666666666,27.166666666666668,0.43333333333333335,0.9,77.73333333333333,9.700000000000001,17.759999999999998,1.5999999999999999
2021-10-03,21.8,15.466666666666667,30.433333333333334,,0.7999999999999999,74.39999999999999,9.266666666666667,18.365000000000002,3.6333333333333333
2021-10-04,22.03333333333333,16.166666666666668,28.3,,0.9333333333333335,80.23333333333333,4.433333333333334,11.04,5.333333333333333
2021-10-05,22.666666666666668,18.666666666666668,29.0,,1.0,77.73333333333333,8.433333333333332,17.225,3.4666666666666663
2021-10-06,21.600000000000005,17.966666666666665,27.3,0.0,1.4000000000000001,80.46666666666667,5.766666666666667,12.585,5.633333333333333
2021-10-07,19.7,17.733333333333334,23.599999999999998,2.2333333333333334,0.7999999999999999,89.83333333333333,1.0666666666666667,5.085,8.0
2021-10-08,19.833333333333332,18.099999999999998,22.0,0.2333333333333333,0.6666666666666666,92.33333333333333,0.03333333333333333,4.365,9.133333333333333
2021-10-09,22.433333333333334,19.099999999999998,27.7,0.13333333333333333,1.0333333333333334,83.89999999999999,5.1000000000000005,12.475,6.433333333333334
2021-10-10,22.3,16.766666666666666,28.5,2.6333333333333333,1.3,81.8,5.3,13.58,6.866666666666667
2021-10-11,15.299999999999999,12.433333333333332,17.433333333333334,12.4,1.3,87.46666666666665,0.16666666666666666,5.779999999999999,9.766666666666667
2021-10-12,16.133333333333333,15.433333333333332,17.233333333333334,0.43333333333333335,1.866666666666667,83.23333333333333,0.0,3.455,8.966666666666667
2021-10-13,18.933333333333334,15.5,23.599999999999998,,2.033333333333333,75.53333333333335,4.05,14.23,5.766666666666667
2021-10-14,19.099999999999998,14.5,25.599999999999998,,0.9333333333333335,78.0,8.9,16.13,3.1999999999999997
2021-10-15,18.133333333333336,16.233333333333334,21.400000000000002,8.266666666666666,0.6333333333333333,88.76666666666667,0.19999999999999998,5.555,9.700000000000001
2021-10-16,12.066666666666668,5.166666666666667,17.333333333333332,5.133333333333334,2.0,63.63333333333333,0.3333333333333333,7.16,9.299999999999999
2021-10-17,5.566666666666666,0.5333333333333333,12.1,,1.4000000000000001,53.96666666666667,10.166666666666666,18.29,0.0
2021-10-18,8.799999999999999,0.5333333333333333,17.033333333333335,,0.7666666666666666,67.8,10.133333333333333,17.14,2.466666666666667
2021-10-19,10.299999999999999,6.033333333333334,15.633333333333333,2.733333333333333,1.1,78.83333333333333,5.233333333333333,10.73,5.0
2021-10-20,8.5,3.033333333333333,15.933333333333332,,0.7666666666666666,73.63333333333333,8.9,16.64,1.2333333333333332
2021-10-21,8.733333333333333,3.033333333333333,16.233333333333334,,0.7999999999999999,77.06666666666666,8.700000000000001,14.66,2.8666666666666667
2021-10-22,9.200000000000001,3.1666666666666665,16.733333333333334,,1.0333333333333332,73.13333333333333,8.733333333333333,15.045,1.1666666666666667
2021-10-23,9.9,3.233333333333333,18.900000000000002,,0.6333333333333333,70.53333333333333,9.4,16.295,0.7999999999999999
2021-10-24,10.200000000000001,3.766666666666667,18.333333333333332,,0.6333333333333333,72.6,9.666666666666666,15.934999999999999,2.8666666666666667
2021-10-25,10.0,4.366666666666666,18.03333333333333,,0.7333333333333334,74.3,9.366666666666667,15.155000000000001,0.9333333333333332
2021-10-26,10.799999999999999,4.166666666666667,18.666666666666668,,0.6333333333333333,77.60000000000001,9.333333333333334,13.77,4.966666666666667
2021-10-27,12.133333333333333,7.133333333333333,19.466666666666665,,1.0333333333333334,70.13333333333334,7.633333333333333,13.515,2.1
2021-10-28,10.766666666666666,3.466666666666667,19.599999999999998,,0.7999999999999999,67.63333333333333,9.799999999999999,15.815,0.0
2021-10-29,12.533333333333333,6.666666666666667,19.866666666666667,,1.3,67.63333333333334,9.6,14.25,3.533333333333333
2021-10-30,11.733333333333334,7.766666666666666,17.733333333333334,,0.5333333333333333,76.56666666666666,1.5333333333333332,7.795,5.6000000000000005
2021-10-31,12.200000000000001,5.566666666666666,20.3,0.0,0.5666666666666668,80.23333333333333,8.166666666666666,13.295,3.1
2021-11-01,12.533333333333333,8.733333333333333,18.833333333333332,,0.9,78.96666666666665,5.8999999999999995,10.465,5.166666666666667
2021-11-02,11.466666666666667,7.6000000000000005,17.366666666666667,,0.9,74.39999999999999,6.633333333333333,10.45,5.666666666666667
2021-11-03,10.299999999999999,4.633333333333334,17.633333333333333,,0.7999999999999999,75.96666666666667,8.766666666666667,13.219999999999999,2.4666666666666663
2021-11-04,12.533333333333331,6.933333333333334,19.400000000000002,0.25,0.7000000000000001,76.39999999999999,8.466666666666667,12.645,2.6999999999999997
2021-11-05,11.633333333333333,6.166666666666667,19.833333333333332,,0.8666666666666666,77.46666666666665,5.766666666666667,10.27,3.766666666666667
2021-11-06,12.766666666666666,6.5,20.733333333333334,,1.0,69.53333333333333,8.5,12.55,1.1333333333333335
2021-11-07,14.633333333333333,7.166666666666667,21.03333333333333,,2.1333333333333333,66.06666666666666,8.1,13.065,4.766666666666667
2021-11-08,10.433333333333334,6.033333333333334,15.766666666666666,13.9,2.3000000000000003,77.39999999999999,1.0999999999999999,3.5,8.333333333333334
2021-11-09,7.433333333333334,5.7,10.966666666666667,1.5333333333333332,1.7333333333333334,77.8,2.1,6.37,7.933333333333334
2021-11-10,5.333333333333333,2.8000000000000003,6.866666666666667,2.4333333333333336,1.0999999999999999,87.46666666666665,0.16666666666666666,2.63,7.833333333333333
2021-11-11,6.2,2.533333333333333,10.533333333333333,2.866666666666667,1.4333333333333333,75.73333333333333,4.233333333333333,7.4399999999999995,4.533333333333333
2021-11-12,5.1000000000000005,1.9333333333333333,8.866666666666667,0.5,1.2666666666666666,74.60000000000001,5.5,8.285,4.6
2021-11-13,6.566666666666666,0.06666666666666672,14.533333333333333,,0.6,78.46666666666665,6.15,11.64,2.733333333333333
2021-11-14,9.366666666666667,3.233333333333333,17.2,,0.7666666666666666,73.16666666666667,7.2,10.780000000000001,2.9333333333333336
2021-11-15,8.9,3.566666666666667,15.9,,0.6,76.96666666666665,7.3999999999999995,11.05,3.0
2021-11-16,7.666666666666667,2.8666666666666667,15.466666666666667,,0.9,66.76666666666667,8.6,11.75,0.7000000000000001
2021-11-17,7.133333333333334,0.7999999999999999,14.333333333333334,,0.7333333333333334,66.96666666666667,8.6,12.47,2.8000000000000003
2021-11-18,9.566666666666668,3.033333333333333,16.400000000000002,,0.9,77.5,5.566666666666666,9.02,5.2
2021-11-19,11.6,7.533333333333334,17.5,,0.7666666666666667,83.53333333333335,4.766666666666667,8.125,6.333333333333333
2021-11-20,10.566666666666668,6.8,16.433333333333334,,0.5333333333333333,83.96666666666665,4.433333333333334,8.335,5.333333333333333
2021-11-21,9.666666666666666,5.433333333333334,14.700000000000001,,0.6,81.39999999999999,0.4666666666666666,4.295,8.666666666666666
2021-11-22,4.433333333333334,1.1333333333333335,11.266666666666666,5.599999999999999,2.4,78.93333333333334,3.6666666666666665,7.135,7.6000000000000005
2021-11-23,1.4000000000000001,-1.5666666666666664,3.766666666666667,0.10000000000000002,1.6333333333333335,73.5,3.3333333333333335,5.98,5.133333333333334
2021-11-24,5.1000000000000005,-0.4333333333333333,11.733333333333334,0.0,1.4333333333333333,64.06666666666666,7.6000000000000005,11.02,3.3333333333333335
2021-11-25,7.266666666666667,2.4,14.033333333333333,0.1,1.4666666666666668,67.73333333333333,7.233333333333334,10.695,0.9
2021-11-26,4.566666666666666,-1.2333333333333334,10.666666666666666,,1.0999999999999999,61.46666666666666,8.166666666666666,11.434999999999999,1.0333333333333334
2021-11-27,3.3666666666666667,-1.5,10.866666666666667,,0.6,60.5,8.566666666666668,11.825,0.0
2021-11-28,4.066666666666666,-3.1,13.333333333333334,,0.5666666666666667,60.5,7.2,10.775,3.233333333333333
2021-11-29,5.3999999999999995,-1.4666666666666668,13.133333333333333,,0.5666666666666667,71.56666666666666,6.3,9.23,3.766666666666666
2021-11-30,5.333333333333333,1.3666666666666665,9.700000000000001,20.833333333333332,1.8333333333333333,85.03333333333333,0.06666666666666667,1.3050000000000002,9.1
2021-12-01,0.5,-2.7999999999999994,3.1,0.0,2.966666666666667,53.86666666666667,7.3999999999999995,9.66,2.566666666666667
2021-12-02,1.4333333333333333,-5.266666666666667,7.166666666666667,0.13333333333333333,1.1333333333333333,67.46666666666667,7.366666666666667,10.79,3.633333333333333
2021-12-03,3.6333333333333333,0.19999999999999998,7.633333333333333,1.2,2.0666666666666664,65.36666666666666,8.0,10.870000000000001,3.8333333333333335
2021-12-04,0.3666666666666667,-3.0666666666666664,4.2,0.05,0.8666666666666667,70.26666666666667,2.6666666666666665,3.87,2.1666666666666665
2021-12-05,1.5666666666666667,-4.0,9.9,,0.5666666666666668,74.4,7.5,10.850000000000001,0.5333333333333333
2021-12-06,4.066666666666666,-1.8999999999999997,12.0,,0.6,73.93333333333334,6.166666666666667,8.66,4.733333333333333
2021-12-07,4.866666666666667,-0.7666666666666666,12.5,,0.8333333333333334,74.03333333333333,8.133333333333333,9.515,0.03333333333333333
2021-12-08,5.066666666666666,-0.6,12.833333333333334,,0.5333333333333333,76.26666666666667,8.233333333333333,10.68,1.1333333333333335
2021-12-09,5.1000000000000005,-0.46666666666666673,11.066666666666668,,0.6,79.36666666666666,3.233333333333333,6.295,5.533333333333334
2021-12-10,6.066666666666666,2.533333333333333,9.233333333333333,1.4333333333333333,0.3666666666666667,92.5,0.6,2.515,8.266666666666667
2021-12-11,6.733333333333333,3.3333333333333335,10.333333333333334,,0.6666666666666666,84.16666666666667,1.8333333333333333,5.51,8.433333333333334
2021-12-12,3.3333333333333335,-2.8333333333333335,8.200000000000001,0.0,2.1,64.33333333333333,5.633333333333333,7.645,3.4
2021-12-13,-2.2,-6.333333333333333,3.033333333333333,,1.2,49.6,8.333333333333334,11.309999999999999,0.3
2021-12-14,2.3666666666666667,-4.766666666666667,7.933333333333334,0.13333333333333333,0.8000000000000002,70.23333333333333,1.7,4.92,7.766666666666667
2021-12-15,6.7,2.8666666666666667,11.6,0.26666666666666666,0.7000000000000001,85.3,1.5999999999999999,4.055,6.6000000000000005
2021-12-16,5.666666666666667,2.766666666666667,10.666666666666666,,0.6,81.56666666666666,2.0,5.055,9.0
2021-12-17,-2.733333333333333,-8.733333333333334,6.133333333333333,0.06666666666666667,3.4333333333333336,55.6,5.3,7.83,4.666666666666667
2021-12-18,-4.366666666666666,-11.366666666666667,2.0,0.06666666666666667,1.2,61.03333333333334,7.533333333333334,10.365,3.6
2021-12-19,0.5666666666666667,-3.3000000000000003,5.133333333333334,0.6333333333333333,1.2666666666666666,69.5,8.1,10.655000000000001,1.5
2021-12-20,5.133333333333334,-2.066666666666667,11.333333333333334,0.0,0.9,73.63333333333334,3.7999999999999994,6.65,5.666666666666667
2021-12-21,6.233333333333333,0.8333333333333334,13.066666666666668,0.0,1.0666666666666667,72.86666666666667,5.433333333333334,8.245000000000001,3.033333333333333
2021-12-22,2.2333333333333334,-3.1,9.799999999999999,,0.7000000000000001,56.03333333333333,8.533333333333333,10.385,0.0
2021-12-23,1.9000000000000001,-4.266666666666667,9.366666666666667,,0.6,61.666666666666664,8.266666666666667,9.345,1.8
2021-12-24,1.2333333333333334,-3.033333333333333,8.066666666666666,,1.6666666666666667,69.3,2.3666666666666667,4.855,6.933333333333333
2021-12-25,-7.8,-11.033333333333333,-2.9,0.0,3.233333333333333,49.86666666666667,8.566666666666666,11.11,1.0333333333333332
2021-12-26,-9.766666666666667,-14.066666666666668,-4.5,0.0,1.8333333333333333,49.1,8.566666666666666,10.77,0.26666666666666666
2021-12-27,-5.3,-12.766666666666666,0.0666666666666667,0.0,1.1666666666666667,60.13333333333333,6.0,8.74,4.6000000000000005
2021-12-28,-1.2333333333333334,-4.666666666666667,2.8000000000000003,0.0,0.5333333333333333,80.76666666666667,0.20000000000000004,3.2649999999999997,6.766666666666667
2021-12-29,1.8333333333333333,-3.266666666666667,7.033333333333334,0.0,1.4333333333333333,70.86666666666666,2.066666666666667,5.05,7.033333333333334
2021-12-30,-1.8333333333333333,-4.5,2.066666666666667,0.8666666666666667,2.2666666666666666,60.1,5.6000000000000005,7.285,3.9
2021-12-31,-5.366666666666667,-8.566666666666666,-0.6333333333333333,0.0,1.9666666666666666,47.800000000000004,8.700000000000001,11.33,0.0
2022-01-01,-5.233333333333333,-11.266666666666666,1.5333333333333332,,0.7666666666666666,55.23333333333333,8.4,10.129999999999999,2.1
2022-01-02,-1.8333333333333333,-7.366666666666667,5.433333333333334,0.0,1.2666666666666666,61.166666666666664,5.633333333333333,7.95,3.266666666666667
2022-01-03,-2.6,-8.933333333333334,3.0666666666666664,0.0,1.0333333333333334,66.33333333333333,8.5,10.29,2.1333333333333333
2022-01-04,-0.5666666666666668,-5.266666666666667,4.166666666666667,0.0,1.5999999999999999,49.36666666666667,8.7,11.225,1.4333333333333333
2022-01-05,-2.033333333333333,-7.566666666666666,3.1,,0.7999999999999999,56.96666666666667,0.9666666666666667,5.26,8.466666666666667
2022-01-06,-1.1666666666666667,-6.1000000000000005,5.133333333333334,,1.1333333333333335,52.6,7.733333333333333,8.09,0.0
2022-01-07,-2.3666666666666667,-8.466666666666667,5.866666666666667,,0.7666666666666666,53.76666666666667,7.8,9.2,0.13333333333333333
2022-01-08,-0.06666666666666672,-7.8999999999999995,6.3,,0.9,59.199999999999996,7.900000000000001,10.184999999999999,3.4333333333333336
2022-01-09,1.9000000000000001,-2.5,6.766666666666667,,0.7666666666666666,66.93333333333334,5.633333333333333,7.710000000000001,5.066666666666666
2022-01-10,0.2333333333333333,-5.7,6.3999999999999995,0.26666666666666666,0.8666666666666667,64.46666666666667,4.966666666666667,7.885,7.3
2022-01-11,-4.433333333333334,-7.8,0.3333333333333333,0.3,2.8333333333333335,59.06666666666666,7.533333333333334,10.655000000000001,3.9333333333333336
2022-01-12,-6.033333333333334,-11.566666666666668,-0.06666666666666665,0.0,1.6666666666666667,52.166666666666664,8.799999999999999,11.79,1.6666666666666667
2022-01-13,-4.966666666666666,-7.8,-1.1333333333333335,0.13333333333333333,2.6333333333333333,52.6,7.366666666666667,10.73,3.6333333333333333
2022-01-14,-4.733333333333333,-10.966666666666667,2.1999999999999997,,1.0333333333333332,45.5,8.833333333333334,12.415,2.1
2022-01-15,-0.5333333333333333,-7.2,5.166666666666667,,0.6333333333333334,47.6,3.1666666666666665,7.870000000000001,7.133333333333333
2022-01-16,0.16666666666666663,-4.566666666666666,3.366666666666667,0.13333333333333333,2.466666666666667,54.833333333333336,8.1,12.32,2.8333333333333335
2022-01-17,-3.5,-8.133333333333333,2.0,0.3666666666666667,1.8,58.166666666666664,5.1000000000000005,8.93,5.1000000000000005
2022-01-18,-5.3,-11.066666666666668,1.0999999999999999,,1.2,46.800000000000004,8.700000000000001,11.86,0.0
2022-01-19,-4.066666666666666,-10.233333333333333,2.5666666666666664,0.09999999999999999,1.4000000000000001,64.5,3.9666666666666663,7.085000000000001,5.2
2022-01-20,-4.566666666666666,-10.200000000000001,2.8000000000000003,,1.0333333333333334,60.86666666666667,9.0,12.675,0.13333333333333333
2022-01-21,-2.9,-10.299999999999999,6.033333333333334,,0.7999999999999999,53.43333333333334,9.1,13.09,1.5
2022-01-22,2.6666666666666665,-4.8,8.733333333333334,0.0,0.7000000000000001,51.166666666666664,2.466666666666667,7.46,8.0
2022-01-23,4.166666666666667,-0.36666666666666664,9.933333333333334,,0.9333333333333332,55.63333333333333,4.233333333333333,8.24,5.833333333333333
2022-01-24,3.8666666666666667,-2.3666666666666667,9.066666666666666,,2.066666666666667,56.699999999999996,6.7,10.98,4.366666666666667
2022-01-25,2.8000000000000003,1.0333333333333334,4.533333333333333,0.9,1.2,81.3,0.0,1.42,8.666666666666666
2022-01-26,2.3333333333333335,-1.0999999999999999,6.333333333333333,,1.5,61.76666666666667,4.333333333333333,8.355,6.633333333333333
2022-01-27,-0.2333333333333333,-4.2,5.633333333333333,,1.1666666666666667,53.9,9.0,12.649999999999999,2.433333333333333
2022-01-28,-1.6333333333333335,-5.733333333333333,4.233333333333333,,1.4666666666666668,51.800000000000004,9.1,13.91,2.8000000000000003
2022-01-29,-2.6333333333333333,-6.5,3.1333333333333333,,1.4666666666666668,48.23333333333333,8.933333333333334,13.985,2.4
2022-01-30,-3.033333333333333,-8.566666666666666,3.466666666666667,,1.1666666666666667,50.36666666666667,8.933333333333334,12.665,2.1666666666666665
2022-01-31,-1.4666666666666668,-8.700000000000001,5.8999999999999995,0.09999999999999999,1.0,56.53333333333333,9.333333333333334,13.865,1.6333333333333335
2022-02-01,0.0,-1.5999999999999999,1.9000000000000001,0.10000000000000002,1.9666666666666668,68.16666666666667,2.3666666666666667,7.295,7.466666666666666
2022-02-02,-0.9,-3.766666666666667,2.733333333333333,0.0,1.9333333333333336,50.833333333333336,7.0,12.805,5.833333333333333
2022-02-03,-1.9333333333333333,-5.133333333333334,3.0,0.0,1.7666666666666666,47.9,9.466666666666667,14.94,2.3000000000000003
2022-02-04,-3.1666666666666665,-6.3,1.6666666666666667,0.10000000000000002,2.1666666666666665,57.86666666666667,7.266666666666666,12.9,6.533333333333334
2022-02-05,-5.2,-9.333333333333334,-0.2333333333333333,0.09999999999999999,2.2666666666666666,59.53333333333333,6.933333333333333,12.260000000000002,3.233333333333333
2022-02-06,-3.3666666666666667,-9.866666666666667,2.6333333333333333,0.0,1.7666666666666668,59.699999999999996,7.0,11.74,1.3
2022-02-07,-2.3000000000000003,-8.166666666666666,2.466666666666667,,1.4333333333333333,47.53333333333333,4.766666666666667,9.59,5.7
2022-02-08,-0.8666666666666667,-6.5,6.366666666666667,,1.1666666666666667,50.73333333333333,7.233333333333333,12.879999999999999,3.1666666666666665
2022-02-09,0.5333333333333333,-7.333333333333333,8.200000000000001,,0.7333333333333334,46.833333333333336,8.799999999999999,13.835,5.0
2022-02-10,2.3,-2.2666666666666666,8.266666666666667,,1.3,44.833333333333336,8.633333333333333,13.370000000000001,2.3000000000000003
2022-02-11,1.8333333333333333,-5.466666666666666,9.933333333333332,,1.0999999999999999,51.5,8.933333333333334,14.254999999999999,2.766666666666667
2022-02-12,3.6666666666666665,-2.733333333333333,11.6,,0.9666666666666667,46.1,9.366666666666667,15.015,3.6666666666666665
2022-02-13,4.333333333333333,-1.0999999999999999,10.966666666666667,0.0,1.0,53.93333333333333,4.933333333333334,10.850000000000001,5.033333333333333
2022-02-14,3.6,-2.733333333333333,11.366666666666667,0.13333333333333333,1.7333333333333334,59.0,7.2,12.77,4.866666666666666
2022-02-15,-2.8000000000000003,-5.866666666666667,0.4666666666666666,0.0,2.8666666666666667,60.23333333333333,3.4,10.295,6.833333333333333
2022-02-16,-5.866666666666667,-8.233333333333333,-2.2333333333333334,0.19999999999999998,2.8333333333333335,59.0,6.233333333333333,14.11,4.6000000000000005
2022-02-17,-5.866666666666667,-10.833333333333334,-0.3666666666666667,,1.7,43.73333333333333,9.366666666666667,15.129999999999999,0.5
2022-02-18,-1.6666666666666667,-10.6,6.8,,0.8333333333333334,39.6,9.633333333333333,16.675,5.1000000000000005
2022-02-19,-0.10000000000000002,-4.133333333333334,4.033333333333333,0.0,1.9666666666666666,48.800000000000004,2.6999999999999997,8.525,8.366666666666667
2022-02-20,-3.733333333333334,-6.666666666666667,0.03333333333333336,0.0,2.966666666666667,40.800000000000004,10.0,17.994999999999997,1.2
2022-02-21,-1.4666666666666668,-8.266666666666667,4.766666666666667,0.0,2.033333333333333,56.06666666666666,7.033333333333334,13.16,3.033333333333333
2022-02-22,-2.5,-6.766666666666667,2.6,0.03333333333333333,2.5666666666666664,44.166666666666664,9.200000000000001,16.745,2.966666666666667
2022-02-23,-4.633333333333333,-9.299999999999999,1.2333333333333334,,2.033333333333333,38.5,9.966666666666667,17.555,2.533333333333333
2022-02-24,-2.4333333333333336,-10.1,4.566666666666667,,1.6333333333333335,44.46666666666667,10.233333333333333,18.395000000000003,0.03333333333333333
2022-02-25,2.1,-6.133333333333333,9.966666666666667,,1.2666666666666666,62.73333333333333,7.766666666666666,14.285,1.7666666666666666
2022-02-26,5.7,0.3666666666666667,12.299999999999999,2.033333333333333,2.433333333333333,65.1,8.433333333333334,14.74,5.266666666666667
2022-02-27,4.333333333333333,-2.1333333333333333,11.4,,1.7333333333333334,47.26666666666667,10.299999999999999,18.83,0.0
2022-02-28,5.566666666666666,-2.3333333333333335,13.033333333333333,,0.8666666666666667,47.26666666666667,7.866666666666667,13.940000000000001,5.933333333333334
2022-03-01,5.533333333333334,0.5666666666666665,11.833333333333334,1.2666666666666666,1.5666666666666667,70.23333333333333,2.533333333333333,8.865,6.0
2022-03-02,3.1666666666666665,-3.5666666666666664,10.566666666666666,,1.6333333333333335,55.4,10.433333333333334,19.02,0.3333333333333333
2022-03-03,5.7,-1.5999999999999999,13.766666666666666,,1.3333333333333333,55.03333333333333,9.766666666666667,18.450000000000003,0.9333333333333332
2022-03-04,8.0,-1.4666666666666666,16.633333333333333,0.0,2.1333333333333333,53.300000000000004,7.2,14.93,5.3
2022-03-05,3.6,-0.3,8.866666666666667,,3.6666666666666665,37.4,10.466666666666667,20.075000000000003,0.2333333333333333
2022-03-06,1.9333333333333336,-2.5,8.133333333333333,,2.1,33.9,10.5,20.895,1.1333333333333333
2022-03-07,3.1999999999999997,-3.8333333333333335,10.966666666666667,,1.0666666666666667,39.36666666666667,9.766666666666666,17.685000000000002,4.466666666666667
2022-03-08,5.133333333333334,-2.966666666666667,13.766666666666666,,1.0,52.06666666666666,10.166666666666666,18.490000000000002,2.033333333333333
2022-03-09,7.033333333333334,-0.6666666666666666,15.866666666666665,,0.8666666666666667,55.0,8.966666666666667,18.244999999999997,1.4666666666666668
2022-03-10,8.700000000000001,0.20000000000000004,17.733333333333334,,1.0,41.9,8.033333333333333,14.395,5.733333333333334
2022-03-11,10.4,2.4,17.533333333333335,,0.7333333333333334,55.23333333333333,2.2333333333333334,9.8,6.466666666666666
2022-03-12,14.766666666666666,8.233333333333334,21.2,0.0,1.2333333333333334,66.3,3.3000000000000003,12.004999999999999,7.566666666666666
2022-03-13,13.799999999999999,12.1,15.933333333333332,28.933333333333337,1.0666666666666667,90.26666666666667,0.0,1.155,9.866666666666667
2022-03-14,10.6,5.966666666666666,14.166666666666666,4.566666666666666,1.8333333333333333,87.76666666666667,0.06666666666666667,2.495,9.233333333333333
2022-03-15,9.1,4.033333333333333,16.099999999999998,,1.3,65.26666666666667,8.566666666666668,18.965,4.6000000000000005
2022-03-16,10.766666666666666,2.766666666666667,18.733333333333334,,1.1333333333333333,61.199999999999996,8.733333333333333,17.71,4.3999999999999995
2022-03-17,8.933333333333332,6.3,11.066666666666668,6.133333333333333,1.7333333333333332,78.0,0.0,2.94,10.0
2022-03-18,6.433333333333334,4.7,8.5,2.6999999999999997,2.8000000000000003,74.3,0.0,4.630000000000001,9.6
2022-03-19,3.8666666666666667,2.1333333333333333,6.3999999999999995,10.933333333333332,1.5666666666666667,83.5,0.3333333333333333,4.1850000000000005,9.5
2022-03-20,5.2,2.4333333333333336,9.966666666666667,0.0,1.3666666666666665,70.13333333333334,2.4666666666666663,11.205,8.433333333333334
2022-03-21,5.3999999999999995,-1.1666666666666667,11.700000000000001,,1.2333333333333334,52.26666666666667,8.466666666666667,17.225,7.966666666666666
2022-03-22,6.633333333333333,0.8333333333333334,13.0,,1.3333333333333333,47.29999999999999,9.933333333333334,20.97,3.6666666666666665
2022-03-23,5.3,2.3666666666666667,9.200000000000001,0.0,1.0666666666666667,63.73333333333333,1.3999999999999997,8.225000000000001,6.6000000000000005
2022-03-24,7.766666666666666,0.6,15.299999999999999,,0.9666666666666667,65.63333333333333,5.0,15.04,5.7
2022-03-25,12.266666666666666,4.633333333333333,18.366666666666667,8.866666666666667,1.7666666666666666,66.96666666666667,2.966666666666667,12.96,8.9
2022-03-26,11.4,8.466666666666667,14.466666666666667,13.233333333333334,2.2333333333333334,87.13333333333333,0.03333333333333333,3.045,8.566666666666668
2022-03-27,8.0,2.733333333333333,15.700000000000001,,2.1666666666666665,56.56666666666666,10.666666666666666,21.060000000000002,1.7666666666666666
2022-03-28,7.166666666666667,-0.7666666666666666,15.033333333333333,,1.0,45.73333333333333,11.233333333333334,23.35,1.4333333333333333
2022-03-29,9.866666666666667,1.1,18.099999999999998,,1.0333333333333334,51.93333333333334,11.433333333333332,23.525,0.0
2022-03-30,11.733333333333334,3.933333333333333,17.7,0.16666666666666666,1.0,71.63333333333333,2.766666666666667,9.629999999999999,7.333333333333333
2022-03-31,10.9,7.433333333333334,14.799999999999999,0.4,1.7333333333333334,72.26666666666667,0.9333333333333332,8.399999999999999,9.5
2022-04-01,8.866666666666667,3.1666666666666665,15.033333333333333,,1.5,52.5,10.033333333333333,22.96,4.433333333333334
2022-04-02,7.733333333333333,0.7666666666666666,15.1,,1.4666666666666668,47.86666666666667,11.466666666666667,24.67,0.19999999999999998
2022-04-03,9.066666666666666,0.6,17.2,,1.2,45.800000000000004,11.633333333333333,24.485,0.0
2022-04-04,10.200000000000001,2.1666666666666665,18.733333333333334,,1.3,44.36666666666667,11.666666666666666,24.325000000000003,0.0
2022-04-05,10.1,1.8333333333333333,17.833333333333332,,1.2333333333333334,42.06666666666667,8.6,18.77,6.566666666666666
2022-04-06,11.966666666666667,4.3,20.2,,1.4333333333333333,38.300000000000004,11.166666666666666,23.475,1.5
2022-04-07,11.6,6.733333333333333,18.733333333333334,0.4333333333333333,1.7333333333333334,45.43333333333334,8.6,21.73,3.766666666666667
2022-04-08,13.133333333333333,2.433333333333333,22.599999999999998,,1.2,37.86666666666667,11.9,25.130000000000003,0.03333333333333333
2022-04-09,17.3,8.766666666666667,25.7,0.0,1.5666666666666667,43.29999999999999,10.9,22.57,1.1333333333333333
2022-04-10,18.066666666666666,9.1,27.133333333333336,,1.2,44.76666666666667,10.5,23.865000000000002,3.4666666666666663
2022-04-11,19.733333333333334,11.233333333333334,27.599999999999998,,1.1666666666666667,54.300000000000004,11.666666666666666,24.340000000000003,2.066666666666667
2022-04-12,20.2,13.633333333333333,27.46666666666667,,1.5,65.06666666666666,10.133333333333333,23.075,4.3
2022-04-13,13.433333333333332,8.733333333333333,18.0,23.433333333333334,2.0,85.73333333333333,0.0,1.275,9.9
2022-04-14,10.233333333333333,8.233333333333333,13.133333333333333,2.066666666666667,2.6666666666666665,74.60000000000001,0.3666666666666667,7.4399999999999995,9.200000000000001
2022-04-15,12.033333333333333,5.633333333333333,18.96666666666667,,1.9000000000000001,55.9,11.233333333333334,25.23,3.233333333333333
2022-04-16,12.233333333333334,5.3999999999999995,19.666666666666668,,1.5999999999999999,45.6,12.0,26.275,1.3333333333333333
2022-04-17,13.233333333333334,3.766666666666667,21.8,,1.3333333333333333,40.699999999999996,11.9,26.62,2.3000000000000003
2022-04-18,14.566666666666668,8.433333333333332,22.566666666666666,,1.3333333333333333,44.26666666666667,8.166666666666666,20.89,7.5
2022-04-19,15.0,6.333333333333333,23.8,,1.3333333333333333,40.43333333333333,11.766666666666666,25.369999999999997,1.366666666666667
2022-04-20,14.799999999999999,5.733333333333333,23.03333333333333,,1.4666666666666668,40.93333333333333,12.166666666666666,27.08,0.03333333333333333
2022-04-21,14.066666666666668,6.866666666666667,21.099999999999998,,1.2333333333333334,49.46666666666667,5.566666666666666,16.93,4.133333333333333
2022-04-22,16.333333333333332,9.066666666666668,23.933333333333334,,2.0,65.0,7.566666666666666,18.835,5.266666666666667
2022-04-23,18.233333333333334,11.766666666666666,25.599999999999998,,1.2,56.0,7.666666666666667,20.450000000000003,7.866666666666667
2022-04-24,19.166666666666668,12.966666666666667,26.933333333333334,,1.3666666666666665,63.56666666666666,9.0,24.3,4.366666666666666
2022-04-25,20.033333333333335,14.633333333333333,26.03333333333333,4.233333333333333,0.9666666666666667,66.46666666666665,3.4,14.06,9.533333333333333
2022-04-26,18.533333333333335,15.266666666666666,23.633333333333336,19.566666666666666,1.5333333333333332,78.43333333333332,2.6,12.765,8.233333333333333
2022-04-27,16.966666666666665,10.9,23.599999999999998,,1.4333333333333333,41.13333333333333,11.933333333333332,26.255000000000003,2.433333333333333
2022-04-28,17.233333333333334,9.933333333333334,24.833333333333332,0.0,1.6666666666666667,51.6,8.333333333333334,21.73,5.533333333333334
2022-04-29,12.6,9.0,16.066666666666666,8.933333333333334,2.433333333333333,67.33333333333333,2.033333333333333,13.135,8.9
2022-04-30,13.200000000000001,10.066666666666668,17.666666666666668,,1.7000000000000002,61.53333333333333,1.9666666666666666,14.26,8.033333333333333
2022-05-01,12.9,6.566666666666666,19.933333333333334,,1.8,51.43333333333334,11.833333333333334,27.240000000000002,1.6000000000000003
2022-05-02,12.9,7.633333333333333,19.0,0.0,1.7,53.1,9.9,23.345,2.766666666666667
2022-05-03,13.700000000000001,5.166666666666667,21.5,,1.4000000000000001,48.9,12.5,27.955,0.0
2022-05-04,16.566666666666666,6.933333333333334,25.400000000000002,,1.4666666666666668,46.86666666666667,12.366666666666667,27.755,0.5
2022-05-05,18.099999999999998,8.766666666666667,26.433333333333334,,1.1333333333333333,50.73333333333333,12.666666666666666,29.09,0.0
2022-05-06,19.133333333333336,11.433333333333332,26.53333333333333,,1.1666666666666667,63.56666666666666,9.4,22.645,2.966666666666667
2022-05-07,17.5,13.1,23.5,,1.7333333333333334,59.20000000000001,7.233333333333333,22.174999999999997,5.933333333333334
2022-05-08,16.333333333333332,11.1,22.0,0.6,2.1333333333333333,50.5,6.166666666666667,19.91,8.166666666666666
2022-05-09,16.933333333333334,10.466666666666667,23.266666666666666,1.9000000000000001,2.1,52.03333333333333,9.866666666666667,26.675,6.466666666666666
2022-05-10,18.166666666666668,10.566666666666666,25.066666666666666,0.0,1.7666666666666666,39.9,11.1,29.08,5.2
2022-05-11,19.266666666666666,13.666666666666666,25.2,,1.0666666666666667,50.333333333333336,6.066666666666666,21.155,7.966666666666668
2022-05-12,20.466666666666665,14.966666666666667,27.46666666666667,,1.1333333333333333,55.03333333333333,4.733333333333333,20.67,8.566666666666668
2022-05-13,18.466666666666665,14.566666666666668,21.5,0.05,1.4333333333333333,59.13333333333333,1.0999999999999999,10.095,7.166666666666667
2022-05-14,15.333333333333334,9.799999999999999,21.766666666666666,,2.266666666666667,42.46666666666667,11.5,27.695,4.333333333333333
2022-05-15,14.766666666666666,8.5,21.366666666666664,,1.6333333333333335,42.699999999999996,11.833333333333334,29.475,2.6
2022-05-16,15.966666666666667,6.833333333333333,24.166666666666668,,1.6000000000000003,42.73333333333333,12.966666666666667,29.665,0.3
2022-05-17,19.366666666666667,9.866666666666667,27.666666666666668,,1.6333333333333335,46.46666666666667,12.733333333333334,28.509999999999998,0.26666666666666666
2022-05-18,21.233333333333334,14.166666666666666,27.96666666666667,,1.9333333333333333,41.43333333333333,11.933333333333332,25.450000000000003,1.3
2022-05-19,19.733333333333334,15.133333333333333,25.0,,1.6666666666666667,35.5,4.3999999999999995,17.11,7.566666666666666
2022-05-20,20.0,13.333333333333334,27.133333333333336,,1.2,52.13333333333333,10.666666666666666,25.805,4.0
2022-05-21,20.533333333333335,14.333333333333334,27.666666666666668,,1.6333333333333335,63.43333333333334,11.233333333333334,26.53,1.9666666666666668
2022-05-22,20.933333333333334,14.466666666666667,28.400000000000002,,2.033333333333333,67.13333333333334,12.4,27.939999999999998,1.2
2022-05-23,22.433333333333334,15.5,30.133333333333336,,1.5666666666666667,63.06666666666666,11.066666666666668,26.14,2.9333333333333336
2022-05-24,22.7,14.766666666666666,30.96666666666667,,1.4666666666666668,51.9,12.866666666666667,29.23,0.3333333333333333
2022-05-25,21.8,15.299999999999999,28.53333333333333,0.0,1.5666666666666667,56.199999999999996,10.533333333333333,25.34,4.933333333333334
2022-05-26,18.966666666666665,13.566666666666668,25.46666666666667,5.066666666666666,1.8666666666666665,55.800000000000004,12.533333333333333,29.48,2.0666666666666664
2022-05-27,20.566666666666666,14.433333333333332,26.866666666666664,,2.433333333333333,53.96666666666666,12.4,29.775,1.2
2022-05-28,21.8,14.466666666666667,29.366666666666664,,1.7666666666666666,47.96666666666666,13.066666666666668,26.049999999999997,3.3333333333333335
2022-05-29,22.5,14.333333333333334,30.666666666666668,,1.1666666666666667,51.96666666666667,12.700000000000001,28.865000000000002,3.1999999999999997
2022-05-30,21.133333333333333,18.366666666666667,25.099999999999998,0.0,1.7666666666666668,66.33333333333333,0.6999999999999998,11.905,8.166666666666666
2022-05-31,20.933333333333334,12.9,28.3,,1.5333333333333332,44.1,12.799999999999999,29.95,1.9000000000000001
2022-06-01,22.266666666666666,13.666666666666666,31.266666666666666,,1.6000000000000003,37.06666666666666,13.133333333333333,30.73,1.5666666666666667
2022-06-02,21.833333333333332,13.4,29.46666666666667,,1.5333333333333332,57.46666666666667,12.566666666666668,29.225,1.2666666666666666
2022-06-03,24.633333333333336,18.066666666666666,32.300000000000004,,1.5,56.300000000000004,10.966666666666667,27.805,2.766666666666667
2022-06-04,24.133333333333336,17.900000000000002,29.2,,2.433333333333333,51.43333333333334,8.666666666666666,21.765,7.0
2022-06-05,18.3,16.400000000000002,23.933333333333334,7.366666666666667,2.3666666666666667,78.16666666666667,0.0,5.235,9.633333333333333
2022-06-06,18.7,16.0,22.933333333333334,3.466666666666667,1.7666666666666668,79.3,3.6999999999999997,12.635,6.533333333333334
2022-06-07,16.933333333333334,13.466666666666667,20.333333333333332,0.03333333333333333,1.8666666666666665,76.10000000000001,2.1999999999999997,9.2,7.466666666666666
2022-06-08,19.766666666666666,14.799999999999999,25.933333333333334,0.2,1.8,66.23333333333333,7.5,24.84,6.633333333333333
2022-06-09,21.46666666666667,17.3,26.96666666666667,,1.2666666666666668,66.3,5.3999999999999995,19.805,6.3
2022-06-10,23.066666666666666,16.599999999999998,29.066666666666666,,1.2,64.03333333333333,8.299999999999999,22.59,5.566666666666666
2022-06-11,23.133333333333336,18.233333333333334,30.366666666666664,2.7,1.5999999999999999,63.199999999999996,6.966666666666666,24.064999999999998,5.966666666666666
2022-06-12,23.233333333333334,17.433333333333334,28.133333333333336,0.0,2.0,59.63333333333333,8.799999999999999,22.939999999999998,5.766666666666667
2022-06-13,22.333333333333332,19.266666666666666,27.0,0.05,2.9,55.300000000000004,10.366666666666667,26.0,7.5
2022-06-14,17.8,15.799999999999999,20.099999999999998,5.7,2.8666666666666667,74.46666666666667,0.0,6.845,9.133333333333333
2022-06-15,19.233333333333334,14.799999999999999,25.433333333333334,22.96666666666667,1.5999999999999999,81.16666666666667,3.5666666666666664,14.65,7.8
2022-06-16,21.400000000000002,17.8,26.433333333333334,0.0,1.5666666666666667,65.16666666666667,7.3,22.130000000000003,4.966666666666667
2022-06-17,22.7,16.466666666666665,28.433333333333334,0.0,1.0333333333333334,72.8,7.566666666666666,17.78,6.666666666666667
2022-06-18,24.733333333333334,21.53333333333333,28.5,0.0,1.3333333333333333,71.10000000000001,5.3999999999999995,16.635,6.0
2022-06-19,24.599999999999998,21.066666666666666,28.366666666666664,,1.0666666666666667,73.63333333333333,2.033333333333333,14.155000000000001,7.266666666666667
2022-06-20,26.233333333333334,21.633333333333336,32.0,,1.2,70.26666666666667,8.700000000000001,23.19,3.4
2022-06-21,27.566666666666666,21.433333333333334,34.766666666666666,,1.2666666666666666,63.93333333333334,11.4,27.68,1.6333333333333335
2022-06-22,26.866666666666664,21.333333333333332,33.63333333333333,,1.4333333333333333,64.3,10.633333333333333,26.244999999999997,3.0
2022-06-23,24.900000000000002,21.866666666666664,29.53333333333333,25.400000000000002,1.7666666666666668,84.33333333333333,0.9333333333333335,7.5600000000000005,8.966666666666667
2022-06-24,24.900000000000002,22.96666666666667,28.900000000000002,8.5,2.3666666666666667,77.93333333333334,5.833333333333333,21.88,6.5
2022-06-25,27.2,21.733333333333334,32.800000000000004,0.0,1.8666666666666665,70.86666666666666,8.333333333333334,24.66,3.9
2022-06-26,27.099999999999998,24.433333333333334,30.53333333333333,0.06666666666666667,1.6666666666666667,75.83333333333333,2.433333333333333,10.2,7.666666666666667
2022-06-27,27.599999999999998,24.633333333333336,30.900000000000002,2.4333333333333336,2.266666666666667,73.93333333333334,0.6666666666666666,11.635,9.633333333333333
2022-06-28,29.2,27.433333333333334,31.8,,4.233333333333333,60.699999999999996,2.6999999999999997,16.59,9.033333333333333
2022-06-29,26.8,24.133333333333336,30.099999999999998,22.833333333333332,2.3666666666666667,80.56666666666666,0.6999999999999998,7.3,9.366666666666667
2022-06-30,26.233333333333334,23.233333333333334,30.099999999999998,15.4,1.5999999999999999,83.7,2.3333333333333335,15.215,7.566666666666666
2022-07-01,28.2,22.933333333333337,33.800000000000004,,1.2,71.93333333333334,11.066666666666668,27.11,3.8666666666666667
2022-07-02,29.03333333333333,23.3,34.833333333333336,,1.0999999999999999,67.53333333333333,12.066666666666668,28.855,2.9333333333333336
2022-07-03,28.100000000000005,23.066666666666666,34.4,21.26666666666667,1.2,72.10000000000001,9.066666666666666,23.240000000000002,6.466666666666666
2022-07-04,27.766666666666666,23.233333333333334,33.46666666666667,0.0,1.0999999999999999,75.8,7.8,19.05,6.533333333333334
2022-07-05,27.666666666666668,24.333333333333332,33.233333333333334,0.03333333333333333,1.0999999999999999,79.3,3.7000000000000006,18.38,8.166666666666666
2022-07-06,29.366666666666664,24.96666666666667,34.06666666666667,0.15,1.7666666666666668,72.36666666666666,5.866666666666667,21.91,7.366666666666667
2022-07-07,29.266666666666666,25.53333333333333,34.06666666666667,5.266666666666667,2.3000000000000003,71.16666666666667,6.5,19.825,7.833333333333333
2022-07-08,27.53333333333333,24.53333333333333,31.666666666666668,3.033333333333333,1.4666666666666668,75.06666666666666,4.6000000000000005,17.02,7.0
2022-07-09,26.233333333333334,23.433333333333334,29.766666666666666,,1.0666666666666667,76.06666666666666,2.1999999999999997,11.8,6.866666666666667
2022-07-10,28.433333333333334,23.5,34.56666666666667,8.1,1.1666666666666667,70.76666666666667,7.566666666666666,22.47,5.866666666666667
2022-07-11,24.600000000000005,22.666666666666668,27.666666666666668,11.266666666666666,1.0333333333333332,88.96666666666665,1.1333333333333335,7.96,7.400000000000001
2022-07-12,26.5,22.5,29.866666666666664,0.0,1.2666666666666666,80.13333333333334,1.2,12.8,7.6000000000000005
2022-07-13,24.3,23.5,25.96666666666667,16.766666666666666,2.066666666666667,85.63333333333333,0.0,3.835,9.666666666666666
2022-07-14,25.933333333333334,23.766666666666666,29.900000000000002,0.39999999999999997,1.5666666666666667,82.36666666666666,2.6666666666666665,13.955,7.633333333333333
2022-07-15,25.733333333333334,21.833333333333332,30.833333333333332,,1.4000000000000001,73.3,9.5,25.455,3.5666666666666664
2022-07-16,24.53333333333333,21.7,29.333333333333332,11.05,1.3333333333333333,79.56666666666666,5.8999999999999995,20.225,5.900000000000001
2022-07-17,25.5,21.599999999999998,30.2,,1.3,74.96666666666665,4.3999999999999995,19.78,7.233333333333333
2022-07-18,22.5,21.400000000000002,24.5,40.43333333333333,1.2333333333333334,90.93333333333332,0.0,5.3100000000000005,8.700000000000001
2022-07-19,24.8,20.766666666666666,30.233333333333334,12.6,1.0666666666666667,83.26666666666667,3.2999999999999994,18.185000000000002,7.566666666666666
2022-07-20,27.0,22.666666666666668,31.96666666666667,0.0,1.1333333333333335,73.66666666666667,7.7,24.325,7.8
2022-07-21,23.433333333333334,22.433333333333334,26.03333333333333,20.03333333333333,1.7,88.60000000000001,0.5,4.9399999999999995,8.933333333333334
2022-07-22,25.2,22.03333333333333,29.666666666666668,1.6500000000000001,1.4000000000000001,74.7,5.333333333333333,19.259999999999998,6.633333333333333
2022-07-23,24.566666666666666,21.400000000000002,28.599999999999998,13.866666666666667,1.5,80.60000000000001,2.233333333333333,14.19,8.200000000000001
2022-07-24,24.46666666666667,22.03333333333333,27.099999999999998,4.366666666666666,1.0333333333333334,88.8,0.3333333333333333,9.82,8.299999999999999
2022-07-25,26.900000000000002,23.366666666666664,32.0,0.2,1.2666666666666666,76.06666666666666,8.6,24.585,3.6333333333333333
2022-07-26,27.866666666666664,22.433333333333334,33.96666666666667,,1.1666666666666667,72.0,10.799999999999999,24.585,3.1
2022-07-27,27.03333333333333,23.566666666666666,31.066666666666666,,2.266666666666667,67.36666666666667,10.433333333333334,25.535,5.066666666666666
2022-07-28,27.633333333333336,22.733333333333334,32.199999999999996,,2.3333333333333335,71.66666666666667,10.299999999999999,25.68,3.233333333333333
2022-07-29,29.766666666666666,24.866666666666664,34.53333333333333,,1.9666666666666666,67.06666666666666,11.166666666666666,26.165,3.0666666666666664
2022-07-30,28.633333333333336,25.333333333333332,32.199999999999996,0.0,2.433333333333333,69.36666666666666,5.166666666666667,18.085,5.8999999999999995
2022-07-31,26.46666666666667,24.96666666666667,28.433333333333334,18.0,1.8666666666666665,84.06666666666666,0.06666666666666667,6.57,9.799999999999999
2022-08-01,27.733333333333334,25.133333333333336,31.766666666666666,5.033333333333333,2.8000000000000003,80.36666666666666,3.9333333333333336,19.125,8.933333333333334
2022-08-02,27.766666666666666,25.333333333333332,31.5,2.1,1.7999999999999998,80.93333333333334,3.266666666666667,15.780000000000001,8.233333333333333
2022-08-03,28.666666666666668,25.633333333333336,33.03333333333333,2.1666666666666665,1.5,77.66666666666667,5.633333333333333,18.15,6.033333333333334
2022-08-04,28.5,25.133333333333336,33.166666666666664,3.4,1.3333333333333333,78.5,6.7,19.42,5.766666666666667
2022-08-05,28.53333333333333,25.433333333333334,32.833333333333336,4.833333333333333,1.4666666666666668,80.63333333333333,5.6000000000000005,19.18,6.0
2022-08-06,29.46666666666667,25.733333333333334,33.96666666666667,,1.3666666666666665,75.56666666666666,8.666666666666666,22.295,4.966666666666666
2022-08-07,29.46666666666667,26.5,33.699999999999996,0.1,1.5999999999999999,76.83333333333333,4.6,19.195,7.366666666666667
2022-08-08,28.166666666666668,26.400000000000002,29.933333333333334,2.033333333333333,2.066666666666667,75.56666666666666,0.03333333333333333,6.975,9.933333333333334
2022-08-09,27.633333333333336,24.833333333333332,30.2,6.266666666666667,2.2333333333333334,77.56666666666666,0.3,8.969999999999999,10.0
2022-08-10,24.96666666666667,23.46666666666667,27.933333333333334,182.0666666666667,1.5333333333333332,92.63333333333333,0.0,2.63,10.0
2022-08-11,24.400000000000002,23.933333333333334,25.366666666666664,64.76666666666667,1.5666666666666667,93.93333333333332,0.0,1.6099999999999999,10.0
2022-08-12,27.0,22.96666666666667,32.03333333333333,0.3666666666666667,1.0666666666666667,77.10000000000001,9.533333333333333,24.43,5.133333333333334
2022-08-13,25.46666666666667,23.366666666666664,28.599999999999998,23.96666666666667,0.9666666666666667,87.83333333333333,0.19999999999999998,6.58,8.633333333333333
2022-08-14,26.366666666666664,24.099999999999998,29.633333333333336,10.266666666666667,1.0,89.46666666666665,0.13333333333333333,5.58,9.5
2022-08-15,27.866666666666664,24.133333333333336,31.433333333333334,16.0,2.433333333333333,77.3,1.4666666666666668,13.58,9.4
2022-08-16,25.900000000000002,23.099999999999998,29.733333333333334,18.53333333333333,1.5666666666666667,84.43333333333334,4.933333333333334,16.535,7.3999999999999995
2022-08-17,25.400000000000002,22.53333333333333,30.366666666666664,8.799999999999999,1.1666666666666667,83.03333333333335,3.4,12.235,7.133333333333333
2022-08-18,25.03333333333333,20.533333333333335,30.266666666666666,,0.9333333333333332,75.43333333333334,7.233333333333333,20.61,5.2
2022-08-19,26.2,21.5,29.46666666666667,0.0,1.5333333333333332,81.76666666666667,1.4000000000000001,10.42,8.266666666666667
2022-08-20,27.166666666666668,24.766666666666666,31.066666666666666,41.99999999999999,1.5333333333333332,82.96666666666665,3.8000000000000003,15.295,6.466666666666666
2022-08-21,26.933333333333334,22.900000000000002,31.866666666666664,,1.2666666666666666,73.76666666666667,10.6,23.235,3.0666666666666664
2022-08-22,26.633333333333336,22.53333333333333,31.46666666666667,0.0,1.1666666666666667,74.46666666666665,6.266666666666667,17.7,7.166666666666667
2022-08-23,23.900000000000002,22.633333333333336,25.733333333333334,22.900000000000002,0.7999999999999999,90.96666666666665,0.06666666666666667,2.74,9.4
2022-08-24,23.066666666666666,21.266666666666666,25.0,0.13333333333333333,2.1666666666666665,75.3,0.7999999999999999,10.67,8.066666666666666
2022-08-25,22.46666666666667,18.900000000000002,27.7,0.0,1.2333333333333334,79.8,1.3333333333333333,11.469999999999999,8.9
2022-08-26,22.666666666666668,17.0,28.333333333333332,,1.1333333333333333,73.86666666666666,9.233333333333333,22.105,4.333333333333333
2022-08-27,21.46666666666667,17.133333333333333,25.96666666666667,,1.7000000000000002,63.56666666666666,9.233333333333334,24.175,4.633333333333333
2022-08-28,21.366666666666664,14.5,27.53333333333333,,1.4666666666666668,62.6,11.866666666666667,26.115000000000002,4.333333333333333
2022-08-29,19.5,17.53333333333333,21.866666666666664,4.2,1.4000000000000001,79.5,0.0,4.6,9.4
2022-08-30,19.033333333333335,17.466666666666665,20.366666666666667,40.9,1.1333333333333335,93.96666666666665,0.0,2.375,9.966666666666667
2022-08-31,20.866666666666664,19.433333333333334,23.03333333333333,9.5,0.7333333333333334,92.03333333333335,0.0,4.675,8.9
2022-09-01,22.099999999999998,18.933333333333334,27.333333333333332,,1.2,81.76666666666667,5.266666666666667,17.29,6.933333333333334
2022-09-02,22.666666666666668,17.366666666666667,27.666666666666668,,2.3666666666666667,71.56666666666666,5.233333333333333,17.325,5.7
2022-09-03,23.23333333333333,20.400000000000002,26.599999999999998,0.0,2.8333333333333335,69.23333333333333,3.6666666666666665,16.205,7.433333333333334
2022-09-04,24.133333333333336,21.5,27.133333333333336,1.0,2.233333333333333,80.53333333333335,0.10000000000000002,7.6450000000000005,9.700000000000001
2022-09-05,22.833333333333332,19.7,25.400000000000002,46.666666666666664,1.3666666666666665,94.03333333333335,0.0,3.6799999999999997,10.0
2022-09-06,20.233333333333334,16.433333333333334,25.666666666666668,43.166666666666664,3.1,80.26666666666667,5.366666666666667,15.555,5.433333333333334
2022-09-07,20.566666666666666,15.466666666666669,27.833333333333332,,1.0333333333333334,70.63333333333334,9.266666666666667,22.16,2.8333333333333335
2022-09-08,21.333333333333332,14.233333333333334,29.03333333333333,,0.9333333333333332,69.36666666666667,11.066666666666668,24.060000000000002,2.966666666666667
2022-09-09,22.433333333333334,16.8,28.8,,1.4666666666666668,63.23333333333333,9.933333333333334,23.005000000000003,5.933333333333334
2022-09-10,21.933333333333334,17.933333333333334,26.2,,1.8666666666666665,60.43333333333334,5.3999999999999995,17.39,8.133333333333333
2022-09-11,23.400000000000002,19.066666666666666,28.03333333333333,0.0,1.4666666666666668,67.63333333333334,6.866666666666667,17.415,8.4
2022-09-12,22.8,20.333333333333332,25.96666666666667,1.5333333333333332,0.8333333333333334,84.73333333333333,0.5333333333333333,9.045,9.700000000000001
2022-09-13,24.099999999999998,20.766666666666666,28.333333333333332,0.0,1.6666666666666667,73.13333333333334,0.9666666666666667,10.559999999999999,9.9
2022-09-14,24.433333333333334,21.233333333333334,28.833333333333332,0.0,3.033333333333333,52.26666666666667,5.3999999999999995,15.485,7.7
2022-09-15,24.900000000000002,21.166666666666668,29.366666666666664,,2.9333333333333336,63.79999999999999,8.933333333333332,19.575000000000003,6.466666666666666
2022-09-16,25.03333333333333,20.96666666666667,29.8,0.15,2.6,73.46666666666665,8.533333333333333,19.814999999999998,6.133333333333333
2022-09-17,26.8,22.7,32.36666666666667,0.1,1.0666666666666667,76.23333333333333,8.733333333333334,19.285,6.833333333333333
2022-09-18,27.0,23.666666666666668,32.46666666666667,0.1,1.8333333333333333,74.16666666666667,4.433333333333334,16.83,8.4
2022-09-19,24.166666666666668,17.166666666666668,29.2,,3.5,64.53333333333333,8.266666666666667,18.95,4.333333333333333
2022-09-20,18.366666666666664,14.333333333333334,23.5,,1.5666666666666667,64.60000000000001,5.3,14.77,3.633333333333333
2022-09-21,17.900000000000002,12.066666666666668,23.933333333333334,,1.7333333333333334,61.86666666666667,11.200000000000001,22.77,0.16666666666666666
2022-09-22,17.866666666666667,12.033333333333333,23.7,,1.2,63.03333333333333,8.733333333333334,18.494999999999997,6.8999999999999995
2022-09-23,17.099999999999998,12.700000000000001,24.0,0.09999999999999999,1.7000000000000002,68.36666666666666,8.700000000000001,17.564999999999998,4.166666666666667
2022-09-24,17.166666666666668,10.9,23.46666666666667,,1.2666666666666668,62.5,10.066666666666668,20.85,5.233333333333333
2022-09-25,18.2,14.066666666666668,24.166666666666668,,0.8666666666666667,68.2,3.466666666666667,14.09,8.433333333333332
2022-09-26,18.3,14.033333333333333,25.3,,0.8666666666666667,68.16666666666667,4.3999999999999995,14.27,8.133333333333333
2022-09-27,19.03333333333333,12.0,27.099999999999998,,1.1666666666666667,67.26666666666667,10.6,20.805,1.3
2022-09-28,18.633333333333333,13.333333333333334,24.866666666666664,,0.7333333333333334,74.86666666666666,5.5,13.2,4.733333333333333
2022-09-29,18.599999999999998,14.200000000000001,25.866666666666664,,0.8666666666666667,79.0,7.066666666666666,16.575,1.9333333333333333
2022-09-30,18.933333333333334,12.733333333333334,28.433333333333334,,0.7999999999999999,71.73333333333333,8.200000000000001,19.12,1.6333333333333335
2022-10-01,19.400000000000002,12.266666666666666,27.599999999999998,,0.7999999999999999,67.56666666666666,8.266666666666667,17.525,5.466666666666666
2022-10-02,20.433333333333334,15.766666666666666,25.96666666666667,1.3666666666666665,1.4333333333333333,70.03333333333333,2.3000000000000003,10.33,9.4
2022-10-03,22.666666666666668,18.366666666666667,26.066666666666666,22.333333333333332,1.4000000000000001,86.76666666666665,0.3333333333333333,5.09,9.533333333333333
2022-10-04,19.733333333333334,15.533333333333333,23.766666666666666,50.03333333333333,2.1999999999999997,81.2,2.1666666666666665,9.81,9.166666666666666
2022-10-05,16.366666666666664,14.200000000000001,21.233333333333334,0.0,1.2666666666666666,69.73333333333333,5.0,14.085,7.433333333333334
2022-10-06,16.466666666666665,14.033333333333333,21.0,0.4333333333333333,1.0333333333333332,76.86666666666667,2.5,10.510000000000002,8.766666666666667
2022-10-07,15.700000000000001,12.9,19.766666666666666,0.0,1.7,70.43333333333334,6.266666666666667,15.18,6.6000000000000005
2022-10-08,15.333333333333334,9.5,20.866666666666667,,2.0666666666666664,65.36666666666666,9.933333333333334,17.865000000000002,2.433333333333333
2022-10-09,12.966666666666667,10.9,14.666666666666666,17.333333333333332,1.2333333333333332,84.83333333333333,0.0,3.26,9.5
2022-10-10,10.533333333333333,8.233333333333333,13.733333333333334,3.233333333333333,2.5,74.2,3.8666666666666667,11.11,7.7
2022-10-11,11.433333333333332,7.6000000000000005,17.433333333333334,0.13333333333333333,1.8,71.16666666666667,8.6,17.775,2.6333333333333333
2022-10-12,12.166666666666666,5.233333333333333,20.733333333333334,,1.2,77.73333333333333,7.866666666666667,16.525,2.4
2022-10-13,14.6,8.333333333333334,22.166666666666668,,1.1666666666666667,75.16666666666667,9.966666666666667,18.18,2.0
2022-10-14,15.4,9.966666666666667,22.266666666666666,,0.9666666666666667,77.10000000000001,5.966666666666666,14.495000000000001,7.066666666666666
2022-10-15,18.0,12.566666666666668,24.5,,0.7999999999999999,73.06666666666666,7.3999999999999995,15.86,6.1000000000000005
2022-10-16,17.599999999999998,14.733333333333334,22.46666666666667,0.3,1.0,78.03333333333335,1.5999999999999999,9.425,8.966666666666667
2022-10-17,12.266666666666666,6.766666666666667,16.266666666666666,,2.533333333333333,50.53333333333333,8.866666666666667,17.814999999999998,2.6999999999999997
2022-10-18,8.166666666666666,3.233333333333333,14.633333333333333,,1.3333333333333333,57.53333333333333,10.233333333333333,17.95,0.0
2022-10-19,8.666666666666666,1.7999999999999998,16.633333333333333,,1.0666666666666667,62.300000000000004,10.166666666666666,17.424999999999997,0.0
2022-10-20,10.6,2.6333333333333333,19.666666666666668,,0.9,64.8,10.1,17.215,2.0666666666666664
2022-10-21,11.866666666666667,5.866666666666667,18.5,,0.7000000000000001,68.8,4.033333333333333,10.325,8.0
2022-10-22,13.833333333333334,7.566666666666667,21.099999999999998,0.0,1.0333333333333332,70.26666666666667,9.299999999999999,16.25,2.8000000000000003
2022-10-23,13.133333333333333,8.200000000000001,18.966666666666665,,1.3666666666666665,66.23333333333333,7.066666666666666,13.605,3.0
2022-10-24,9.200000000000001,4.8,15.833333333333334,,1.5,58.199999999999996,8.299999999999999,15.895,1.5333333333333332
2022-10-25,9.266666666666667,2.4,16.733333333333334,,1.0999999999999999,63.133333333333326,9.799999999999999,16.28,0.6
2022-10-26,10.866666666666667,3.733333333333333,18.266666666666666,,0.7666666666666666,64.10000000000001,9.033333333333333,14.55,4.333333333333333
2022-10-27,12.266666666666666,5.966666666666666,20.3,,0.9,69.33333333333333,9.533333333333333,15.285,1.2333333333333334
2022-10-28,12.700000000000001,7.066666666666667,20.466666666666665,,0.7333333333333334,72.89999999999999,6.566666666666666,12.55,3.4333333333333336
2022-10-29,13.200000000000001,7.5,20.599999999999998,,0.8666666666666667,70.23333333333333,8.833333333333334,13.595,2.6666666666666665
2022-10-30,13.366666666666667,7.233333333333333,20.233333333333334,,1.1333333333333335,67.73333333333333,8.566666666666668,14.145,1.5333333333333332
2022-10-31,13.333333333333334,8.433333333333334,19.966666666666665,,1.0666666666666667,68.06666666666666,8.166666666666666,14.129999999999999,3.6
2022-11-01,12.166666666666666,7.3,19.233333333333334,,1.0333333333333334,74.3,6.966666666666666,11.375,3.0
2022-11-02,10.0,4.566666666666666,18.933333333333334,,0.8999999999999999,65.93333333333334,7.466666666666668,14.56,1.7333333333333334
2022-11-03,9.166666666666666,3.033333333333333,16.099999999999998,,1.1666666666666667,60.9,2.2666666666666666,8.59,6.8
2022-11-04,5.666666666666667,1.1666666666666667,10.566666666666666,,1.8666666666666665,47.76666666666667,9.633333333333333,15.155000000000001,0.7999999999999999
2022-11-05,5.5,-1.8666666666666665,13.633333333333333,,1.0666666666666667,52.86666666666667,9.633333333333333,15.155000000000001,0.0
2022-11-06,7.133333333333333,-0.03333333333333336,15.833333333333334,,0.7000000000000001,66.66666666666667,9.233333333333334,13.515,1.7333333333333334
2022-11-07,9.0,1.7999999999999998,16.633333333333333,,0.5666666666666668,63.199999999999996,7.066666666666666,10.975000000000001,4.266666666666667
2022-11-08,11.200000000000001,5.833333333333333,18.7,,0.6666666666666666,64.96666666666667,7.766666666666667,12.465,3.0
2022-11-09,9.433333333333334,4.3999999999999995,16.366666666666667,,0.7000000000000001,74.93333333333334,5.6000000000000005,9.559999999999999,5.3
2022-11-10,11.066666666666668,4.3,19.133333333333333,,0.7666666666666667,70.96666666666667,8.6,11.870000000000001,1.9000000000000001
2022-11-11,13.533333333333333,6.666666666666667,21.866666666666664,,0.8333333333333334,66.8,8.733333333333334,12.085,1.7333333333333334
2022-11-12,16.233333333333334,7.833333333333333,24.2,6.0,1.2666666666666666,72.66666666666667,4.3999999999999995,9.780000000000001,6.3999999999999995
2022-11-13,11.5,9.0,18.466666666666665,5.6000000000000005,1.8666666666666665,80.03333333333333,0.06666666666666667,3.42,9.133333333333333
2022-11-14,9.366666666666667,5.833333333333333,14.0,,1.1666666666666667,75.96666666666665,1.8666666666666665,6.795,7.233333333333333
2022-11-15,7.5,2.1,13.433333333333332,0.8333333333333334,1.0333333333333334,75.36666666666667,5.466666666666666,9.5,3.766666666666667
2022-11-16,8.299999999999999,3.9333333333333336,14.466666666666667,0.65,1.0666666666666667,69.83333333333333,6.6000000000000005,10.825,4.266666666666667
2022-11-17,8.533333333333333,3.466666666666667,16.066666666666666,,0.9666666666666668,63.5,8.533333333333333,12.145,2.466666666666667
2022-11-18,8.633333333333333,1.7333333333333332,18.5,,0.8333333333333334,63.26666666666667,9.1,12.504999999999999,0.0
2022-11-19,10.5,2.9,18.599999999999998,,1.0999999999999999,64.56666666666666,8.766666666666667,11.355,3.9666666666666663
2022-11-20,12.033333333333333,7.833333333333333,18.833333333333332,,0.7000000000000001,67.46666666666667,3.9000000000000004,8.505,4.8
2022-11-21,11.033333333333333,4.666666666666667,19.3,,0.8333333333333334,66.13333333333333,8.566666666666668,10.865,3.4333333333333336
2022-11-22,10.5,7.333333333333333,14.333333333333334,0.3666666666666667,0.7000000000000001,80.16666666666667,0.6333333333333334,3.8899999999999997,9.266666666666667
2022-11-23,10.433333333333334,4.733333333333333,16.400000000000002,,1.3,65.5,6.266666666666667,10.36,4.033333333333333
2022-11-24,7.366666666666667,2.8666666666666667,14.666666666666666,,0.6666666666666666,66.76666666666667,5.5,9.14,4.166666666666667
2022-11-25,8.833333333333334,1.4000000000000001,17.3,,0.9333333333333332,63.03333333333333,8.566666666666666,10.325,2.733333333333333
2022-11-26,8.466666666666667,1.5,14.200000000000001,0.0,1.6333333333333335,56.03333333333333,8.433333333333334,10.705,0.9
2022-11-27,5.233333333333333,-1.8,14.066666666666668,,0.7000000000000001,53.46666666666667,8.166666666666666,10.865,2.566666666666667
2022-11-28,7.266666666666667,1.4333333333333336,11.299999999999999,25.7,0.6000000000000001,82.7,1.5,2.365,7.366666666666667
2022-11-29,8.733333333333333,1.5333333333333332,13.266666666666666,8.533333333333333,2.4333333333333336,64.73333333333333,0.6333333333333333,4.4,8.833333333333334
2022-11-30,-2.966666666666667,-5.3,1.5,0.0,3.1333333333333333,45.63333333333333,7.766666666666667,10.57,4.733333333333333
2022-12-01,-3.5666666666666664,-7.166666666666667,0.9,,1.7,41.13333333333333,7.733333333333333,11.0,5.566666666666666
2022-12-02,-2.3000000000000003,-7.166666666666667,3.266666666666667,,0.8333333333333334,58.166666666666664,8.700000000000001,11.675,1.1666666666666667
2022-12-03,1.7666666666666666,-2.766666666666667,6.033333333333334,0.03333333333333333,0.6333333333333333,71.89999999999999,0.16666666666666666,2.55,8.733333333333333
2022-12-04,-1.2,-3.4,3.3333333333333335,,2.2333333333333334,39.53333333333333,1.8333333333333333,5.65,8.166666666666666
2022-12-05,-2.3333333333333335,-5.6000000000000005,2.766666666666667,,1.5666666666666667,38.0,6.733333333333333,10.05,4.1000000000000005
2022-12-06,-0.4000000000000001,-6.3,4.833333333333333,0.5666666666666667,0.7999999999999999,73.10000000000001,2.6666666666666665,5.380000000000001,6.866666666666667
2022-12-07,4.066666666666666,0.03333333333333336,8.9,0.1,1.2666666666666666,64.83333333333333,2.2666666666666666,5.6850000000000005,4.733333333333333
2022-12-08,2.9333333333333336,-1.7666666666666666,10.1,,0.6333333333333333,62.73333333333333,8.299999999999999,10.735,1.8
2022-12-09,3.0,-2.6999999999999997,11.233333333333334,,0.7000000000000001,69.33333333333333,5.766666666666667,7.25,2.3000000000000003
2022-12-10,1.4666666666666668,-2.6333333333333333,5.5,0.0,0.7333333333333334,73.43333333333334,2.3000000000000003,4.565,5.366666666666667
2022-12-11,1.2666666666666666,-3.466666666666667,8.433333333333334,,0.9333333333333332,57.833333333333336,8.6,10.379999999999999,0.4000000000000001
2022-12-12,1.2,-4.433333333333334,6.666666666666667,0.06666666666666667,0.9666666666666667,67.0,3.966666666666667,6.58,5.866666666666667
2022-12-13,1.7,-3.0666666666666664,4.366666666666667,5.0,2.3000000000000003,77.53333333333335,0.8333333333333334,3.99,8.433333333333334
2022-12-14,-7.5,-10.466666666666667,-3.0,0.03333333333333333,2.1333333333333333,62.56666666666666,7.933333333333334,10.27,2.1333333333333333
2022-12-15,-2.5,-10.200000000000001,4.833333333333333,1.8666666666666665,1.3,74.3,6.033333333333334,8.58,5.866666666666667
2022-12-16,-4.366666666666666,-7.3999999999999995,-1.4333333333333333,,1.2666666666666666,56.833333333333336,5.033333333333333,7.449999999999999,7.466666666666666
2022-12-17,-6.266666666666667,-10.5,-2.6333333333333333,1.1666666666666667,1.4666666666666668,64.06666666666666,2.9333333333333336,5.4350000000000005,4.333333333333333
2022-12-18,-9.200000000000001,-12.9,-4.6000000000000005,,1.2666666666666666,58.26666666666667,8.4,10.91,1.5333333333333332
2022-12-19,-6.566666666666666,-12.833333333333334,-0.4333333333333333,,1.0333333333333332,63.666666666666664,8.299999999999999,10.844999999999999,1.4333333333333333
2022-12-20,-3.2999999999999994,-9.833333333333334,3.0666666666666664,,0.8000000000000002,66.8,8.066666666666666,11.09,3.1333333333333333
2022-12-21,-0.3,-2.9,1.5666666666666667,5.366666666666667,0.7000000000000001,88.73333333333333,0.0,0.73,9.033333333333333
2022-12-22,-5.3999999999999995,-9.366666666666667,-0.16666666666666666,0.9666666666666668,2.8666666666666667,70.93333333333334,3.1999999999999997,6.550000000000001,7.2
2022-12-23,-8.700000000000001,-11.033333333333333,-5.433333333333334,2.433333333333333,3.033333333333333,68.83333333333333,3.0,4.595000000000001,8.166666666666666
2022-12-24,-9.533333333333333,-15.033333333333333,-3.7000000000000006,0.0,0.9666666666666667,61.29999999999999,8.6,7.08,1.0666666666666667
2022-12-25,-6.233333333333333,-12.799999999999999,1.133333333333333,,0.9333333333333332,70.3,8.5,9.805,0.7999999999999999
2022-12-26,-5.1000000000000005,-10.4,1.0666666666666667,,0.5333333333333333,72.36666666666667,5.766666666666667,7.705,2.6999999999999997
2022-12-27,-3.733333333333333,-10.266666666666667,3.6,,0.6666666666666666,71.56666666666666,8.366666666666667,11.34,1.9333333333333333
2022-12-28,-3.0,-6.466666666666666,1.9333333333333333,0.0,1.3666666666666665,68.2,4.833333333333333,8.735,2.533333333333333
2022-12-29,-3.9333333333333336,-9.066666666666666,1.7,,0.7333333333333334,64.43333333333334,6.766666666666667,10.02,3.8000000000000003
2022-12-30,-1.3666666666666665,-4.733333333333333,2.6666666666666665,0.0,1.0,67.60000000000001,1.9333333333333333,5.875,5.8999999999999995
2022-12-31,-2.3000000000000003,-6.766666666666667,3.4333333333333336,0.0,0.6666666666666666,73.83333333333333,1.6666666666666667,5.84,3.966666666666667
2023-01-01,-1.1333333333333333,-6.333333333333333,5.766666666666667,,1.3,56.666666666666664,7.166666666666667,10.095,2.6666666666666665
2023-01-02,-3.8000000000000003,-7.633333333333333,1.3,,1.3333333333333333,46.666666666666664,8.566666666666666,11.545000000000002,0.7666666666666666
2023-01-03,-4.266666666666667,-10.200000000000001,2.1333333333333333,,1.2,57.0,8.733333333333334,11.780000000000001,0.3333333333333333
2023-01-04,-2.4,-8.5,4.566666666666666,,0.9666666666666667,57.666666666666664,6.6000000000000005,9.995000000000001,1.8
2023-01-05,-2.0666666666666664,-7.333333333333333,4.433333333333334,,0.6333333333333333,70.03333333333333,5.033333333333334,7.615,3.533333333333333
2023-01-06,0.20000000000000004,-5.333333333333333,6.7,0.8999999999999999,0.7333333333333334,73.63333333333334,7.1000000000000005,9.219999999999999,4.266666666666667
2023-01-07,2.2333333333333334,-2.1333333333333333,5.766666666666667,2.0666666666666664,1.9000000000000001,69.06666666666666,5.266666666666667,8.46,4.1000000000000005
2023-01-08,0.36666666666666664,-5.266666666666667,7.366666666666667,,0.46666666666666673,67.8,8.033333333333333,10.81,0.5333333333333333
2023-01-09,1.7333333333333334,-2.466666666666667,8.866666666666667,0.0,1.0,66.13333333333334,3.733333333333333,6.845,4.166666666666667
2023-01-10,0.6,-5.766666666666667,9.299999999999999,,0.6,64.16666666666667,8.5,11.745000000000001,1.6666666666666667
2023-01-11,1.5666666666666667,-4.5,10.033333333333333,,0.6,60.06666666666666,8.633333333333333,11.219999999999999,0.13333333333333333
2023-01-12,4.266666666666667,-3.9333333333333336,14.433333333333332,0.06666666666666667,0.6,56.13333333333333,8.766666666666667,11.280000000000001,2.2666666666666666
2023-01-13,8.533333333333333,4.3999999999999995,12.333333333333334,17.0,0.9333333333333332,94.66666666666667,0.0,2.105,9.233333333333334
2023-01-14,7.366666666666667,5.2,9.633333333333333,3.9,0.9333333333333332,93.8,0.0,0.83,9.166666666666666
2023-01-15,0.6666666666666666,-2.8000000000000003,5.633333333333333,2.1333333333333333,1.8,83.7,0.0,0.675,8.833333333333334
2023-01-16,-3.233333333333333,-6.133333333333333,0.3333333333333333,0.0,1.9333333333333336,62.43333333333334,7.833333333333333,12.075,4.2
2023-01-17,-2.6,-6.666666666666667,2.1999999999999997,0.0,0.9666666666666667,59.36666666666667,6.066666666666666,9.625,6.133333333333333
2023-01-18,-0.9666666666666668,-4.1000000000000005,3.6666666666666665,0.03333333333333333,1.1,63.166666666666664,5.366666666666667,9.18,4.666666666666667
2023-01-19,-0.16666666666666666,-5.866666666666667,5.366666666666667,0.0,1.0666666666666667,60.36666666666667,6.266666666666667,10.735,4.033333333333333
2023-01-20,-1.4000000000000001,-6.8,3.1333333333333333,0.39999999999999997,2.766666666666667,49.666666666666664,7.533333333333334,12.075,1.9666666666666668
2023-01-21,-3.9333333333333336,-9.299999999999999,1.9000000000000001,,1.0666666666666667,56.46666666666667,9.066666666666666,13.035,1.7666666666666666
2023-01-22,-0.8333333333333334,-4.233333333333333,3.533333333333333,,0.9,59.56666666666666,0.09999999999999999,4.7,8.366666666666667
2023-01-23,0.3333333333333333,-4.266666666666667,7.366666666666667,,1.7333333333333334,62.96666666666667,7.233333333333333,10.825,5.233333333333333
2023-01-24,-11.233333333333334,-14.6,-2.966666666666667,0.09999999999999999,4.0,54.9,6.933333333333334,11.775,3.8666666666666667
2023-01-25,-11.766666666666666,-17.5,-5.766666666666667,0.0,1.4000000000000001,46.13333333333333,9.266666666666667,13.879999999999999,0.3333333333333333
2023-01-26,-6.5,-11.6,-3.9333333333333336,1.2,0.7333333333333334,75.53333333333333,0.4000000000000001,2.305,8.533333333333333
2023-01-27,-6.533333333333334,-10.533333333333333,-2.6999999999999997,0.0,2.5,58.06666666666666,7.733333333333334,13.56,0.8333333333333334
2023-01-28,-5.966666666666666,-12.4,-0.5666666666666667,0.0,1.4333333333333333,60.300000000000004,7.766666666666666,11.68,2.2333333333333334
2023-01-29,-1.3,-8.5,4.966666666666666,0.09999999999999999,1.5999999999999999,65.5,5.2,11.65,4.2
2023-01-30,-0.6333333333333333,-5.0,4.3999999999999995,,1.5999999999999999,46.23333333333333,9.366666666666667,14.129999999999999,0.0
2023-01-31,1.4000000000000001,-7.233333333333333,9.866666666666667,,1.0999999999999999,60.4,9.0,12.825,1.2333333333333332
2023-02-01,2.3333333333333335,-3.3000000000000003,7.133333333333334,,2.3000000000000003,58.23333333333333,8.233333333333333,12.629999999999999,3.3333333333333335
2023-02-02,-1.6666666666666667,-5.333333333333333,3.6333333333333333,,1.2333333333333334,49.53333333333333,7.133333333333333,11.355,5.833333333333333
2023-02-03,-0.8666666666666667,-4.233333333333333,4.566666666666666,,1.0666666666666667,45.26666666666667,6.466666666666666,11.575,4.7
2023-02-04,-1.1333333333333333,-6.766666666666667,5.933333333333334,,1.0,57.833333333333336,9.033333333333333,13.120000000000001,0.39999999999999997
2023-02-05,0.06666666666666665,-6.5,7.666666666666667,,0.6666666666666666,63.26666666666667,9.266666666666667,13.54,0.2333333333333333
2023-02-06,1.7333333333333334,-5.5,10.066666666666668,,0.6333333333333333,56.833333333333336,6.066666666666666,11.16,4.033333333333333
2023-02-07,2.566666666666667,-3.1666666666666665,10.966666666666667,,0.7666666666666666,56.03333333333333,5.566666666666666,10.905000000000001,2.533333333333333
2023-02-08,1.4666666666666668,-3.8666666666666667,8.866666666666667,,1.2,57.26666666666667,9.033333333333333,14.0,0.6333333333333333
2023-02-09,3.0,-5.3,10.299999999999999,0.9333333333333335,2.0,58.53333333333333,6.133333333333333,11.305,6.533333333333334
2023-02-10,2.966666666666667,0.26666666666666666,6.666666666666667,2.733333333333333,0.9666666666666667,84.86666666666666,0.16666666666666666,4.235,7.233333333333333
2023-02-11,1.0999999999999999,-2.0666666666666664,5.866666666666667,,0.7333333333333334,85.83333333333333,0.8333333333333334,6.125,5.166666666666667
2023-02-12,1.7,-3.533333333333333,6.066666666666666,,0.7666666666666666,79.16666666666667,0.2333333333333333,5.26,8.833333333333334
2023-02-13,6.1000000000000005,2.8333333333333335,9.700000000000001,,1.1333333333333333,65.06666666666666,0.5,6.785,8.299999999999999
2023-02-14,2.1666666666666665,-1.4000000000000001,7.566666666666666,0.0,1.2,58.26666666666667,8.9,15.235,3.266666666666667
2023-02-15,3.1999999999999997,-1.7666666666666666,7.233333333333334,,2.066666666666667,57.23333333333333,3.6999999999999997,11.34,6.966666666666666
2023-02-16,2.6666666666666665,-1.0333333333333332,6.8,0.0,1.4666666666666668,66.39999999999999,1.4333333333333333,5.665,5.166666666666667
2023-02-17,4.033333333333333,-2.5,10.733333333333334,,0.7333333333333334,55.333333333333336,5.966666666666666,13.075,5.733333333333333
2023-02-18,6.2,4.2,9.0,0.43333333333333335,0.6,57.56666666666666,0.0,2.34,9.333333333333334
2023-02-19,3.3666666666666667,-1.0666666666666667,7.7,0.39999999999999997,2.1666666666666665,62.4,5.3,10.915,4.8999999999999995
2023-02-20,-0.4666666666666666,-4.2,4.933333333333334,,2.3333333333333335,48.56666666666666,8.4,16.185,0.8333333333333334
2023-02-21,-1.4000000000000001,-6.766666666666667,4.866666666666666,,1.1666666666666667,42.43333333333333,9.966666666666667,17.435,0.6666666666666666
2023-02-22,1.7333333333333334,-6.566666666666666,9.266666666666666,,1.1333333333333335,53.56666666666666,8.533333333333333,15.55,5.3
2023-02-23,3.1666666666666665,-2.6333333333333333,9.633333333333333,,1.2666666666666666,52.76666666666667,9.066666666666666,15.8,4.633333333333333
2023-02-24,3.1999999999999997,-1.5,10.133333333333333,,1.8666666666666665,52.06666666666666,7.666666666666667,14.495000000000001,2.6
2023-02-25,0.3333333333333333,-4.166666666666667,6.266666666666667,,1.6333333333333335,47.1,10.166666666666666,18.02,0.0
2023-02-26,1.3333333333333333,-5.966666666666666,9.933333333333332,,1.0,43.56666666666666,10.299999999999999,18.525,0.0
2023-02-27,3.8333333333333335,-4.933333333333334,13.966666666666667,,0.7999999999999999,43.833333333333336,10.333333333333334,18.625,0.0
2023-02-28,5.3999999999999995,-3.6,13.633333333333333,,1.2666666666666666,54.833333333333336,10.266666666666666,18.815,2.233333333333333
2023-03-01,6.366666666666667,2.6333333333333333,10.799999999999999,,1.9333333333333336,55.300000000000004,2.1999999999999997,9.825,4.966666666666667
2023-03-02,2.1999999999999997,-1.8666666666666665,7.066666666666666,,2.5,29.733333333333334,10.433333333333334,19.435000000000002,0.0
2023-03-03,3.9,-4.533333333333333,12.833333333333334,,1.1666666666666667,48.56666666666666,10.233333333333333,18.525,0.26666666666666666
2023-03-04,5.866666666666667,-0.8666666666666666,13.933333333333332,,0.7666666666666666,58.26666666666666,5.666666666666667,12.72,4.433333333333334
2023-03-05,7.3999999999999995,-0.8666666666666666,16.433333333333334,,0.8333333333333334,47.5,9.799999999999999,17.259999999999998,0.3
2023-03-06,7.900000000000001,-1.0666666666666667,17.3,,1.1666666666666667,40.53333333333333,10.233333333333333,19.225,0.3666666666666667
2023-03-07,11.133333333333333,2.4,20.8,,1.5999999999999999,43.76666666666667,9.200000000000001,16.155,1.2666666666666666
2023-03-08,13.066666666666668,5.133333333333334,21.099999999999998,,1.3333333333333333,42.699999999999996,9.799999999999999,17.79,1.9666666666666668
2023-03-09,13.1,7.6000000000000005,20.400000000000002,0.0,1.4333333333333333,55.96666666666666,7.3999999999999995,16.005,2.6999999999999997
2023-03-10,13.6,3.3333333333333335,23.866666666666664,,0.7000000000000001,47.46666666666667,9.8,17.68,0.0
2023-03-11,15.699999999999998,6.533333333333334,24.53333333333333,,0.9666666666666668,37.800000000000004,8.666666666666666,17.14,5.233333333333333
2023-03-12,6.733333333333333,0.3333333333333333,13.733333333333334,10.233333333333334,2.033333333333333,61.93333333333334,0.2333333333333333,1.765,7.333333333333333
2023-03-13,3.4,-1.7,9.366666666666667,,2.1666666666666665,34.0,10.366666666666667,21.09,2.1999999999999997
2023-03-14,8.833333333333334,-0.03333333333333336,17.733333333333334,,1.2333333333333334,40.63333333333333,10.633333333333333,21.36,2.266666666666667
2023-03-15,10.833333333333334,2.3000000000000003,19.466666666666665,,2.1,56.73333333333333,7.433333333333334,15.93,4.166666666666667
2023-03-16,6.0,0.8333333333333334,12.033333333333333,,1.9333333333333333,28.066666666666666,7.066666666666666,17.085,6.466666666666666
2023-03-17,7.333333333333333,1.7000000000000002,12.466666666666667,,1.0,38.63333333333333,1.2666666666666666,10.04,8.799999999999999
2023-03-18,8.9,4.633333333333334,15.433333333333332,,1.5333333333333332,37.93333333333333,9.4,19.03,3.9333333333333336
2023-03-19,8.166666666666666,-0.13333333333333344,16.766666666666666,,0.9333333333333332,44.699999999999996,10.700000000000001,21.205,0.09999999999999999
2023-03-20,10.1,1.3333333333333333,19.099999999999998,,1.0999999999999999,40.166666666666664,9.866666666666667,20.695,5.2
2023-03-21,13.333333333333334,3.0,23.166666666666668,,0.9,36.03333333333333,10.666666666666666,22.18,1.2666666666666666
2023-03-22,16.666666666666668,6.3999999999999995,24.866666666666664,0.0,1.2666666666666666,49.199999999999996,8.6,18.91,4.8999999999999995
2023-03-23,15.1,11.366666666666667,20.0,12.299999999999999,1.2,76.89999999999999,1.0999999999999999,8.1,8.066666666666666
2023-03-24,11.9,6.666666666666667,16.833333333333332,,1.3,60.4,4.433333333333334,16.105,7.233333333333333
2023-03-25,10.633333333333335,9.033333333333333,13.066666666666668,,1.8333333333333333,68.03333333333333,0.8666666666666667,7.635,8.333333333333334
2023-03-26,9.633333333333333,3.9,15.933333333333332,,1.8,41.333333333333336,10.266666666666667,22.48,2.433333333333333
2023-03-27,7.033333333333334,-0.5666666666666667,14.733333333333334,,1.1333333333333335,39.5,10.933333333333332,23.314999999999998,0.0
2023-03-28,8.5,-0.03333333333333336,16.466666666666665,,1.0,48.76666666666667,8.033333333333333,17.380000000000003,1.8666666666666665
2023-03-29,11.466666666666667,1.6666666666666667,21.0,,0.9333333333333335,45.46666666666667,10.933333333333332,22.064999999999998,1.0333333333333334
2023-03-30,13.5,3.533333333333333,22.733333333333334,,0.9333333333333332,33.63333333333333,10.1,21.075,4.033333333333333
2023-03-31,14.199999999999998,4.166666666666667,23.7,,0.9333333333333332,35.43333333333333,11.233333333333334,22.6,0.3
2023-04-01,16.433333333333334,6.0,25.266666666666666,,1.1666666666666667,34.6,11.200000000000001,22.89,0.5
2023-04-02,16.466666666666665,8.799999999999999,22.46666666666667,,2.5666666666666664,29.96666666666667,11.466666666666667,23.81,0.26666666666666666
2023-04-03,16.033333333333335,6.766666666666667,23.0,,2.4333333333333336,31.2,11.1,23.259999999999998,2.5
2023-04-04,15.366666666666667,10.966666666666667,21.900000000000002,7.3,2.233333333333333,50.93333333333334,3.533333333333333,13.86,9.266666666666667
2023-04-05,12.966666666666667,8.666666666666666,16.2,13.633333333333335,2.6333333333333333,87.96666666666665,0.0,3.385,9.966666666666667
2023-04-06,9.233333333333333,7.533333333333334,10.566666666666668,3.5,1.7,86.39999999999999,0.0,2.41,9.299999999999999
2023-04-07,9.0,3.5333333333333337,15.866666666666667,0.3,2.0,59.73333333333333,8.700000000000001,21.15,2.2333333333333334
2023-04-08,8.233333333333333,0.7333333333333333,15.6,,2.3000000000000003,45.26666666666667,11.5,25.08,0.46666666666666673
2023-04-09,10.066666666666666,1.6333333333333335,18.900000000000002,,1.3333333333333333,48.96666666666667,11.833333333333334,25.73,0.4666666666666666
2023-04-10,12.366666666666667,2.1666666666666665,21.266666666666666,,1.1333333333333335,46.56666666666666,11.366666666666667,23.78,1.5333333333333332
2023-04-11,14.133333333333333,8.700000000000001,20.666666666666668,1.2,2.033333333333333,69.46666666666667,0.3,4.460000000000001,7.733333333333334
2023-04-12,10.733333333333334,4.0,17.833333333333332,,1.7666666666666666,34.9,11.333333333333334,25.305,0.0
2023-04-13,13.033333333333333,2.5333333333333337,22.866666666666664,,0.7333333333333334,34.46666666666667,9.033333333333333,21.435000000000002,3.766666666666667
2023-04-14,15.5,7.3999999999999995,22.166666666666668,,0.7666666666666666,40.333333333333336,5.033333333333333,17.09,7.533333333333334
2023-04-15,12.733333333333334,8.299999999999999,15.933333333333332,8.700000000000001,0.8666666666666667,77.66666666666667,2.3000000000000003,7.1899999999999995,6.233333333333333
2023-04-16,10.566666666666668,6.433333333333334,16.633333333333333,0.0,1.4666666666666668,66.46666666666667,4.2,15.565000000000001,5.3
2023-04-17,13.166666666666666,4.333333333333333,20.533333333333335,,0.9333333333333332,53.23333333333333,10.833333333333334,23.85,3.1666666666666665
2023-04-18,13.933333333333332,11.6,15.766666666666666,3.0,1.1333333333333335,77.56666666666666,0.0,2.8449999999999998,9.366666666666667
2023-04-19,19.833333333333332,13.200000000000001,26.766666666666666,,1.7,64.93333333333334,10.833333333333334,26.395000000000003,3.4333333333333336
2023-04-20,19.7,15.366666666666667,25.599999999999998,0.0,1.3666666666666665,72.33333333333333,3.033333333333333,14.365,5.8999999999999995
2023-04-21,17.46666666666667,13.033333333333333,22.400000000000002,0.0,1.7,60.1,4.266666666666667,15.75,6.166666666666667
2023-04-22,15.766666666666666,10.433333333333332,21.066666666666666,,2.533333333333333,34.53333333333333,7.6000000000000005,22.615000000000002,5.866666666666667
2023-04-23,15.566666666666668,9.966666666666667,20.766666666666666,,1.5333333333333332,39.199999999999996,4.6000000000000005,17.895000000000003,8.033333333333333
2023-04-24,14.566666666666668,10.866666666666667,19.0,,2.4,44.833333333333336,3.9666666666666663,17.61,6.333333333333333
2023-04-25,9.4,7.566666666666666,11.299999999999999,1.7666666666666666,1.0999999999999999,75.46666666666665,0.0,4.029999999999999,9.299999999999999
2023-04-26,9.233333333333333,5.266666666666667,15.533333333333333,,1.9333333333333333,70.56666666666666,6.933333333333334,21.785,3.5
2023-04-27,12.4,2.233333333333333,22.26666666666667,,1.1333333333333333,55.4,11.966666666666667,26.950000000000003,1.2
2023-04-28,16.2,6.233333333333333,23.5,0.0,1.3333333333333333,55.666666666666664,9.266666666666667,23.41,3.6
2023-04-29,14.200000000000001,9.200000000000001,18.333333333333332,6.099999999999999,1.7333333333333334,80.13333333333334,0.0,3.07,9.299999999999999
2023-04-30,13.733333333333334,6.866666666666667,20.433333333333334,,2.433333333333333,56.9,11.6,26.86,3.033333333333333
2023-05-01,14.633333333333333,8.866666666666667,20.866666666666664,0.0,1.8,50.333333333333336,10.933333333333332,25.39,1.6333333333333335
2023-05-02,16.566666666666666,6.166666666666667,25.7,0.0,0.7999999999999999,44.43333333333334,10.233333333333333,25.75,5.166666666666667
2023-05-03,19.133333333333336,12.333333333333334,26.099999999999998,,1.3,47.699999999999996,8.633333333333333,24.36,7.333333333333333
2023-05-04,19.866666666666667,14.5,26.599999999999998,1.2666666666666666,2.2666666666666666,64.53333333333333,5.8,21.445,7.866666666666667
2023-05-05,19.366666666666667,16.933333333333334,20.866666666666667,67.16666666666667,1.4333333333333336,90.5,0.0,3.535,9.5
2023-05-06,14.766666666666666,11.766666666666666,20.166666666666668,31.566666666666666,2.6,88.43333333333334,0.0,3.125,9.466666666666667
2023-05-07,12.066666666666668,8.066666666666666,15.166666666666666,0.26666666666666666,1.7666666666666666,67.86666666666666,0.13333333333333333,8.34,7.333333333333333
2023-05-08,13.566666666666668,5.3999999999999995,22.46666666666667,,1.1666666666666667,60.633333333333326,10.566666666666666,26.805,3.4333333333333336
2023-05-09,16.333333333333332,7.0,25.233333333333334,0.0,1.1333333333333335,54.699999999999996,12.6,28.305,1.3666666666666665
2023-05-10,17.466666666666665,9.4,25.666666666666668,,0.9,52.833333333333336,10.5,26.085,4.333333333333333
2023-05-11,18.833333333333332,10.200000000000001,26.866666666666664,,0.9333333333333332,48.833333333333336,12.466666666666669,27.84,3.8666666666666667
2023-05-12,18.233333333333334,12.033333333333333,25.166666666666668,,1.0999999999999999,51.96666666666667,4.366666666666667,19.33,8.1
2023-05-13,18.099999999999998,12.299999999999999,24.5,,1.2,56.9,11.066666666666668,26.35,3.533333333333333
2023-05-14,17.833333333333332,10.066666666666668,25.399999999999995,,0.8666666666666667,55.166666666666664,11.766666666666666,27.505000000000003,1.2
2023-05-15,20.3,10.666666666666666,28.366666666666664,,0.9666666666666667,54.333333333333336,12.566666666666668,28.174999999999997,1.5333333333333334
2023-05-16,23.099999999999998,14.933333333333335,31.46666666666667,,1.3333333333333333,47.76666666666667,11.766666666666666,28.12,1.2666666666666666
2023-05-17,23.066666666666666,14.566666666666668,31.066666666666666,,1.4333333333333333,48.9,12.233333333333334,27.31,3.8666666666666667
2023-05-18,19.266666666666666,17.433333333333334,22.133333333333336,0.0,1.7333333333333334,67.43333333333334,0.13333333333333333,7.42,9.200000000000001
2023-05-19,20.433333333333334,16.0,25.133333333333336,,1.7,63.1,3.6999999999999997,17.41,5.866666666666667
2023-05-20,20.599999999999998,14.233333333333334,27.7,,1.5666666666666667,66.16666666666667,10.966666666666667,25.89,2.5666666666666664
2023-05-21,18.599999999999998,15.433333333333332,23.933333333333334,,1.8666666666666665,68.13333333333333,5.733333333333333,18.735,6.166666666666667
2023-05-22,17.599999999999998,13.9,22.366666666666664,3.8333333333333335,0.9333333333333335,65.7,3.4,13.975000000000001,7.0
2023-05-23,18.066666666666666,11.066666666666668,25.166666666666668,,1.0,62.26666666666667,11.133333333333333,28.655,0.9333333333333335
2023-05-24,19.566666666666666,12.0,26.766666666666666,,0.8333333333333334,55.0,5.633333333333333,21.05,6.733333333333333
2023-05-25,21.0,15.066666666666668,27.333333333333332,,1.0666666666666667,47.166666666666664,8.066666666666666,25.965,6.333333333333333
2023-05-26,21.400000000000002,15.699999999999998,26.633333333333336,0.09999999999999999,1.0,55.43333333333334,8.533333333333333,24.445,7.6000000000000005
2023-05-27,20.266666666666666,18.566666666666666,22.266666666666666,2.2333333333333334,0.6333333333333333,82.3,0.09999999999999999,5.02,9.666666666666666
2023-05-28,20.03333333333333,18.533333333333335,21.3,45.23333333333333,0.8666666666666667,92.73333333333333,0.0,2.8,10.0
2023-05-29,20.566666666666666,18.566666666666666,22.733333333333334,28.833333333333332,0.7333333333333334,90.93333333333334,0.2333333333333333,5.415,7.733333333333333
2023-05-30,21.2,16.133333333333333,25.766666666666666,0.1,1.8333333333333333,73.86666666666666,5.433333333333334,22.755000000000003,5.966666666666666
2023-05-31,21.7,15.299999999999999,27.53333333333333,,1.7666666666666666,55.36666666666667,12.833333333333334,30.195,3.0
2023-06-01,22.03333333333333,17.166666666666668,27.03333333333333,,1.0333333333333334,66.5,2.9,17.725,8.166666666666666
2023-06-02,21.666666666666668,18.133333333333336,26.3,0.0,1.6666666666666667,70.2,7.8999999999999995,25.134999999999998,5.3
2023-06-03,21.433333333333334,15.566666666666668,27.900000000000002,,1.6666666666666667,55.63333333333333,10.966666666666667,29.314999999999998,2.8000000000000003
2023-06-04,22.133333333333336,15.6,28.633333333333336,,1.7000000000000002,52.06666666666666,11.700000000000001,28.41,6.0
2023-06-05,21.400000000000002,16.633333333333336,26.866666666666664,,1.7333333333333334,60.599999999999994,9.166666666666666,24.825000000000003,6.1000000000000005
2023-06-06,21.166666666666668,15.733333333333334,27.666666666666668,,1.3,64.16666666666667,11.166666666666666,27.61,3.0666666666666664
2023-06-07,21.566666666666666,16.633333333333336,26.333333333333332,,1.3333333333333333,69.73333333333333,5.3,19.1,7.3999999999999995
2023-06-08,22.433333333333334,18.2,27.96666666666667,0.15,1.5,70.1,6.566666666666666,22.34,6.8
2023-06-09,23.366666666666664,18.233333333333334,29.066666666666666,0.19999999999999998,1.2666666666666668,56.833333333333336,9.933333333333334,27.98,3.6999999999999997
2023-06-10,22.900000000000002,18.333333333333332,30.833333333333332,2.4666666666666663,1.3333333333333333,65.56666666666666,6.433333333333334,22.9,6.6000000000000005
2023-06-11,22.8,17.5,29.099999999999998,5.7,1.2666666666666666,72.8,7.066666666666666,23.765,5.900000000000001
2023-06-12,23.166666666666668,18.5,29.23333333333333,,1.0,66.86666666666666,8.1,24.675,5.566666666666666
2023-06-13,22.53333333333333,18.2,28.566666666666666,,1.3333333333333333,66.0,8.5,21.91,4.366666666666667
2023-06-14,21.900000000000002,17.0,28.099999999999998,2.0,1.1333333333333335,66.60000000000001,8.1,23.96,5.666666666666667
2023-06-15,21.8,16.566666666666666,27.866666666666664,,1.1333333333333333,68.73333333333333,7.933333333333334,23.79,3.0
2023-06-16,23.866666666666664,16.833333333333332,31.03333333333333,,1.0666666666666667,61.6,12.766666666666666,29.65,0.8333333333333334
2023-06-17,24.633333333333336,18.2,32.0,,1.0,56.666666666666664,10.533333333333333,26.965,5.566666666666667
2023-06-18,25.633333333333336,19.166666666666668,33.06666666666667,,0.9666666666666667,55.26666666666667,11.133333333333333,28.36,3.766666666666667
2023-06-19,26.8,19.8,32.800000000000004,,2.0,55.23333333333333,11.133333333333333,27.065,4.033333333333333
2023-06-20,23.5,19.8,26.766666666666666,3.5,2.766666666666667,60.800000000000004,2.4,13.585,7.566666666666667
2023-06-21,21.099999999999998,19.533333333333335,23.53333333333333,4.8999999999999995,1.2666666666666666,87.5,0.13333333333333333,5.33,8.5
2023-06-22,22.900000000000002,19.233333333333334,27.96666666666667,1.2,1.9000000000000001,72.03333333333333,5.833333333333333,21.84,7.033333333333334
2023-06-23,25.066666666666666,19.8,31.066666666666666,,1.0333333333333334,65.63333333333333,10.299999999999999,28.065,4.533333333333333
2023-06-24,26.3,21.166666666666668,32.166666666666664,,1.2333333333333334,64.73333333333333,9.4,22.83,4.466666666666666
2023-06-25,26.2,20.766666666666666,31.566666666666663,0.0,2.1,61.56666666666666,7.533333333333334,23.025,6.3
2023-06-26,23.8,21.066666666666666,26.233333333333334,54.06666666666666,1.7,88.96666666666665,0.06666666666666667,5.645,9.933333333333334
2023-06-27,26.099999999999998,22.733333333333334,31.03333333333333,11.833333333333334,1.9666666666666668,71.56666666666666,8.366666666666665,27.43,6.366666666666667
2023-06-28,24.100000000000005,19.8,27.7,3.466666666666667,1.3333333333333333,78.76666666666667,2.966666666666667,12.93,8.133333333333333
2023-06-29,24.633333333333336,23.066666666666666,26.03333333333333,42.800000000000004,1.3666666666666665,89.16666666666667,0.0,2.7199999999999998,9.700000000000001
2023-06-30,24.599999999999998,23.099999999999998,27.099999999999998,7.933333333333334,1.0,89.46666666666665,0.6,10.120000000000001,9.133333333333333
2023-07-01,27.233333333333334,23.233333333333334,32.86666666666667,,0.8333333333333334,75.83333333333333,7.900000000000001,23.675,4.866666666666666
2023-07-02,27.333333333333332,23.46666666666667,31.366666666666664,,0.9,75.16666666666667,5.6000000000000005,20.23,6.366666666666667
2023-07-03,28.066666666666666,23.400000000000002,33.36666666666667,,1.3333333333333333,69.5,8.866666666666667,24.490000000000002,5.3
2023-07-04,24.666666666666668,22.666666666666668,27.733333333333334,65.23333333333333,1.5999999999999999,86.36666666666667,0.3333333333333333,6.5,9.033333333333333
2023-07-05,24.53333333333333,21.8,28.900000000000002,24.366666666666664,2.1999999999999997,78.39999999999999,5.566666666666666,18.415,4.833333333333333
2023-07-06,26.166666666666668,20.8,32.3,,1.1333333333333333,64.73333333333333,7.1000000000000005,24.86,6.933333333333334
2023-07-07,21.733333333333334,19.066666666666666,26.3,66.36666666666667,1.1333333333333335,85.66666666666667,0.0,4.28,9.333333333333334
2023-07-08,24.133333333333336,19.3,29.633333333333336,2.533333333333333,0.7333333333333334,85.26666666666667,2.8000000000000003,17.165,7.8
2023-07-09,26.5,23.366666666666664,30.46666666666667,0.06666666666666667,1.2666666666666666,81.73333333333333,2.0,11.99,7.5
2023-07-10,26.333333333333332,21.3,31.599999999999998,33.96666666666667,1.6333333333333335,76.06666666666666,7.933333333333334,23.09,7.033333333333334
2023-07-11,23.96666666666667,22.5,26.099999999999998,29.8,0.9333333333333335,88.33333333333333,0.03333333333333333,6.3,9.233333333333334
2023-07-12,26.5,23.233333333333334,30.933333333333334,14.65,1.1333333333333333,82.36666666666667,4.366666666666667,19.314999999999998,7.866666666666667
2023-07-13,25.433333333333334,24.2,26.733333333333334,16.5,1.2,89.83333333333333,0.0,3.795,9.966666666666667
2023-07-14,24.433333333333334,23.633333333333336,25.400000000000002,201.4,2.033333333333333,94.13333333333333,0.0,1.5699999999999998,9.866666666666667
2023-07-15,23.133333333333336,21.46666666666667,24.866666666666664,160.0,1.5,94.26666666666667,0.0,1.775,9.966666666666667
2023-07-16,24.266666666666666,21.733333333333334,28.266666666666666,2.033333333333333,0.6333333333333333,88.89999999999999,1.6333333333333335,9.71,8.833333333333334
2023-07-17,25.599999999999998,23.433333333333334,31.5,20.7,1.0666666666666667,86.73333333333333,3.1333333333333333,18.689999999999998,9.333333333333334
2023-07-18,23.366666666666664,22.46666666666667,24.666666666666668,67.0,0.8666666666666667,94.23333333333335,0.26666666666666666,3.77,9.066666666666668
2023-07-19,26.03333333333333,22.03333333333333,31.53333333333333,,1.0666666666666667,77.66666666666667,8.6,24.945,2.5666666666666664
2023-07-20,26.666666666666668,22.099999999999998,31.733333333333334,,1.0333333333333334,77.0,8.1,22.23,4.5
2023-07-21,27.8,23.233333333333334,33.833333333333336,,1.0666666666666667,73.66666666666667,8.766666666666667,25.020000000000003,3.0
2023-07-22,25.866666666666664,23.833333333333332,29.933333333333334,0.65,2.1666666666666665,75.0,5.133333333333334,14.195,6.666666666666667
2023-07-23,25.266666666666666,24.166666666666668,27.066666666666666,16.066666666666666,0.7666666666666666,87.7,0.0,3.49,10.0
2023-07-24,26.2,23.900000000000002,30.03333333333333,7.566666666666666,0.8666666666666667,82.93333333333334,3.6333333333333333,15.04,8.299999999999999
2023-07-25,25.46666666666667,23.53333333333333,29.0,6.033333333333334,1.0333333333333334,87.2,1.5333333333333332,12.445,9.166666666666666
2023-07-26,25.933333333333334,23.066666666666666,32.03333333333333,13.9,0.9666666666666667,84.2,5.666666666666667,18.41,7.7
2023-07-27,27.400000000000002,22.8,33.36666666666667,3.5,0.7333333333333334,79.2,7.933333333333333,24.07,5.533333333333334
2023-07-28,28.46666666666667,23.866666666666664,33.86666666666667,0.5333333333333333,0.7333333333333334,76.86666666666666,9.366666666666667,23.42,4.166666666666667
2023-07-29,29.366666666666664,24.933333333333334,34.63333333333333,0.1,1.0333333333333332,72.46666666666665,10.433333333333334,27.225,2.3333333333333335
2023-07-30,27.933333333333334,24.46666666666667,33.9,10.6,1.0999999999999999,77.33333333333333,7.166666666666667,18.28,4.833333333333333
2023-07-31,28.099999999999998,24.03333333333333,32.333333333333336,,1.0,76.9,7.366666666666667,19.705,6.133333333333333
2023-08-01,29.233333333333334,24.5,34.4,0.0,0.9,72.66666666666667,10.299999999999999,23.29,4.433333333333334
2023-08-02,29.133333333333336,25.03333333333333,34.1,0.0,0.8333333333333334,73.16666666666667,7.6000000000000005,19.685000000000002,4.833333333333333
2023-08-03,29.2,23.866666666666664,34.46666666666667,0.0,0.9,69.13333333333333,11.266666666666666,24.47,3.4
2023-08-04,29.76666666666667,25.2,34.9,,0.8333333333333334,69.89999999999999,9.433333333333334,22.91,4.833333333333333
2023-08-05,29.933333333333334,25.8,35.266666666666666,,1.0,68.96666666666667,10.966666666666667,24.115000000000002,2.8000000000000003
2023-08-06,29.96666666666667,24.900000000000002,35.43333333333334,3.5,1.1333333333333333,69.56666666666668,10.433333333333334,22.785,4.5
2023-08-07,29.566666666666666,26.066666666666666,35.1,0.0,1.5666666666666667,70.9,7.2,19.525,4.666666666666667
2023-08-08,29.666666666666668,25.133333333333336,34.699999999999996,2.3,2.0,68.26666666666667,8.033333333333333,21.09,4.366666666666666
2023-08-09,26.433333333333334,23.2,30.066666666666666,36.800000000000004,2.2666666666666666,79.60000000000001,0.4666666666666666,10.115,8.700000000000001
2023-08-10,21.633333333333336,20.866666666666667,23.333333333333332,106.33333333333333,3.9,92.83333333333333,0.0,2.4749999999999996,9.5
2023-08-11,25.333333333333332,21.366666666666664,30.166666666666668,5.466666666666666,1.8333333333333333,81.10000000000001,2.5,15.955,8.4
2023-08-12,24.46666666666667,20.599999999999998,28.7,2.033333333333333,0.8333333333333334,83.03333333333333,1.7333333333333334,12.184999999999999,7.933333333333334
2023-08-13,26.866666666666664,22.633333333333336,31.96666666666667,,0.7666666666666666,78.4,4.733333333333333,19.53,6.733333333333333
2023-08-14,27.900000000000002,23.7,33.26666666666667,,0.8333333333333334,75.53333333333333,8.299999999999999,21.46,3.8333333333333335
2023-08-15,28.133333333333336,24.46666666666667,33.0,,1.1333333333333333,73.83333333333333,9.266666666666667,24.335,5.0
2023-08-16,27.400000000000002,24.400000000000002,32.43333333333334,,0.9666666666666667,73.73333333333333,7.266666666666667,19.575,5.3999999999999995
2023-08-17,26.599999999999998,22.866666666666664,30.96666666666667,1.5,1.0666666666666667,78.5,4.066666666666666,14.774999999999999,5.666666666666667
2023-08-18,27.366666666666664,23.633333333333336,32.53333333333333,20.700000000000003,1.2666666666666666,77.23333333333333,8.299999999999999,21.36,5.066666666666666
2023-08-19,28.099999999999998,23.933333333333337,33.166666666666664,0.0,0.8333333333333334,74.83333333333333,6.166666666666667,18.62,5.266666666666667
2023-08-20,27.833333333333332,24.7,33.43333333333333,10.5,1.0333333333333334,75.13333333333333,7.699999999999999,22.695,5.833333333333333
2023-08-21,28.333333333333332,24.733333333333334,33.5,11.6,1.2,75.83333333333333,7.5,20.880000000000003,5.133333333333334
2023-08-22,27.733333333333334,24.266666666666666,33.03333333333333,0.5,1.3333333333333333,75.53333333333335,6.066666666666666,17.08,5.1000000000000005
2023-08-23,26.633333333333336,24.0,31.8,20.933333333333334,1.1666666666666667,84.13333333333333,2.9333333333333336,12.585,9.066666666666668
2023-08-24,25.599999999999998,23.566666666666666,29.2,39.666666666666664,1.0,89.3,0.5,8.53,9.4
2023-08-25,26.2,22.633333333333336,30.933333333333334,,1.4666666666666668,73.56666666666666,8.866666666666665,22.939999999999998,3.6666666666666665
2023-08-26,24.96666666666667,20.7,30.766666666666666,,0.7999999999999999,76.83333333333333,8.066666666666668,21.35,6.133333333333333
2023-08-27,26.03333333333333,21.26666666666667,30.599999999999998,0.0,1.2333333333333334,72.26666666666667,5.3,16.415,6.666666666666667
2023-08-28,26.133333333333336,23.400000000000002,28.8,0.0,2.9,73.76666666666667,0.9333333333333332,9.995000000000001,8.866666666666667
2023-08-29,25.03333333333333,21.900000000000002,28.066666666666666,7.166666666666667,1.9666666666666668,85.13333333333333,0.03333333333333333,5.42,9.666666666666666
2023-08-30,21.433333333333334,20.3,22.866666666666664,42.0,0.6666666666666666,92.63333333333333,0.0,4.0600000000000005,9.433333333333334
2023-08-31,22.566666666666666,19.5,27.099999999999998,,0.7333333333333334,81.26666666666667,3.5666666666666664,13.129999999999999,6.6000000000000005
2023-09-01,22.8,18.0,29.366666666666664,,1.1666666666666667,75.43333333333334,8.5,22.345,3.766666666666666
2023-09-02,24.233333333333334,17.866666666666667,30.900000000000002,0.2,1.3333333333333333,74.0,8.666666666666666,22.665,3.066666666666667
2023-09-03,26.7,22.333333333333332,31.666666666666668,0.45,1.2666666666666666,76.2,6.966666666666666,19.73,7.0
2023-09-04,27.2,23.8,31.2,,1.2666666666666666,76.33333333333333,2.8000000000000003,15.395,8.200000000000001
2023-09-05,26.53333333333333,23.46666666666667,30.633333333333336,,1.366666666666667,70.83333333333333,5.466666666666666,17.23,6.766666666666667
2023-09-06,25.733333333333334,21.066666666666666,31.233333333333334,,1.2,69.86666666666666,9.5,21.515,2.1333333333333333
2023-09-07,24.333333333333332,19.0,29.866666666666664,,1.8333333333333333,63.833333333333336,11.633333333333333,24.465,0.3
2023-09-08,23.0,17.2,29.266666666666666,,1.1333333333333333,65.5,11.6,24.35,0.43333333333333335
2023-09-09,24.0,17.599999999999998,30.8,,0.8333333333333334,69.89999999999999,10.833333333333334,23.045,1.3
2023-09-10,24.23333333333333,19.133333333333333,30.5,,0.9,71.3,8.533333333333333,20.465,4.333333333333333
2023-09-11,24.96666666666667,20.733333333333334,30.599999999999998,,0.8333333333333334,69.8,8.033333333333333,18.815,5.8999999999999995
2023-09-12,24.566666666666666,20.766666666666666,29.7,,0.7999999999999999,72.3,6.2,16.740000000000002,7.7
2023-09-13,21.433333333333334,19.433333333333334,23.96666666666667,25.566666666666666,1.0999999999999999,90.83333333333333,0.0,3.6950000000000003,10.0
2023-09-14,22.099999999999998,19.466666666666665,25.366666666666664,5.466666666666666,1.2666666666666668,87.33333333333333,0.19999999999999998,8.41,9.700000000000001
2023-09-15,22.133333333333336,20.7,24.133333333333336,12.5,1.0333333333333334,91.26666666666667,0.0,5.1850000000000005,9.833333333333334
2023-09-16,22.933333333333334,21.2,26.900000000000002,63.53333333333333,1.0,92.03333333333335,0.6333333333333333,7.0600000000000005,9.200000000000001
2023-09-17,24.46666666666667,21.7,28.5,4.0,0.7666666666666666,84.56666666666668,3.0,14.465,8.566666666666666
2023-09-18,24.566666666666666,21.46666666666667,29.633333333333336,2.2,1.0,80.63333333333333,6.233333333333333,17.6,4.433333333333333
2023-09-19,23.400000000000002,19.866666666666667,27.633333333333336,,0.7666666666666666,80.89999999999999,4.0,14.54,8.1
2023-09-20,20.900000000000002,19.400000000000002,23.03333333333333,108.8,1.7666666666666666,92.7,0.0,1.6099999999999999,9.799999999999999
2023-09-21,19.03333333333333,16.766666666666666,21.766666666666666,2.6333333333333333,1.6333333333333335,86.36666666666667,0.0,7.47,8.333333333333334
2023-09-22,18.966666666666665,14.6,24.866666666666664,,1.1333333333333333,77.43333333333334,7.133333333333333,16.994999999999997,4.033333333333333
2023-09-23,19.400000000000002,14.0,25.3,,1.3,73.03333333333335,6.266666666666667,15.7,6.0
2023-09-24,20.400000000000002,15.1,25.233333333333334,,2.2666666666666666,62.36666666666667,9.066666666666666,19.91,4.933333333333334
2023-09-25,21.333333333333332,17.866666666666667,26.433333333333334,2.9,1.4000000000000001,73.7,3.4,14.0,8.6
2023-09-26,20.333333333333332,19.166666666666668,21.900000000000002,40.86666666666667,1.0,93.3,0.0,2.4,9.200000000000001
2023-09-27,21.5,20.333333333333332,24.333333333333332,4.766666666666667,1.0333333333333332,90.03333333333335,0.5,5.055,9.033333333333333
2023-09-28,22.0,18.5,26.833333333333332,,1.1666666666666667,78.39999999999999,7.099999999999999,17.43,4.833333333333333
2023-09-29,20.366666666666667,17.666666666666668,24.46666666666667,,0.7999999999999999,75.96666666666665,0.7666666666666666,11.925,8.9
2023-09-30,18.7,14.933333333333332,23.7,3.8000000000000003,1.2,78.36666666666666,5.666666666666667,15.515,6.133333333333333
2023-10-01,17.8,13.1,23.333333333333332,,1.4333333333333333,64.10000000000001,10.533333333333333,20.884999999999998,0.6
2023-10-02,16.400000000000002,10.666666666666666,23.433333333333334,,1.1333333333333333,66.73333333333333,10.299999999999999,20.175,2.8666666666666667
2023-10-03,15.233333333333334,10.9,21.033333333333335,,0.7666666666666666,78.8,1.9666666666666668,8.24,5.466666666666666
2023-10-04,17.433333333333334,11.066666666666668,23.766666666666666,0.0,1.2,74.23333333333333,6.8,17.285,6.166666666666667
2023-10-05,14.433333333333332,10.933333333333332,19.233333333333334,,2.233333333333333,45.4,10.366666666666667,20.265,2.533333333333333
2023-10-06,14.5,8.4,21.2,,0.9666666666666667,61.93333333333334,9.066666666666668,18.075000000000003,6.6000000000000005
2023-10-07,15.766666666666666,10.233333333333333,20.4,,1.2666666666666666,70.0,2.433333333333333,10.879999999999999,8.933333333333334
2023-10-08,17.03333333333333,13.966666666666669,21.166666666666668,0.0,1.5999999999999999,66.26666666666667,1.3,8.530000000000001,8.433333333333334
2023-10-09,16.866666666666667,12.200000000000001,22.133333333333336,6.2,1.0333333333333334,73.5,3.466666666666667,12.02,7.166666666666667
2023-10-10,16.433333333333334,11.833333333333334,22.366666666666664,,1.0999999999999999,73.13333333333333,9.4,17.814999999999998,2.6666666666666665
2023-10-11,16.1,10.766666666666666,23.066666666666666,,1.2,68.96666666666667,9.166666666666666,16.77,2.3000000000000003
2023-10-12,15.799999999999999,9.5,23.433333333333334,,0.9,66.89999999999999,10.0,17.42,4.566666666666666
2023-10-13,16.233333333333334,11.866666666666667,22.3,,0.7666666666666666,71.76666666666667,3.6666666666666665,11.65,7.833333333333333
2023-10-14,14.666666666666666,10.966666666666667,21.566666666666666,3.966666666666667,0.9666666666666667,80.76666666666667,3.8000000000000003,11.635,6.7
2023-10-15,14.833333333333334,10.700000000000001,21.266666666666666,,1.2,77.86666666666666,5.966666666666666,13.715,4.1
2023-10-16,14.366666666666667,8.666666666666666,20.400000000000002,,1.2333333333333334,67.60000000000001,8.299999999999999,15.49,2.0
2023-10-17,12.666666666666666,5.566666666666666,20.933333333333334,,0.7000000000000001,65.8,10.133333333333333,18.03,0.0
2023-10-18,14.0,6.666666666666667,23.166666666666668,,0.9333333333333332,68.43333333333334,10.0,16.825,3.033333333333333
2023-10-19,14.666666666666666,10.666666666666666,18.900000000000002,7.7,0.8666666666666667,86.5,0.16666666666666666,3.83,9.0
2023-10-20,12.1,7.866666666666667,16.099999999999998,0.9666666666666668,2.5,57.1,8.533333333333333,15.605,4.133333333333334
2023-10-21,10.033333333333333,3.3333333333333335,17.7,0.0,1.5,64.2,7.666666666666667,13.935,1.6333333333333335
2023-10-22,11.466666666666667,4.2,18.599999999999998,,0.7999999999999999,70.2,7.666666666666667,14.73,4.5
2023-10-23,13.466666666666667,8.066666666666666,20.8,,0.6333333333333333,76.89999999999999,6.5,12.945,3.6333333333333333
2023-10-24,13.566666666666668,8.4,20.066666666666666,0.0,0.7666666666666666,78.93333333333334,4.5,11.455,5.033333333333333
2023-10-25,14.933333333333332,9.700000000000001,22.166666666666668,,0.7000000000000001,77.73333333333333,8.766666666666667,15.055,2.233333333333333
2023-10-26,16.533333333333335,11.200000000000001,22.266666666666666,,1.2666666666666666,78.03333333333333,7.0,12.670000000000002,5.633333333333333
2023-10-27,14.366666666666667,10.533333333333333,18.866666666666664,,1.1333333333333333,72.89999999999999,3.3000000000000003,9.205,3.5666666666666664
2023-10-28,12.566666666666668,7.5,20.166666666666668,,0.8333333333333334,72.7,7.0,13.455,2.1666666666666665
2023-10-29,12.733333333333334,6.133333333333334,20.833333333333332,,0.7999999999999999,70.60000000000001,9.666666666666666,15.305,0.03333333333333333
2023-10-30,13.433333333333332,7.133333333333333,21.666666666666668,,0.6333333333333333,72.66666666666667,9.5,14.54,1.6666666666666667
2023-10-31,13.966666666666667,8.866666666666667,22.2,,0.8666666666666666,70.1,6.533333333333334,12.71,2.9666666666666663
2023-11-01,17.166666666666668,10.533333333333333,23.5,,1.3666666666666665,73.3,3.266666666666667,6.63,6.3
2023-11-02,18.400000000000002,13.133333333333333,26.266666666666666,,1.2666666666666666,63.13333333333333,8.833333333333334,14.425,0.7000000000000001
2023-11-03,18.466666666666665,12.4,24.433333333333337,,1.3666666666666665,72.0,5.566666666666666,11.165,6.633333333333333
2023-11-04,18.433333333333334,16.633333333333336,21.46666666666667,0.06666666666666667,1.2333333333333334,82.13333333333334,0.13333333333333333,4.15,8.566666666666668
2023-11-05,19.400000000000002,15.966666666666667,24.46666666666667,7.233333333333333,2.466666666666667,76.63333333333334,2.3000000000000003,8.115,8.466666666666667
2023-11-06,15.5,8.700000000000001,20.466666666666665,12.299999999999999,3.3333333333333335,68.56666666666666,2.266666666666667,6.055,7.8999999999999995
2023-11-07,8.0,3.4333333333333336,12.366666666666667,0.03333333333333333,2.433333333333333,58.333333333333336,7.8999999999999995,14.379999999999999,2.533333333333333
2023-11-08,8.166666666666666,0.7666666666666666,17.366666666666667,,0.9333333333333332,62.23333333333333,8.733333333333334,12.685,1.5999999999999999
2023-11-09,11.6,3.533333333333333,18.666666666666668,5.900000000000001,0.7999999999999999,75.2,3.4,8.07,6.5
2023-11-10,5.8999999999999995,0.6000000000000001,12.066666666666668,0.6,2.2333333333333334,51.699999999999996,8.466666666666667,13.585,3.1999999999999997
2023-11-11,1.8333333333333333,-1.4666666666666668,6.2,,1.2,57.099999999999994,4.933333333333334,7.475,4.133333333333333
2023-11-12,1.7666666666666666,-1.8666666666666665,6.166666666666667,,1.2666666666666666,61.23333333333333,5.633333333333333,9.82,2.733333333333333
2023-11-13,2.4,-2.6999999999999997,8.633333333333333,,1.3333333333333333,60.03333333333333,9.4,14.015,0.13333333333333333
2023-11-14,5.3,-0.6666666666666666,11.4,0.0,0.9333333333333335,68.26666666666667,5.533333333333334,10.765,4.533333333333333
2023-11-15,6.366666666666667,1.2333333333333334,13.1,,0.9666666666666668,70.7,8.233333333333333,11.51,2.2666666666666666
2023-11-16,5.1000000000000005,2.6999999999999997,7.0,7.933333333333334,0.7000000000000001,88.7,0.0,1.51,8.5
2023-11-17,2.6666666666666665,-1.0666666666666667,7.166666666666667,1.5666666666666667,2.0,71.43333333333334,3.9333333333333336,6.585,5.033333333333333
2023-11-18,1.8666666666666665,-3.1,7.0,0.8,2.266666666666667,64.36666666666666,3.5,7.805,4.3
2023-11-19,7.6000000000000005,0.7333333333333334,13.299999999999999,,1.5999999999999999,68.86666666666666,4.566666666666666,9.18,3.766666666666667
2023-11-20,5.7,0.20000000000000004,13.366666666666667,,0.8666666666666666,59.1,9.066666666666666,12.945,0.0
2023-11-21,5.7,-1.8,15.466666666666667,,0.6,60.5,9.133333333333333,12.82,0.0
2023-11-22,7.466666666666668,-0.39999999999999997,15.4,,0.7666666666666666,72.56666666666666,8.933333333333332,12.175,2.4
2023-11-23,11.733333333333334,5.333333333333333,17.7,0.0,2.066666666666667,60.699999999999996,7.566666666666666,10.76,3.033333333333333
2023-11-24,1.0666666666666667,-2.766666666666667,5.366666666666667,,2.9333333333333336,49.93333333333334,7.733333333333334,11.344999999999999,1.2666666666666666
2023-11-25,-1.2666666666666668,-5.966666666666666,5.0,,1.1333333333333333,43.96666666666667,9.0,12.625,0.3
2023-11-26,4.033333333333333,-2.8000000000000003,8.933333333333332,0.20000000000000004,0.7000000000000001,50.93333333333334,4.133333333333334,8.23,6.633333333333333
2023-11-27,6.766666666666667,4.533333333333333,10.799999999999999,3.8666666666666667,0.9666666666666667,85.16666666666667,0.5666666666666668,3.275,7.599999999999999
2023-11-28,3.3666666666666667,-0.3,7.1000000000000005,0.1,2.033333333333333,60.0,6.8999999999999995,10.55,3.0
2023-11-29,2.0,-1.5333333333333332,6.466666666666666,0.7,1.7333333333333334,68.33333333333333,3.1999999999999997,6.795,7.133333333333333
2023-11-30,-2.3000000000000003,-5.966666666666666,1.3666666666666665,0.0,2.1666666666666665,52.53333333333333,8.433333333333332,11.91,1.7666666666666666
2023-12-01,-1.7333333333333332,-5.933333333333334,2.9666666666666663,0.0,1.6333333333333335,59.96666666666667,8.333333333333334,11.74,0.5666666666666668
2023-12-02,2.3666666666666667,-4.733333333333333,8.066666666666666,0.0,1.0666666666666667,64.93333333333334,1.8,6.404999999999999,5.133333333333334
2023-12-03,2.2,-2.1666666666666665,7.566666666666666,0.0,1.2,51.23333333333333,8.700000000000001,11.48,0.26666666666666666
2023-12-04,1.6333333333333335,-4.733333333333333,9.233333333333334,,0.7000000000000001,62.56666666666666,8.5,11.440000000000001,2.466666666666667
2023-12-05,3.4,-2.1666666666666665,11.633333333333333,,0.6333333333333333,66.13333333333333,6.533333333333334,9.17,3.1333333333333333
2023-12-06,5.533333333333334,-0.8666666666666667,11.700000000000001,3.233333333333333,1.2,74.5,0.06666666666666667,4.1,6.233333333333333
2023-12-07,6.2,0.9333333333333332,11.533333333333333,,1.8,57.13333333333333,8.1,10.42,0.6333333333333334
2023-12-08,9.700000000000001,0.5333333333333333,18.7,0.0,1.2333333333333332,65.60000000000001,8.1,10.07,0.26666666666666666
2023-12-09,12.266666666666666,6.8999999999999995,19.5,0.0,0.9333333333333332,74.36666666666666,6.449999999999999,8.7,2.3333333333333335
2023-12-10,13.0,7.666666666666667,18.4,,1.2666666666666666,74.33333333333333,4.45,7.895,7.466666666666666
2023-12-11,12.200000000000001,9.266666666666667,14.299999999999999,28.666666666666668,2.2666666666666666,80.6,0.0,0.6950000000000001,9.166666666666666
2023-12-12,7.366666666666667,4.6000000000000005,10.6,0.25,1.9666666666666668,75.46666666666665,0.13333333333333333,4.38,6.333333333333333
2023-12-13,8.9,4.366666666666666,12.933333333333332,,1.4000000000000001,69.56666666666666,3.266666666666666,7.68,7.1000000000000005
2023-12-14,9.933333333333334,9.066666666666668,11.200000000000001,25.366666666666664,2.2333333333333334,78.06666666666666,0.0,1.12,9.5
2023-12-15,8.366666666666667,5.766666666666667,11.4,43.63333333333333,1.5,93.60000000000001,0.0,0.275,9.833333333333334
2023-12-16,-1.7333333333333334,-7.466666666666666,5.833333333333333,3.8333333333333335,3.466666666666667,78.39999999999999,1.0666666666666667,4.775,8.3
2023-12-17,-8.366666666666667,-11.033333333333333,-4.8999999999999995,0.0,2.066666666666667,58.93333333333334,8.466666666666667,11.315000000000001,0.3
2023-12-18,-6.133333333333333,-10.766666666666666,-2.4,,1.2,57.36666666666667,5.166666666666667,8.620000000000001,7.033333333333334
2023-12-19,-2.6999999999999997,-7.3999999999999995,0.6666666666666666,0.0,0.6333333333333333,60.03333333333333,0.9333333333333332,4.550000000000001,8.266666666666667
2023-12-20,-5.5,-9.633333333333333,-1.3666666666666665,0.26666666666666666,2.2666666666666666,69.93333333333334,1.9666666666666668,6.025,6.233333333333333
2023-12-21,-9.733333333333333,-11.966666666666667,-6.233333333333333,0.0,1.7333333333333334,63.46666666666666,6.333333333333333,8.969999999999999,1.3333333333333333
2023-12-22,-9.4,-13.133333333333333,-5.333333333333333,0.0,1.7333333333333334,56.0,8.566666666666666,11.415,0.16666666666666666
2023-12-23,-6.066666666666666,-12.133333333333333,-0.5333333333333333,0.0,0.8333333333333334,60.833333333333336,8.233333333333333,10.985,2.766666666666667
2023-12-24,-1.9000000000000001,-4.666666666666667,2.3333333333333335,0.5,0.8333333333333334,75.3,4.566666666666666,7.96,5.3
2023-12-25,-0.6,-3.5666666666666664,3.5,0.03333333333333333,0.9333333333333332,81.56666666666666,2.8000000000000003,6.865,5.133333333333333
2023-12-26,1.9333333333333333,-1.3666666666666665,7.366666666666667,,0.7999999999999999,75.36666666666666,3.233333333333334,8.765,6.1000000000000005
2023-12-27,2.1,-1.6666666666666667,8.633333333333333,,0.5333333333333333,75.63333333333333,7.966666666666666,9.67,2.5
2023-12-28,0.8333333333333334,-3.266666666666667,6.1000000000000005,,0.8333333333333334,79.56666666666666,4.166666666666667,7.4350000000000005,3.5666666666666664
2023-12-29,1.1333333333333333,-2.566666666666667,6.533333333333334,,0.7999999999999999,76.89999999999999,3.9,7.245,4.233333333333333
2023-12-30,0.39999999999999997,-3.1666666666666665,3.0,1.7,0.6666666666666666,88.46666666666665,0.03333333333333333,2.125,6.6000000000000005
2023-12-31,3.533333333333333,1.866666666666667,5.533333333333334,2.433333333333333,1.2666666666666666,86.46666666666665,0.03333333333333333,0.86,7.3999999999999995
2024-01-01,3.3666666666666667,-0.6666666666666666,8.033333333333333,,0.7666666666666666,81.0,3.266666666666667,7.529999999999999,5.733333333333333
2024-01-02,3.8333333333333335,1.7333333333333334,6.400000000000001,0.0,0.9333333333333332,76.26666666666667,0.0,2.55,8.566666666666666
2024-01-03,2.1,-0.19999999999999998,5.3999999999999995,0.7666666666666666,1.0999999999999999,77.16666666666667,0.5,4.02,6.433333333333333
2024-01-04,0.8666666666666667,-3.7000000000000006,6.233333333333333,,0.8333333333333334,74.73333333333333,8.200000000000001,10.879999999999999,1.15
2024-01-05,4.6000000000000005,0.06666666666666658,9.266666666666666,,1.1333333333333333,77.60000000000001,0.3666666666666667,3.5300000000000002,5.233333333333333
2024-01-06,1.3666666666666665,-2.033333333333333,6.1000000000000005,0.16666666666666666,1.4333333333333333,64.93333333333334,8.733333333333333,11.440000000000001,1.2
2024-01-07,-2.1999999999999997,-5.8999999999999995,1.0333333333333334,0.0,2.5666666666666664,55.0,7.2,10.245000000000001,2.3000000000000003
2024-01-08,-4.133333333333334,-8.833333333333334,1.6666666666666667,,0.8666666666666667,53.96666666666666,8.766666666666666,11.934999999999999,1.3666666666666665
2024-01-09,0.0666666666666667,-4.3999999999999995,4.3999999999999995,2.5666666666666664,0.7666666666666666,74.33333333333333,0.5333333333333333,3.6350000000000002,8.799999999999999
2024-01-10,-0.5333333333333333,-2.5,1.2,0.36666666666666664,1.3333333333333333,83.73333333333333,0.7000000000000001,2.995,7.633333333333333
2024-01-11,0.8333333333333334,-3.3333333333333335,3.8666666666666667,,1.1666666666666667,75.96666666666665,0.4000000000000001,5.65,7.333333333333333
2024-01-12,2.766666666666667,-1.3333333333333333,7.966666666666668,,1.6333333333333335,58.03333333333333,8.4,11.344999999999999,1.4666666666666668
2024-01-13,0.4333333333333334,-4.033333333333333,6.433333333333334,,0.9333333333333332,52.0,8.799999999999999,11.895,0.09999999999999999
2024-01-14,1.0666666666666667,-5.166666666666667,8.933333333333334,3.8333333333333335,1.1666666666666667,76.5,3.4666666666666663,4.720000000000001,5.2
2024-01-15,-2.0666666666666664,-5.466666666666666,2.6666666666666665,,1.7333333333333334,51.9,8.933333333333334,12.565,0.6333333333333334
2024-01-16,-1.8666666666666665,-7.2,4.866666666666667,,0.7333333333333334,57.699999999999996,8.4,10.715,2.433333333333333
2024-01-17,0.7666666666666666,-3.1666666666666665,2.766666666666667,10.433333333333332,0.6,82.76666666666667,0.0,1.92,9.033333333333333
2024-01-18,4.733333333333333,2.266666666666667,7.033333333333334,11.566666666666668,1.2666666666666666,88.86666666666667,0.03333333333333333,2.3899999999999997,8.9
2024-01-19,5.866666666666667,4.6000000000000005,8.5,,2.9,66.56666666666666,1.8666666666666665,7.23,7.233333333333333
2024-01-20,4.266666666666667,2.5,6.233333333333333,8.966666666666667,2.8333333333333335,79.60000000000001,0.0,0.995,9.466666666666667
2024-01-21,2.9,0.19999999999999998,7.866666666666667,0.19999999999999998,1.7,80.83333333333333,0.7999999999999999,5.43,7.800000000000001
2024-01-22,-5.666666666666667,-9.533333333333333,0.19999999999999998,0.10000000000000002,3.3000000000000003,67.46666666666667,2.8666666666666667,7.98,8.666666666666666
2024-01-23,-9.666666666666666,-12.200000000000001,-6.166666666666667,0.7333333333333334,2.6333333333333333,67.73333333333333,4.633333333333333,9.09,5.166666666666667
2024-01-24,-7.3,-12.1,-3.5666666666666664,0.0,2.1999999999999997,61.76666666666667,7.2,10.925,2.766666666666667
2024-01-25,-4.933333333333334,-10.233333333333333,1.0666666666666667,,1.4333333333333333,53.666666666666664,9.266666666666667,13.39,0.0
2024-01-26,-2.4,-7.7,3.233333333333333,0.0,0.9666666666666667,69.46666666666665,3.533333333333333,7.85,3.966666666666667
2024-01-27,-0.16666666666666666,-4.366666666666667,5.3,,1.0333333333333334,64.3,8.9,13.555,2.3333333333333335
2024-01-28,-0.39999999999999997,-3.9,3.8000000000000003,,0.9666666666666668,65.76666666666667,4.3,8.91,4.266666666666667
2024-01-29,-1.0999999999999999,-5.7,4.8999999999999995,,0.9,67.0,7.633333333333333,12.665,1.2333333333333334
2024-01-30,0.7000000000000001,-5.8,9.200000000000001,,0.6666666666666666,61.166666666666664,9.2,13.21,2.1
2024-01-31,5.400000000000001,-0.4666666666666666,12.766666666666666,0.0,0.9666666666666667,52.199999999999996,6.133333333333333,11.254999999999999,5.133333333333334
2024-02-01,3.9333333333333336,1.6666666666666667,6.7,,1.2666666666666668,63.46666666666667,0.0,5.335,9.033333333333333
2024-02-02,3.8333333333333335,-0.1333333333333333,9.233333333333334,,1.4333333333333333,62.86666666666667,6.766666666666667,11.825,4.033333333333333
2024-02-03,4.266666666666667,-0.9,9.033333333333333,0.19999999999999998,1.2,73.53333333333333,0.3333333333333333,5.645,8.799999999999999
2024-02-04,5.766666666666667,1.9666666666666668,9.9,0.8333333333333334,1.8666666666666665,74.83333333333333,2.2666666666666666,7.71,8.4
2024-02-05,3.9,1.0999999999999999,6.1000000000000005,8.633333333333333,2.733333333333333,82.2,0.0,3.3049999999999997,9.966666666666667
2024-02-06,1.7333333333333334,0.13333333333333333,3.8666666666666667,0.8000000000000002,1.2,85.0,0.0,2.8,9.266666666666667
2024-02-07,0.39999999999999997,-2.033333333333333,3.5,0.0,1.1666666666666667,66.53333333333333,1.1,6.97,5.933333333333334
2024-02-08,0.36666666666666664,-4.333333333333333,6.333333333333333,,0.7999999999999999,69.8,8.700000000000001,14.649999999999999,2.6
2024-02-09,0.8333333333333334,-4.166666666666667,6.8,,1.1666666666666667,64.36666666666666,8.266666666666666,14.175,1.4333333333333333
2024-02-10,1.0,-3.733333333333334,7.066666666666666,0.0,0.9666666666666667,70.16666666666667,5.066666666666666,10.055,1.8
2024-02-11,0.5333333333333333,-4.533333333333333,5.8999999999999995,0.0,1.0333333333333332,69.4,3.6,8.92,3.033333333333333
2024-02-12,3.2000000000000006,-3.766666666666667,11.533333333333333,,0.9333333333333332,57.633333333333326,9.566666666666668,15.94,0.16666666666666666
2024-02-13,7.900000000000001,-0.9666666666666667,16.233333333333334,,1.2333333333333334,62.5,9.033333333333333,15.025,4.233333333333333
2024-02-14,12.299999999999999,7.7,18.533333333333335,0.16666666666666666,0.9333333333333332,75.26666666666667,2.5666666666666664,8.16,6.2
2024-02-15,5.7,0.6999999999999998,12.5,2.6,1.7,83.66666666666667,0.09999999999999999,0.99,8.700000000000001
2024-02-16,2.966666666666667,-1.6666666666666667,9.166666666666666,,1.0666666666666667,65.56666666666666,9.466666666666667,16.325,1.4333333333333333
2024-02-17,5.033333333333333,-2.6,13.733333333333334,,0.8000000000000002,65.5,9.566666666666666,16.625,0.3666666666666667
2024-02-18,5.766666666666667,-1.0999999999999999,10.866666666666667,23.933333333333334,0.7999999999999999,81.06666666666666,0.3,3.845,7.166666666666667
2024-02-19,10.299999999999999,5.8,13.9,17.566666666666666,1.5,94.76666666666667,0.0,1.665,9.633333333333333
2024-02-20,5.566666666666666,3.933333333333333,7.566666666666666,4.566666666666666,1.8,86.10000000000001,0.0,1.75,9.9
2024-02-21,4.133333333333334,2.2666666666666666,5.933333333333334,16.866666666666667,2.9,85.16666666666667,0.0,1.5299999999999998,9.966666666666667
2024-02-22,1.6666666666666667,0.6666666666666666,3.0666666666666664,4.066666666666666,2.6,82.86666666666666,0.0,3.24,9.833333333333334
2024-02-23,2.6666666666666665,0.4666666666666666,6.033333333333334,0.0,2.733333333333333,68.33333333333333,2.2333333333333334,10.17,8.9
2024-02-24,2.6,0.39999999999999997,6.333333333333333,2.3666666666666667,3.0,66.06666666666666,2.466666666666667,9.825,9.1
2024-02-25,2.433333333333333,0.3666666666666667,4.966666666666667,1.2666666666666666,1.0,86.7,0.0,3.925,8.333333333333334
2024-02-26,3.8333333333333335,-0.8333333333333334,8.9,,1.0666666666666667,69.8,5.033333333333333,14.55,5.033333333333333
2024-02-27,4.633333333333334,0.1333333333333333,9.5,,2.3,53.9,7.633333333333333,15.065,5.933333333333333
2024-02-28,6.066666666666666,2.0,11.166666666666666,,1.5333333333333332,54.73333333333333,4.033333333333333,11.425,6.1000000000000005
2024-02-29,4.766666666666667,2.3000000000000003,6.8999999999999995,0.3333333333333333,1.0666666666666667,70.23333333333333,0.0,3.96,8.633333333333333
2024-03-01,-2.4,-5.566666666666666,2.566666666666667,,3.533333333333333,39.300000000000004,10.166666666666666,18.740000000000002,0.9666666666666668
2024-03-02,-1.1666666666666667,-8.033333333333333,4.233333333333333,0.0,1.8666666666666665,53.300000000000004,9.299999999999999,18.035,1.6333333333333335
2024-03-03,5.166666666666667,0.5666666666666668,11.133333333333335,0.7999999999999999,1.7,71.46666666666667,4.5,12.629999999999999,4.866666666666667
2024-03-04,6.7,0.19999999999999996,12.5,,0.8666666666666667,62.833333333333336,5.666666666666667,12.844999999999999,7.433333333333334
2024-03-05,6.400000000000001,4.8999999999999995,8.733333333333333,1.9333333333333336,1.8666666666666665,77.7,0.0,2.04,9.466666666666667
2024-03-06,6.6000000000000005,1.5,11.433333333333332,,1.5999999999999999,64.39999999999999,4.8999999999999995,13.385000000000002,4.566666666666666
2024-03-07,4.6000000000000005,0.6,8.666666666666666,0.0,2.3000000000000003,53.666666666666664,4.866666666666667,14.225,4.8
2024-03-08,2.966666666666667,-0.4333333333333333,8.333333333333334,0.0,2.966666666666667,46.93333333333334,9.866666666666667,19.685000000000002,1.5333333333333332
2024-03-09,2.033333333333333,-3.6999999999999997,8.533333333333333,,1.5,45.03333333333333,10.466666666666667,20.58,0.0
2024-03-10,4.133333333333334,-3.6999999999999997,12.366666666666667,,1.0333333333333332,45.166666666666664,10.466666666666667,20.265,1.0333333333333334
2024-03-11,6.0,-0.7333333333333333,11.833333333333334,0.0,1.0333333333333334,56.96666666666667,3.3666666666666667,10.295,5.433333333333334
2024-03-12,5.3,2.0333333333333337,9.866666666666667,1.9000000000000001,1.0333333333333332,79.56666666666666,0.3,5.32,6.6000000000000005
2024-03-13,6.2,-0.10000000000000009,13.466666666666669,,1.6666666666666667,57.76666666666666,9.9,20.880000000000003,0.5333333333333333
2024-03-14,7.933333333333334,0.6666666666666666,16.3,,1.5,57.166666666666664,10.533333333333333,20.689999999999998,0.09999999999999999
2024-03-15,9.133333333333333,0.6999999999999998,18.400000000000002,,1.4000000000000001,50.76666666666667,10.633333333333333,21.270000000000003,0.0
2024-03-16,11.366666666666667,1.4333333333333336,21.0,0.0,1.4333333333333333,44.46666666666667,8.833333333333334,19.58,4.0
2024-03-17,9.433333333333332,3.8333333333333335,13.433333333333332,0.0,2.4333333333333336,51.9,5.633333333333333,14.915,6.466666666666666
2024-03-18,7.533333333333334,-0.16666666666666652,15.200000000000001,,1.2333333333333334,36.63333333333333,9.866666666666667,21.39,3.266666666666667
2024-03-19,6.933333333333334,3.8333333333333335,12.366666666666667,0.0,2.8333333333333335,54.23333333333333,2.8333333333333335,9.344999999999999,8.166666666666666
2024-03-20,4.633333333333333,1.0333333333333334,9.200000000000001,,3.033333333333333,45.1,9.833333333333334,21.450000000000003,1.1666666666666667
2024-03-21,4.933333333333334,-2.1666666666666665,11.9,,1.4333333333333333,50.833333333333336,10.733333333333334,22.145000000000003,2.0
2024-03-22,9.733333333333333,1.6333333333333335,17.2,3.0999999999999996,1.9666666666666668,59.5,5.966666666666666,14.82,7.566666666666666
2024-03-23,14.533333333333333,9.633333333333333,21.0,0.2333333333333333,1.2333333333333334,58.93333333333333,9.200000000000001,21.41,5.333333333333333
2024-03-24,14.266666666666666,10.0,19.5,,2.4,44.96666666666666,4.633333333333334,14.835,6.666666666666667
2024-03-25,9.766666666666667,6.966666666666666,13.233333333333334,6.466666666666666,2.733333333333333,70.76666666666667,0.06666666666666667,4.92,9.566666666666666
2024-03-26,6.566666666666666,2.7999999999999994,10.799999999999999,16.7,2.033333333333333,79.23333333333333,2.6999999999999997,13.155000000000001,6.5
2024-03-27,9.966666666666667,2.0,17.3,,0.8999999999999999,66.53333333333333,8.533333333333333,19.125,5.866666666666667
2024-03-28,9.299999999999999,8.566666666666668,10.9,17.633333333333333,0.9,89.60000000000001,0.0,2.15,8.799999999999999
2024-03-29,9.4,4.7,13.966666666666667,0.06666666666666667,2.3000000000000003,75.83333333333333,2.9,9.275,3.1333333333333333
2024-03-30,9.933333333333332,1.2333333333333334,16.7,0.0,1.4666666666666668,64.66666666666667,4.633333333333334,12.185,3.3000000000000003
2024-03-31,10.700000000000001,2.0,18.566666666666666,,1.1333333333333335,49.166666666666664,11.066666666666668,21.884999999999998,2.9
2024-04-01,12.533333333333333,3.5666666666666664,21.600000000000005,,1.0999999999999999,43.93333333333334,11.4,23.65,0.2333333333333333
2024-04-02,15.966666666666667,5.5,25.366666666666664,0.0,1.2,46.03333333333333,8.233333333333333,20.175,7.3999999999999995
2024-04-03,13.733333333333334,12.5,15.366666666666667,14.633333333333333,1.4333333333333333,89.53333333333335,0.0,3.8,9.766666666666667
2024-04-04,13.566666666666668,11.766666666666666,16.099999999999998,0.09999999999999999,1.8333333333333333,68.26666666666667,0.13333333333333333,7.050000000000001,8.966666666666667
2024-04-05,13.366666666666667,9.833333333333334,18.7,0.0,1.7333333333333332,58.199999999999996,4.7,16.945,6.466666666666666
2024-04-06,12.966666666666667,7.3999999999999995,19.733333333333334,,0.9,59.9,5.3,15.155000000000001,5.133333333333333
2024-04-07,15.633333333333333,6.633333333333333,24.400000000000002,,1.0666666666666667,45.63333333333333,11.333333333333334,24.28,3.5999999999999996
2024-04-08,16.366666666666664,8.466666666666667,23.866666666666664,,1.1333333333333333,44.23333333333333,5.3999999999999995,16.185000000000002,7.3
2024-04-09,14.666666666666666,9.266666666666666,20.599999999999998,,2.3666666666666667,45.56666666666666,11.333333333333334,24.689999999999998,0.9666666666666667
2024-04-10,13.9,8.633333333333333,19.933333333333334,,1.633333333333333,52.833333333333336,8.966666666666667,20.135,6.8
2024-04-11,15.833333333333334,10.833333333333334,22.46666666666667,,1.0666666666666667,60.23333333333333,5.333333333333333,18.1,5.066666666666666
2024-04-12,17.266666666666666,9.700000000000001,25.2,,1.0666666666666667,57.1,11.466666666666667,23.915,1.7666666666666666
2024-04-13,19.099999999999998,10.166666666666666,28.233333333333334,,1.1666666666666667,50.1,11.700000000000001,25.465,0.09999999999999999
2024-04-14,20.333333333333332,10.666666666666666,28.266666666666666,,1.5,45.79999999999999,10.700000000000001,23.375,4.533333333333334
2024-04-15,16.466666666666665,13.433333333333332,20.066666666666666,10.1,2.1666666666666665,78.73333333333333,0.0,3.115,8.0
2024-04-16,14.633333333333333,11.033333333333333,20.833333333333332,2.4,1.9666666666666668,72.53333333333333,7.366666666666667,20.69,3.733333333333333
2024-04-17,15.266666666666666,8.266666666666667,22.933333333333334,,1.3666666666666665,60.833333333333336,9.666666666666666,23.955,4.933333333333334
2024-04-18,17.233333333333334,8.9,25.8,,1.2666666666666668,49.833333333333336,11.333333333333334,25.29,0.03333333333333333
2024-04-19,17.966666666666665,8.700000000000001,26.233333333333334,,1.0666666666666667,47.9,11.033333333333333,24.58,4.466666666666667
2024-04-20,14.166666666666666,12.933333333333332,16.666666666666668,8.799999999999999,1.8666666666666665,80.60000000000001,0.0,2.9050000000000002,9.299999999999999
2024-04-21,16.23333333333333,13.566666666666668,18.400000000000002,0.16666666666666666,2.1666666666666665,73.10000000000001,0.0,4.14,9.5
2024-04-22,17.4,13.9,22.400000000000002,0.0,2.1,55.4,6.5,19.605,4.733333333333333
2024-04-23,16.433333333333334,10.733333333333334,22.433333333333334,0.0,2.5666666666666664,55.73333333333333,7.7,21.155,6.8999999999999995
2024-04-24,13.733333333333334,11.066666666666668,17.966666666666665,5.266666666666667,1.9666666666666666,76.13333333333334,2.733333333333333,14.43,7.533333333333334
2024-04-25,15.366666666666667,9.966666666666667,23.099999999999998,,1.2666666666666666,67.8,8.0,22.595,4.0
2024-04-26,17.7,9.8,26.833333333333332,,1.0,61.26666666666667,9.766666666666667,23.42,4.433333333333334
2024-04-27,18.53333333333333,10.733333333333334,27.3,,1.2333333333333334,52.76666666666667,12.1,27.85,0.0
2024-04-28,19.666666666666668,9.433333333333334,28.7,,0.9333333333333332,52.699999999999996,11.133333333333335,23.785,6.433333333333334
2024-04-29,17.333333333333332,15.533333333333333,19.633333333333333,1.0666666666666667,2.0,69.7,0.0,7.1899999999999995,9.866666666666667
2024-04-30,16.833333333333332,13.800000000000002,20.866666666666667,0.0,1.3333333333333333,73.73333333333333,0.39999999999999997,11.23,9.066666666666668
2024-05-01,16.133333333333336,11.866666666666667,21.2,0.0,2.533333333333333,51.36666666666667,8.833333333333334,23.965,5.433333333333334
2024-05-02,16.566666666666666,8.866666666666667,24.566666666666666,,1.4666666666666668,52.199999999999996,12.299999999999999,27.549999999999997,0.03333333333333333
2024-05-03,18.266666666666666,8.9,27.333333333333332,,1.0,49.13333333333333,12.433333333333332,28.805,0.0
2024-05-04,20.400000000000002,10.833333333333334,28.53333333333333,0.0,1.0999999999999999,51.300000000000004,12.266666666666666,28.235,2.533333333333333
2024-05-05,18.099999999999998,16.466666666666665,20.633333333333333,42.800000000000004,1.8333333333333333,86.90000000000002,0.0,3.295,10.0
2024-05-06,14.733333333333334,13.5,17.400000000000002,4.766666666666667,2.033333333333333,86.46666666666665,0.09999999999999999,5.73,9.633333333333333
2024-05-07,13.033333333333333,10.933333333333332,15.9,13.700000000000001,1.8333333333333333,90.10000000000001,0.0,4.6,9.9
2024-05-08,14.166666666666666,9.0,20.0,1.1,1.6666666666666667,64.10000000000001,10.566666666666668,26.965,3.6999999999999997
2024-05-09,15.633333333333333,8.133333333333333,22.900000000000002,,1.7,56.06666666666666,12.5,28.015,0.0
2024-05-10,17.633333333333333,9.733333333333333,25.5,,1.4000000000000001,53.833333333333336,12.233333333333334,28.42,1.9333333333333336
2024-05-11,18.599999999999998,12.033333333333333,25.133333333333336,10.266666666666667,2.2666666666666666,69.36666666666666,5.466666666666666,16.86,7.333333333333333
2024-05-12,16.433333333333334,11.5,22.133333333333336,2.4333333333333336,1.7333333333333334,62.4,11.233333333333334,27.68,5.3999999999999995
2024-05-13,17.3,9.5,25.2,,1.3333333333333333,54.1,12.933333333333332,29.995,0.0
2024-05-14,18.3,10.0,25.96666666666667,,1.2666666666666666,53.23333333333333,12.799999999999999,29.64,0.0
2024-05-15,13.966666666666667,8.299999999999999,23.366666666666664,10.9,1.9000000000000001,70.39999999999999,8.166666666666666,20.73,4.7
2024-05-16,14.133333333333333,7.433333333333334,20.666666666666668,2.766666666666667,2.6666666666666665,63.36666666666667,11.666666666666666,29.895,2.1666666666666665
2024-05-17,18.599999999999998,11.833333333333334,25.633333333333336,,1.5333333333333332,58.43333333333333,11.200000000000001,26.745,3.0
2024-05-18,20.2,12.033333333333333,27.666666666666668,,1.2,58.666666666666664,12.633333333333333,29.235,0.03333333333333333
2024-05-19,21.5,14.266666666666666,29.099999999999998,,1.2,61.166666666666664,12.5,29.075000000000003,0.16666666666666666
2024-05-20,19.266666666666666,13.466666666666667,25.03333333333333,,1.0999999999999999,71.66666666666667,4.3,18.555,4.666666666666667
2024-05-21,19.833333333333332,15.466666666666667,25.46666666666667,,1.5333333333333332,72.60000000000001,7.933333333333334,23.255,2.966666666666667
2024-05-22,21.099999999999998,14.633333333333333,27.900000000000002,,1.1666666666666667,69.73333333333333,10.533333333333333,25.805,5.066666666666666
2024-05-23,21.833333333333332,15.566666666666668,29.0,,1.3,63.199999999999996,11.966666666666667,29.14,0.9
2024-05-24,20.833333333333332,13.833333333333334,27.666666666666668,,1.2666666666666666,67.86666666666666,9.533333333333333,24.71,4.433333333333333
2024-05-25,19.733333333333334,17.666666666666668,22.133333333333336,,2.3000000000000003,51.46666666666666,0.13333333333333333,12.309999999999999,8.033333333333333
2024-05-26,20.366666666666664,14.666666666666666,26.566666666666666,37.166666666666664,1.4666666666666668,72.53333333333333,5.066666666666666,17.345,7.266666666666667
2024-05-27,18.566666666666666,14.200000000000001,23.3,0.1,2.1666666666666665,59.26666666666667,10.766666666666666,25.68,6.7
2024-05-28,18.599999999999998,12.266666666666666,24.833333333333332,,1.9333333333333333,61.70000000000001,10.4,27.630000000000003,4.1000000000000005
2024-05-29,20.53333333333333,12.633333333333333,27.900000000000002,,1.0999999999999999,58.79999999999999,12.933333333333332,29.345,2.1
2024-05-30,20.833333333333332,15.966666666666669,25.5,0.0,1.0,61.5,1.3333333333333333,14.629999999999999,9.266666666666667
2024-05-31,21.333333333333332,16.566666666666666,27.0,,1.7333333333333334,52.76666666666667,12.566666666666668,30.94,3.1333333333333333
2024-06-01,19.866666666666664,16.233333333333334,24.96666666666667,0.0,2.0,59.800000000000004,8.200000000000001,25.175,4.233333333333333
2024-06-02,19.833333333333332,13.433333333333332,26.599999999999998,,1.5666666666666667,55.666666666666664,12.5,29.945,2.033333333333333
2024-06-03,20.566666666666666,13.466666666666667,26.599999999999998,0.2,1.5,57.699999999999996,11.966666666666669,30.625,2.3000000000000003
2024-06-04,21.233333333333334,14.766666666666666,27.433333333333334,,1.5333333333333332,52.13333333333333,13.366666666666667,31.735,0.09999999999999999
2024-06-05,21.900000000000002,14.966666666666667,28.8,,1.3666666666666665,60.366666666666674,9.133333333333333,24.799999999999997,5.266666666666667
2024-06-06,22.633333333333336,17.233333333333334,28.900000000000002,,1.3666666666666665,58.93333333333334,10.299999999999999,25.555,4.666666666666667
2024-06-07,22.46666666666667,16.133333333333336,28.400000000000002,0.0,1.1333333333333333,61.06666666666666,6.666666666666667,21.78,8.266666666666667
2024-06-08,20.233333333333334,17.599999999999998,24.96666666666667,3.0666666666666664,1.2333333333333334,84.10000000000001,2.3666666666666667,12.305,7.3999999999999995
2024-06-09,23.366666666666664,18.2,29.733333333333334,,1.1,68.93333333333334,9.733333333333334,26.07,4.066666666666666
2024-06-10,24.333333333333332,17.400000000000002,31.133333333333336,,1.7,62.63333333333333,10.133333333333333,27.095,1.4333333333333333
2024-06-11,25.333333333333332,19.7,31.866666666666664,,1.5333333333333332,59.599999999999994,11.799999999999999,28.47,1.4333333333333333
2024-06-12,25.166666666666668,18.5,33.0,,1.4000000000000001,51.93333333333334,12.633333333333335,30.595,1.9333333333333333
2024-06-13,25.53333333333333,17.599999999999998,33.43333333333333,,1.2333333333333334,51.46666666666667,12.799999999999999,29.945,0.9666666666666668
2024-06-14,26.166666666666668,19.533333333333335,32.6,0.0,1.2666666666666666,54.6,11.866666666666667,27.36,5.233333333333333
2024-06-15,24.2,20.96666666666667,29.066666666666666,2.1333333333333333,1.2666666666666666,72.76666666666667,3.8333333333333335,17.745,6.466666666666666
2024-06-16,24.066666666666666,18.96666666666667,29.900000000000002,,1.7333333333333334,59.300000000000004,11.233333333333334,29.785,2.733333333333333
2024-06-17,23.3,16.933333333333334,28.96666666666667,,1.1333333333333333,59.03333333333333,7.0,21.895000000000003,6.7
2024-06-18,25.166666666666668,16.466666666666665,33.63333333333333,,1.3666666666666665,54.03333333333333,13.299999999999999,30.525,0.0
2024-06-19,27.2,19.133333333333333,35.800000000000004,,1.2666666666666666,54.13333333333333,12.033333333333333,28.155,4.8999999999999995
2024-06-20,25.266666666666666,19.8,31.400000000000002,,1.7,53.29999999999999,6.1000000000000005,20.215,5.933333333333334
2024-06-21,25.833333333333332,18.433333333333334,32.6,,1.2,58.833333333333336,11.0,27.335,5.766666666666667
2024-06-22,23.2,22.066666666666663,25.166666666666668,17.03333333333333,1.2333333333333334,88.36666666666667,0.0,3.325,9.933333333333334
2024-06-23,24.400000000000002,22.333333333333332,28.400000000000002,4.366666666666666,1.5999999999999999,83.8,3.033333333333333,12.65,8.1
2024-06-24,25.0,20.033333333333335,30.03333333333333,0.0,2.033333333333333,68.73333333333333,6.833333333333333,23.465,6.466666666666666
2024-06-25,22.5,17.433333333333334,28.233333333333334,,1.5999999999999999,62.76666666666667,6.766666666666667,22.275,7.3
2024-06-26,23.766666666666666,17.5,30.266666666666666,,1.0666666666666667,63.199999999999996,12.066666666666668,28.634999999999998,3.8666666666666667
2024-06-27,23.099999999999998,18.5,28.266666666666666,0.0,1.0999999999999999,66.56666666666666,2.566666666666667,16.240000000000002,5.466666666666666
2024-06-28,24.900000000000002,17.066666666666666,32.333333333333336,,1.1333333333333333,58.5,13.033333333333333,30.064999999999998,1.9666666666666668
2024-06-29,25.133333333333336,21.133333333333336,30.266666666666666,42.46666666666667,1.8666666666666665,74.06666666666666,3.8333333333333335,15.02,8.633333333333333
2024-06-30,24.7,22.666666666666668,27.166666666666668,8.1,2.2333333333333334,85.66666666666667,0.9,10.54,9.1
2024-07-01,26.166666666666668,21.46666666666667,31.566666666666663,,1.0333333333333334,70.96666666666667,9.133333333333333,24.695,4.5
2024-07-02,23.96666666666667,21.233333333333334,26.2,61.93333333333334,1.5333333333333332,88.03333333333335,0.0,3.27,9.866666666666667
2024-07-03,25.733333333333334,23.366666666666664,29.433333333333334,21.266666666666666,1.8666666666666665,79.33333333333333,2.9666666666666663,16.335,8.266666666666667
2024-07-04,27.733333333333334,23.166666666666668,32.199999999999996,,1.8333333333333333,69.4,9.299999999999999,26.689999999999998,5.066666666666666
2024-07-05,25.766666666666666,22.900000000000002,29.46666666666667,2.9333333333333336,2.3333333333333335,71.10000000000001,6.533333333333334,23.369999999999997,6.8999999999999995
2024-07-06,27.433333333333334,22.7,31.599999999999998,0.05,1.9000000000000001,74.63333333333333,1.0666666666666667,13.155000000000001,8.933333333333334
2024-07-07,24.96666666666667,22.233333333333334,27.8,59.56666666666666,1.3,91.83333333333333,0.0,3.275,9.9
2024-07-08,23.933333333333334,22.5,25.599999999999998,136.13333333333333,1.3,94.66666666666667,0.0,3.4299999999999997,10.0
2024-07-09,23.366666666666664,22.333333333333332,24.866666666666664,12.700000000000001,1.1333333333333333,93.26666666666665,0.0,4.985,9.833333333333334
2024-07-10,24.066666666666666,21.366666666666664,27.5,75.86666666666666,1.8333333333333333,86.16666666666667,2.9,16.175,8.766666666666667
2024-07-11,24.8,22.333333333333332,28.433333333333337,2.1999999999999997,1.1666666666666667,83.56666666666666,2.266666666666667,15.2,7.933333333333334
2024-07-12,26.066666666666666,22.400000000000002,31.2,,1.0666666666666667,76.60000000000001,6.533333333333334,20.619999999999997,4.8
2024-07-13,26.599999999999998,23.066666666666666,31.366666666666664,2.6500000000000004,1.3,74.60000000000001,7.900000000000001,21.895,3.8333333333333335
2024-07-14,26.03333333333333,23.766666666666666,29.366666666666664,0.0,2.466666666666667,74.63333333333334,2.733333333333333,18.134999999999998,7.066666666666666
2024-07-15,26.666666666666668,23.866666666666664,30.633333333333336,0.2,2.2333333333333334,73.0,6.666666666666667,21.535,6.533333333333334
2024-07-16,24.733333333333334,22.233333333333334,27.566666666666666,46.96666666666667,1.3666666666666665,87.16666666666667,0.9666666666666668,7.69,8.299999999999999
2024-07-17,26.733333333333334,22.366666666666664,30.2,3.966666666666667,1.5,81.10000000000001,1.0666666666666667,13.58,9.433333333333332
2024-07-18,25.933333333333334,23.900000000000002,27.53333333333333,27.3,2.3000000000000003,83.7,0.0,2.325,9.733333333333333
2024-07-19,25.599999999999998,23.566666666666666,29.333333333333332,1.5999999999999999,1.2666666666666666,85.89999999999999,2.966666666666667,14.04,7.333333333333333
2024-07-20,26.333333333333332,23.133333333333336,30.7,12.666666666666666,1.5999999999999999,84.03333333333333,4.1000000000000005,14.355,7.933333333333334
2024-07-21,27.7,24.599999999999998,31.733333333333334,4.3999999999999995,1.9333333333333333,78.93333333333334,4.8,18.595,6.633333333333333
2024-07-22,28.866666666666664,25.766666666666666,31.833333333333332,0.0,1.9666666666666668,73.13333333333333,3.3333333333333335,15.719999999999999,7.666666666666667
2024-07-23,27.133333333333336,25.666666666666668,28.733333333333334,4.2,1.8,82.96666666666665,0.0,5.525,9.033333333333333
2024-07-24,28.233333333333334,25.166666666666668,32.86666666666667,4.166666666666667,1.0999999999999999,82.06666666666666,5.333333333333333,19.32,5.3999999999999995
2024-07-25,28.366666666666664,24.666666666666668,34.26666666666667,8.850000000000001,1.0,79.2,7.466666666666666,20.805,6.133333333333333
2024-07-26,28.53333333333333,24.7,33.666666666666664,0.7000000000000001,1.8333333333333333,78.3,6.066666666666666,19.11,7.766666666666667
2024-07-27,28.03333333333333,26.0,32.53333333333333,20.166666666666668,1.2,83.5,2.2666666666666666,14.504999999999999,8.833333333333334
2024-07-28,29.599999999999998,26.166666666666668,34.13333333333333,,1.7,72.7,9.033333333333333,24.855,6.2
2024-07-29,28.233333333333334,25.733333333333334,32.03333333333333,,1.8666666666666665,75.5,4.3999999999999995,18.075,5.066666666666666
2024-07-30,28.433333333333334,25.833333333333332,32.666666666666664,,1.6333333333333335,75.26666666666667,5.166666666666667,19.48,5.166666666666667
2024-07-31,29.099999999999998,25.7,34.13333333333333,,1.3333333333333333,75.13333333333333,6.033333333333334,21.975,4.466666666666667
2024-08-01,29.566666666666666,26.400000000000002,33.800000000000004,,1.4000000000000001,74.66666666666667,5.7,20.385,4.3999999999999995
2024-08-02,30.03333333333333,27.233333333333334,33.9,0.2,1.6666666666666667,76.93333333333334,6.833333333333333,22.240000000000002,4.733333333333333
2024-08-03,30.366666666666664,27.066666666666666,35.166666666666664,0.0,1.1333333333333333,75.53333333333333,7.7,23.145000000000003,4.066666666666667
2024-08-04,29.599999999999998,25.8,35.666666666666664,0.45,1.0666666666666667,76.86666666666666,6.633333333333333,18.9,3.9333333333333336
2024-08-05,28.266666666666666,23.866666666666664,34.800000000000004,39.766666666666666,1.3666666666666665,80.7,6.133333333333333,17.855,6.266666666666667
2024-08-06,29.05,24.266666666666666,33.4,,1.3666666666666665,74.25,9.3,24.07,4.466666666666667
2024-08-07,29.03333333333333,25.2,34.233333333333334,0.5,1.0,76.46666666666665,7.55,21.369999999999997,4.166666666666667
2024-08-08,27.3,25.166666666666668,30.0,0.0,1.0333333333333332,81.86666666666666,1.1,10.780000000000001,7.666666666666667
2024-08-09,28.433333333333334,24.666666666666668,33.733333333333334,,1.0333333333333334,74.53333333333333,8.7,23.6,2.2333333333333334
2024-08-10,28.8,24.3,33.86666666666667,0.0,1.1,75.43333333333334,7.25,19.310000000000002,3.8333333333333335
2024-08-11,29.366666666666664,25.066666666666666,34.13333333333333,,1.2666666666666666,71.23333333333333,8.95,21.990000000000002,2.3666666666666667
2024-08-12,29.8,25.233333333333334,35.06666666666666,10.299999999999999,1.1666666666666667,72.39999999999999,9.55,22.119999999999997,3.5
2024-08-13,29.166666666666668,25.03333333333333,34.63333333333333,9.65,1.4333333333333333,70.76666666666667,10.3,25.200000000000003,4.866666666666666
2024-08-14,29.133333333333336,24.566666666666666,34.233333333333334,,1.4333333333333333,66.89999999999999,11.100000000000001,24.73,2.6999999999999997
2024-08-15,29.2,24.900000000000002,33.666666666666664,0.0,1.5666666666666667,66.06666666666666,8.2,20.68,2.6333333333333333
2024-08-16,29.099999999999998,24.866666666666664,33.6,0.0,1.5999999999999999,66.13333333333333,9.5,21.475,4.3
2024-08-17,29.2,25.0,34.0,3.6,1.2333333333333334,67.66666666666667,8.85,22.165,5.3999999999999995
2024-08-18,29.03333333333333,25.03333333333333,34.266666666666666,,1.4000000000000001,69.89999999999999,9.649999999999999,22.955,3.6999999999999997
2024-08-19,29.5,24.833333333333332,34.233333333333334,0.10000000000000002,1.4000000000000001,68.43333333333334,10.266666666666667,24.165,3.5666666666666664
2024-08-20,29.599999999999998,26.53333333333333,34.833333333333336,9.933333333333334,1.9000000000000001,75.33333333333333,5.233333333333333,16.86,7.366666666666667
2024-08-21,28.400000000000002,26.46666666666667,31.400000000000002,10.133333333333333,1.8333333333333333,83.53333333333333,1.8333333333333333,9.3,8.5
2024-08-22,28.266666666666666,25.599999999999998,32.699999999999996,1.0666666666666667,2.033333333333333,79.3,4.5,13.815,6.433333333333334
2024-08-23,27.566666666666666,24.133333333333336,32.03333333333333,1.55,1.3333333333333333,78.39999999999999,7.2,19.845,3.5666666666666664
2024-08-24,27.666666666666668,24.566666666666666,32.5,3.266666666666667,0.9666666666666667,79.23333333333333,6.3,18.14,4.6
2024-08-25,27.766666666666666,23.866666666666664,33.1,0.5,0.8666666666666667,77.96666666666665,6.366666666666667,19.134999999999998,3.033333333333333
2024-08-26,27.53333333333333,24.266666666666666,31.76666666666667,0.0,0.9333333333333332,80.5,2.033333333333333,11.865,7.633333333333333
2024-08-27,26.03333333333333,23.866666666666664,28.0,0.5333333333333333,1.6666666666666667,81.43333333333334,0.13333333333333333,6.55,7.966666666666666
2024-08-28,26.599999999999998,21.266666666666666,31.166666666666668,,2.1666666666666665,67.63333333333333,8.266666666666666,20.77,2.066666666666667
2024-08-29,26.7,22.099999999999998,32.53333333333333,2.2,2.4,71.83333333333333,8.333333333333334,21.945,2.433333333333333
2024-08-30,27.2,22.266666666666666,33.5,,1.8999999999999997,69.46666666666667,11.366666666666667,25.095,1.0
2024-08-31,26.366666666666664,21.7,31.86666666666667,,1.2,71.16666666666667,10.166666666666666,23.64,1.8333333333333333
2024-09-01,26.599999999999998,22.766666666666666,32.166666666666664,,1.0999999999999999,70.96666666666665,7.766666666666667,20.575000000000003,3.4
2024-09-02,24.900000000000002,21.133333333333333,28.599999999999998,0.9666666666666667,0.9333333333333332,74.36666666666666,1.5666666666666667,9.235,7.333333333333333
2024-09-03,26.53333333333333,22.7,31.03333333333333,,2.533333333333333,61.666666666666664,9.233333333333333,22.095,4.2
2024-09-04,26.099999999999998,20.400000000000002,32.36666666666667,,1.6666666666666667,59.9,11.433333333333332,24.39,1.8333333333333333
2024-09-05,26.633333333333336,21.96666666666667,32.46666666666667,0.06666666666666667,1.4333333333333336,71.23333333333333,6.566666666666666,19.015,5.066666666666666
2024-09-06,25.5,23.433333333333334,28.5,0.9333333333333332,1.0666666666666667,82.66666666666667,0.0,5.445,9.333333333333334
2024-09-07,26.2,23.066666666666666,31.099999999999998,0.4,1.0333333333333332,76.93333333333334,4.2,16.445,6.333333333333333
2024-09-08,27.366666666666664,22.599999999999998,33.63333333333333,,0.9666666666666668,69.86666666666666,9.533333333333333,22.939999999999998,2.6333333333333333
2024-09-09,28.633333333333336,24.133333333333336,34.13333333333333,,1.3,68.10000000000001,8.233333333333333,18.64,3.5666666666666664
2024-09-10,29.95,24.366666666666664,35.666666666666664,,1.4333333333333336,61.15,11.1,22.84,0.7000000000000001
2024-09-11,27.53333333333333,24.433333333333334,33.699999999999996,10.833333333333334,1.0666666666666667,79.46666666666665,1.6333333333333335,11.915,8.0
2024-09-12,26.0,24.400000000000002,29.333333333333332,21.0,0.8333333333333334,89.60000000000001,0.0,6.935,9.1
2024-09-13,27.599999999999998,23.766666666666666,33.03333333333333,,1.2333333333333334,78.2,5.466666666666666,18.005,7.266666666666667
2024-09-14,28.433333333333334,24.933333333333334,34.03333333333333,0.1,1.2333333333333334,75.93333333333334,7.666666666666667,18.91,5.033333333333333
2024-09-15,29.0,24.866666666666664,34.13333333333333,,2.066666666666667,70.5,9.966666666666667,20.46,3.4
2024-09-16,27.53333333333333,24.666666666666668,30.86666666666667,0.0,2.1999999999999997,70.86666666666666,3.3333333333333335,14.97,6.466666666666666
2024-09-17,29.366666666666664,24.900000000000002,35.13333333333333,,1.0666666666666667,72.66666666666667,9.666666666666666,20.86,5.433333333333334
2024-09-18,27.666666666666668,24.099999999999998,33.86666666666667,24.8,1.1666666666666667,82.33333333333333,3.3000000000000003,14.055,7.3
2024-09-19,27.35,23.833333333333332,32.6,,0.8,82.7,3.0500000000000003,16.45,7.4
2024-09-20,25.733333333333334,24.566666666666666,27.599999999999998,40.43333333333333,0.8333333333333334,92.26666666666667,0.03333333333333333,2.625,9.6
2024-09-21,20.733333333333334,19.400000000000002,25.366666666666664,127.59999999999998,2.1333333333333333,92.86666666666667,0.0,1.795,9.966666666666667
2024-09-22,21.133333333333333,17.266666666666666,26.099999999999998,0.1,1.9666666666666668,76.56666666666666,2.1666666666666665,13.68,6.866666666666667
2024-09-23,20.333333333333332,16.233333333333334,25.233333333333334,,2.3000000000000003,61.5,10.233333333333334,21.625,1.9333333333333333
2024-09-24,20.333333333333332,14.433333333333332,26.46666666666667,,1.4000000000000001,67.26666666666667,10.066666666666666,21.53,3.466666666666667
2024-09-25,22.833333333333332,18.099999999999998,27.8,,1.0333333333333334,73.13333333333334,7.133333333333333,16.044999999999998,5.933333333333334
2024-09-26,23.733333333333334,20.333333333333332,29.066666666666666,,0.9333333333333332,74.73333333333333,6.1000000000000005,16.605,5.766666666666667
2024-09-27,22.633333333333336,19.2,28.333333333333332,,1.1333333333333333,74.39999999999999,7.666666666666667,17.525,2.766666666666667
2024-09-28,22.53333333333333,18.233333333333334,27.366666666666664,,2.1,71.33333333333333,5.533333333333334,15.72,3.3666666666666667
2024-09-29,22.266666666666666,18.033333333333335,27.266666666666666,,1.7999999999999998,65.53333333333335,8.6,17.82,2.733333333333333
2024-09-30,20.566666666666666,14.666666666666666,27.333333333333332,,1.1333333333333333,65.60000000000001,10.166666666666666,19.445,1.9666666666666668
2024-10-01,17.166666666666668,13.566666666666668,21.333333333333332,1.1333333333333333,1.2333333333333334,77.66666666666667,0.9666666666666668,3.415,7.733333333333333
2024-10-02,14.466666666666667,10.266666666666667,20.433333333333334,,1.3,58.73333333333333,8.633333333333333,19.275,3.466666666666667
2024-10-03,12.566666666666668,9.133333333333333,15.766666666666666,4.933333333333334,1.1666666666666667,86.23333333333333,0.20000000000000004,4.325,6.666666666666667
2024-10-04,15.233333333333334,10.4,22.900000000000002,,1.0,80.2,6.833333333333333,17.119999999999997,3.3666666666666667
2024-10-05,16.3,10.033333333333333,23.133333333333336,,1.1333333333333333,75.73333333333333,8.966666666666667,17.795,4.0
2024-10-06,16.0,12.799999999999999,18.8,0.19999999999999998,0.7999999999999999,86.8,0.0,4.949999999999999,9.333333333333334
2024-10-07,16.666666666666668,14.133333333333333,19.733333333333334,1.9333333333333333,0.6666666666666666,84.76666666666667,0.7333333333333334,7.965,9.033333333333333
2024-10-08,16.366666666666664,13.033333333333333,22.333333333333332,0.0,0.9,82.60000000000001,5.566666666666666,12.91,4.133333333333334
2024-10-09,17.733333333333334,11.9,23.633333333333336,,1.4000000000000001,71.60000000000001,9.299999999999999,17.58,3.5666666666666664
2024-10-10,17.0,13.1,23.46666666666667,1.0666666666666667,1.0333333333333332,75.26666666666667,6.466666666666666,14.075,3.3000000000000003
2024-10-11,16.666666666666668,11.766666666666666,23.8,,0.8000000000000002,77.66666666666667,8.299999999999999,17.134999999999998,1.0999999999999999
2024-10-12,16.233333333333334,11.166666666666666,24.0,0.1,0.7666666666666666,75.0,9.166666666666666,17.82,0.13333333333333333
2024-10-13,17.0,9.966666666666667,23.333333333333332,,1.1666666666666667,73.43333333333334,5.033333333333333,12.774999999999999,5.8
2024-10-14,17.400000000000002,15.9,19.266666666666666,6.900000000000001,0.9,89.53333333333335,0.0,3.335,9.733333333333334
2024-10-15,18.133333333333333,16.533333333333335,20.033333333333335,23.366666666666664,0.4666666666666666,94.86666666666667,0.0,2.79,9.4
2024-10-16,18.53333333333333,15.333333333333334,23.766666666666666,,0.8333333333333334,85.13333333333334,3.733333333333333,11.875,6.633333333333333
2024-10-17,18.233333333333334,13.799999999999999,24.53333333333333,,1.4000000000000001,79.5,6.3,13.75,6.233333333333333
2024-10-18,19.266666666666666,16.366666666666667,22.46666666666667,45.96666666666667,1.5333333333333332,89.46666666666665,0.0,2.74,9.4
2024-10-19,17.366666666666667,13.0,22.566666666666666,3.1333333333333333,2.3,83.5,0.0,3.135,9.133333333333333
2024-10-20,13.200000000000001,10.466666666666667,16.7,,3.3666666666666667,58.9,5.900000000000001,14.35,5.066666666666666
2024-10-21,13.966666666666667,8.366666666666667,18.7,0.26666666666666666,1.0,81.0,1.0666666666666667,7.455,8.766666666666667
2024-10-22,16.733333333333334,14.766666666666666,18.766666666666666,15.5,0.9333333333333332,94.66666666666667,0.0,2.525,10.0
2024-10-23,13.9,10.166666666666666,18.166666666666668,1.4000000000000001,2.2333333333333334,71.39999999999999,4.433333333333333,12.14,5.966666666666666
2024-10-24,11.9,6.666666666666667,18.766666666666666,,1.2,74.96666666666665,9.6,16.41,0.13333333333333333
2024-10-25,14.0,6.8999999999999995,21.433333333333334,,1.3,76.0,7.6000000000000005,14.265,4.8
2024-10-26,16.633333333333333,10.366666666666667,23.333333333333332,,1.6666666666666667,73.86666666666667,9.333333333333334,16.41,1.3333333333333333
2024-10-27,15.066666666666668,12.200000000000001,18.366666666666667,1.2666666666666666,0.7666666666666666,84.7,0.23333333333333336,5.38,9.366666666666667
2024-10-28,14.733333333333334,11.933333333333332,17.633333333333336,0.0,1.4333333333333333,80.2,0.39999999999999997,5.825,8.033333333333333
2024-10-29,14.866666666666667,11.466666666666667,19.96666666666667,0.0,1.3666666666666665,69.03333333333333,3.6333333333333333,10.305,5.2
2024-10-30,14.466666666666667,9.766666666666666,21.599999999999998,,0.9333333333333332,75.63333333333333,9.233333333333333,14.745000000000001,1.2333333333333334
2024-10-31,14.266666666666666,8.266666666666667,22.599999999999998,,0.8333333333333334,74.56666666666666,8.966666666666667,15.015,2.8000000000000003
2024-11-01,13.433333333333332,11.066666666666668,16.0,1.9333333333333336,1.1666666666666667,85.23333333333333,0.0,2.125,9.566666666666666
2024-11-02,17.099999999999998,12.566666666666668,23.566666666666666,0.3333333333333333,1.3666666666666665,75.3,6.533333333333334,12.905000000000001,4.633333333333333
2024-11-03,15.533333333333333,10.266666666666667,22.7,,0.7999999999999999,76.36666666666666,8.799999999999999,14.469999999999999,0.8000000000000002
2024-11-04,14.166666666666666,8.966666666666667,21.066666666666666,0.3,1.5,69.73333333333333,5.033333333333333,10.365,5.0
2024-11-05,9.866666666666667,5.733333333333333,15.333333333333334,,1.4666666666666668,57.599999999999994,7.766666666666667,13.83,3.233333333333333
2024-11-06,7.133333333333333,1.9666666666666666,13.666666666666666,,1.2666666666666666,54.9,9.433333333333332,14.96,0.0
2024-11-07,7.3999999999999995,0.1333333333333333,16.599999999999998,,0.7666666666666666,64.43333333333334,9.4,14.754999999999999,0.09999999999999999
2024-11-08,10.466666666666667,2.733333333333333,19.0,,0.7999999999999999,70.53333333333333,7.766666666666667,12.895,3.0666666666666664
2024-11-09,12.366666666666667,6.666666666666667,19.666666666666668,,0.7999999999999999,74.73333333333333,7.533333333333334,12.215,3.766666666666667
2024-11-10,13.066666666666668,8.933333333333334,20.566666666666666,,0.7000000000000001,74.86666666666666,5.3,10.254999999999999,4.8
2024-11-11,12.766666666666666,6.433333333333334,21.099999999999998,,0.7000000000000001,74.06666666666666,8.799999999999999,12.895,0.9666666666666667
2024-11-12,13.166666666666666,8.566666666666666,19.900000000000002,,1.0666666666666667,67.36666666666666,8.366666666666667,13.06,1.9666666666666668
2024-11-13,12.733333333333334,5.533333333333334,20.8,,0.8333333333333334,71.60000000000001,8.866666666666667,12.49,2.9333333333333336
2024-11-14,13.766666666666666,9.0,19.5,0.03333333333333333,0.8333333333333334,76.06666666666666,1.8,6.96,7.7
2024-11-15,14.600000000000001,11.299999999999999,20.066666666666666,4.333333333333333,1.2666666666666666,76.66666666666667,4.666666666666667,9.805,5.733333333333333
2024-11-16,16.533333333333335,10.5,23.233333333333334,0.7999999999999999,1.1666666666666667,74.8,8.4,12.29,5.1000000000000005
2024-11-17,8.933333333333334,2.5,15.433333333333332,0.0,2.1999999999999997,53.6,0.6333333333333334,4.6,6.2
2024-11-18,2.566666666666667,-1.0333333333333334,7.866666666666666,,1.6666666666666667,38.1,9.166666666666666,13.885,0.39999999999999997
2024-11-19,5.133333333333334,-2.4,13.366666666666667,,0.9666666666666668,61.166666666666664,6.566666666666666,11.085,3.8666666666666667
2024-11-20,6.3999999999999995,0.2333333333333333,11.566666666666668,0.0,0.8000000000000002,69.5,3.766666666666667,7.584999999999999,6.433333333333334
2024-11-21,9.4,4.466666666666667,13.766666666666666,0.0,0.9666666666666667,71.89999999999999,2.6333333333333333,6.505,5.766666666666667
2024-11-22,6.866666666666667,1.6666666666666667,11.933333333333332,0.0,1.5666666666666667,53.36666666666667,8.9,12.675,0.0
2024-11-23,4.766666666666667,-0.7000000000000001,12.5,,0.8666666666666667,62.73333333333333,7.8999999999999995,11.15,1.9666666666666668
2024-11-24,6.133333333333333,0.16666666666666666,14.233333333333334,,0.7666666666666666,67.39999999999999,8.799999999999999,12.260000000000002,0.8666666666666667
2024-11-25,9.299999999999999,1.0333333333333332,16.3,0.19999999999999998,2.033333333333333,66.13333333333333,7.566666666666666,10.895,4.8
2024-11-26,7.766666666666666,4.333333333333333,11.233333333333334,17.8,2.6999999999999997,72.23333333333333,1.3,4.745,8.733333333333334
2024-11-27,1.9666666666666666,0.20000000000000004,5.2,5.233333333333333,2.1999999999999997,80.96666666666665,0.8666666666666667,4.205,8.5
2024-11-28,2.766666666666667,0.5333333333333333,7.333333333333333,3.9333333333333336,1.7333333333333334,82.13333333333334,2.1333333333333333,3.8449999999999998,8.933333333333334
2024-11-29,2.266666666666667,-1.0999999999999999,5.0,0.43333333333333335,1.3333333333333333,76.16666666666667,4.133333333333333,7.255,6.8
2024-11-30,4.366666666666666,-0.7333333333333334,8.666666666666666,0.0,0.9333333333333332,76.83333333333333,3.266666666666667,6.029999999999999,3.533333333333333
2024-12-01,6.666666666666667,1.2666666666666666,12.266666666666666,0.06666666666666667,0.5333333333333333,83.03333333333333,2.9333333333333336,6.385,6.0
2024-12-02,7.933333333333334,2.5,15.766666666666666,0.0,1.2666666666666666,77.16666666666667,4.366666666666666,7.71,1.7333333333333332
2024-12-03,1.8666666666666665,-1.4333333333333333,6.433333333333334,,1.5333333333333332,48.86666666666667,6.5,10.66,4.933333333333334
2024-12-04,3.033333333333333,-0.16666666666666666,7.733333333333333,0.0,1.2333333333333334,52.800000000000004,8.4,11.46,3.8333333333333335
2024-12-05,4.233333333333333,-0.6333333333333333,9.233333333333334,0.43333333333333335,1.4666666666666668,69.46666666666667,4.733333333333333,7.54,6.733333333333333
2024-12-06,3.5666666666666664,0.3666666666666667,7.866666666666667,0.19999999999999998,1.7,65.83333333333333,6.566666666666666,10.535,3.766666666666667
2024-12-07,0.9666666666666667,-3.0666666666666664,5.433333333333334,0.3666666666666667,1.4333333333333333,66.13333333333333,4.066666666666667,7.1,4.066666666666666
2024-12-08,-0.033333333333333326,-3.5666666666666664,4.7,0.0,1.5333333333333332,58.63333333333333,8.299999999999999,11.504999999999999,1.5999999999999999
2024-12-09,1.4333333333333333,-5.033333333333334,7.133333333333333,,0.7999999999999999,64.39999999999999,5.766666666666667,8.66,4.666666666666667
2024-12-10,2.966666666666667,-1.1666666666666667,8.233333333333333,,1.0999999999999999,62.366666666666674,8.333333333333334,11.045,4.066666666666666
2024-12-11,1.9666666666666666,-1.2333333333333334,7.933333333333333,,0.7333333333333334,65.53333333333333,4.8999999999999995,7.955,4.333333333333333
2024-12-12,0.5333333333333333,-3.966666666666667,6.166666666666667,,1.0,55.79999999999999,6.366666666666667,10.15,4.366666666666666
2024-12-13,0.6333333333333333,-1.6333333333333335,4.033333333333333,0.0,1.1,56.0,0.3666666666666667,4.5,7.0
2024-12-14,-0.20000000000000004,-4.266666666666667,4.366666666666667,0.0,1.5333333333333332,59.13333333333333,6.433333333333334,10.120000000000001,3.033333333333333
2024-12-15,1.3333333333333333,-1.3333333333333333,4.166666666666667,1.6333333333333335,1.4000000000000001,78.86666666666666,0.43333333333333335,2.37,7.533333333333334
2024-12-16,2.0,-2.966666666666667,6.566666666666666,0.03333333333333333,1.1666666666666667,61.4,5.666666666666667,9.365,6.3999999999999995
2024-12-17,1.0,-2.966666666666667,6.2,,1.4666666666666668,55.93333333333334,6.533333333333334,9.9,3.3000000000000003
2024-12-18,-2.433333333333333,-5.633333333333333,1.7666666666666666,,1.7,50.76666666666667,8.299999999999999,11.165,1.4666666666666668
2024-12-19,-2.533333333333333,-8.233333333333333,4.233333333333333,,0.7333333333333334,58.333333333333336,8.233333333333333,10.945,2.966666666666667
2024-12-20,0.06666666666666665,-4.5,3.966666666666667,0.10000000000000002,0.6,68.23333333333333,1.2,4.025,8.799999999999999
2024-12-21,-0.033333333333333326,-3.433333333333333,2.8333333333333335,2.8666666666666667,2.033333333333333,77.16666666666667,1.3666666666666665,4.175,6.166666666666667
2024-12-22,-3.1,-6.866666666666667,1.7333333333333332,,1.6333333333333335,54.26666666666667,8.4,11.64,0.3666666666666667
2024-12-23,-1.0666666666666667,-7.3,5.666666666666667,0.0,0.7666666666666666,73.60000000000001,5.166666666666667,7.59,2.8666666666666667
2024-12-24,-0.09999999999999994,-4.733333333333333,5.633333333333333,,1.0,61.46666666666666,8.366666666666667,11.155,1.9333333333333333
2024-12-25,1.5,-3.366666666666667,6.266666666666667,0.0,0.7999999999999999,69.66666666666667,1.8666666666666665,5.995,8.333333333333334
2024-12-26,2.0,-2.0,5.466666666666666,0.10000000000000002,2.3666666666666667,62.56666666666666,6.6000000000000005,9.684999999999999,3.1333333333333333
2024-12-27,-1.7,-5.7,1.5,0.10000000000000002,1.4666666666666668,57.93333333333334,6.8999999999999995,8.705,5.766666666666667
2024-12-28,-2.433333333333333,-6.133333333333333,0.5666666666666668,0.0,1.8,62.43333333333334,5.233333333333333,8.47,4.733333333333333
2024-12-29,1.2666666666666666,-3.0666666666666664,5.966666666666666,0.0,0.9333333333333332,71.06666666666666,3.033333333333333,6.75,6.433333333333334
2024-12-30,5.233333333333333,0.06666666666666672,10.366666666666667,0.0,1.0999999999999999,68.0,2.1,5.609999999999999,7.7
2024-12-31,1.7666666666666666,-3.0333333333333337,6.166666666666667,0.1,2.066666666666667,45.699999999999996,8.5,11.9,0.5
2025-01-01,1.4666666666666668,-4.866666666666666,9.233333333333333,,0.8333333333333334,62.46666666666666,8.333333333333334,10.625,0.6333333333333333
2025-01-02,0.8666666666666666,-3.8666666666666667,7.666666666666667,,1.0333333333333334,55.46666666666667,8.4,11.495000000000001,0.26666666666666666
2025-01-03,-0.26666666666666666,-4.833333333333333,4.266666666666667,0.0,1.5666666666666667,51.26666666666667,7.266666666666666,10.655000000000001,3.3666666666666667
2025-01-04,-0.10000000000000009,-4.7,6.1000000000000005,,0.9666666666666667,52.56666666666666,7.533333333333334,10.855,1.8333333333333333
2025-01-05,0.8333333333333334,-3.9333333333333336,4.366666666666666,0.2333333333333333,0.6666666666666666,80.26666666666667,0.03333333333333333,2.035,8.4
2025-01-06,1.7000000000000002,-1.8666666666666665,5.533333333333334,1.3,1.9666666666666668,74.13333333333333,1.8,6.015000000000001,7.333333333333333
2025-01-07,-1.7666666666666666,-5.1,1.8,0.45,1.5999999999999999,63.43333333333334,5.3,8.515,4.033333333333333
2025-01-08,-2.5,-5.533333333333334,0.26666666666666666,0.8333333333333334,1.4000000000000001,79.03333333333333,2.066666666666667,4.66,6.566666666666666
2025-01-09,-8.633333333333333,-12.433333333333332,-4.833333333333333,0.20000000000000004,2.966666666666667,49.23333333333333,5.333333333333333,8.54,4.433333333333334
2025-01-10,-7.833333333333333,-14.233333333333334,-1.8333333333333333,0.0,1.1333333333333333,57.666666666666664,8.700000000000001,12.045,2.9
2025-01-11,-4.066666666666666,-7.633333333333333,-0.033333333333333326,0.0,0.9666666666666667,67.3,4.666666666666667,8.3,5.533333333333334
2025-01-12,-2.8333333333333335,-8.633333333333333,3.3333333333333335,0.0,0.9666666666666668,68.2,7.5,10.68,2.033333333333333
2025-01-13,0.03333333333333336,-6.966666666666666,5.566666666666666,,1.0333333333333332,67.33333333333333,7.2,10.995000000000001,4.3
2025-01-14,3.8333333333333335,0.43333333333333335,9.533333333333333,0.10000000000000002,1.7333333333333334,59.9,4.933333333333334,9.094999999999999,6.933333333333334
2025-01-15,-2.3666666666666667,-4.966666666666667,1.6333333333333335,0.0,2.566666666666667,45.03333333333333,8.733333333333334,12.085,0.5666666666666668
2025-01-16,0.06666666666666672,-5.866666666666666,5.233333333333333,0.0,1.2333333333333334,59.53333333333333,2.1999999999999997,7.255,7.366666666666667
2025-01-17,0.5333333333333333,-3.733333333333333,6.733333333333333,,0.8666666666666666,61.23333333333333,8.6,11.59,0.6333333333333333
2025-01-18,-0.03333333333333336,-6.3,7.933333333333333,,0.5666666666666667,54.5,7.466666666666666,10.995000000000001,2.8666666666666667
2025-01-19,1.0,-6.033333333333334,9.266666666666666,,0.6,63.96666666666667,5.866666666666667,9.285,3.4
2025-01-20,1.9666666666666666,-2.033333333333333,7.8999999999999995,,0.7666666666666666,72.73333333333333,3.0,6.8,5.666666666666667
2025-01-21,1.6666666666666667,-3.3666666666666667,8.466666666666667,,0.7000000000000001,71.0,7.8999999999999995,10.465,1.0333333333333334
2025-01-22,2.4,-3.0666666666666664,8.8,,0.8000000000000002,70.7,2.8666666666666667,8.434999999999999,5.3999999999999995
2025-01-23,1.7999999999999998,-3.6999999999999997,10.066666666666666,,0.7999999999999999,55.46666666666667,8.633333333333333,12.245000000000001,0.0
2025-01-24,1.5999999999999999,-5.3,10.233333333333334,,0.9333333333333335,49.56666666666666,8.966666666666667,12.809999999999999,0.09999999999999999
2025-01-25,3.8000000000000003,-3.266666666666667,10.466666666666667,,1.7333333333333334,54.73333333333333,6.933333333333334,11.695,2.1333333333333333
2025-01-26,4.3999999999999995,0.09999999999999994,7.866666666666666,0.0,1.5,54.76666666666667,2.733333333333333,7.68,8.1
2025-01-27,-0.033333333333333326,-2.433333333333333,3.3000000000000003,5.333333333333333,1.7,83.73333333333333,1.8333333333333333,5.16,8.366666666666667
2025-01-28,-1.8333333333333333,-3.266666666666667,0.5333333333333333,3.766666666666667,2.266666666666667,79.56666666666666,0.6,5.77,9.133333333333333
2025-01-29,-3.4333333333333336,-6.400000000000001,-0.4666666666666666,0.3,2.0666666666666664,73.03333333333333,2.5,7.34,6.033333333333334
2025-01-30,-2.766666666666667,-7.833333333333333,2.5,0.0,0.9,66.46666666666665,7.266666666666667,12.655000000000001,4.133333333333333
2025-01-31,0.8666666666666666,-3.9,6.300000000000001,0.0,0.7999999999999999,72.56666666666666,0.9333333333333332,6.775,9.233333333333334
2025-02-01,2.9333333333333336,0.26666666666666666,7.2,0.13333333333333333,1.0333333333333334,84.43333333333334,1.6666666666666667,5.29,8.133333333333333
2025-02-02,1.6666666666666667,-2.1333333333333333,8.233333333333333,,0.9666666666666668,78.33333333333333,4.166666666666667,10.094999999999999,6.633333333333333
2025-02-03,-2.0666666666666664,-6.3,1.5,0.3,3.1666666666666665,54.6,8.566666666666666,13.835,4.166666666666667
2025-02-04,-6.966666666666666,-8.966666666666667,-3.4333333333333336,0.0,2.5666666666666664,62.53333333333334,5.966666666666666,12.39,5.233333333333333
2025-02-05,-6.8999999999999995,-10.833333333333334,-2.566666666666667,0.16666666666666666,2.033333333333333,55.833333333333336,8.799999999999999,13.685,2.6999999999999997
2025-02-06,-5.0,-11.4,0.8333333333333334,0.7000000000000001,1.4666666666666668,62.4,8.0,13.745000000000001,4.566666666666666
2025-02-07,-6.7,-10.066666666666668,-1.3999999999999997,1.0,2.966666666666667,70.83333333333333,3.466666666666667,9.445,8.1
2025-02-08,-7.3999999999999995,-12.433333333333332,-2.3000000000000003,0.0,1.7333333333333334,63.43333333333334,8.299999999999999,14.465,3.9000000000000004
2025-02-09,-4.266666666666667,-10.733333333333334,1.4000000000000001,0.03333333333333333,1.3666666666666665,66.7,8.766666666666666,16.17,3.766666666666666
2025-02-10,-2.9,-7.8,1.9333333333333333,0.0,1.2,72.3,4.3,10.31,2.733333333333333
2025-02-11,-0.6333333333333333,-8.266666666666667,7.866666666666667,,0.7666666666666666,58.9,9.5,15.765,1.8333333333333333
2025-02-12,0.6,-1.9333333333333333,3.966666666666667,7.233333333333334,1.5666666666666667,81.2,0.0,1.44,8.333333333333334
2025-02-13,0.5333333333333333,-5.266666666666667,6.533333333333334,,1.9000000000000001,48.1,9.700000000000001,16.82,0.03333333333333333
2025-02-14,2.566666666666667,-4.166666666666667,10.433333333333332,,0.9333333333333332,64.13333333333334,9.533333333333333,15.565000000000001,0.8333333333333334
2025-02-15,2.2666666666666666,-3.6,8.299999999999999,,0.7333333333333334,64.53333333333335,2.6,8.615,5.233333333333333
2025-02-16,4.5,-1.7333333333333334,11.299999999999999,,1.5,67.66666666666667,7.466666666666666,12.940000000000001,3.266666666666667
2025-02-17,0.8333333333333334,-2.6333333333333333,5.433333333333334,,3.033333333333333,35.199999999999996,9.9,17.61,0.8333333333333334
2025-02-18,-1.4000000000000001,-5.066666666666666,3.1333333333333333,,2.766666666666667,41.46666666666667,10.033333333333333,17.740000000000002,0.03333333333333333
2025-02-19,-2.2666666666666666,-7.133333333333333,2.6666666666666665,,2.1666666666666665,45.53333333333333,9.966666666666667,17.645000000000003,0.4000000000000001
2025-02-20,-2.533333333333333,-7.766666666666667,3.3000000000000003,,2.0,45.53333333333333,9.966666666666667,17.895,0.16666666666666666
2025-02-21,-2.1,-7.2,3.533333333333333,,2.033333333333333,44.699999999999996,9.966666666666667,18.035,1.8666666666666665
2025-02-22,-1.7,-6.3,3.466666666666667,0.4666666666666666,1.9000000000000001,57.0,9.966666666666667,18.98,1.5333333333333332
2025-02-23,-3.0666666666666664,-7.266666666666667,1.5333333333333332,0.0,2.466666666666667,51.6,6.666666666666667,13.445,4.133333333333334
2025-02-24,-1.4666666666666668,-8.0,5.266666666666667,,1.8666666666666665,45.03333333333333,10.133333333333335,18.96,0.0
2025-02-25,1.0666666666666667,-6.466666666666666,7.166666666666667,,1.5,59.73333333333333,8.299999999999999,14.524999999999999,4.833333333333333
2025-02-26,4.533333333333333,-0.9,10.566666666666668,0.0,1.7999999999999998,47.03333333333333,9.833333333333334,18.37,0.6
2025-02-27,5.3,-4.666666666666667,15.333333333333334,0.0,0.7333333333333334,32.96666666666667,9.766666666666667,18.54,2.433333333333333
2025-02-28,8.733333333333334,3.8000000000000003,15.733333333333334,0.0,0.9666666666666667,53.333333333333336,7.033333333333334,14.895,3.9
2025-03-01,5.7,0.8000000000000002,8.666666666666666,2.8333333333333335,0.6666666666666666,86.56666666666666,1.4000000000000001,3.99,7.633333333333333
2025-03-02,8.866666666666667,4.166666666666667,14.966666666666667,5.233333333333333,2.1333333333333333,84.76666666666667,0.16666666666666666,5.220000000000001,9.799999999999999
2025-03-03,2.8000000000000003,0.7666666666666667,5.366666666666667,27.333333333333332,3.6666666666666665,72.8,0.4000000000000001,7.72,9.6
2025-03-04,2.6,0.9666666666666668,4.466666666666666,2.3000000000000003,3.1,75.06666666666668,0.6333333333333333,5.655,9.266666666666667
2025-03-05,4.666666666666667,2.1999999999999997,7.8999999999999995,0.0,1.3333333333333333,70.13333333333333,0.03333333333333333,5.645,9.166666666666666
2025-03-06,4.466666666666667,0.0,10.266666666666666,,1.3,62.0,6.633333333333333,16.135,3.6
2025-03-07,5.0,-1.9666666666666668,11.533333333333331,,1.0333333333333334,55.166666666666664,8.666666666666666,17.53,4.833333333333333
2025-03-08,6.166666666666667,2.733333333333333,10.866666666666667,0.0,1.3333333333333333,56.166666666666664,4.466666666666666,13.615,5.233333333333333
2025-03-09,6.066666666666666,-0.9333333333333332,13.833333333333334,,0.9666666666666667,60.0,10.266666666666667,19.775,1.1333333333333335
2025-03-10,7.3999999999999995,-0.06666666666666672,15.800000000000002,,0.9666666666666667,52.86666666666667,9.9,17.505000000000003,2.766666666666667
2025-03-11,8.833333333333334,0.3,17.8,,0.9,50.46666666666667,10.299999999999999,20.205,2.2666666666666666
2025-03-12,9.299999999999999,3.8333333333333335,16.0,,1.4666666666666668,62.300000000000004,3.6333333333333333,11.205,5.933333333333334
2025-03-13,9.733333333333334,3.9333333333333336,16.933333333333334,,1.4000000000000001,50.0,7.8,17.315,6.866666666666667
2025-03-14,11.866666666666667,2.6,20.333333333333332,,1.7666666666666668,36.166666666666664,10.366666666666667,20.48,3.266666666666667
2025-03-15,9.4,6.766666666666667,13.233333333333334,,3.3666666666666667,52.699999999999996,5.333333333333333,17.205,7.633333333333333
2025-03-16,4.066666666666666,0.4666666666666666,7.133333333333333,1.4333333333333333,2.3666666666666667,62.0,3.1333333333333333,8.09,7.8999999999999995
2025-03-17,3.533333333333333,-0.8333333333333334,8.466666666666667,,2.233333333333333,36.4,10.566666666666666,21.025,2.3000000000000003
2025-03-18,1.0999999999999999,-0.4000000000000001,3.7999999999999994,4.066666666666666,2.033333333333333,78.96666666666667,0.7333333333333334,6.205,8.766666666666667
2025-03-19,2.5,-2.9,8.333333333333334,0.1,1.5666666666666667,52.300000000000004,9.6,21.005000000000003,1.0999999999999999
2025-03-20,7.3,-1.7333333333333334,15.133333333333333,,1.8666666666666665,60.73333333333333,9.966666666666667,20.895,0.5333333333333333
2025-03-21,12.266666666666666,5.3999999999999995,21.133333333333336,,2.433333333333333,51.833333333333336,10.733333333333334,21.82,0.0
2025-03-22,13.866666666666667,5.0,23.333333333333332,,2.2666666666666666,46.56666666666666,10.799999999999999,21.545,0.0
2025-03-23,15.5,5.5,25.900000000000002,,1.4000000000000001,42.666666666666664,9.0,20.255000000000003,3.1999999999999997
2025-03-24,15.800000000000002,10.733333333333334,22.333333333333332,0.0,2.3666666666666667,54.76666666666667,8.066666666666668,19.035,3.5
2025-03-25,14.766666666666666,8.866666666666667,25.933333333333334,,2.5,55.43333333333334,7.333333333333333,18.009999999999998,3.0666666666666664
2025-03-26,16.933333333333334,4.966666666666667,27.7,,1.5,39.43333333333333,10.733333333333334,22.175,1.0
2025-03-27,14.966666666666669,7.2,20.633333333333336,0.6666666666666666,2.033333333333333,67.33333333333333,0.09999999999999999,4.285,9.233333333333334
2025-03-28,6.966666666666666,4.266666666666667,12.166666666666666,0.0,2.533333333333333,45.6,6.766666666666667,19.814999999999998,6.8999999999999995
2025-03-29,3.3666666666666667,-0.6666666666666666,8.533333333333333,0.7000000000000001,2.4,45.26666666666667,7.033333333333334,15.895,5.3999999999999995
2025-03-30,3.8000000000000003,-2.066666666666667,8.933333333333332,0.0,1.9666666666666668,44.300000000000004,9.4,21.025,2.6333333333333333
2025-03-31,7.266666666666667,0.4333333333333333,14.033333333333333,,1.366666666666667,52.13333333333333,8.466666666666667,21.22,3.433333333333333
2025-04-01,9.466666666666667,0.9666666666666667,18.233333333333334,,1.0999999999999999,46.96666666666667,11.433333333333332,24.09,0.26666666666666666
2025-04-02,8.733333333333333,1.8,17.566666666666666,0.1,1.4666666666666668,50.76666666666667,7.066666666666666,17.32,4.766666666666667
2025-04-03,9.1,1.8,17.033333333333335,,1.5666666666666667,60.9,9.333333333333334,23.11,2.6
2025-04-04,10.866666666666667,5.366666666666667,18.366666666666664,0.2,1.3333333333333333,55.86666666666667,9.466666666666667,22.13,3.733333333333333
2025-04-05,9.133333333333333,6.666666666666667,13.733333333333334,8.866666666666667,1.5333333333333332,78.66666666666667,1.1666666666666667,4.285,8.766666666666667
2025-04-06,10.5,4.8,18.099999999999998,,2.266666666666667,54.63333333333333,10.5,24.41,1.7333333333333332
2025-04-07,13.133333333333335,2.8000000000000003,21.3,,1.5333333333333332,45.9,11.4,24.68,1.2666666666666668
2025-04-08,14.700000000000001,8.9,20.366666666666667,,2.533333333333333,43.699999999999996,9.700000000000001,24.115000000000002,1.8999999999999997
2025-04-09,13.200000000000001,4.5,21.0,0.0,1.2666666666666666,45.166666666666664,6.566666666666667,16.455,6.3
2025-04-10,13.9,9.566666666666666,19.333333333333332,0.0,1.3666666666666665,51.800000000000004,6.0,18.47,4.566666666666666
2025-04-11,15.6,5.433333333333334,25.400000000000002,,1.1666666666666667,48.9,11.5,25.795,1.6333333333333335
2025-04-12,13.866666666666667,3.0333333333333337,22.766666666666666,12.566666666666668,2.3000000000000003,56.666666666666664,3.266666666666667,11.425,8.666666666666666
2025-04-13,5.233333333333333,1.2333333333333332,9.8,4.733333333333333,2.533333333333333,70.93333333333332,4.5,14.2,5.633333333333333
2025-04-14,4.8,2.0,8.866666666666667,6.133333333333333,1.5,81.73333333333333,1.1,8.085,8.366666666666667
2025-04-15,8.666666666666666,2.466666666666667,15.200000000000001,0.1,2.0,65.56666666666668,8.866666666666667,22.740000000000002,2.5666666666666664
2025-04-16,14.866666666666667,3.9,24.53333333333333,,1.5333333333333332,54.93333333333334,10.633333333333333,23.615000000000002,4.233333333333333
2025-04-17,21.099999999999998,12.1,28.2,,1.7333333333333334,55.23333333333333,9.433333333333334,21.145,3.733333333333333
2025-04-18,20.900000000000002,15.200000000000001,26.900000000000002,,1.8333333333333333,64.56666666666666,9.700000000000001,22.475,0.9333333333333332
2025-04-19,20.366666666666667,14.733333333333334,26.933333333333334,4.433333333333334,2.1999999999999997,71.53333333333333,5.266666666666667,16.305,7.433333333333334
2025-04-20,17.333333333333332,13.700000000000001,23.5,0.5666666666666668,1.5333333333333332,78.63333333333334,4.866666666666666,17.009999999999998,5.766666666666667
2025-04-21,20.466666666666665,13.666666666666666,26.8,,1.6000000000000003,62.03333333333333,9.5,24.009999999999998,4.433333333333333
2025-04-22,17.366666666666667,16.066666666666666,19.633333333333333,25.566666666666666,0.7999999999999999,90.10000000000001,0.0,4.805,9.700000000000001
2025-04-23,17.633333333333333,13.1,24.100000000000005,0.2,1.5666666666666667,71.56666666666666,5.566666666666666,20.535,5.7
2025-04-24,15.200000000000001,9.9,22.900000000000002,,2.1,56.0,10.033333333333333,23.994999999999997,4.0
2025-04-25,12.233333333333334,5.566666666666666,18.833333333333332,,2.1333333333333333,35.93333333333333,12.233333333333334,28.195,0.7666666666666667
2025-04-26,13.866666666666667,4.3,23.2,,1.8999999999999997,38.53333333333333,12.233333333333334,27.83,0.43333333333333335
2025-04-27,16.2,7.8999999999999995,24.066666666666666,,1.5999999999999999,33.63333333333333,6.3,20.18,7.266666666666667
2025-04-28,14.799999999999999,8.266666666666667,22.0,,2.0,41.699999999999996,12.233333333333334,28.185,0.7999999999999999
2025-04-29,14.266666666666666,5.5,22.333333333333332,,1.5333333333333332,44.96666666666667,12.200000000000001,28.265,0.0
2025-04-30,18.166666666666668,7.3,27.866666666666664,,1.2666666666666668,42.96666666666667,12.299999999999999,28.630000000000003,0.06666666666666667
2025-05-01,14.433333333333332,9.666666666666666,21.3,26.5,1.3666666666666665,75.36666666666666,1.5666666666666667,5.625,6.933333333333334
2025-05-02,13.233333333333334,7.433333333333333,19.233333333333334,0.0,2.033333333333333,56.73333333333333,8.700000000000001,24.295,4.366666666666666
2025-05-03,10.133333333333333,7.933333333333334,13.9,20.3,1.4000000000000001,83.36666666666666,0.6333333333333333,6.779999999999999,7.466666666666666
2025-05-04,13.566666666666668,5.733333333333333,21.433333333333334,,1.9333333333333333,50.76666666666667,12.366666666666667,29.09,0.0
2025-05-05,11.666666666666666,5.866666666666667,16.233333333333334,0.03333333333333333,0.8999999999999999,62.133333333333326,0.6,7.9399999999999995,7.3
2025-05-06,12.533333333333333,7.5,16.833333333333332,,1.2,66.66666666666667,1.5333333333333334,13.185,4.433333333333334
2025-05-07,14.299999999999999,6.533333333333334,22.0,,1.1666666666666667,62.46666666666667,10.299999999999999,26.395,3.1666666666666665
2025-05-08,17.8,8.666666666666666,25.53333333333333,,1.1666666666666667,54.6,10.666666666666666,26.41,6.2
2025-05-09,15.266666666666666,12.799999999999999,17.666666666666668,11.1,2.1666666666666665,82.63333333333334,0.0,3.715,9.799999999999999
2025-05-10,12.666666666666666,11.933333333333332,16.266666666666666,3.6666666666666665,2.4,88.56666666666666,0.0,2.795,9.866666666666667
2025-05-11,14.766666666666666,10.933333333333332,20.833333333333332,0.9,1.6666666666666667,73.7,4.3999999999999995,18.915,6.0
2025-05-12,16.8,9.0,24.566666666666666,,1.4666666666666668,61.76666666666667,11.9,28.905,0.0
2025-05-13,18.8,10.299999999999999,27.266666666666666,,1.3333333333333333,54.199999999999996,10.1,25.035,5.266666666666667
2025-05-14,20.333333333333332,10.866666666666667,28.46666666666667,,1.1,53.5,11.799999999999999,27.130000000000003,3.5
2025-05-15,20.96666666666667,17.733333333333334,24.2,4.433333333333334,1.3666666666666665,80.63333333333333,0.6333333333333333,9.61,9.566666666666668
2025-05-16,20.2,17.0,23.866666666666664,22.03333333333333,1.1666666666666667,88.23333333333333,0.0,5.65,9.866666666666667
2025-05-17,19.266666666666666,15.566666666666668,25.5,1.8666666666666665,1.9000000000000001,80.03333333333333,5.2,21.465,7.166666666666667
2025-05-18,16.266666666666666,11.733333333333334,22.599999999999998,,1.5666666666666667,56.46666666666667,8.033333333333333,24.32,6.866666666666667
2025-05-19,18.366666666666664,9.9,23.266666666666666,0.0,1.5666666666666667,65.8,3.4333333333333336,14.61,6.366666666666667
2025-05-20,25.066666666666666,19.666666666666668,31.099999999999998,,1.7666666666666666,71.46666666666665,8.3,24.175,4.2
2025-05-21,25.166666666666668,20.466666666666665,29.766666666666666,,1.0666666666666667,72.73333333333333,4.966666666666667,19.81,6.8999999999999995
2025-05-22,20.599999999999998,17.633333333333336,23.3,0.9,1.5666666666666667,80.56666666666666,0.03333333333333333,5.550000000000001,7.3
2025-05-23,19.266666666666666,15.866666666666665,23.366666666666664,0.03333333333333333,2.733333333333333,44.13333333333333,1.7666666666666668,15.625,9.166666666666666
2025-05-24,15.166666666666666,13.133333333333333,17.8,1.3,2.4333333333333336,65.76666666666667,0.0,7.6,9.9
2025-05-25,17.266666666666666,11.233333333333334,23.833333333333332,0.2,1.3666666666666665,66.8,11.966666666666667,28.805,1.5999999999999999
2025-05-26,19.233333333333334,11.866666666666667,26.566666666666666,,1.2,56.03333333333333,12.05,29.36,2.9
2025-05-27,20.099999999999998,12.5,26.733333333333334,,1.4333333333333333,57.43333333333334,11.933333333333332,27.865000000000002,0.3666666666666667
2025-05-28,20.5,13.933333333333332,27.3,0.2,1.3,57.599999999999994,11.466666666666667,25.705,0.9
2025-05-29,20.0,13.666666666666666,27.5,0.5666666666666667,1.4333333333333333,63.06666666666666,9.799999999999999,25.265,3.1
2025-05-30,19.599999999999998,14.0,26.3,,1.3666666666666665,59.96666666666666,11.266666666666666,27.384999999999998,0.3333333333333333
2025-05-31,19.900000000000002,12.966666666666669,26.03333333333333,,1.1333333333333333,59.93333333333334,9.333333333333334,22.965,5.133333333333334
2025-06-01,21.96666666666667,14.4,29.400000000000002,,1.0666666666666667,57.29999999999999,11.333333333333334,27.7,3.6999999999999997
2025-06-02,20.2,17.599999999999998,23.833333333333332,0.03333333333333333,0.9333333333333332,67.73333333333333,0.0,9.115,9.733333333333334
2025-06-03,21.166666666666668,16.166666666666668,27.03333333333333,,2.0,53.46666666666667,10.733333333333334,27.4,3.4333333333333336
2025-06-04,20.2,13.566666666666668,27.400000000000002,,2.4,50.63333333333333,12.466666666666667,30.365000000000002,0.5
2025-06-05,20.733333333333334,12.666666666666666,27.900000000000002,,1.4333333333333333,52.23333333333333,11.833333333333334,29.185,3.1999999999999997
2025-06-06,22.7,16.900000000000002,30.366666666666664,,1.4000000000000001,48.800000000000004,6.3,22.505000000000003,6.066666666666666
2025-06-07,23.633333333333336,16.033333333333335,30.766666666666666,,1.2333333333333334,56.333333333333336,9.566666666666666,26.805,5.333333333333333
2025-06-08,25.333333333333332,20.7,31.266666666666666,,1.3,65.33333333333333,6.533333333333334,22.38,5.433333333333334
2025-06-09,25.03333333333333,20.666666666666668,31.333333333333332,,1.4333333333333333,65.03333333333333,8.833333333333334,25.575000000000003,4.666666666666667
2025-06-10,23.599999999999998,19.033333333333335,29.133333333333336,,1.8,66.23333333333333,6.366666666666667,22.28,6.366666666666667
2025-06-11,22.566666666666666,15.699999999999998,29.766666666666666,,1.7333333333333334,50.36666666666667,11.866666666666667,29.96,4.6000000000000005
2025-06-12,24.233333333333334,16.833333333333332,31.46666666666667,,1.2,48.333333333333336,8.366666666666667,24.825,7.266666666666667
2025-06-13,21.099999999999998,18.566666666666666,25.7,32.13333333333333,1.0999999999999999,74.63333333333334,0.0,8.5,9.6
2025-06-14,23.5,18.900000000000002,29.733333333333334,39.13333333333333,1.2666666666666666,82.76666666666667,4.633333333333334,16.38,7.6000000000000005
2025-06-15,26.333333333333332,21.53333333333333,32.4,21.8,1.4666666666666668,73.33333333333333,9.033333333333333,26.78,7.166666666666667
2025-06-16,24.233333333333334,21.8,27.599999999999998,18.0,1.9000000000000001,81.39999999999999,3.733333333333333,14.865,7.933333333333334
2025-06-17,24.566666666666666,20.333333333333332,29.7,3.3333333333333335,1.4333333333333333,75.60000000000001,6.466666666666666,20.384999999999998,6.566666666666666
2025-06-18,25.366666666666664,20.466666666666665,30.900000000000002,,1.5,67.0,11.266666666666666,28.045,1.4000000000000001
2025-06-19,26.599999999999998,20.0,32.233333333333334,0.03333333333333333,1.2333333333333334,67.03333333333333,6.933333333333334,20.705,6.1000000000000005
2025-06-20,24.53333333333333,22.633333333333336,27.233333333333334,39.13333333333333,2.1999999999999997,86.23333333333333,0.0,3.605,9.933333333333334
2025-06-21,21.3,18.133333333333333,23.7,73.03333333333333,1.3666666666666665,92.3,0.0,3.375,10.0
2025-06-22,22.96666666666667,17.933333333333334,28.933333333333334,0.1,1.3,71.5,11.066666666666668,29.05,3.6999999999999997
2025-06-23,24.8,17.566666666666666,31.066666666666666,,1.1666666666666667,66.23333333333333,12.5,28.8,0.43333333333333335
2025-06-24,21.900000000000002,18.566666666666666,27.166666666666668,13.733333333333334,1.5333333333333332,76.46666666666667,0.26666666666666666,9.68,8.833333333333334
2025-06-25,21.133333333333333,19.566666666666666,22.933333333333334,1.0999999999999999,1.5666666666666667,84.8,0.03333333333333333,5.09,9.666666666666666
2025-06-26,22.46666666666667,19.866666666666667,26.633333333333336,1.8333333333333333,1.0666666666666667,83.26666666666667,0.7999999999999999,11.35,8.933333333333334
2025-06-27,24.933333333333334,20.599999999999998,29.900000000000002,,0.8333333333333334,77.43333333333334,5.866666666666667,18.705,6.333333333333333
2025-06-28,26.900000000000002,23.166666666666668,31.833333333333332,1.8333333333333333,0.9,80.16666666666667,2.966666666666667,16.08,6.466666666666666
2025-06-29,28.366666666666664,24.53333333333333,33.166666666666664,,1.3666666666666665,72.89999999999999,10.166666666666666,28.33,3.1666666666666665
2025-06-30,28.666666666666668,23.666666666666668,33.6,,1.3,70.76666666666667,9.866666666666667,27.625,3.533333333333333
2025-07-01,28.599999999999998,24.766666666666666,33.5,0.0,1.4000000000000001,74.76666666666667,6.533333333333334,21.060000000000002,3.766666666666667
2025-07-02,28.933333333333334,24.833333333333332,33.800000000000004,0.0,1.3666666666666665,73.39999999999999,6.866666666666667,21.189999999999998,5.6000000000000005
2025-07-03,28.2,24.8,32.733333333333334,,1.5666666666666667,70.10000000000001,8.9,24.439999999999998,4.766666666666667
2025-07-04,27.3,23.866666666666664,30.933333333333334,,1.7666666666666668,73.06666666666666,6.133333333333333,19.685000000000002,5.766666666666667
2025-07-05,27.900000000000002,23.900000000000002,32.53333333333333,,1.6333333333333335,72.63333333333334,8.133333333333333,25.415,5.133333333333333
2025-07-06,28.5,24.866666666666664,32.9,,1.6000000000000003,73.76666666666667,6.8999999999999995,22.955,6.333333333333333
2025-07-07,29.7,25.866666666666664,34.733333333333334,,1.3333333333333333,74.63333333333333,7.833333333333333,22.545,3.0666666666666664
2025-07-08,30.599999999999998,26.0,35.36666666666667,0.0,1.8,67.4,10.4,23.53,1.9333333333333333
2025-07-09,30.5,25.96666666666667,34.86666666666667,,2.3666666666666667,49.93333333333334,13.266666666666666,29.619999999999997,0.5666666666666667
2025-07-10,29.366666666666664,23.7,34.46666666666667,,2.6666666666666665,42.46666666666667,13.0,29.6,0.7666666666666666
2025-07-11,28.53333333333333,23.46666666666667,34.03333333333333,,2.766666666666667,44.53333333333333,13.266666666666666,29.53,0.3666666666666667
2025-07-12,27.666666666666668,22.3,33.166666666666664,,2.3000000000000003,56.099999999999994,13.366666666666667,29.810000000000002,3.0666666666666664
2025-07-13,25.099999999999998,21.266666666666666,30.133333333333336,2.733333333333333,0.9,76.60000000000001,1.8333333333333333,10.605,8.733333333333334
2025-07-14,22.96666666666667,20.266666666666666,29.866666666666664,10.666666666666666,1.2333333333333334,82.36666666666667,2.5,14.74,7.866666666666667
2025-07-15,22.46666666666667,20.533333333333335,24.766666666666666,1.5999999999999999,1.3,85.89999999999999,0.03333333333333333,8.635,8.5
2025-07-16,22.566666666666666,21.066666666666666,24.366666666666664,58.199999999999996,1.3333333333333333,89.13333333333333,0.0,3.04,9.733333333333334
2025-07-17,22.233333333333334,21.233333333333334,23.433333333333334,186.4333333333333,2.233333333333333,92.5,0.0,0.555,9.833333333333334
2025-07-18,24.5,21.033333333333335,28.7,1.1666666666666667,1.1333333333333333,87.10000000000001,0.9666666666666667,9.82,9.4
2025-07-19,24.53333333333333,22.933333333333334,27.666666666666668,30.46666666666667,1.7,90.0,0.16666666666666666,6.234999999999999,8.766666666666667
2025-07-20,27.433333333333334,22.766666666666666,32.13333333333333,1.3,1.0666666666666667,78.7,7.066666666666666,20.314999999999998,6.8
2025-07-21,27.933333333333334,24.266666666666666,33.06666666666667,0.0,1.2,78.26666666666667,6.966666666666666,23.314999999999998,4.733333333333333
2025-07-22,28.366666666666664,24.566666666666666,33.53333333333334,7.5,1.2333333333333334,76.83333333333333,10.1,26.46,5.166666666666667
2025-07-23,28.400000000000002,23.833333333333332,33.199999999999996,,1.2666666666666666,74.83333333333333,10.466666666666667,25.880000000000003,3.6666666666666665
2025-07-24,29.3,24.46666666666667,34.733333333333334,,0.9666666666666667,71.46666666666665,10.333333333333334,26.115000000000002,3.033333333333333
2025-07-25,29.8,24.099999999999998,35.1,,1.3666666666666665,69.43333333333334,11.8,27.060000000000002,0.3333333333333333
2025-07-26,30.100000000000005,24.599999999999998,34.833333333333336,,1.6333333333333335,66.73333333333333,12.5,28.17,1.4333333333333333
2025-07-27,31.066666666666666,26.266666666666666,35.46666666666667,,1.8999999999999997,61.6,12.8,28.78,0.43333333333333335
2025-07-28,30.46666666666667,26.133333333333336,35.86666666666667,,1.2,68.03333333333333,11.5,22.4,1.2333333333333334
2025-07-29,30.433333333333334,25.366666666666664,35.833333333333336,,1.3,65.36666666666667,12.033333333333333,25.75,1.0999999999999999
2025-07-30,30.066666666666666,25.166666666666668,35.03333333333333,,1.5666666666666667,62.333333333333336,10.433333333333334,27.22,5.3999999999999995
2025-07-31,29.566666666666666,26.03333333333333,34.36666666666667,0.0,1.3,62.199999999999996,6.8,21.5,7.366666666666667
2025-08-01,29.866666666666664,24.733333333333334,35.5,,1.0666666666666667,66.5,11.5,25.605,4.0
2025-08-02,30.5,25.8,35.53333333333333,,1.0333333333333332,66.53333333333335,10.200000000000001,24.23,6.466666666666666
2025-08-03,27.0,21.866666666666664,31.099999999999998,36.233333333333334,1.1666666666666667,81.26666666666667,0.0,7.13,9.866666666666667
2025-08-04,27.8,22.866666666666664,32.6,21.833333333333332,1.5333333333333332,82.7,4.566666666666666,19.509999999999998,7.599999999999999
2025-08-05,28.933333333333334,24.866666666666664,33.46666666666667,0.0,1.5666666666666667,71.63333333333334,10.266666666666666,25.78,5.1000000000000005
2025-08-06,27.599999999999998,25.96666666666667,30.566666666666666,4.033333333333333,1.6333333333333335,84.23333333333333,0.39999999999999997,8.594999999999999,9.033333333333333
2025-08-07,27.03333333333333,23.433333333333334,31.8,,1.5666666666666667,76.10000000000001,5.466666666666666,19.465,5.666666666666667
2025-08-08,25.766666666666666,21.900000000000002,30.5,,1.0333333333333334,75.73333333333333,5.766666666666667,18.915,8.233333333333334
2025-08-09,24.03333333333333,22.400000000000002,26.233333333333334,0.6333333333333334,0.9,87.33333333333333,0.0,4.95,9.3
2025-08-10,25.7,20.5,31.333333333333332,,1.2333333333333334,73.3,11.166666666666666,26.765,3.1999999999999997
2025-08-11,24.03333333333333,21.433333333333334,27.833333333333332,2.033333333333333,0.8666666666666667,84.5,0.09999999999999999,6.995,8.6
2025-08-12,24.0,19.866666666666664,28.8,0.1,1.6666666666666667,81.39999999999999,2.1,15.015,8.466666666666667
2025-08-13,26.7,23.266666666666666,31.7,7.933333333333334,1.2,84.56666666666666,1.6333333333333335,12.73,8.933333333333334
2025-08-14,27.900000000000002,24.46666666666667,31.366666666666664,0.05,1.5333333333333332,76.96666666666667,5.666666666666667,17.18,6.533333333333334
2025-08-15,27.733333333333334,24.766666666666666,32.833333333333336,21.3,1.0,81.06666666666666,6.066666666666666,19.33,4.7
2025-08-16,27.833333333333332,24.2,33.233333333333334,,1.0666666666666667,76.5,8.1,21.75,3.1666666666666665
2025-08-17,27.599999999999998,22.933333333333334,32.86666666666667,,1.0,75.60000000000001,7.400000000000001,20.205,5.833333333333333
2025-08-18,28.5,24.900000000000002,33.43333333333333,,1.3666666666666665,72.73333333333333,6.866666666666667,21.354999999999997,6.366666666666667
2025-08-19,28.566666666666666,25.333333333333332,33.233333333333334,0.0,1.5666666666666667,73.76666666666667,7.666666666666667,22.555,4.533333333333333
2025-08-20,28.866666666666664,24.566666666666666,33.86666666666667,,1.3,72.56666666666666,9.799999999999999,23.085,3.533333333333333
2025-08-21,29.333333333333332,25.5,34.46666666666667,0.0,1.0999999999999999,70.60000000000001,9.666666666666666,22.835,4.333333333333333
2025-08-22,29.03333333333333,24.933333333333334,34.36666666666667,,1.0999999999999999,72.60000000000001,8.1,20.04,3.8333333333333335
2025-08-23,28.733333333333334,24.0,33.800000000000004,,1.0,74.46666666666667,8.266666666666666,20.17,2.533333333333333
2025-08-24,29.8,25.96666666666667,35.13333333333333,,1.2,69.63333333333333,9.266666666666667,23.645,3.0
2025-08-25,29.599999999999998,25.566666666666666,34.699999999999996,0.0,1.7333333333333332,71.03333333333333,8.166666666666666,21.91,3.7999999999999994
2025-08-26,25.866666666666664,23.900000000000002,28.8,25.933333333333334,1.6666666666666667,86.76666666666667,1.7333333333333334,7.635,7.366666666666667
2025-08-27,26.53333333333333,22.766666666666666,32.06666666666667,,0.9333333333333332,75.63333333333334,7.533333333333332,20.7,5.266666666666667
2025-08-28,27.633333333333336,23.233333333333334,32.666666666666664,,1.3,73.93333333333334,6.8999999999999995,20.689999999999998,6.266666666666666
2025-08-29,28.633333333333336,25.066666666666666,33.166666666666664,,1.6000000000000003,75.16666666666667,7.433333333333333,20.240000000000002,4.6000000000000005
2025-08-30,28.8,25.133333333333336,34.166666666666664,,1.2333333333333334,73.93333333333334,8.233333333333334,20.18,3.533333333333333
2025-08-31,27.399999999999995,24.3,33.03333333333333,0.4,1.2,77.93333333333334,6.466666666666666,18.355,5.366666666666667
2025-09-01,26.666666666666668,24.0,32.766666666666666,8.1,1.8,81.8,4.7,15.86,7.766666666666667
2025-09-02,25.266666666666666,21.333333333333332,29.8,0.35,1.0,78.10000000000001,4.8999999999999995,15.145,6.166666666666667
2025-09-03,25.96666666666667,19.7,32.333333333333336,4.4,1.3333333333333333,75.86666666666667,9.966666666666667,21.57,5.466666666666666
2025-09-04,26.2,23.233333333333334,30.733333333333334,0.19999999999999998,1.3666666666666665,77.96666666666665,3.8333333333333335,11.325,6.2
2025-09-05,27.733333333333334,22.433333333333334,33.333333333333336,,1.2,72.36666666666667,9.366666666666667,20.145,2.4333333333333336
2025-09-06,27.733333333333334,23.2,32.733333333333334,8.533333333333333,1.9333333333333333,75.93333333333334,5.3999999999999995,17.465,6.1000000000000005
2025-09-07,24.666666666666668,21.166666666666668,29.099999999999998,19.96666666666667,1.2666666666666668,85.83333333333333,0.43333333333333335,9.469999999999999,8.1
2025-09-08,22.099999999999998,18.933333333333334,25.03333333333333,0.0,0.9,85.5,0.10000000000000002,8.03,8.933333333333334
2025-09-09,20.733333333333334,19.933333333333334,21.866666666666664,5.7,0.9666666666666668,84.89999999999999,0.06666666666666667,5.335,9.633333333333333
2025-09-10,23.599999999999998,19.7,29.233333333333334,,1.1333333333333333,77.3,5.1000000000000005,17.810000000000002,4.633333333333333
2025-09-11,24.46666666666667,18.599999999999998,30.233333333333334,,1.9666666666666668,66.23333333333333,9.833333333333334,22.494999999999997,2.8333333333333335
2025-09-12,22.733333333333334,20.900000000000002,26.133333333333336,25.599999999999998,1.7333333333333334,80.76666666666667,0.10000000000000002,5.79,9.833333333333334
2025-09-13,24.900000000000002,21.633333333333336,29.066666666666666,19.866666666666667,1.5333333333333332,83.60000000000001,3.4333333333333336,14.094999999999999,8.6
2025-09-14,24.866666666666664,22.333333333333332,29.0,0.0,0.9333333333333332,79.39999999999999,1.7666666666666666,13.475000000000001,8.333333333333334
2025-09-15,24.96666666666667,21.433333333333334,29.133333333333336,,0.7000000000000001,80.93333333333334,2.533333333333333,14.29,7.133333333333333
2025-09-16,25.53333333333333,22.866666666666664,31.266666666666666,25.53333333333333,1.0333333333333334,84.73333333333333,2.9333333333333336,12.985,8.3
2025-09-17,23.366666666666664,21.599999999999998,26.7,33.733333333333334,1.3,91.76666666666667,0.43333333333333335,4.4399999999999995,9.200000000000001
2025-09-18,21.866666666666664,19.8,25.600000000000005,0.03333333333333333,1.6666666666666667,76.8,3.733333333333333,10.615,7.033333333333334
2025-09-19,20.033333333333335,17.900000000000002,22.3,6.766666666666667,2.0,76.56666666666666,0.03333333333333333,5.365,9.799999999999999
2025-09-20,19.900000000000002,17.166666666666668,22.933333333333334,47.300000000000004,1.4666666666666668,88.63333333333333,0.7999999999999999,7.5,7.566666666666666
2025-09-21,21.166666666666668,17.433333333333334,26.366666666666664,,1.4666666666666668,74.2,5.3999999999999995,16.65,6.166666666666667
2025-09-22,20.833333333333332,17.366666666666667,24.133333333333336,,2.1,67.13333333333333,1.6333333333333335,12.85,8.799999999999999
2025-09-23,21.866666666666664,17.766666666666666,26.7,0.0,2.1333333333333333,62.56666666666666,7.166666666666667,19.195,6.266666666666667
2025-09-24,22.566666666666666,18.0,27.266666666666666,9.266666666666666,1.3333333333333333,81.63333333333333,2.033333333333333,8.875,8.566666666666668
2025-09-25,22.0,20.5,23.766666666666666,12.700000000000001,0.6666666666666666,93.83333333333333,0.0,4.109999999999999,9.833333333333334
2025-09-26,21.366666666666664,18.0,26.333333333333332,,0.8333333333333334,80.96666666666667,7.033333333333334,17.805,6.8
2025-09-27,22.400000000000002,17.133333333333333,27.599999999999998,0.0,1.1666666666666667,78.03333333333333,6.2,16.945,6.2
2025-09-28,20.133333333333333,19.033333333333335,22.433333333333334,30.7,1.0,92.39999999999999,0.0,2.67,9.566666666666666
2025-09-29,20.03333333333333,16.666666666666668,24.633333333333336,0.0,0.9333333333333335,77.53333333333333,5.3999999999999995,14.82,5.566666666666666
2025-09-30,18.8,15.299999999999999,24.166666666666668,,0.7999999999999999,80.66666666666667,4.366666666666666,13.33,4.933333333333334
2025-10-01,19.466666666666665,14.5,26.133333333333336,,0.8333333333333334,78.66666666666667,8.700000000000001,18.47,4.1000000000000005
2025-10-02,20.333333333333332,16.7,25.400000000000002,0.0,0.7000000000000001,79.43333333333334,2.3666666666666667,11.11,9.033333333333333
2025-10-03,18.933333333333334,18.099999999999998,20.233333333333334,10.9,1.8,87.93333333333334,0.0,5.505000000000001,9.700000000000001
2025-10-04,20.933333333333334,18.2,24.099999999999998,1.9666666666666668,0.7000000000000001,90.46666666666665,0.4000000000000001,6.755000000000001,9.133333333333333
2025-10-05,21.433333333333334,20.233333333333334,23.933333333333334,2.4,0.5333333333333333,92.7,0.03333333333333333,5.130000000000001,8.9
2025-10-06,19.7,17.6,21.566666666666666,23.233333333333334,1.6666666666666667,91.66666666666667,0.0,2.52,9.866666666666667
2025-10-07,19.733333333333334,17.566666666666666,21.96666666666667,20.3,1.3,94.23333333333333,0.0,3.92,9.799999999999999
2025-10-08,21.233333333333334,19.0,25.633333333333336,0.65,1.0333333333333334,88.0,2.466666666666667,9.885,6.7
2025-10-09,20.96666666666667,18.533333333333335,24.433333333333334,,2.2333333333333334,72.86666666666666,3.5666666666666664,13.559999999999999,7.433333333333334
2025-10-10,20.633333333333333,18.566666666666666,24.599999999999998,0.25,1.7333333333333332,74.76666666666667,1.4333333333333333,9.09,9.133333333333333
2025-10-11,22.76666666666667,18.5,27.633333333333336,0.1,1.3333333333333333,72.83333333333333,7.766666666666666,15.935,5.633333333333333
2025-10-12,20.53333333333333,18.099999999999998,23.066666666666666,1.9000000000000001,1.2666666666666666,87.66666666666667,0.06666666666666667,4.205,9.666666666666666
2025-10-13,17.866666666666667,16.0,19.233333333333334,46.800000000000004,1.4666666666666668,92.76666666666667,0.0,1.15,9.833333333333334
2025-10-14,18.033333333333335,15.700000000000001,20.96666666666667,5.5,1.5,87.06666666666666,0.03333333333333333,6.355,7.566666666666666
2025-10-15,19.8,16.166666666666668,24.733333333333334,15.6,2.233333333333333,79.2,6.0,13.82,6.8999999999999995
2025-10-16,19.466666666666665,17.266666666666666,22.866666666666664,31.933333333333334,1.2666666666666666,86.43333333333334,0.9333333333333332,7.41,6.733333333333333
2025-10-17,19.53333333333333,15.233333333333334,24.333333333333332,19.400000000000002,1.8333333333333333,79.96666666666665,6.233333333333333,14.145,6.2
2025-10-18,16.7,14.566666666666668,18.5,18.133333333333336,1.0999999999999999,90.73333333333333,0.0,4.255,9.666666666666666
2025-10-19,16.099999999999998,10.966666666666667,21.566666666666666,,1.3666666666666665,78.36666666666666,4.1000000000000005,11.565,6.2
2025-10-20,11.733333333333334,6.233333333333333,17.166666666666668,,1.4000000000000001,72.36666666666667,7.633333333333333,14.82,4.866666666666666
2025-10-21,11.933333333333332,9.1,16.033333333333335,,1.1666666666666667,74.96666666666665,0.4666666666666666,8.760000000000002,8.0
2025-10-22,13.166666666666666,7.7,19.099999999999998,,1.3666666666666665,79.3,4.233333333333333,12.285,3.6
2025-10-23,15.1,9.9,21.5,,1.2,77.03333333333333,9.066666666666666,15.91,3.3333333333333335
2025-10-24,14.833333333333334,10.0,20.5,,1.5999999999999999,76.8,6.766666666666667,15.295,4.333333333333333
2025-10-25,14.200000000000001,11.133333333333333,19.533333333333335,,0.8999999999999999,77.5,3.3000000000000003,9.025,7.233333333333333
2025-10-26,12.833333333333334,10.5,17.666666666666668,1.0333333333333334,1.0,77.2,1.2333333333333334,6.94,8.833333333333334
2025-10-27,9.066666666666666,5.6000000000000005,12.766666666666666,0.2,2.266666666666667,53.36666666666667,9.799999999999999,16.895000000000003,1.7
2025-10-28,7.933333333333334,2.6333333333333333,14.4,,1.0666666666666667,62.86666666666667,9.700000000000001,16.23,0.0
2025-10-29,9.033333333333333,2.6333333333333333,16.966666666666665,,1.0,68.63333333333333,9.566666666666666,15.18,0.0
2025-10-30,9.799999999999999,3.6666666666666665,16.7,,0.6333333333333333,75.16666666666667,5.8999999999999995,10.719999999999999,4.633333333333334
2025-10-31,12.033333333333333,5.966666666666666,20.033333333333335,0.0,0.9333333333333332,75.16666666666667,8.166666666666666,13.89,3.766666666666667
2025-11-01,13.133333333333333,9.233333333333333,17.633333333333333,2.2,1.8333333333333333,71.0,7.7,13.565000000000001,5.233333333333333
2025-11-02,9.1,4.433333333333334,13.433333333333332,1.2666666666666668,2.1999999999999997,65.8,6.133333333333333,11.59,3.6666666666666665
2025-11-03,6.666666666666667,0.03333333333333336,14.233333333333334,,1.0333333333333334,65.39999999999999,9.566666666666666,15.149999999999999,0.3333333333333333
2025-11-04,9.9,4.066666666666666,17.766666666666666,,0.7000000000000001,73.06666666666666,8.299999999999999,13.3,1.3333333333333333
2025-11-05,10.0,4.1000000000000005,18.566666666666666,,0.7333333333333334,75.03333333333333,8.333333333333334,12.525,1.7666666666666666
2025-11-06,10.866666666666667,4.366666666666666,19.933333333333334,,0.7333333333333334,77.03333333333335,7.233333333333334,12.235,2.8333333333333335
2025-11-07,12.866666666666667,6.833333333333333,20.3,,0.9333333333333332,72.7,7.033333333333334,12.739999999999998,2.466666666666667
2025-11-08,13.4,8.200000000000001,18.166666666666668,0.3,1.0333333333333334,75.66666666666667,0.3333333333333333,5.365,8.200000000000001
2025-11-09,13.4,9.799999999999999,18.866666666666664,0.0,1.5666666666666667,65.26666666666667,7.3,12.475000000000001,3.0
2025-11-10,8.933333333333334,3.533333333333333,14.299999999999999,,1.9333333333333333,40.13333333333333,9.4,14.825,1.0999999999999999
2025-11-11,7.966666666666666,2.066666666666667,15.633333333333333,,1.0333333333333334,58.099999999999994,8.033333333333333,13.015,4.133333333333333
2025-11-12,8.366666666666667,2.1333333333333333,15.6,,0.6,69.13333333333333,6.766666666666666,11.46,3.5666666666666664
2025-11-13,8.9,2.3,17.766666666666666,,0.8333333333333334,71.10000000000001,8.200000000000001,11.455,0.4666666666666666
2025-11-14,7.966666666666666,1.7333333333333332,15.533333333333331,,0.9666666666666667,67.10000000000001,9.166666666666666,13.67,0.0
2025-11-15,8.0,1.8,16.599999999999998,,0.6,65.96666666666665,8.9,12.67,2.6666666666666665
2025-11-16,10.333333333333334,3.3000000000000003,19.633333333333333,0.5666666666666667,0.9,63.03333333333333,7.966666666666666,12.030000000000001,4.7
2025-11-17,5.333333333333333,1.6333333333333335,10.966666666666667,0.0,2.5,50.36666666666667,8.5,11.675,5.133333333333333
2025-11-18,2.6666666666666665,-1.9333333333333333,7.099999999999999,,1.8333333333333333,51.699999999999996,8.366666666666667,12.620000000000001,3.6333333333333333
2025-11-19,3.6999999999999997,-0.5666666666666665,9.0,0.0,1.0666666666666667,57.333333333333336,8.766666666666667,12.46,1.2333333333333334
2025-11-20,7.833333333333333,-0.06666666666666672,14.766666666666666,,1.5,62.76666666666667,5.366666666666667,10.785,4.766666666666667
2025-11-21,6.533333333333334,0.9333333333333332,12.633333333333333,,1.3,54.4,8.9,12.795,0.9333333333333332
2025-11-22,7.5,1.6666666666666667,15.133333333333333,,0.8666666666666667,66.8,7.466666666666666,11.475,2.5
2025-11-23,8.166666666666666,2.4333333333333336,14.933333333333332,,0.7333333333333334,72.76666666666667,4.866666666666666,8.530000000000001,5.7
2025-11-24,10.866666666666667,5.866666666666667,17.766666666666666,,1.0333333333333332,72.56666666666666,6.566666666666666,9.66,2.533333333333333
2025-11-25,7.2,5.2,10.299999999999999,8.4,1.7333333333333332,80.5,0.9,4.0600000000000005,8.799999999999999
2025-11-26,6.833333333333333,2.466666666666667,11.666666666666666,,0.9666666666666667,66.66666666666667,7.400000000000001,11.145,3.1666666666666665
2025-11-27,4.933333333333334,0.8666666666666667,8.733333333333334,7.566666666666666,1.7666666666666668,78.39999999999999,1.0,2.93,7.266666666666667
2025-11-28,3.1,-0.9,8.166666666666666,,1.4000000000000001,52.699999999999996,8.700000000000001,12.145,0.5
2025-11-29,5.166666666666667,-2.8333333333333335,14.166666666666666,,0.7999999999999999,65.93333333333334,8.4,11.245000000000001,0.8666666666666667
2025-11-30,11.566666666666668,5.433333333333334,17.966666666666665,,1.0999999999999999,71.66666666666667,7.166666666666667,10.025,2.3000000000000003
2025-12-01,7.166666666666667,1.9333333333333333,12.333333333333334,,1.7,52.1,8.466666666666667,11.96,1.3
2025-12-02,1.9666666666666668,-2.1999999999999997,6.766666666666667,0.0,1.866666666666667,45.86666666666667,8.0,10.385,4.233333333333333
2025-12-03,-3.766666666666667,-6.433333333333334,-0.19999999999999998,0.09999999999999999,2.4,50.6,8.166666666666666,11.165,4.1000000000000005
2025-12-04,-2.3666666666666667,-8.5,2.6999999999999997,1.2666666666666666,1.4333333333333333,60.93333333333334,8.466666666666667,11.600000000000001,1.8
2025-12-05,-1.9333333333333333,-6.433333333333334,3.5,,1.3,55.333333333333336,8.433333333333332,11.57,0.03333333333333333
2025-12-06,2.766666666666667,-6.066666666666666,9.433333333333334,,0.8333333333333334,66.89999999999999,4.666666666666667,8.15,4.666666666666667
2025-12-07,9.066666666666666,2.8666666666666667,13.700000000000001,,1.4000000000000001,75.0,5.233333333333333,7.75,4.033333333333334
2025-12-08,4.6000000000000005,-1.4000000000000001,9.366666666666667,,1.8666666666666665,36.86666666666667,8.266666666666667,11.73,1.3666666666666665
2025-12-09,1.4666666666666668,-4.233333333333333,8.466666666666667,,0.8666666666666666,61.9,7.8999999999999995,10.845,0.8666666666666666
2025-12-10,4.2,-1.6666666666666667,11.299999999999999,,0.6,69.96666666666665,5.133333333333334,8.504999999999999,6.466666666666666
2025-12-11,4.566666666666666,-1.3666666666666665,11.0,6.8,1.5,72.83333333333333,2.6666666666666665,5.82,5.1000000000000005
2025-12-12,2.6333333333333333,-3.8333333333333335,8.833333333333334,,1.5333333333333332,62.36666666666667,8.1,10.74,2.2666666666666666
2025-12-13,3.533333333333333,0.9333333333333332,6.966666666666666,9.6,1.3333333333333333,80.73333333333333,0.0,2.29,9.1
2025-12-14,0.9,-0.9333333333333332,3.433333333333333,0.0,1.2666666666666666,78.2,0.3,4.225,6.7
2025-12-15,1.3666666666666665,-2.9333333333333336,5.966666666666666,,0.6,78.16666666666667,2.966666666666667,6.675000000000001,4.7
2025-12-16,4.933333333333334,0.4666666666666668,8.200000000000001,,0.43333333333333335,81.10000000000001,0.0,2.59,8.4
2025-12-17,4.766666666666667,-0.3333333333333334,8.933333333333334,,1.4333333333333333,68.60000000000001,6.566666666666666,9.01,3.3333333333333335
2025-12-18,1.7,-3.233333333333333,8.799999999999999,,0.7000000000000001,67.36666666666666,8.166666666666666,10.969999999999999,0.16666666666666666
2025-12-19,3.466666666666667,-2.4,11.433333333333332,,0.6666666666666666,71.73333333333333,2.4,5.705,3.8333333333333335
2025-12-20,6.666666666666667,2.3,11.766666666666666,1.5666666666666664,1.0666666666666667,80.10000000000001,0.0,2.115,8.200000000000001
2025-12-21,-0.19999999999999998,-3.766666666666667,4.466666666666667,,2.1999999999999997,45.06666666666666,6.8999999999999995,9.99,2.3000000000000003
2025-12-22,-1.0999999999999999,-7.066666666666666,6.566666666666666,,0.9,58.73333333333333,7.8,10.855,0.8666666666666667
2025-12-23,1.1666666666666667,-3.6666666666666665,5.066666666666666,9.1,0.7000000000000001,78.43333333333334,0.0,2.145,7.6000000000000005
2025-12-24,2.566666666666667,-0.26666666666666666,4.0,2.5,1.3333333333333333,86.56666666666666,0.0,1.65,9.066666666666666
2025-12-25,-1.7,-6.2,2.5,0.0,2.8666666666666667,60.0,6.333333333333333,9.030000000000001,4.733333333333333
2025-12-26,-6.666666666666667,-9.9,-2.3,0.0,2.2333333333333334,41.4,8.649999999999999,11.575,0.43333333333333335
2025-12-27,-2.766666666666667,-8.666666666666666,0.9,0.06666666666666667,0.6333333333333334,71.06666666666666,2.466666666666667,4.795,7.433333333333334
2025-12-28,3.1666666666666665,-0.6333333333333334,8.133333333333333,0.05,0.5666666666666667,79.0,1.8,6.235,7.1000000000000005
2025-12-29,4.5,0.7333333333333334,10.466666666666667,0.7666666666666666,1.0666666666666667,81.76666666666667,1.6000000000000003,4.970000000000001,5.0
2025-12-30,0.10000000000000002,-3.3666666666666667,5.133333333333334,,1.3666666666666665,50.633333333333326,8.299999999999999,11.36,0.3
2025-12-31,-3.766666666666667,-7.566666666666666,-0.5666666666666667,,2.1333333333333333,45.03333333333333,8.266666666666667,11.725,1.0666666666666667
