瘤痢,瘤痢疙,老矫,乞闭扁柯(∑C),弥历扁柯(∑C),弥绊扁柯(∑C),老碍荐樊(mm),乞闭 浅加(m/s),乞闭 惑措嚼档(%),钦拌 老炼矫埃(hr),钦拌 老荤樊(MJ/m2),乞闭 傈款樊(1/10)
131,没林,2016-01-01,1.5,-4.2,6.2,,.8,68.1,5.4,7.49,5.6
131,没林,2016-01-02,6,1.4,11.5,,.9,65.5,5.6,5.57,6.1
131,没林,2016-01-03,6.5,2,11.3,,.7,77.8,4.3,6.1,5.5
131,没林,2016-01-04,4.4,.3,7,,1.7,51,7.5,7.85,4.9
131,没林,2016-01-05,-.6,-2.3,2.7,,1.5,32,5.3,7.38,4
131,没林,2016-01-06,-.1,-4.9,3.4,,1.2,49.3,3.6,6.26,6.8
131,没林,2016-01-07,-.6,-2.8,2.7,,1.6,46.8,7.9,8.97,3.3
131,没林,2016-01-08,-.9,-3.8,2.3,,1.4,44.9,8.8,9.72,3.5
131,没林,2016-01-09,.7,-1.9,4.9,,1.1,50.6,7.7,8.52,7
131,没林,2016-01-10,1.2,-1,4.6,,1.1,46.8,3.5,4.96,4.9
131,没林,2016-01-11,-1.6,-3.8,2.2,,1.4,38,8.6,9.76,1.1
131,没林,2016-01-12,-3.2,-7.3,1.6,,1.3,46.6,8.9,10.2,2.1
131,没林,2016-01-13,-2.3,-4.9,.9,.9,1.4,72,3.4,7.01,7.6
131,没林,2016-01-14,-1.8,-5.8,2.1,,1.2,44,8.6,10.21,2.9
131,没林,2016-01-15,.1,-3.5,4.9,,.9,58.9,6.8,8.2,4.3
131,没林,2016-01-16,.3,-4.1,5.8,,1.1,59.4,4.9,7,4.3
131,没林,2016-01-17,2,-1.2,6.2,1,1.3,69.8,0,4.03,9.5
131,没林,2016-01-18,-4.4,-9.8,1.6,2,2.4,76.4,3.6,4.71,8.8
131,没林,2016-01-19,-9.8,-12,-6.8,.8,2.5,65.6,5.3,8.53,6.5
131,没林,2016-01-20,-9.4,-13.1,-5.8,,1,55.1,6.8,8.27,4.6
131,没林,2016-01-21,-6.5,-10.1,-2.5,,1,56.9,5.3,8.2,4.8
131,没林,2016-01-22,-6,-10.5,-1.5,,1.1,45.8,7.2,10.86,4.8
131,没林,2016-01-23,-9.2,-13.5,-5.2,.7,2.8,49,8.1,10.75,6.4
131,没林,2016-01-24,-13.2,-16.3,-10.7,.1,1.5,56.4,8.2,10.25,5.6
131,没林,2016-01-25,-8.3,-13.4,-3.3,0,.5,60.3,9.2,12.67,2
131,没林,2016-01-26,-2.4,-7.3,2.7,.2,.5,67.9,5.1,7.75,6
131,没林,2016-01-27,-.6,-5.4,4.4,,.5,63.9,8.1,9.63,2.5
131,没林,2016-01-28,-.5,-5.2,2.5,0,1.2,59.3,.1,3.36,8.4
131,没林,2016-01-29,2.8,.4,5.3,0,2,62.4,0,2.39,9.8
131,没林,2016-01-30,2.1,-.8,7.7,,1.3,59.1,4.8,8.27,5.3
131,没林,2016-01-31,-2,-3.7,1.7,,1.8,47,8.7,10.5,3.4
131,没林,2016-02-01,-4.6,-7,-.7,,1.8,40.6,9.6,12.83,1.1
131,没林,2016-02-02,-4.2,-8.8,1,,1.3,42,9.6,12.93,0
131,没林,2016-02-03,-2,-9.1,4,,1,48.1,9.2,11.88,.4
131,没林,2016-02-04,-.1,-4.2,4.7,,1.5,46,7.7,10.33,3.5
131,没林,2016-02-05,-.8,-4.4,3.7,,1.5,36.5,9.8,11.74,1.1
131,没林,2016-02-06,-2.1,-4.3,1.7,,1.5,39.5,9.8,13.09,1
131,没林,2016-02-07,-2.6,-9.4,3.3,,.8,43.8,9.8,13.7,0
131,没林,2016-02-08,1.5,-6.1,6.9,,1.6,49.5,6.9,9.6,5.4
131,没林,2016-02-09,2.1,-1.1,6.3,,2.1,41,9.7,13.24,1.1
131,没林,2016-02-10,2.5,-4.6,10.9,,.7,44,9.9,13.91,0
131,没林,2016-02-11,7,-.5,13.9,0,1.1,32.8,3.9,8.31,6.6
131,没林,2016-02-12,9.6,6.7,11.2,12.8,1.3,86,0,1.74,10
131,没林,2016-02-13,12.6,9.6,18.8,11.8,1.4,89.8,1,5.19,9.8
131,没林,2016-02-14,-.8,-4.8,10.3,.3,3,73,2.6,4.75,8.8
131,没林,2016-02-15,-4.4,-7.7,-1.4,.1,2.4,53.4,9.4,14.6,3.8
131,没林,2016-02-16,-1.4,-4.2,2.9,1,1.9,73,4.2,7.81,6.3
131,没林,2016-02-17,1,-3.8,6.4,,1.5,47.1,10,14.1,1.4
131,没林,2016-02-18,3.7,-2.4,9.2,0,1.6,53.8,8.6,10.76,5.1
131,没林,2016-02-19,3,.7,5.5,,1.2,58.8,.3,4,7.3
131,没林,2016-02-20,2.3,-.5,7.5,,1.8,44.3,8.7,12.34,4.3
131,没林,2016-02-21,.6,-3.2,5.2,,1.8,30,9.7,15.57,3.3
131,没林,2016-02-22,2.5,-1.9,6.9,,1,32.1,2.8,9.2,9.1
131,没林,2016-02-23,2,-2.1,6.3,0,2.2,43.4,7.1,11.86,5.8
131,没林,2016-02-24,-2,-5.4,2.5,,1.9,40.1,10.2,15.26,.9
131,没林,2016-02-25,.3,-5,5.4,,1.7,44.4,9.4,12.61,3.5
131,没林,2016-02-26,2.3,-1.9,5.3,2.4,1.3,83.9,3,9.12,8.4
131,没林,2016-02-27,3.9,-.7,9,2.1,1.4,64.5,7.5,11.26,6.8
131,没林,2016-02-28,.4,-3.4,4.3,14.7,1,77,0,1.28,8.3
131,没林,2016-02-29,-2.8,-5.9,-.4,.3,1.5,58.4,6.9,12.51,5.1
131,没林,2016-03-01,-2.3,-7.3,2.8,,1.4,51.5,10.7,17.06,.3
131,没林,2016-03-02,3,-3.4,9.7,,1.4,54.6,10.6,16,.8
131,没林,2016-03-03,6.9,.1,13.9,,.8,58.1,6.4,12.97,3.9
131,没林,2016-03-04,9.7,5.1,13.7,2.8,.9,68.6,0,4.19,9.1
131,没林,2016-03-05,13.2,9.8,16.9,6.4,2.2,84.9,3.1,7.29,8.4
131,没林,2016-03-06,9.6,6.6,13.6,.2,1.5,58.9,7.9,14.66,4.3
131,没林,2016-03-07,9.2,3.9,15.5,,1.1,48.1,3.5,7.34,6.1
131,没林,2016-03-08,4.6,1.4,7.6,,1.8,37.6,.1,5.6,8.4
131,没林,2016-03-09,1.7,-1,7.1,,2.3,37.3,8.7,16.57,5.3
131,没林,2016-03-10,.1,-2.4,3.9,,2.2,34.8,10,18.56,2.3
131,没林,2016-03-11,.3,-3.2,4.9,0,1.6,36,11.1,18.92,.6
131,没林,2016-03-12,2.7,-3.4,8.9,,1.2,35.3,10.1,16.76,3
131,没林,2016-03-13,3.7,.6,7.5,,1,47.8,2,7.94,6.8
131,没林,2016-03-14,4.5,1,10.1,,1.4,56.9,6.8,12,4.6
131,没林,2016-03-15,6,-.9,13,,1.3,37.5,9.5,17.74,4
131,没林,2016-03-16,9,3.7,16.5,,1.2,33.3,9,16.78,3.3
131,没林,2016-03-17,10.1,1.1,17.7,,1,34.6,8.4,15.2,6.1
131,没林,2016-03-18,11.3,9,14.9,3.8,1,70.8,1.2,6.34,6.5
131,没林,2016-03-19,10.4,5.7,17.6,,1.1,61.5,7.9,15.23,1.6
131,没林,2016-03-20,10,3.8,16.8,,1,55.3,9.3,15.89,2.1
131,没林,2016-03-21,9.7,3.8,17.2,,1.2,49.6,10.7,18.7,0
131,没林,2016-03-22,9.3,3.4,17,,1.5,38,10.6,19.15,3.5
131,没林,2016-03-23,7.5,5,13.1,,1.8,44.6,9.5,16.37,6.5
131,没林,2016-03-24,6.8,2,12.8,,1.9,40.6,10.6,19,2.3
131,没林,2016-03-25,6.6,1.7,12.4,,1.3,37.9,7.5,15.49,4.1
131,没林,2016-03-26,6.2,1.1,12.6,,1.3,38.3,11.1,20.12,1.5
131,没林,2016-03-27,7.1,.9,14.3,,1.5,35.4,11.4,19.5,0
131,没林,2016-03-28,9.6,.2,17.6,,1.2,30.1,11.5,20.49,.6
131,没林,2016-03-29,12.6,6.5,18.6,,2.2,44.4,6.9,13.84,6.6
131,没林,2016-03-30,13.1,7.5,20.4,,1.6,43,10.1,19.73,1.9
131,没林,2016-03-31,13.3,5.1,20.6,,1,27.5,8,15.42,4.8
131,没林,2016-04-01,15.3,5.9,24.9,,1,25.8,11.1,20.57,1
131,没林,2016-04-02,15.9,7.5,24,,1.4,32,10.7,19.32,3.9
131,没林,2016-04-03,12.1,9.5,14.9,0,1.8,58.8,.1,5.02,8.4
131,没林,2016-04-04,13.1,9.4,18.1,,2.3,50.8,8,18.87,7.6
131,没林,2016-04-05,12.6,5.8,19.9,,1.7,31.1,11.8,22.5,1.8
131,没林,2016-04-06,13.8,6.3,22.9,4,1.7,38,5.4,13.47,7.9
131,没林,2016-04-07,12.7,7.8,18.8,19.3,1.9,71.5,5.1,11.29,6.8
131,没林,2016-04-08,13.8,8.4,22.2,,1.6,62.5,7.6,17.75,3.3
131,没林,2016-04-09,15.7,9.4,23,,1.7,61.4,6.8,16.37,4.8
131,没林,2016-04-10,16,11,24.2,,1.7,51.6,6.8,17.48,6
131,没林,2016-04-11,12.8,8.1,18.7,,2.5,46.9,11.1,22.27,3.1
131,没林,2016-04-12,14.3,8.1,21,,2,39.1,9.2,17.07,7.6
131,没林,2016-04-13,14,9.7,19.1,29.2,1.3,88.3,4,9.08,6.8
131,没林,2016-04-14,15,12,18.7,,1.5,69,6.5,14.93,4.4
131,没林,2016-04-15,15.8,6.9,23.9,,1.4,45.6,11.6,23.14,0
131,没林,2016-04-16,15.2,10,21.3,23.4,2,62.3,3.4,8.2,7.6
131,没林,2016-04-17,12.3,8.9,16.1,15.1,3.5,51.6,7.6,15.9,6.4
131,没林,2016-04-18,12.3,8,18.5,1.3,2.3,52.8,10.6,21.23,4.6
131,没林,2016-04-19,12.4,7.6,19,,1.5,52.3,10.1,22.16,3.8
131,没林,2016-04-20,13.1,8.4,18.3,1,1.2,59.9,1,8.52,8.4
131,没林,2016-04-21,13.3,9.3,17.1,29,1.5,89,.1,5.91,9.5
131,没林,2016-04-22,17.1,13.1,24.9,,2.3,70.5,8.3,20.32,5.3
131,没林,2016-04-23,14.7,10.8,20.7,,1.2,48.5,2.7,12.85,7.1
131,没林,2016-04-24,15.5,7.3,23,,1.3,33.8,10.3,22.85,2.6
131,没林,2016-04-25,17.7,9.8,25.6,,1.2,33.4,11.6,23.04,.8
131,没林,2016-04-26,20.6,10.7,29.1,,1.8,29.6,10.3,22.17,5.1
131,没林,2016-04-27,14.1,10.5,20.9,9.8,3,61.6,0,4.67,10
131,没林,2016-04-28,15.1,10.3,20.9,,1.6,52.4,6.4,17.06,6.8
131,没林,2016-04-29,16.1,10.1,22.7,,1.7,45.8,11,22.87,3.1
131,没林,2016-04-30,17.3,10.2,24.7,,2.2,42.1,11.3,21.36,2.3
131,没林,2016-05-01,19.9,12,27.3,,1.6,36.1,10.4,22.58,2.4
131,没林,2016-05-02,20.2,13.7,28.6,8.5,1.6,54.8,8.6,19.99,6.5
131,没林,2016-05-03,14.3,10.1,18.6,15.8,3.3,82.6,0,2.03,9.5
131,没林,2016-05-04,17.2,12.3,22.7,,3.7,29.3,12.6,26.56,.8
131,没林,2016-05-05,19.8,10.2,27.6,,1.7,38.4,10.8,23.97,4.8
131,没林,2016-05-06,19.7,14.5,24.4,,1.9,59.3,2.4,10.01,8
131,没林,2016-05-07,16.9,11.4,22.8,,1.7,45.9,10.6,23.49,3.3
131,没林,2016-05-08,19,10.2,27.4,,1.5,40,11.8,24.62,5.3
131,没林,2016-05-09,19.9,14.6,26.5,,1.7,37.5,7.1,20.65,7.6
131,没林,2016-05-10,14,12.2,18.3,18.5,2.3,84.6,0,3.14,10
131,没林,2016-05-11,17.1,12.2,23.1,2.9,1.5,61.9,12.4,25.33,2.9
131,没林,2016-05-12,18.9,12.2,25.8,,1.7,56.6,11.9,26.06,1.3
131,没林,2016-05-13,17.8,13.9,23.4,,2.1,55.8,7.9,18.65,4.9
131,没林,2016-05-14,19.9,14.1,25.6,,2.3,34.5,12.1,26.57,4.8
131,没林,2016-05-15,19.6,12.7,26.2,14.4,2.5,62.1,7.2,16.09,7.3
131,没林,2016-05-16,15.7,9.5,22.3,6.1,2.3,48,11.3,25.44,3.8
131,没林,2016-05-17,19.2,10.8,26.9,,1.2,43.6,13.1,26.59,0
131,没林,2016-05-18,21.8,12.8,29.3,,1.3,42.3,12.9,26.64,1.1
131,没林,2016-05-19,23.6,15.4,31.3,,1.2,38.8,13,25.97,1.3
131,没林,2016-05-20,23.3,15.8,30.3,,1.5,35.4,12.9,26.17,3
131,没林,2016-05-21,23.1,15.9,29.1,,1.8,27,13.2,25.87,5.8
131,没林,2016-05-22,23.3,14.9,30.1,,1.7,28.5,13.1,26.48,2.9
131,没林,2016-05-23,23,16.1,29.9,,1.2,35.5,10.3,22.93,6.4
131,没林,2016-05-24,18.4,15.7,22.2,18.2,1.7,78,2,6.62,8.4
131,没林,2016-05-25,19,12.8,25.6,,1.3,69.8,7.5,19.54,3.1
131,没林,2016-05-26,20.9,16.8,25.1,,1.5,64.5,6.3,17,6.1
131,没林,2016-05-27,22.4,17.4,28.6,,1.3,49.9,6.8,19.89,8.4
131,没林,2016-05-28,22,18.1,27.8,,1.4,45.1,10.1,24.03,3.8
131,没林,2016-05-29,21,17.4,26.7,,1.3,43.6,6.1,16.93,5
131,没林,2016-05-30,22.2,15.9,29,,1.4,48.6,12.6,26.06,.1
131,没林,2016-05-31,22.3,16.9,28.4,,1.7,57.3,11.5,23.13,2.6
131,没林,2016-06-01,23,17.7,28.1,,2.1,45,12.2,26.12,2.5
131,没林,2016-06-02,23,16.8,29.1,,1.6,35.5,11.7,26.48,2.1
131,没林,2016-06-03,22.6,17.4,28.7,,1.7,49.6,10.2,23.59,4.9
131,没林,2016-06-04,20.7,18.3,23.1,0,1.2,52.1,.1,7.38,8.8
131,没林,2016-06-05,23.3,15.7,30.2,,2.2,44.6,11.7,26.13,2.4
131,没林,2016-06-06,20.3,17.4,22.3,1.1,2.4,60.9,1.1,11.56,9.3
131,没林,2016-06-07,21.7,18,26.6,0,1.4,64,4.3,14.45,7.9
131,没林,2016-06-08,21.7,18.4,26.6,,1.5,61.5,8.5,19.04,7.6
131,没林,2016-06-09,23.3,17.3,29.8,,1.4,56.3,11.7,23.64,3.3
131,没林,2016-06-10,25.2,19.8,31.8,,1.4,58.4,10.7,23.93,3.5
131,没林,2016-06-11,25.1,21.3,30.2,.5,1.8,62.9,7.3,19.16,7.1
131,没林,2016-06-12,24.3,21.4,27.6,1.3,1.3,76.4,.7,10.08,9
131,没林,2016-06-13,23.5,19.9,28.6,,1.6,63.8,8.6,21.8,6
131,没林,2016-06-14,24.1,19.3,30,,1.7,63.8,8.4,21.62,6.3
131,没林,2016-06-15,22.4,20.5,26.7,3.6,2,73.1,1.9,9.1,9.1
131,没林,2016-06-16,21.6,18.8,25.3,.2,1.8,71.3,5.9,14.87,6.3
131,没林,2016-06-17,23.4,17.8,29.2,,1.6,56.1,12.4,24.08,.8
131,没林,2016-06-18,24.9,18.7,30.9,,1.5,54.3,12.7,24.89,4.3
131,没林,2016-06-19,25.2,21.3,30.4,,1.6,56.3,11.2,23.62,4.5
131,没林,2016-06-20,24.8,20,30.8,.9,1.4,60.8,7.9,21.04,6.3
131,没林,2016-06-21,26.2,20.8,32,,1.4,56.9,8.8,20.63,5.6
131,没林,2016-06-22,25.4,22.6,29.7,,2.2,64.8,4.2,16.11,7.5
131,没林,2016-06-23,25.9,21.3,31.8,0,1.7,63,10.3,22.13,6
131,没林,2016-06-24,21.6,19.7,25.3,32.1,2,84.4,.9,6.84,8.6
131,没林,2016-06-25,22.8,18.2,28.5,,2.4,56.9,13.3,26.38,4.3
131,没林,2016-06-26,24,18.3,30.3,,1.7,51.9,13.4,25.74,1.6
131,没林,2016-06-27,24.2,18.8,29.3,,1.2,55.3,7.3,17.6,5.9
131,没林,2016-06-28,24.2,19.1,30.1,,1.7,55.3,9.2,20.73,5.8
131,没林,2016-06-29,24.5,21.1,28,,1.9,59.6,6.9,15.98,7.8
131,没林,2016-06-30,25.1,22.7,28.9,.2,1.7,73.5,4.5,13.54,7.6
131,没林,2016-07-01,24.6,22.8,29.5,54.4,2.2,84,1.6,7.34,9.8
131,没林,2016-07-02,24.5,22,28.8,3.4,1.8,75.8,5.1,14.23,8.8
131,没林,2016-07-03,22.8,20.5,25.1,1.7,1.2,75.1,1.1,7.23,9.5
131,没林,2016-07-04,21.8,19.4,24.8,153.6,1.5,97.4,0,3.42,10
131,没林,2016-07-05,25.5,21.9,29.2,36,2,86.4,1.9,9.12,9.8
131,没林,2016-07-06,24.2,21.6,29.8,22.6,1.4,88.6,4.2,13.67,9.8
131,没林,2016-07-07,25.4,22.1,28.9,0,1.1,81.5,4.8,13.15,8.9
131,没林,2016-07-08,27,22.9,32.8,,1.4,66.6,10.3,20.61,4.8
131,没林,2016-07-09,27.2,22.7,32.8,,1.4,58.6,11.4,24.25,3.1
131,没林,2016-07-10,27,21.9,32.1,,1.2,60.9,8.8,20.68,7.5
131,没林,2016-07-11,27.4,23.2,33.2,,1.6,62.6,4.4,17.81,8.6
131,没林,2016-07-12,25.1,21.9,29.3,1,1.3,79.8,1.2,10,8.8
131,没林,2016-07-13,25.8,22.8,29.5,,1.5,65.5,7.9,17.49,4.3
131,没林,2016-07-14,25.6,22.2,30.5,.1,1.6,66.9,5.2,12.87,7.4
131,没林,2016-07-15,25.5,21.5,29.6,.3,2.3,56.3,4.8,15.74,8.6
131,没林,2016-07-16,21.8,20.1,23.6,26,2.1,87.9,0,2.87,9.5
131,没林,2016-07-17,22.7,20.8,25.2,0,1.8,79.3,.4,9.38,8.9
131,没林,2016-07-18,24,20.8,28.5,,1.3,69.3,5.1,14.38,6
131,没林,2016-07-19,27.1,20.2,32.6,,1.3,63,12.6,24.16,2.1
131,没林,2016-07-20,27.1,23.3,31.1,,2.6,62.9,10.5,23.62,6.4
131,没林,2016-07-21,26.9,22.7,31.7,,2.2,59.8,9.8,21.29,7.3
131,没林,2016-07-22,28.5,23.9,33,,2.3,56.4,12.7,25.29,4.6
131,没林,2016-07-23,29.4,25.1,33.8,,2,60.4,11.4,22.13,6.3
131,没林,2016-07-24,29.6,26.8,33.6,,1.6,69.5,7.1,17.95,6.9
131,没林,2016-07-25,29.3,26.6,33.3,,1.5,67.3,6.3,15.73,7.5
131,没林,2016-07-26,29,24.7,33.6,,1.6,60.8,10.3,21.02,6.5
131,没林,2016-07-27,28.3,25.7,32,0,1.8,69.6,5,12.78,8
131,没林,2016-07-28,29.2,26.4,33.3,0,2.3,60.3,11.5,22.15,4.1
131,没林,2016-07-29,26.3,24.5,29.6,6.2,1.2,79.5,2.1,7.6,8.5
131,没林,2016-07-30,27.2,24.8,32.4,14.7,1.1,83.4,5.9,14.05,7.4
131,没林,2016-07-31,28.8,25.1,33.8,,1.3,72.1,8.8,19.67,3.6
131,没林,2016-08-01,28.2,24.5,33,,1.4,69.4,7.1,17.31,6
131,没林,2016-08-02,27.2,22.8,30.1,4.9,1.4,72.9,1.2,9.66,9.5
131,没林,2016-08-03,27.1,23,32.1,.1,1.3,73.5,6.4,14.4,7.1
131,没林,2016-08-04,28.9,24.3,33.4,,1.3,64.8,6.7,16.23,3.5
131,没林,2016-08-05,29.9,24.9,34.8,,1.4,61.6,10.7,20.34,1.6
131,没林,2016-08-06,29.5,25.1,35.3,.2,1.4,65.3,11.6,21.49,2.9
131,没林,2016-08-07,29.3,25.3,35.1,,1.5,60.5,11.6,22.2,1.4
131,没林,2016-08-08,29.6,24.2,34.8,,1.5,59.8,12.2,21.96,2.5
131,没林,2016-08-09,28.9,25.3,34.5,22.4,1.5,69.5,8.1,18.01,4.3
131,没林,2016-08-10,29.8,26,34.4,,1.6,62.5,8.9,20.45,4.4
131,没林,2016-08-11,29.7,24.5,35,,1.5,60,12.6,22.35,.6
131,没林,2016-08-12,29.9,25.3,34.9,,1.5,59.3,12.2,23.95,.5
131,没林,2016-08-13,29.6,25.6,34.1,,1.6,65.3,9.6,21.08,3.8
131,没林,2016-08-14,29.5,26.4,34,,1.6,68.5,8.8,18.14,6.6
131,没林,2016-08-15,29.3,26.2,34.4,,1.4,61,7.7,17.85,6.8
131,没林,2016-08-16,29.4,26.1,34.3,0,1.4,52.5,9.4,18.83,6
131,没林,2016-08-17,29.7,25.8,34.4,,1.5,54.9,11.5,20.51,4.5
131,没林,2016-08-18,30.2,25.9,35.2,,1.5,57,8.7,17.93,6.8
131,没林,2016-08-19,30.3,26.6,34.7,,1.5,55.6,6.9,17.1,6.3
131,没林,2016-08-20,30.9,26.8,36.3,,1.8,44.3,11.7,22.14,4.3
131,没林,2016-08-21,29.5,25.3,34.2,,1.7,42.5,8.3,17.43,3.1
131,没林,2016-08-22,29.9,24.4,35.3,,1.5,50.5,11.9,22.46,2.4
131,没林,2016-08-23,28.5,25.2,33.8,.9,2,63.4,7.6,15.84,6.9
131,没林,2016-08-24,29.4,25.1,34,0,1.8,48,10.7,21.43,3.1
131,没林,2016-08-25,28.6,24.3,33.4,0,1.5,55.5,8.5,15.68,4.9
131,没林,2016-08-26,21.6,18.1,27.6,18.5,2.5,76.1,0,3.4,9.1
131,没林,2016-08-27,22.6,17.1,26.8,0,2.5,50.3,6.3,16.1,5.9
131,没林,2016-08-28,19.9,17.4,23.7,1.5,2.7,72.9,1.1,8.59,9
131,没林,2016-08-29,19.7,16.7,25.8,1.7,1.9,67.5,7.6,15.69,6.1
131,没林,2016-08-30,19.2,16.3,23.1,2,1.5,81,1.9,5.17,7.3
131,没林,2016-08-31,19.9,16.3,23.7,16.8,2.3,76.6,.3,4.96,9.5
131,没林,2016-09-01,25.6,18.4,31.4,10.5,1.9,61.5,10.9,16.75,4.5
131,没林,2016-09-02,23.3,21.4,26,0,2.7,68.6,4.6,11.89,8.3
131,没林,2016-09-03,25.2,20.6,30.8,0,1.5,66.3,8.8,17.81,6
131,没林,2016-09-04,25.5,21.9,30.1,3.4,1.7,75.9,3.4,13.16,8.8
131,没林,2016-09-05,26.4,23.3,31.4,1.1,1.1,74.4,5.9,12.9,6.3
131,没林,2016-09-06,24.3,20.4,28,,1,71.4,3.3,10.7,7.5
131,没林,2016-09-07,23.9,20.5,28.2,0,1.1,70.6,2.5,10.81,8.3
131,没林,2016-09-08,23.8,20.3,28.9,0,1.3,66.9,7.8,15.4,6
131,没林,2016-09-09,23.8,20.1,29.1,,1.4,71.8,6.9,14.54,5.5
131,没林,2016-09-10,24.3,19.6,29.1,0,1.3,66.4,7,14.78,7.1
131,没林,2016-09-11,24.9,20.9,29.4,,1.3,60,7.8,15.69,7
131,没林,2016-09-12,24.5,22.1,28.6,0,1.5,61.4,5.1,11.34,7.8
131,没林,2016-09-13,24.5,19.5,29.1,,1.3,61.4,11,17.37,3.4
131,没林,2016-09-14,24.7,21,29.7,,1.2,63.6,6.4,14.29,6
131,没林,2016-09-15,23.7,18.3,29.3,,1,62.4,7,15.96,6.6
131,没林,2016-09-16,22.8,20.1,26.6,1.8,1,74.5,.6,7.85,9.5
131,没林,2016-09-17,20.2,19.6,21.1,49,1.9,96.9,0,3.03,9.4
131,没林,2016-09-18,19.5,17.9,21.7,6.1,1.7,86.9,0,5.78,9.8
131,没林,2016-09-19,20.2,16.5,24.3,,2.5,64.4,4.2,11.64,5.5
131,没林,2016-09-20,19.4,14.2,24.9,,2.5,46.1,11.3,19.91,1.5
131,没林,2016-09-21,19.3,13.4,23.9,,1.6,52.1,8.2,14.14,6.6
131,没林,2016-09-22,21,16.7,26.2,,1.4,57.1,8.7,16.54,4.6
131,没林,2016-09-23,21.4,16,27.1,,1.1,61,10.3,16.62,3.1
131,没林,2016-09-24,22.1,16.5,28.1,,1.1,61.6,10.2,16.4,3.4
131,没林,2016-09-25,21.3,17.6,26.4,,.9,72.6,2.3,8.57,7.5
131,没林,2016-09-26,22.6,17.7,26.9,,1.1,69.5,1.7,8.62,7.6
131,没林,2016-09-27,22.2,20.4,25,6.2,1.4,87,.4,5.38,9.6
131,没林,2016-09-28,22.2,19.1,26.8,,1.7,76.3,7.6,12.91,8.4
131,没林,2016-09-29,20.5,18.6,22,,2.2,67.5,0,5.59,9.9
131,没林,2016-09-30,18.3,16.9,19.8,0,1.1,78.6,0,4.09,8.6
131,没林,2016-10-01,19.4,16.1,22.9,0,1,79.9,.4,7.17,8.9
131,没林,2016-10-02,21,17.7,23.8,0,1.5,77.1,.1,5.26,9.3
131,没林,2016-10-03,23.6,20,29,9.6,1.4,85,4.4,9.08,5.1
131,没林,2016-10-04,21.9,16.7,28.6,,2.4,68.1,8.1,15.68,5.4
131,没林,2016-10-05,19.8,16.9,24.6,13.1,2,79.9,3.3,6.56,6.3
131,没林,2016-10-06,18.7,15.7,23.6,,1.5,62,10.4,16.81,1.3
131,没林,2016-10-07,18.7,14.9,24,18.7,2.1,72.9,7,12,7.4
131,没林,2016-10-08,17.4,14.4,22,15.8,1.7,69.6,5.9,10.44,6.3
131,没林,2016-10-09,11.7,8.4,16.9,,2.1,44.4,10.6,17.41,2.9
131,没林,2016-10-10,12.5,8.1,16.7,,1.2,61.8,6.2,10.29,7.4
131,没林,2016-10-11,14.6,10.3,20.4,,.9,67.6,6.3,11.01,7.1
131,没林,2016-10-12,15.1,11.4,20.2,,1.1,54.6,8.2,13.61,6.6
131,没林,2016-10-13,14.4,9.7,19.7,,.8,55.4,5.8,11.01,6.1
131,没林,2016-10-14,15.4,9.1,22.7,,1.1,62,9.5,13.36,0
131,没林,2016-10-15,17.9,11.1,25.4,,.9,62.1,8.7,13.37,4
131,没林,2016-10-16,17.3,14.9,20.4,3.7,.9,77.9,.5,5.05,9.8
131,没林,2016-10-17,17.9,15.2,22.5,.8,1.4,78,8.2,12.81,5.6
131,没林,2016-10-18,16.4,13.7,20.9,,1,85,4.5,7.44,5
131,没林,2016-10-19,16.9,12.4,23,,.8,78,7.2,11.98,3.5
131,没林,2016-10-20,16.7,11.5,21.4,,1.5,75.1,3.9,7.94,6.1
131,没林,2016-10-21,17.4,16.2,19,0,2.8,58,.1,5.32,9.9
131,没林,2016-10-22,17.9,14.7,21.7,,1.4,58.3,6.6,11.38,8.5
131,没林,2016-10-23,14.7,11.2,18.1,1.4,2.4,69.4,.4,4.27,9.4
131,没林,2016-10-24,14.8,8.5,19.7,0,2.1,60,9.3,13.93,5.9
131,没林,2016-10-25,14.3,11.4,19.6,16.2,1.8,87.3,2.9,4.83,7.6
131,没林,2016-10-26,12.8,10.3,16.2,,1,84,.5,4.66,7.8
131,没林,2016-10-27,14.5,9.4,19.5,,1.9,69.3,1.2,6.87,9.1
131,没林,2016-10-28,14,12.5,16.3,4.3,1.7,71.1,0,2.63,9.3
131,没林,2016-10-29,9.3,6.1,12.9,,1.5,46.6,.6,5.88,7.6
131,没林,2016-10-30,7.1,1.8,13.6,,1,40.5,9.8,14.55,1.3
131,没林,2016-10-31,7.4,4.9,9.9,0,1.3,58.3,.1,1.95,9
131,没林,2016-11-01,2.9,-.1,7.3,,1.8,44,9.8,14.12,0
131,没林,2016-11-02,4.7,-2.6,10.8,0,1,51.1,9.8,13.23,1.5
131,没林,2016-11-03,8.2,3.9,14.2,0,1.1,56.8,6.3,8.38,3.6
131,没林,2016-11-04,10,2.1,17.1,,1.2,64,8,10.93,4.3
131,没林,2016-11-05,13.6,8.8,19.4,,1.1,70,3.9,6.51,6.9
131,没林,2016-11-06,13.3,10.1,17,,2.4,63,8.8,11.51,5.3
131,没林,2016-11-07,14.2,10.5,18.8,6,1.5,59,4.4,8.28,8.4
131,没林,2016-11-08,6.2,1.5,10.5,1.8,2.3,56.3,7.6,11.19,4.1
131,没林,2016-11-09,3,-1.4,8.2,,1.3,44,9.6,12.33,1.9
131,没林,2016-11-10,6,1.8,12,7.9,1.1,68.5,1.3,4.81,9.6
131,没林,2016-11-11,9.2,5.1,14.6,1,1.4,65,8.4,9.8,4.3
131,没林,2016-11-12,9.7,3,17.6,,1,64.8,7.3,9.14,1.9
131,没林,2016-11-13,12.7,6.8,19.2,,.7,64.5,3.9,7.12,6.5
131,没林,2016-11-14,14.8,9.6,21,.2,1,68.3,5.2,8.45,7.3
131,没林,2016-11-15,7.6,3.5,14,,1.8,44.1,9.3,12.06,.6
131,没林,2016-11-16,5.2,-.7,10.9,,.8,54.3,8.7,8.77,1.4
131,没林,2016-11-17,7.5,1.2,13.8,,1.1,53.6,8.3,9.56,1
131,没林,2016-11-18,8.6,3.6,13.5,7,1.1,70.1,3,5.35,6.5
131,没林,2016-11-19,11.6,9.5,13.4,1,.7,87.9,0,2.01,10
131,没林,2016-11-20,11.1,6.7,15.5,,1.1,63.5,8.6,9.92,2.4
131,没林,2016-11-21,8.4,5.3,10.5,,1,72.9,0,2.33,7.6
131,没林,2016-11-22,4.2,.5,8.9,0,2.2,48.8,3.9,5.1,7.8
131,没林,2016-11-23,.4,-2.6,4.6,,1.8,35.9,8.1,9.89,5.9
131,没林,2016-11-24,-.8,-3.9,3.6,,1.8,43.4,9.1,11.17,0
131,没林,2016-11-25,.8,-4.2,5.8,,.9,53,5.9,7.02,3
131,没林,2016-11-26,.3,-3.1,2.9,0,.9,74.8,0,2.45,7.6
131,没林,2016-11-27,3.3,.9,7.6,.3,1,83.4,4.8,7.64,6.6
131,没林,2016-11-28,2.8,.2,7.4,0,1.4,56.6,8.6,9.75,1.9
131,没林,2016-11-29,2.2,-2.7,7.3,,1.2,42.8,8.9,10.32,.3
131,没林,2016-11-30,5.3,0,11.1,1.2,.9,64.9,.9,4.6,8.6
131,没林,2016-12-01,5.5,1,9.5,0,1.9,56.6,7.2,8.37,3.1
131,没林,2016-12-02,2,-3.4,7.5,,1.1,46.3,8.8,10.29,0
131,没林,2016-12-03,3,-3,9.9,,.7,58.5,8.3,9.28,2.9
131,没林,2016-12-04,4.3,-.2,8.4,0,.6,63.3,1.4,4.54,8.6
131,没林,2016-12-05,8.1,4,14.3,0,1.7,61.3,4.5,5.88,6.1
131,没林,2016-12-06,.6,-2.6,4.8,,1.9,38.3,8.7,10.53,.1
131,没林,2016-12-07,2,-4.1,7.5,0,.9,59.3,3.8,5.56,5.8
131,没林,2016-12-08,3.1,-2.5,8.1,1,1.2,76,3.1,6.5,6.5
131,没林,2016-12-09,3.7,-.5,6.6,2.5,1.9,60.6,5.6,6.73,4.3
131,没林,2016-12-10,-.1,-3.8,5.1,,1.2,46.4,8.8,9.97,0
131,没林,2016-12-11,-.9,-6.2,5.8,,.8,50.4,8.8,10.44,.9
131,没林,2016-12-12,2.9,-3.7,9.5,0,1.2,50.4,6.8,7.23,6.5
131,没林,2016-12-13,4,.7,9.2,,1.3,63.4,6,6.93,3.9
131,没林,2016-12-14,.7,-1.5,2.5,,1.4,64,2,3.39,7.1
131,没林,2016-12-15,-2,-5,1.2,,2.1,44.1,8.1,9.13,1.8
131,没林,2016-12-16,-2.5,-7.1,1.3,,1.5,40.5,8.8,10.09,2.9
131,没林,2016-12-17,4.1,-1.3,10,,1,56.8,6.4,7.44,6.1
131,没林,2016-12-18,4.2,-.5,9.3,,.7,69.5,2,4.66,7.9
131,没林,2016-12-19,7.2,3.4,11,.3,.8,74.8,1,3.47,8.9
131,没林,2016-12-20,7.6,3.9,12.2,,1,74.6,7.3,7.72,4
131,没林,2016-12-21,8.9,2.8,14.2,17.5,1.2,78,3.2,5.42,7.9
131,没林,2016-12-22,7.6,3.6,13.8,12.1,2.5,79.9,0,1.24,9.9
131,没林,2016-12-23,.4,-2,3.6,.6,2.3,70.5,.6,2.34,9.8
131,没林,2016-12-24,-1.4,-2.7,.5,,1.4,63.4,1.3,5.21,7.6
131,没林,2016-12-25,.8,-4.4,5.4,,1.1,73.9,6.3,8.25,4.6
131,没林,2016-12-26,2.9,2,3.8,6.1,1.4,80.4,0,1.41,9.9
131,没林,2016-12-27,-.2,-4.6,2.7,0,2.1,57.3,5,6.27,4.3
131,没林,2016-12-28,-2.5,-7,2.6,,1.1,51.5,8.7,9.68,1
131,没林,2016-12-29,-2.6,-4,-.3,0,2,51.8,8.4,10.1,1.4
131,没林,2016-12-30,-1.8,-7.5,3,,.9,53.4,8.6,9.85,2.3
131,没林,2016-12-31,1.1,-2.7,4.7,0,.8,72.3,2,4.05,7.5
131,没林,2017-01-01,3.4,-1.1,9.1,,.7,74.1,5.9,6.93,6.1
131,没林,2017-01-02,5.5,1.2,11.3,0,1.1,71.1,3.5,5.87,7.3
131,没林,2017-01-03,3.9,.6,8.7,,1.3,66,7.9,8.79,0
131,没林,2017-01-04,4.6,.4,10.2,,1,57.6,5.9,6.89,5
131,没林,2017-01-05,4.7,-.5,9.3,,2,58,0,4.52,8.8
131,没林,2017-01-06,6.6,2.8,11.3,,1.2,54.8,7.8,9.34,3.6
131,没林,2017-01-07,4.1,-1,9,,.9,67.1,6.4,7.74,6
131,没林,2017-01-08,7.4,3.1,12.8,0,1.3,59,5.7,8.1,7.6
131,没林,2017-01-09,3.6,0,6.4,0,2.1,57.4,6.4,7.22,5
131,没林,2017-01-10,-1.1,-3.5,2.4,,2,54.9,6.9,7.6,3
131,没林,2017-01-11,-3.1,-7.2,1.5,,1.8,49.3,6.1,8.46,3.5
131,没林,2017-01-12,-1.5,-3.4,1.9,.1,1.3,65.1,1.3,3.12,3.8
131,没林,2017-01-13,-3.9,-7,-1.2,0,1.6,53.3,5.2,6.32,3.3
131,没林,2017-01-14,-6.4,-8,-4.1,,2.5,35.6,9,11.12,.4
131,没林,2017-01-15,-5.8,-11,-.9,,1.3,39.9,9.1,11.22,0
131,没林,2017-01-16,-4.3,-10.2,2.4,,.9,49.1,9.1,11.64,0
131,没林,2017-01-17,-2.8,-8.5,3.1,,.8,51.3,6,7.49,2.9
131,没林,2017-01-18,0,-4.1,4.2,,.8,62,5,6.79,6.3
131,没林,2017-01-19,-1,-4.2,4.4,0,1,72.3,4.5,6.37,6.1
131,没林,2017-01-20,-2.7,-4.5,-.9,1.9,1.9,71.4,3.2,2.77,8.8
131,没林,2017-01-21,-2.8,-7.3,1.4,.7,1.4,72.6,5.7,8.72,6.5
131,没林,2017-01-22,-5.8,-7.9,-1.6,.7,2.3,66.6,7.3,8.72,6.8
131,没林,2017-01-23,-7,-10.2,-3.2,,1.4,57.9,9.1,10.35,2.5
131,没林,2017-01-24,-5.3,-11.1,-.3,,1.3,58.1,9.3,12.28,1.4
131,没林,2017-01-25,-4.5,-10.9,1.3,,1.1,58.1,9.2,12.34,.6
131,没林,2017-01-26,-1.9,-9.6,4.1,,1,57.6,7.9,10.91,4.1
131,没林,2017-01-27,-.7,-4.4,4.1,2.1,2.3,49.4,8.4,12.33,2.3
131,没林,2017-01-28,-1,-7.6,5.3,,1,47.8,7.9,11.96,4
131,没林,2017-01-29,1.3,.1,2.9,6.2,1,72.1,.1,1.76,10
131,没林,2017-01-30,-3.2,-6.8,.4,.3,2.4,64.9,6.7,8.79,5
131,没林,2017-01-31,-4.7,-9.7,.5,,1.1,55.5,8.9,11.78,3.5
131,没林,2017-02-01,-2.7,-6.2,1.8,,1.6,45,8.3,12.26,1.9
131,没林,2017-02-02,-1.8,-7.7,3.6,,1.4,44.3,9.7,13.54,1.6
131,没林,2017-02-03,2.2,-1.1,7.4,,1.2,55.4,7.6,11.42,3.8
131,没林,2017-02-04,1.8,-3.5,6.4,,1,60.3,2.7,6.69,6.5
131,没林,2017-02-05,2.7,1.2,5.1,0,1.5,65,0,2.52,8.6
131,没林,2017-02-06,-.5,-2.3,2.2,,2.1,52,9.4,12.75,1.4
131,没林,2017-02-07,-.5,-5.3,4.1,,1.2,50.5,6.7,10.14,5.8
131,没林,2017-02-08,-.5,-4.2,3.4,,1.2,53.1,3.5,7.63,5.6
131,没林,2017-02-09,-3.7,-5.8,-.9,0,2.5,51.1,8.8,10.83,5.8
131,没林,2017-02-10,-5.6,-7.6,-2.7,2.3,2.4,55.6,9.1,12.19,4.5
131,没林,2017-02-11,-3.8,-7.5,.8,,1.8,49.4,9.6,11.92,3.8
131,没林,2017-02-12,-.8,-5,4.3,,1.5,53,9.9,14.55,.9
131,没林,2017-02-13,.1,-5.4,5.6,3.1,1.1,70.5,7.7,11.68,5.5
131,没林,2017-02-14,1.4,-2.4,6.2,,1.2,52.6,10,14.55,0
131,没林,2017-02-15,1.8,-5.1,8.9,,.8,48.3,9.7,12.98,1.4
131,没林,2017-02-16,6.3,-2.7,13.8,0,1,60,8.6,11.87,4.4
131,没林,2017-02-17,2.8,-2.5,10.7,1.5,2.5,60.4,6.8,10.48,5.8
131,没林,2017-02-18,-1.2,-5.8,4.1,,2,38,10.1,15.39,.3
131,没林,2017-02-19,3,-4.8,8.8,6.5,1.4,54,4.9,10,7.4
131,没林,2017-02-20,.4,-3.8,6.1,8.6,2.6,59.4,7.5,13.48,3.6
131,没林,2017-02-21,.5,-5.9,7.7,,1,44,9.5,15.32,3.3
131,没林,2017-02-22,2.4,.7,3.4,16.7,1.4,76.5,0,1.61,9.8
131,没林,2017-02-23,-.1,-2.7,3.5,,2.8,53.3,9.2,15.2,4.4
131,没林,2017-02-24,.3,-4.8,4.9,,1.6,46.4,10.3,16.43,1.9
131,没林,2017-02-25,3.6,-2.1,9.6,,1.3,43.9,10.1,15.85,1.9
131,没林,2017-02-26,4.3,.5,9.6,,1.2,48.8,9.6,14.82,2.5
131,没林,2017-02-27,4.1,-2.4,10.6,,1,44.4,10.1,15.67,.3
131,没林,2017-02-28,5.4,-2.2,12.8,,.8,41.6,10.4,16.29,1.6
131,没林,2017-03-01,5.9,1.7,11.5,0,1.2,50.9,1.9,8.22,9.8
131,没林,2017-03-02,2.5,-.6,6.7,3.1,2.1,62,7.3,12.21,4.8
131,没林,2017-03-03,4.2,-2.5,11.6,,1.3,45.8,10.5,16.7,1.3
131,没林,2017-03-04,5.9,-.8,13.4,,1,47.6,10.3,16.69,1.5
131,没林,2017-03-05,6.4,.2,13.5,0,1.1,57.9,8.9,13.23,7.5
131,没林,2017-03-06,1.5,-.8,5.9,0,2.7,41.1,10.6,18.32,.4
131,没林,2017-03-07,-1,-2.6,2.2,.4,2.6,51.1,10.6,18.19,3.4
131,没林,2017-03-08,.9,-3.6,6.1,0,2,51.1,9.5,12.97,4.8
131,没林,2017-03-09,4.6,-1.1,11.4,,2.4,47.8,10.6,16.94,1.3
131,没林,2017-03-10,6,-.3,12.9,,1.6,35,11,18.54,.3
131,没林,2017-03-11,7.4,-1,16.4,,.9,35,10.9,17.61,2.6
131,没林,2017-03-12,8.9,1.2,16.2,,1.1,43.4,7.1,13.56,5.3
131,没林,2017-03-13,7.5,2.9,13.6,,1.7,49.6,9.6,17.39,4.8
131,没林,2017-03-14,5.9,1.8,11,,1.8,43.9,11,18.78,.3
131,没林,2017-03-15,6,-.3,12.5,,1.1,38.5,11,18.31,.5
131,没林,2017-03-16,6.6,-.2,13.9,,1.3,38.3,10.2,16.84,2.5
131,没林,2017-03-17,8.2,.3,16.1,,1.2,33.9,10.9,18.66,.5
131,没林,2017-03-18,9.6,4.4,17.4,,1.3,27.4,7.5,15.22,3.9
131,没林,2017-03-19,10,1.4,18.5,,.9,32,10.6,18.59,.9
131,没林,2017-03-20,9.9,3.8,14.8,0,1.2,42,1.7,6.56,7
131,没林,2017-03-21,8.3,5.6,11.6,0,2,42.4,10,18.49,2.1
131,没林,2017-03-22,8.1,2.1,14.5,,1.5,32.9,9.3,16.94,5.5
131,没林,2017-03-23,9.4,5,15.6,,1.5,31,9.2,15.64,4.9
131,没林,2017-03-24,9,2.5,14.7,,1.2,38.8,7.7,14.96,8.3
131,没林,2017-03-25,7.7,6.6,9.8,.8,2.2,58.9,.1,6.93,9.9
131,没林,2017-03-26,7,5,10.8,0,1.4,49.6,1.7,10.01,7.8
131,没林,2017-03-27,6.8,4.6,11.7,0,1.8,57.5,4.9,9.18,5.9
131,没林,2017-03-28,7.8,.9,14.1,,1.4,51.6,5.7,14.34,6.1
131,没林,2017-03-29,9.7,4.6,16.4,,1.5,45.5,9.7,18.99,3.5
131,没林,2017-03-30,10.8,2.9,18.8,,1.3,41.4,10.3,19.25,4.3
131,没林,2017-03-31,9.9,7.7,13,4.6,1.9,69.8,.9,7.39,9.9
131,没林,2017-04-01,8.5,5.4,13.9,.2,1.6,64.4,6.5,12.04,6.9
131,没林,2017-04-02,9.2,2.2,16.2,,1.6,47.1,11.7,20.89,1
131,没林,2017-04-03,12.5,4.1,21.1,,1.6,36.4,11.7,21.31,0
131,没林,2017-04-04,14.7,5.6,23.5,,1.2,30,10.8,20.09,4.1
131,没林,2017-04-05,13.7,11.5,16.3,10.8,1.7,58.3,.1,4.23,10
131,没林,2017-04-06,13.7,10.8,17.9,13.9,1.9,80.9,2.3,9.14,9.1
131,没林,2017-04-07,15.9,9.7,25,,1.4,57.6,9.7,20.2,3.3
131,没林,2017-04-08,15.3,10,23.7,,1.5,58.5,10,19.85,6.8
131,没林,2017-04-09,14.1,11.3,18.9,,2.3,51.5,5.6,14.3,7
131,没林,2017-04-10,15.5,11,21.7,,3.1,22.6,9.9,21.96,6.1
131,没林,2017-04-11,12.7,7.7,19,16.1,2,56,8.8,18.31,5.1
131,没林,2017-04-12,12.4,8.3,16.9,,2.2,16.8,11.6,22.79,1.4
131,没林,2017-04-13,13.3,6.5,20.8,,1.9,39.4,11.6,21.36,1
131,没林,2017-04-14,15.3,9.6,20.5,0,2.6,46.3,7.1,14.5,6.1
131,没林,2017-04-15,18.8,11.5,26.3,,1.5,45.3,11.3,20.6,1.6
131,没林,2017-04-16,20.4,11.9,29.1,,1.1,38.4,10.7,20.78,6.1
131,没林,2017-04-17,14.4,12.1,18.8,19.3,1.6,70.1,1.6,3.38,8.3
131,没林,2017-04-18,13.5,9.8,22,1.4,2.3,70.4,4.8,12.25,6
131,没林,2017-04-19,13.6,7.7,19.7,,1.9,38.6,11.9,24.06,1.1
131,没林,2017-04-20,12.2,9.9,15.4,0,1.3,52,0,6.38,8.8
131,没林,2017-04-21,13.3,6.5,20.1,,1.5,54,11.2,20.62,5.9
131,没林,2017-04-22,14.9,8.8,21.1,,1.4,42,11,20.88,2.1
131,没林,2017-04-23,15.9,8.4,23.4,,1.5,32.5,12.2,24.49,0
131,没林,2017-04-24,16,8.2,24.5,,1.6,35.6,12.3,24.37,2
131,没林,2017-04-25,17.2,11,23.6,,1.8,46.6,6.1,17.67,7.8
131,没林,2017-04-26,15.7,11.5,20.7,0,2.2,35.4,9.7,22.43,5.6
131,没林,2017-04-27,14.2,8.5,20.6,,2.2,35.5,12.1,25.66,.5
131,没林,2017-04-28,15.8,8.8,24.1,,2.5,44.6,10.4,23.08,2.6
131,没林,2017-04-29,18,10.6,25.7,,1.9,42.6,11.6,23.96,1
131,没林,2017-04-30,20.4,14.2,28.1,,2.2,44.3,11.6,22.96,0
131,没林,2017-05-01,20.3,13.1,28.3,,1.5,46.5,11,24.29,2.1
131,没林,2017-05-02,20.7,14.1,28.2,,1.6,31.6,12.2,21.65,5
131,没林,2017-05-03,21.5,12.1,30,,1.2,36.9,12.8,25.78,0
131,没林,2017-05-04,21,13.9,28.5,0,1.5,44.4,9.4,19.89,6
131,没林,2017-05-05,22,18.3,28.5,0,1.8,47.8,9.2,21.34,6
131,没林,2017-05-06,16.6,12.4,23.2,,2.6,29.9,12.1,24.69,1.4
131,没林,2017-05-07,17.7,11.1,25.2,,2.2,36.5,12.1,25.44,.3
131,没林,2017-05-08,18.6,12.2,23.6,,1.5,42.4,5.6,15.25,7.4
131,没林,2017-05-09,16.3,14,21.7,3.7,2.4,62.3,2.3,11.37,9.4
131,没林,2017-05-10,16.4,13.9,20.9,1.8,1.6,76.9,3.6,9.33,7.6
131,没林,2017-05-11,19.1,13.9,25.6,0,1.2,66.1,4.4,13.06,8.1
131,没林,2017-05-12,20.5,17,24.9,0,1.6,62.4,.6,9.87,9.3
131,没林,2017-05-13,18.1,13.5,25.8,.5,1.9,67.6,8.1,16.32,3.5
131,没林,2017-05-14,16.3,11.6,22.1,,2.6,46.5,12.9,27.12,.4
131,没林,2017-05-15,16.6,10.9,22.9,,2.4,50.9,12.9,25.57,2.3
131,没林,2017-05-16,17.3,12.6,22.9,,1.7,56.3,8.8,19.1,6.5
131,没林,2017-05-17,19.4,12.4,25.8,,1.5,46.3,12.7,24.11,1.1
131,没林,2017-05-18,21,13.6,27.7,,1.4,42.6,13.1,23.29,.5
131,没林,2017-05-19,22,15,30.4,,1.6,37.6,13.1,26.23,0
131,没林,2017-05-20,21,14.1,27.7,,1.5,36.3,11.5,22.89,5.5
131,没林,2017-05-21,21.7,15.5,28.3,,1.5,40.4,12.7,26.31,3.9
131,没林,2017-05-22,22.5,15.5,29.3,,1.4,43.6,13.1,25.86,1.9
131,没林,2017-05-23,21.5,16.3,26.1,0,1.4,52,5,16.12,7.9
131,没林,2017-05-24,20.7,16.8,27,5.9,1.4,67.5,7.8,16,5.4
131,没林,2017-05-25,19.9,15.3,28.3,,2.5,50.9,13.1,25.99,.4
131,没林,2017-05-26,17.1,12.4,21.8,,2,37.4,13.6,27.54,.5
131,没林,2017-05-27,19.4,12.6,26.5,,1.7,43.8,13.5,27.37,0
131,没林,2017-05-28,21.7,14.2,29.7,,2,44.4,12.1,23.39,1.1
131,没林,2017-05-29,24.4,18.3,33.1,,1.9,46.8,12.2,24.58,1
131,没林,2017-05-30,24.2,18.2,30.1,,1.5,44.5,11.8,21.39,4.5
131,没林,2017-05-31,23.1,18.7,28.5,,1.5,53,8.8,20.01,6.6
131,没林,2017-06-01,22.9,18.8,28.5,0,2.2,52,8.9,18.98,5
131,没林,2017-06-02,20.4,15.1,26.4,0,1.9,37.3,13.4,27.08,2.1
131,没林,2017-06-03,20.4,16.6,25.4,,2.1,36.5,13.2,26.43,3.4
131,没林,2017-06-04,21.1,14,27.9,,1.8,35.1,13.3,26.37,1.3
131,没林,2017-06-05,23,15.8,29.6,,1.8,29.4,12.8,26.18,5.3
131,没林,2017-06-06,18.7,15.9,22.4,6.9,2.5,56.6,.1,7.37,9.6
131,没林,2017-06-07,18.1,16.2,19.8,2.2,1.7,90.6,0,2.98,9.8
131,没林,2017-06-08,20.5,16.1,27.4,,1.6,62.6,8.3,20.57,5.8
131,没林,2017-06-09,22.1,16.2,29.1,,2.3,58.3,10.3,22.25,4.3
131,没林,2017-06-10,23,20.2,27.8,,1.9,52.5,7,18.36,7.6
131,没林,2017-06-11,22.7,15.5,30,,1.8,34.1,13.3,27.98,1.1
131,没林,2017-06-12,22.1,17.7,27.2,,2.3,39.3,9.1,22.34,6.4
131,没林,2017-06-13,21.2,18,26.6,,2.1,51.4,10.1,20.82,4.3
131,没林,2017-06-14,22,16.5,28,,1.7,54.5,11.1,22.99,1.6
131,没林,2017-06-15,23.8,16.9,31.6,,1.8,48.8,13.1,25.66,0
131,没林,2017-06-16,25.7,19.5,33.2,,1.8,43.4,12.1,24.87,.4
131,没林,2017-06-17,25,19.1,32.1,,1.6,35.4,13,25.02,0
131,没林,2017-06-18,25.2,18.4,32.9,,1.6,37.5,13.5,27.1,0
131,没林,2017-06-19,25.9,18.7,33.2,,1.5,43.3,12.5,24.42,2.4
131,没林,2017-06-20,26.2,20.4,31.8,,1.5,40,7.3,18.19,6.4
131,没林,2017-06-21,25.2,21,31.2,0,1.7,47.5,8.6,20.45,4.4
131,没林,2017-06-22,25,19.5,31.7,,1.6,53.6,10.3,21.89,2
131,没林,2017-06-23,26.9,20.3,34.9,,1.6,45.6,11.9,25.84,4.1
131,没林,2017-06-24,24,20.2,30.4,3.1,1.4,61.6,2.5,11.13,8.9
131,没林,2017-06-25,23.9,19.7,29.8,0,1.6,70.8,6.6,18.49,7.5
131,没林,2017-06-26,24.2,21.2,28.8,0,2.3,65.8,5.2,16.87,8.1
131,没林,2017-06-27,24.8,21.3,29.3,.9,1.8,66.3,3.9,15.44,7.9
131,没林,2017-06-28,25.5,21.6,32.2,4.4,1.4,69,6.3,16.18,8.1
131,没林,2017-06-29,26.6,21.9,32.2,,1.5,58.4,9.4,20.04,6.9
131,没林,2017-06-30,26.6,22.8,32.9,,1.5,57.6,6.6,18.01,7.5
131,没林,2017-07-01,24.3,21.9,25.9,16.7,1.1,85.6,0,5.59,9.9
131,没林,2017-07-02,26.4,24.5,30.3,7,1.9,85.9,1.1,10.59,9.8
131,没林,2017-07-03,25.2,23.6,28.6,134.4,1.9,95.6,0,5.89,10
131,没林,2017-07-04,26.1,24,31.5,30,1.4,85,5.5,16.1,8.5
131,没林,2017-07-05,28.1,24.2,33.6,,1.2,67.1,8.6,17.4,5.9
131,没林,2017-07-06,26.6,23.1,33.9,26.4,1.2,77.5,5.8,14.37,7.5
131,没林,2017-07-07,27,23.6,30.2,1.1,1.6,78.6,.3,8.47,9.4
131,没林,2017-07-08,26,23.3,28.7,31.5,1.7,83.4,1.7,7.1,9.4
131,没林,2017-07-09,27.4,23.5,33.5,31.7,1.3,77.3,6.9,16.86,8.9
131,没林,2017-07-10,26,24.3,29,47.4,1.6,93.6,0,4.89,9.8
131,没林,2017-07-11,26.8,23.5,32.1,4.5,1.8,79.9,6.3,18.07,9
131,没林,2017-07-12,27.9,24.8,32.5,,1.5,71.9,8.1,18.81,5.1
131,没林,2017-07-13,28,23.9,33.4,,1.4,69.9,9.9,22.48,3.9
131,没林,2017-07-14,28.3,25.4,34.2,5.4,1.8,65.5,7.8,19.52,5.1
131,没林,2017-07-15,25.9,23.6,29.3,12.1,2.1,79,1.6,10.87,10
131,没林,2017-07-16,25.2,22.5,27.3,290.2,1.4,91.6,0,5.51,9.6
131,没林,2017-07-17,25.9,23.8,29.7,.8,1.3,84.8,0,7.01,9.6
131,没林,2017-07-18,26.4,23,30.6,0,1.3,78.8,3.8,12.91,9.1
131,没林,2017-07-19,28,24.7,32.7,,1.5,70.4,6.6,16.45,7.3
131,没林,2017-07-20,29.5,25.4,34.3,,1.4,67.5,9.5,19.12,3.3
131,没林,2017-07-21,30.1,26.9,34.4,,1.8,64.4,8,18.16,6.4
131,没林,2017-07-22,29.5,27.5,33.3,,1.6,69.3,3.5,12.28,9.1
131,没林,2017-07-23,27.5,25.7,29.2,3.8,1.5,81,0,3.15,9.8
131,没林,2017-07-24,27.2,25.3,31.1,33,1.3,88.6,.1,6.55,9.8
131,没林,2017-07-25,28.3,25.6,33.3,21.3,1.9,73.1,8.9,17.87,5.6
131,没林,2017-07-26,27.8,24.1,32.1,,2.8,52.6,12.9,26.1,1.6
131,没林,2017-07-27,27.8,23.1,33.4,,1.5,51.9,9.1,21.15,6
131,没林,2017-07-28,27.2,24.9,30.9,50.9,1.6,77,.1,8.17,9.9
131,没林,2017-07-29,26.4,24.6,30.5,1.8,2.2,73.8,4.6,13.21,8.1
131,没林,2017-07-30,28.1,23.8,32.6,0,1.5,65.5,9.2,18.34,7
131,没林,2017-07-31,24.5,22.4,27.4,39.1,1.4,89.9,0,2.67,9.4
131,没林,2017-08-01,27.2,22.8,32.6,3.6,1.3,74.9,8.5,18.95,6.3
131,没林,2017-08-02,29.3,25.3,33.7,,1.4,68.5,8.1,16.07,4.5
131,没林,2017-08-03,28.7,25.2,32.5,,2.8,57.3,12.7,23.3,3.3
131,没林,2017-08-04,30,24.4,35.5,,1.4,59.9,11.4,21.11,3
131,没林,2017-08-05,31.8,26.8,36.7,,1.7,57.9,11.4,20.96,2.6
131,没林,2017-08-06,31.2,28.1,35.8,,1.8,59.9,9.1,21.56,6.3
131,没林,2017-08-07,29.4,25.8,34.2,,1.8,59.3,12.1,22.1,3.3
131,没林,2017-08-08,28.2,24.5,32.4,0,1.4,62.6,3.2,14.7,7.9
131,没林,2017-08-09,24.1,22.2,27.5,38.5,2.1,85.9,0,5.2,10
131,没林,2017-08-10,26.1,23.9,31,1.5,1.3,83.3,4.1,10.93,6.9
131,没林,2017-08-11,27.3,23.8,32.3,0,1.5,69.9,8.6,17.33,3.8
131,没林,2017-08-12,27.2,23.1,30.9,,1.8,62.6,7.5,14.88,4.9
131,没林,2017-08-13,25.4,23.5,27.2,0,2.6,61.5,1.7,8.83,8.9
131,没林,2017-08-14,23.1,21.6,26,35,1.5,84.5,0,4.37,10
131,没林,2017-08-15,23.2,21.7,24.8,14.3,1.4,89.6,.1,3.41,10
131,没林,2017-08-16,25.4,22.5,30.4,14,1.3,82.3,3.3,11.99,8.9
131,没林,2017-08-17,25.8,22.5,32,2.1,1.4,76,7.6,17.12,7.8
131,没林,2017-08-18,26.2,23.7,30.2,.7,1.3,74.6,6.1,14.43,7
131,没林,2017-08-19,26,22.9,30.5,1.9,1.2,74.3,2.2,11.43,8.9
131,没林,2017-08-20,26.2,23.4,29.9,4.9,2.4,73,3.1,10.52,9.3
131,没林,2017-08-21,25.1,23,29.5,39.8,1.6,89.3,2.2,8.02,9.5
131,没林,2017-08-22,28.1,24.3,32.7,.1,1.3,75.3,7.7,16.9,6
131,没林,2017-08-23,29.1,25.5,32.9,9.2,1.9,74.3,9.1,16.59,8
131,没林,2017-08-24,27.4,24.4,30.7,33.9,2.2,80.6,3.7,9.79,8.6
131,没林,2017-08-25,26.2,22.9,31.6,,1.5,61.9,9.7,20.18,5.4
131,没林,2017-08-26,24.3,20.1,29.6,,1.7,50.5,11.7,23.83,1.8
131,没林,2017-08-27,23.2,18.6,29.9,,1.3,58.9,7.1,18.12,6.6
131,没林,2017-08-28,24.1,20.6,28,25.7,1.6,73.5,3,10.54,7.6
131,没林,2017-08-29,20.8,18.3,24.5,,2,55.9,11.4,21.31,5
131,没林,2017-08-30,18.6,16.8,21.4,0,1.4,53.5,.6,7.43,8.3
131,没林,2017-08-31,21.6,17.2,27,,1.7,60.3,11.4,21.96,2
131,没林,2017-09-01,22.3,16.3,28,,1.7,52.3,12.1,23.1,.8
131,没林,2017-09-02,22.3,17.1,27.5,,1.5,54.3,11.8,19.69,2.6
131,没林,2017-09-03,22.8,16.4,28.6,,1.3,54.1,9.9,20.82,3.5
131,没林,2017-09-04,23.3,17.6,29,,1.7,50.8,10.9,19.45,5.6
131,没林,2017-09-05,21.7,19.1,24.2,1.7,1.3,70.3,0,6.26,9.4
131,没林,2017-09-06,21,18.9,22.8,2.6,1.3,78.8,0,4.71,10
131,没林,2017-09-07,22.4,18.2,27.7,,1.3,69,8.5,16.34,5.1
131,没林,2017-09-08,23.5,19.8,28.7,,1.1,66.1,7.4,14.03,5.3
131,没林,2017-09-09,22.7,18,28.5,,1,72.3,6.6,14.85,4.4
131,没林,2017-09-10,22.7,19.3,27.1,0,1.1,77.3,.7,8.77,8.5
131,没林,2017-09-11,20.7,17.5,23.4,32.9,1.9,82.6,.8,7.02,7.5
131,没林,2017-09-12,22.4,19.1,28.3,,1.4,65.5,9.2,16.94,3
131,没林,2017-09-13,21.1,15.5,28,,1.3,52.8,11.9,21.05,.1
131,没林,2017-09-14,21.5,14.7,28,,1.4,58.5,11.6,20.52,.1
131,没林,2017-09-15,22,17.7,26.2,,3.4,49.4,11,17.76,5.6
131,没林,2017-09-16,20.8,16.7,24.8,,3.3,54.9,7.9,13.92,6.6
131,没林,2017-09-17,21.9,16.9,28.3,,2.5,59.6,7.4,15.79,3.1
131,没林,2017-09-18,21.6,16.6,27.7,,1.3,64.6,11,18.17,1.3
131,没林,2017-09-19,23,18.6,27.5,0,2,69.5,4.5,10.02,7.9
131,没林,2017-09-20,20.2,16.5,24.6,6.2,1.9,48.5,11.2,20.25,2.5
131,没林,2017-09-21,19.4,12.5,26.5,,1.2,58.3,11.3,20.04,.3
131,没林,2017-09-22,20.6,15,26.9,,1.2,60.3,11.1,17.99,2.1
131,没林,2017-09-23,21,15.7,26.2,,1.1,72,4.1,12.07,6.3
131,没林,2017-09-24,22.6,18.4,27.5,0,1.1,75,3.4,9.74,6.9
131,没林,2017-09-25,23.3,19.6,29,,1.3,70.3,7.8,14.73,4.4
131,没林,2017-09-26,23.8,18,29.3,0,1.5,57.5,8.8,16.82,4.5
131,没林,2017-09-27,19.6,16.2,23,34.9,2.1,81,2.2,6.25,8.8
131,没林,2017-09-28,20.2,15.7,24.7,,2,51.4,10.3,18.01,3.1
131,没林,2017-09-29,16.8,12,22,,1.2,44.3,10.4,16.83,4.1
131,没林,2017-09-30,18.6,11.5,25.7,,1.1,58.1,10.3,17.32,1.5
131,没林,2017-10-01,16.6,14.7,19.5,5.9,1.5,76.1,.1,4.35,9.3
131,没林,2017-10-02,19.8,15.1,25.1,9.2,2,78.3,5.4,10.54,5.6
131,没林,2017-10-03,18.2,15.4,23.1,,1.3,57,3.4,10.41,5.6
131,没林,2017-10-04,17.8,13.2,23.3,,1.4,55.5,9.2,13.77,5.3
131,没林,2017-10-05,18.4,14.1,21.7,,2.2,56.1,5.4,11.27,7.9
131,没林,2017-10-06,16.6,14.5,19.2,.8,1.6,77.4,.7,5.66,8.5
131,没林,2017-10-07,20.3,16.7,25.3,,1.4,72.6,5.8,11.71,7.3
131,没林,2017-10-08,21.9,17.6,27.5,,1,68.5,9.3,15.01,3.5
131,没林,2017-10-09,22.4,18.3,28.1,,1,68.5,9.9,14.22,3
131,没林,2017-10-10,22.2,18.3,26.2,0,1,74.4,3.4,9.56,6.8
131,没林,2017-10-11,17.2,14,22.1,6.8,1.7,78.1,.1,4.16,9.9
131,没林,2017-10-12,12.6,10.5,14,.4,1.4,77.8,0,2.78,7.4
131,没林,2017-10-13,11.6,5.6,17.8,,1.3,66.9,7.5,14.59,6.4
131,没林,2017-10-14,14.1,8.5,19.5,,1.7,51.6,9.1,15.7,5
131,没林,2017-10-15,15.3,10.1,20.7,,1.8,55.5,7,10.9,6
131,没林,2017-10-16,16.2,13.5,20.8,,1.8,56.6,4.4,9.67,6.9
131,没林,2017-10-17,16,10.1,22.7,,1.4,61.5,10.1,15.25,2.3
131,没林,2017-10-18,16.8,15.5,19.3,,2.1,51.6,.3,5.59,8.9
131,没林,2017-10-19,16.2,11.3,20.7,,1.5,58.9,6.9,11.18,4.8
131,没林,2017-10-20,16.5,11.3,22.5,,1.4,58.4,10.2,14.99,.3
131,没林,2017-10-21,16.2,10.8,22.9,,1.6,58.9,10,14.89,0
131,没林,2017-10-22,15.6,9.6,22.9,,3,52.8,8.9,14.18,2.5
131,没林,2017-10-23,13.4,10.1,18.1,,1.6,49.9,9.8,14.34,1
131,没林,2017-10-24,13.2,8.5,18.7,,1.2,57.6,9,13.19,1.8
131,没林,2017-10-25,13.2,7.5,20,,.9,62.6,9.5,13.41,1.9
131,没林,2017-10-26,14.2,8.3,20.1,,.8,58,7.2,11.2,7.3
131,没林,2017-10-27,15.5,12.1,21.8,,.9,55,6.2,9.38,4.6
131,没林,2017-10-28,16.3,10.6,23.4,,1.4,61.1,9.8,13.39,.6
131,没林,2017-10-29,11.6,7.1,18,,2.1,57.8,8.4,10.1,1.3
131,没林,2017-10-30,7.6,3.3,13.2,,1.5,33.8,9.8,14.12,0
131,没林,2017-10-31,8.8,1.1,16,,.9,54.3,9.7,13.7,1.3
131,没林,2017-11-01,13.5,8.2,19,,1.2,62.3,6.9,10.18,8.5
131,没林,2017-11-02,14.2,11.4,18,,.8,71.4,3.9,6.75,4.1
131,没林,2017-11-03,11.3,8,16.1,0,1.8,66,3.5,5.25,6.1
131,没林,2017-11-04,8.1,4.5,13.6,,1.5,49.8,9.2,12.31,.9
131,没林,2017-11-05,7.4,1.4,14.3,,.8,63.9,9.6,12.28,0
131,没林,2017-11-06,9,2,16.4,,.9,63.4,9.2,12.27,.8
131,没林,2017-11-07,13.3,5.9,19.5,0,.7,63.4,7.6,11.07,5.3
131,没林,2017-11-08,13.5,8.3,18.3,0,1.5,58.6,7.6,9.79,3.1
131,没林,2017-11-09,9.1,2.5,16.1,,.8,49.1,9.6,11.97,0
131,没林,2017-11-10,10,3.1,17.8,3,2,61.5,4.6,6.55,6.1
131,没林,2017-11-11,6.2,2.9,10.6,,1.7,47.1,9.4,12.33,0
131,没林,2017-11-12,4.9,-1.1,11.6,,1,62.1,9.4,10.94,1.8
131,没林,2017-11-13,7.1,1,12.3,0,1,61.3,2.8,5.62,7.1
131,没林,2017-11-14,8.1,5,12.5,.2,1.7,54.1,9.1,10.26,0
131,没林,2017-11-15,5.3,3.1,8.5,0,2,51.8,7.8,8.8,6
131,没林,2017-11-16,2.7,-1.2,7.2,,1.7,42.9,9.3,11.6,.3
131,没林,2017-11-17,3.6,-2,7.5,.4,1.2,56.3,3.7,5.5,6.9
131,没林,2017-11-18,-.3,-2.7,5.4,,2.8,44.4,9.3,11.92,1.1
131,没林,2017-11-19,-.4,-4.6,3.7,,1.7,40.5,9.1,10.86,3.8
131,没林,2017-11-20,3.3,-.9,7.7,0,1.4,53.6,7.2,9.38,3.6
131,没林,2017-11-21,2,-2.7,8,0,.9,64.5,8.3,10.46,2.4
131,没林,2017-11-22,3.9,-1.2,10.3,.1,1.4,61.5,2.5,3.97,6.9
131,没林,2017-11-23,1.4,-1.5,4.9,0,1.5,61.1,5,5.92,3.3
131,没林,2017-11-24,.6,-1.7,3,2.4,1.1,82.3,2.7,5.01,6.4
131,没林,2017-11-25,5.3,-3.1,11,0,1.8,65.9,7.3,9.18,4.8
131,没林,2017-11-26,6.6,1.6,10.8,7.6,1.6,73.4,5.3,6.02,5.4
131,没林,2017-11-27,3.2,-2.2,9.1,,.8,71.4,8.8,10.1,.4
131,没林,2017-11-28,5.8,.6,12.2,,1,74.8,4.2,6.07,4.8
131,没林,2017-11-29,5.5,1.4,8.9,,1.7,51.3,6.8,9.05,6.6
131,没林,2017-11-30,-.4,-2.3,3.9,,2.3,34.5,8.4,10.63,1.5
131,没林,2017-12-01,-.6,-5.3,3.6,,1.4,34.1,8.9,10.77,1.8
131,没林,2017-12-02,1.8,-3.4,7.4,,.9,53,8.4,8.7,2.5
131,没林,2017-12-03,3.9,-.7,8.6,0,.8,73.1,2.5,4.14,6.5
131,没林,2017-12-04,1.2,-3.2,4.5,0,2.2,60.5,7,9.34,4.8
131,没林,2017-12-05,-3,-6,.1,,1.9,42.6,8.7,10.22,1.1
131,没林,2017-12-06,.3,-4.8,5.5,1.5,.9,80.3,4.6,7.34,7.3
131,没林,2017-12-07,2.7,-1.7,6,1.3,1.5,67.1,2.8,5.46,6.8
131,没林,2017-12-08,-2,-4.5,1,0,2,46.4,8.7,9.92,2.1
131,没林,2017-12-09,1.1,-2.2,5.1,0,.9,57.9,3.9,7.2,7.5
131,没林,2017-12-10,2.6,-.9,7.3,2,1.6,73.9,1.1,3.28,7.9
131,没林,2017-12-11,-4.8,-8.1,-.1,0,2.4,61.4,3.2,5.67,5
131,没林,2017-12-12,-6.9,-10.7,-3,,2,45.4,8.7,10.3,0
131,没林,2017-12-13,-6.1,-9.6,-1.3,,1.5,43.9,8.8,10.22,0
131,没林,2017-12-14,-5.3,-10.8,-.9,,1.1,52.5,6.1,7.67,3.9
131,没林,2017-12-15,-1.6,-7.8,2.1,0,.9,47.8,4.8,6.36,6.4
131,没林,2017-12-16,-2.9,-5.9,1.7,0,2.5,46.3,8.5,8.51,4.8
131,没林,2017-12-17,-5,-8.7,-.7,,1.5,48.8,8.7,9.82,.9
131,没林,2017-12-18,.8,-6.5,6.9,0,1.5,60.5,7.7,8.52,4.6
131,没林,2017-12-19,-2,-5.7,3,0,2.1,46,6.9,8.93,3.3
131,没林,2017-12-20,-1.8,-8.4,3.9,.8,1.2,73.1,6.3,8.22,4.9
131,没林,2017-12-21,.1,-2.7,3.8,,1,67.9,8.4,10.21,2.1
131,没林,2017-12-22,1.8,-3.8,7.9,,.7,69.5,5.3,6.82,4.9
131,没林,2017-12-23,5.1,1,10.5,,.7,73.8,5.6,6.71,6.6
131,没林,2017-12-24,3,1.4,5.2,12.8,1.3,83.8,0,.94,8.6
131,没林,2017-12-25,-.8,-3,2,0,2.3,48.5,8.7,10.1,2
131,没林,2017-12-26,-2,-5.7,2.4,0,2,59.9,7.2,8.87,3.4
131,没林,2017-12-27,-5.1,-8,-1,,1.8,34.6,8.8,10.18,0
131,没林,2017-12-28,-1.5,-6.2,2.1,,1.1,47.6,5.9,6.27,7.4
131,没林,2017-12-29,3,-.1,5.8,,1.1,65.8,.1,3.47,9
131,没林,2017-12-30,3.6,.5,7.1,1.4,1.1,71.8,4,5.77,9
131,没林,2017-12-31,1.3,-1,4.7,1.3,1.8,59.4,8.1,8.67,2.6
131,没林,2018-01-01,-.2,-4.3,4.7,,1.1,50.6,8.6,9.12,.6
131,没林,2018-01-02,-.7,-4.2,2.9,,1.2,61.9,1.9,4.89,4.9
131,没林,2018-01-03,-2.6,-5,1.2,,1.8,46.3,8.8,10.02,2.3
131,没林,2018-01-04,-3.2,-6.2,-.9,,1.5,47.3,6.5,7.67,8.1
131,没林,2018-01-05,-1.2,-3.7,3.3,,1.3,57.4,7.9,9.09,5
131,没林,2018-01-06,-.8,-4.2,3.9,,1.4,58.1,8.7,10.07,.1
131,没林,2018-01-07,-1.6,-6.9,2,0,.8,60.5,1.8,4.41,6.9
131,没林,2018-01-08,.9,-.9,2.2,2.1,1.4,79.6,.1,2.22,9.9
131,没林,2018-01-09,-2.6,-4.5,-.3,1.8,1.9,81.9,1.4,5.03,8.5
131,没林,2018-01-10,-5.5,-9.1,-2.1,4.2,1.8,66,6.7,8.47,3.6
131,没林,2018-01-11,-9.3,-11.1,-5.8,0,1.8,69.4,8.1,9.01,4.4
131,没林,2018-01-12,-9.5,-15.3,-5.9,0,1.3,55.4,9,10.91,4.4
131,没林,2018-01-13,-4.3,-7.8,-.5,0,1,80.9,4.1,5.91,8.5
131,没林,2018-01-14,-2.1,-9.3,4.6,,.9,77.5,6.1,9.85,6
131,没林,2018-01-15,4,.4,8.8,,.8,70.8,7.8,8.89,6
131,没林,2018-01-16,3.2,-.1,6.4,1.7,.9,81.3,.1,3.5,9.3
131,没林,2018-01-17,3.9,1.9,5.6,6,1.2,89.8,0,2.94,9.5
131,没林,2018-01-18,3.5,.9,6,0,1.1,72.5,1.7,5.69,8.1
131,没林,2018-01-19,1.1,-2,5.8,,1.1,52.8,8.6,9.29,2.3
131,没林,2018-01-20,1.7,-3.8,7.3,,.9,64.5,4.6,7.83,3.8
131,没林,2018-01-21,.6,-3.4,5.4,,.7,67.8,3.4,6.33,6.8
131,没林,2018-01-22,2.6,-1.6,8.1,1.8,1.6,59.5,1.7,5.27,8.6
131,没林,2018-01-23,-8.1,-10.8,-1.6,0,3,51.1,8.8,11.22,1.9
131,没林,2018-01-24,-11.9,-14,-8.3,0,2.9,35.4,9.3,12.15,0
131,没林,2018-01-25,-12,-14.9,-7.9,,2.3,42.3,8.3,10.98,3.5
131,没林,2018-01-26,-12.6,-15,-9.2,,2.5,50,9.4,11.42,.5
131,没林,2018-01-27,-9,-15.8,-2.4,,1.1,44.9,9.3,11.66,1.8
131,没林,2018-01-28,-4.3,-6.6,.3,0,1.9,41.9,8,10.94,3.4
131,没林,2018-01-29,-6.8,-8.5,-4,,2.2,46.6,9.5,12.04,1
131,没林,2018-01-30,-4.1,-10.2,1.7,,1.4,56.5,8.8,11.34,3.1
131,没林,2018-01-31,-.6,-3.6,2.9,,1.5,44.5,4.5,7.51,7
131,没林,2018-02-01,-2,-6.7,2.9,,1.3,41.1,9.5,12.8,0
131,没林,2018-02-02,-2.3,-7.9,3.8,,1.1,48.1,9.3,11.53,2
131,没林,2018-02-03,-5.4,-8.6,-2.3,0,2.8,53.6,9.3,11.87,4.5
131,没林,2018-02-04,-7.9,-10.3,-4.9,,2.3,46.8,9.8,12.37,1.8
131,没林,2018-02-05,-8,-11.1,-4.5,,2.2,43.9,9.5,12.52,1.6
131,没林,2018-02-06,-8.7,-11.6,-5.1,0,2.3,49.4,9.8,11.46,2.1
131,没林,2018-02-07,-7.6,-13.9,-2.1,,1.4,46.9,9.8,13.82,.1
131,没林,2018-02-08,-3.8,-10.8,3.3,,1,45.5,9.5,12.53,0
131,没林,2018-02-09,.9,-6.1,7.7,,1.1,48.9,4.9,9.21,7.3
131,没林,2018-02-10,-.1,-5.5,5.3,,2.1,48.5,6.1,9.31,6.4
131,没林,2018-02-11,-5.1,-7.7,-.8,1.6,1.9,71.9,6.7,9.67,6.9
131,没林,2018-02-12,-5.9,-10.2,-3,0,1.5,72.4,6.2,10.08,4.3
131,没林,2018-02-13,-1.3,-7.1,3.7,.2,1.7,66.4,9.7,14.49,1
131,没林,2018-02-14,4.2,-2.2,10.5,,1.7,60.1,6.3,8.63,5.4
131,没林,2018-02-15,.2,-2.4,5.4,,1.5,39.4,9.6,14.18,3.4
131,没林,2018-02-16,0,-5.4,5.8,,1.3,45.6,9.3,12.87,3.9
131,没林,2018-02-17,-1.9,-4.4,2,,2.1,31.6,9.3,15.4,3
131,没林,2018-02-18,-.1,-3.4,3.7,,.9,35.4,1,7.61,7.6
131,没林,2018-02-19,2.1,-3.5,8.1,,1,48,8,11.8,5.3
131,没林,2018-02-20,1.8,-2.6,7,,1.4,49.6,7,12.19,4.1
131,没林,2018-02-21,-.1,-3.1,4.4,,1.7,30.5,9.4,13.37,4.4
131,没林,2018-02-22,1.3,-5.2,7.5,0,1.5,47.4,9.2,13.82,2.4
131,没林,2018-02-23,5.2,-.2,10,.1,1.9,67,5.3,9.21,4.9
131,没林,2018-02-24,5.4,1.1,10.9,,1.8,43.5,8.8,13.84,6.5
131,没林,2018-02-25,3.3,-.6,9.5,,1.5,33.1,6.8,12.06,4.6
131,没林,2018-02-26,3.7,-4,11.4,,.9,38.1,10.4,16.45,.5
131,没林,2018-02-27,6.1,-1.6,13.5,,1.3,41.4,6.8,11.97,5.6
131,没林,2018-02-28,5.3,1.6,9.3,28.7,2.9,70.3,0,1.77,10
131,没林,2018-03-01,1.1,-2.7,5.3,1.2,2.9,62.9,8.4,15,6.5
131,没林,2018-03-02,.7,-5.2,6.9,,1.3,40.5,10.7,17.32,.3
131,没林,2018-03-03,8.1,-1.7,17.8,,.9,45.9,9.8,15.93,2.4
131,没林,2018-03-04,13.5,8.4,21.5,21.7,1.3,63.4,6.4,13.57,8
131,没林,2018-03-05,5.6,2,11.4,8.8,3.7,71.6,2.6,7.61,7.9
131,没林,2018-03-06,5.3,-.4,11.4,,1.6,54.1,10.5,17.93,3
131,没林,2018-03-07,5.7,2.4,9.6,5.2,3,61.1,3.2,10.82,7.6
131,没林,2018-03-08,2.7,.2,6.8,8.9,2,84.6,0,3.71,9.6
131,没林,2018-03-09,3.8,1.7,7.7,0,1.3,70,1.6,6.68,8
131,没林,2018-03-10,4.3,-1,11.2,,1.4,63.9,7,15.08,1.3
131,没林,2018-03-11,7.4,3.1,14.2,,1.5,52.5,8.8,17.09,3.1
131,没林,2018-03-12,8.9,.3,17.4,,1.2,47.9,10.3,16.79,0
131,没林,2018-03-13,12.4,3,20.7,,1.5,57.4,10.7,16.95,1.9
131,没林,2018-03-14,15.9,8,23.4,,1.4,58.9,10.7,17.52,1
131,没林,2018-03-15,12.8,9.1,15.3,8.5,1.1,91.6,0,1.89,10
131,没林,2018-03-16,5.7,3.6,9.1,0,3.3,64.5,3.2,8.24,5.6
131,没林,2018-03-17,6.9,-.4,14.5,,1.3,49.3,10.9,19.59,4
131,没林,2018-03-18,7.5,3.6,11.5,5.2,.8,70,0,5.64,9.5
131,没林,2018-03-19,7.6,5.4,9.7,19.4,3,86.3,.1,3.16,9.9
131,没林,2018-03-20,5.9,2.9,10.2,0,4.4,43.1,2.4,13.12,9.3
131,没林,2018-03-21,1.4,-.6,3.9,2.4,3,80.3,0,5.67,10
131,没林,2018-03-22,5.3,.3,11.9,.4,1.6,63.3,8.8,18.48,3.1
131,没林,2018-03-23,6.2,0,13.9,,1.4,58.3,9.8,19.51,1.1
131,没林,2018-03-24,8.7,2.5,16.1,,1.5,61.6,9.8,16.54,1.8
131,没林,2018-03-25,10.4,3.6,19.5,,1.2,65.8,7.9,17.51,3.8
131,没林,2018-03-26,11.9,3.7,19.9,,1.2,65.9,8.8,17.54,1.8
131,没林,2018-03-27,14.2,6.6,21.9,,1.6,59.9,9.8,18.6,.3
131,没林,2018-03-28,15.3,9,22.1,,1.8,56.5,10.6,18.78,1.3
131,没林,2018-03-29,15.9,10.5,21.4,,1.1,64.9,2.6,9.16,5.6
131,没林,2018-03-30,15.4,11.2,21.4,,1.8,45.3,,,2.3
131,没林,2018-03-31,16.1,9.8,23.5,,1.3,49.4,10.1,19.9,1.9
131,没林,2018-04-01,16,10.2,20.7,0,1.2,63.4,1.4,8.37,7.3
131,没林,2018-04-02,18.6,11.8,25.6,,1.4,62.1,10.7,21.37,1.1
131,没林,2018-04-03,19.3,14,26.1,,1.4,61.3,6.5,16.31,6
131,没林,2018-04-04,12.7,9.7,18.1,14.1,2.4,79.1,0,2.77,9.9
131,没林,2018-04-05,8.5,7.1,9.7,10,2.2,82,0,3.07,10
131,没林,2018-04-06,7.3,3.2,12.1,16.3,2.5,69.8,6.8,17.48,8.9
131,没林,2018-04-07,5.2,2.9,9.4,0,3.5,38.9,9.7,21.67,4.8
131,没林,2018-04-08,8.1,1,13.3,,2.7,50,8.3,19.19,4.6
131,没林,2018-04-09,11.6,5.6,17.7,,1.4,48.5,11.1,23.23,2.9
131,没林,2018-04-10,16.5,6.6,24.2,12.4,2.5,49,8.4,20.09,6
131,没林,2018-04-11,14.9,10.9,20.1,2,2.7,49.3,11.1,24.86,2.3
131,没林,2018-04-12,13.9,7.3,20.8,,1.8,34.1,11.7,24.98,1.6
131,没林,2018-04-13,13.9,5.9,19.4,0,2.5,33,3.9,14.13,9
131,没林,2018-04-14,8.8,7.1,13.3,29.7,2.4,81.5,0,2.5,9.9
131,没林,2018-04-15,10,6.3,16.2,,2.1,63.6,9.9,21,4.4
131,没林,2018-04-16,11.9,4.8,18.7,,1.3,54.3,11.3,24.61,3.4
131,没林,2018-04-17,13.7,8.8,20.2,,1.4,46.8,10.1,21.96,4.4
131,没林,2018-04-18,14,6.7,21.8,,1.3,39.9,11.8,26.02,0
131,没林,2018-04-19,15.8,7,24.2,,1.3,36.4,11.8,25.76,0
131,没林,2018-04-20,19.9,10.8,29.5,,1.1,43.6,11.4,24.22,0
131,没林,2018-04-21,20.2,12.1,29.6,,1.4,41.3,12,26.53,3.1
131,没林,2018-04-22,17.1,12.6,21,.7,1.9,55.6,1.8,8.26,9.3
131,没林,2018-04-23,11.4,10.3,17.3,44.6,2.5,85.5,0,2.72,10
131,没林,2018-04-24,12.2,9.8,15.6,3.2,2.8,73.4,0,7.21,9.1
131,没林,2018-04-25,14.8,6.9,22.5,,1.7,38.4,12.3,27.5,0
131,没林,2018-04-26,16,9.4,24,,1.4,47.3,10.5,23.17,4.9
131,没林,2018-04-27,16.2,9.7,23.1,,1.5,53.5,11.8,23.46,1.4
131,没林,2018-04-28,16.9,10.9,24.6,,1.5,54,11.6,26.5,0
131,没林,2018-04-29,17.2,8.3,26.3,,1.4,44.5,11.6,26.18,2.4
131,没林,2018-04-30,19.8,12.7,27.1,,1.4,58.4,9.2,22.44,6.3
131,没林,2018-05-01,20.9,16.7,25.7,,1.5,68.9,6.5,16.87,7
131,没林,2018-05-02,17.2,11.2,23.8,11,2.2,78.6,1.8,8.83,10
131,没林,2018-05-03,12.6,9,17.4,0,3.1,54.9,10.3,22.61,4.4
131,没林,2018-05-04,15.3,8.3,22,,2.8,38.3,12.5,28.53,.4
131,没林,2018-05-05,19,11.4,26.7,0,1.8,38.1,11.7,24.03,4.3
131,没林,2018-05-06,15.8,14.7,19.8,15.7,1.5,90.6,0,3.71,10
131,没林,2018-05-07,18.2,15.1,22.5,0,1.6,75.1,3.1,11.96,7.1
131,没林,2018-05-08,17.1,13.5,21.3,,2.9,58.5,7.7,19.24,6.3
131,没林,2018-05-09,16.1,9.7,22.1,,1.8,53.3,12.6,27.73,.5
131,没林,2018-05-10,16.5,11.3,23.7,,1.8,63,9.9,25.9,1.6
131,没林,2018-05-11,17.1,11.3,24.3,,1.6,57.3,7.4,23.76,9.1
131,没林,2018-05-12,15.7,13.1,17.6,24.3,1.1,85.1,0,2.18,10
131,没林,2018-05-13,17.4,15.1,20.4,1,1.6,77.3,7.4,19.2,6.1
131,没林,2018-05-14,20.4,13.9,26.9,,1.4,66.1,9.6,24.83,4.3
131,没林,2018-05-15,24,16.2,30.1,0,1.1,57,8.3,21.91,7.3
131,没林,2018-05-16,25.3,22.4,27.2,.4,2,73.4,0,4.03,9.8
131,没林,2018-05-17,26.3,24.7,31.1,,1.7,70.3,2.4,11.09,9.4
131,没林,2018-05-18,19.3,14.5,25.2,17.2,2.5,86.4,.3,5.38,10
131,没林,2018-05-19,17.6,12.8,22.2,0,3.4,53.6,10.9,28.41,3.8
131,没林,2018-05-20,17.8,11.2,23.1,,2.8,38.5,7.6,20.26,4.6
131,没林,2018-05-21,17.5,12.7,21.7,,2.6,57.4,10.7,25.28,4.1
131,没林,2018-05-22,18.9,14.5,25,6.9,1.2,68.4,6.6,17.7,7.5
131,没林,2018-05-23,18.9,15.1,23.1,15.5,2,57.8,12.4,29.88,2.5
131,没林,2018-05-24,19.5,11.9,27.2,,1.9,48.3,12.6,28.71,1.6
131,没林,2018-05-25,20.4,13.6,26.4,,1.3,42.9,9.9,25.76,5.1
131,没林,2018-05-26,22,14,30.5,,1.5,47.8,13,29.55,.5
131,没林,2018-05-27,21.3,17.4,26.5,,1.3,54,2.9,15.27,8.1
131,没林,2018-05-28,23,15.5,30.6,,1.6,55,12.5,28.38,4.5
131,没林,2018-05-29,23.3,20.2,28.2,,1.5,63.9,6.5,19.27,8.6
131,没林,2018-05-30,21.9,18.3,28.6,0,1.9,61.1,8.4,21.69,5.9
131,没林,2018-05-31,21.2,15.2,26.9,,1.7,53.8,13,29.05,1
131,没林,2018-06-01,24.2,17.4,30.5,,1.6,47.1,13.4,29.17,0
131,没林,2018-06-02,24.2,17.6,31.1,,1.6,38.8,12.8,29.58,1.9
131,没林,2018-06-03,24.1,16.5,31.1,,1.5,41.9,12.8,28.6,3.1
131,没林,2018-06-04,23.5,19.1,29.3,0,1.5,50.4,8.8,22.73,8.3
131,没林,2018-06-05,23.9,19.6,28.7,0,1.4,56.5,7.3,20.29,7.6
131,没林,2018-06-06,24.2,19.5,30.5,,1.5,59.3,11.7,27.66,1.6
131,没林,2018-06-07,23.9,19.1,30,,1.7,63,9.3,25.44,2.9
131,没林,2018-06-08,21.9,18.5,26.4,,1.7,66.9,6.4,17.37,6
131,没林,2018-06-09,23,18.1,28.2,0,2.8,58.6,9.4,24.95,5.6
131,没林,2018-06-10,21.5,19.2,25.2,0,3.3,56.1,7.2,20.49,8.9
131,没林,2018-06-11,20.6,18.7,23.2,0,2.1,60.3,2.6,12.7,9.1
131,没林,2018-06-12,22,18.5,27.4,0,1.7,60.6,7.2,19.95,5.5
131,没林,2018-06-13,23.1,17.5,28.1,,1.9,59.8,7.6,21.11,4.8
131,没林,2018-06-14,22.5,19.4,26.9,.7,3.1,57.3,7.5,20.51,7.9
131,没林,2018-06-15,21.8,18.4,26.3,,3.3,49.4,12.3,28.19,3.1
131,没林,2018-06-16,22.3,16.6,28.6,,2.2,48.4,13.5,30.49,1
131,没林,2018-06-17,23.3,18.2,29.3,,1.5,61.9,7.4,20.48,7
131,没林,2018-06-18,25.7,20.7,31.6,,1.5,53.4,10.2,24.42,4.8
131,没林,2018-06-19,21.5,19.7,24.9,.1,1.3,73.3,.3,7.6,9.1
131,没林,2018-06-20,23.4,19.5,28.9,0,1.7,62.9,8.9,22.34,6.9
131,没林,2018-06-21,24.1,19.3,29.9,,2,50.3,10.6,27.4,4.5
131,没林,2018-06-22,25.7,18.6,32,,1.5,44,10.2,27.34,5.8
131,没林,2018-06-23,25.1,20.6,31.3,,1.9,49.6,9.1,24.79,4.6
131,没林,2018-06-24,26.3,20.2,33.4,,1.7,54.5,9.9,25.98,3.4
131,没林,2018-06-25,27.3,20.7,33.4,,1.1,48.9,8.1,19.98,6.1
131,没林,2018-06-26,23.6,20.9,26,62.2,1.6,80,0,1.26,10
131,没林,2018-06-27,25.5,22.5,30.5,.3,2,73.6,8.2,22.13,7.4
131,没林,2018-06-28,24.7,23.2,26.8,0,1.7,77.5,0,6.45,9.9
131,没林,2018-06-29,26.3,21.9,31.5,,1.7,66.8,10.1,23.9,6.4
131,没林,2018-06-30,25.7,23.6,29.4,0,1.7,73.5,2.2,11.02,9.4
131,没林,2018-07-01,22.1,20.3,26,117.8,1.7,86,0,5.09,9.9
131,没林,2018-07-02,23,20.7,25.8,54.1,1.5,87.6,1.4,7.83,9.8
131,没林,2018-07-03,26.7,22.9,31,.1,2.6,70.4,5.4,17.14,7.8
131,没林,2018-07-04,26.1,24.3,31.1,12.8,1.4,78.5,7.1,16.45,7.4
131,没林,2018-07-05,25.7,23.1,31.5,59.1,1.7,76.9,6,17.15,8.9
131,没林,2018-07-06,23.7,21.8,25.6,.3,2.4,70.3,.4,10.08,8.8
131,没林,2018-07-07,23.7,19.6,28.6,,2.5,57.8,10.1,27.65,4.5
131,没林,2018-07-08,22.7,18.5,27.1,,2.8,59.1,10.2,26.07,6.9
131,没林,2018-07-09,20.8,19.4,22.6,23.2,1.4,81.9,0,3.3,10
131,没林,2018-07-10,26.2,21.4,30.6,0,1.6,72,3.5,14.67,8.1
131,没林,2018-07-11,28.7,25.7,32.7,0,1.4,69.9,4.4,16.5,8.3
131,没林,2018-07-12,29,25.7,32.6,,1.4,70.5,8.8,21.79,7
131,没林,2018-07-13,29,26.1,33.7,,1.4,67.1,10.1,21.62,5.4
131,没林,2018-07-14,29.1,25.5,34,,1.6,65.6,11,25.91,5
131,没林,2018-07-15,29.7,25.5,34.2,,1.4,62.5,12.8,26.94,2.8
131,没林,2018-07-16,29.5,24.8,34.7,,1.5,62.3,11.9,25.65,2
131,没林,2018-07-17,28.9,25.4,33.8,,1.6,63.1,10.3,24.44,2.1
131,没林,2018-07-18,29.1,25,34.5,,1.5,64.4,10.6,22.67,3.1
131,没林,2018-07-19,29.2,24.9,34.5,,1.7,60.9,12.6,27.97,.8
131,没林,2018-07-20,30.1,24.5,35.4,,1.4,60.9,12.6,27.18,.4
131,没林,2018-07-21,31.3,26.1,37.1,,1.4,53.9,12.4,26.34,.5
131,没林,2018-07-22,31.4,25.8,37.8,,1.5,56.8,10.4,22.32,4.9
131,没林,2018-07-23,30.9,27.4,35.4,,1.4,59,10.6,22.36,5
131,没林,2018-07-24,31.6,26.6,37.1,,1.6,60,12.9,25.97,3.3
131,没林,2018-07-25,31,28.1,34.7,,1.9,61.8,11.2,21.5,5.9
131,没林,2018-07-26,30.8,26.8,35.4,,1.6,64,12.3,23.84,2.5
131,没林,2018-07-27,31.2,26.9,36.6,,1.7,64.1,10,23.72,2.6
131,没林,2018-07-28,29.1,24.8,35.9,57.5,1.3,74.3,6.4,15.53,5.4
131,没林,2018-07-29,30.3,25.8,35.6,,2.4,60.6,12.8,25.12,2.6
131,没林,2018-07-30,30.7,25.9,35.5,,2.3,55.6,11.4,23.24,4.5
131,没林,2018-07-31,31.5,25.5,36.7,,1.5,53,12.6,24.72,2
131,没林,2018-08-01,32.7,26.6,38.3,,1.4,53.4,12.9,26.59,.6
131,没林,2018-08-02,33,27.9,37.9,,1.5,48.8,12.2,23.82,1.4
131,没林,2018-08-03,32.7,28.9,38.2,,1.7,51.1,12.3,27.45,2.8
131,没林,2018-08-04,30.7,28.2,34.9,,1.8,61.9,8.3,18.76,4.1
131,没林,2018-08-05,30.1,27,34.7,,2,64.9,10,21.11,5.8
131,没林,2018-08-06,30.3,27.3,35.1,0,1.7,68.5,6,16.26,7.1
131,没林,2018-08-07,31,27.9,35.8,,1.9,61.5,8.6,18.95,5
131,没林,2018-08-08,30.8,27.3,35.7,,1.8,60.9,10.5,22.43,4.9
131,没林,2018-08-09,29.8,26.7,34.4,0,1.5,69.3,6.1,18.54,5.9
131,没林,2018-08-10,30.5,27,35.6,0,2,65.3,8.3,22.19,6.9
131,没林,2018-08-11,29.8,26.7,33.8,,2.7,59.4,6.4,18.1,5.1
131,没林,2018-08-12,30.1,25.7,34.8,0,2.1,60.5,8.8,22.92,6.1
131,没林,2018-08-13,31.9,26.7,37.1,,1.4,59,10.3,21.17,5.4
131,没林,2018-08-14,32.4,28,37.1,,1.7,54.5,11.4,21.04,6.8
131,没林,2018-08-15,33.1,28,39.1,,1.8,48.4,12,23.78,4.9
131,没林,2018-08-16,29.8,25.9,36,,3.2,53.9,8.6,18.49,6.6
131,没林,2018-08-17,26.8,22.8,31.7,,3.5,45,12,25.1,2
131,没林,2018-08-18,26.6,20.8,31.6,,2.3,45.3,12,26,3.5
131,没林,2018-08-19,27.6,22.5,32.8,,1.5,51.1,10.2,22.97,6.5
131,没林,2018-08-20,28.9,24.2,35.1,,2.1,53,8.3,19.54,6.4
131,没林,2018-08-21,27.6,26.2,29.9,0,2.2,62.1,1.2,8.67,6.8
131,没林,2018-08-22,30.8,23.6,38.1,,2.8,55.1,9.8,24.14,5.1
131,没林,2018-08-23,29.8,26.8,33.4,.9,3.7,58.5,1.9,8.99,9.9
131,没林,2018-08-24,25,23.8,27.1,17.6,2.7,82.9,.9,5.71,8.9
131,没林,2018-08-25,24.7,22.9,27.8,0,1.4,72.3,1.9,10.1,9.1
131,没林,2018-08-26,21.5,19.7,24.7,29.6,1.3,82.1,.4,6.83,9.8
131,没林,2018-08-27,23.2,20,26.9,74.8,1.3,89.5,.6,3.57,9.8
131,没林,2018-08-28,26.1,24.1,29.8,17.7,1.2,85.1,1.1,8.49,8.6
131,没林,2018-08-29,27.9,24.7,32.1,,1.7,69.6,6.7,17.17,8.4
131,没林,2018-08-30,26.2,23.9,30.4,31.3,1.7,82.8,3.9,13.78,9.3
131,没林,2018-08-31,23.1,19,27.3,76,1.3,81.5,5,12.19,7.3
131,没林,2018-09-01,24.8,19.5,29.9,,2.5,64.3,10.9,19.68,3.9
131,没林,2018-09-02,24.3,19.6,28.2,0,2.4,62.3,8.7,19.51,5.8
131,没林,2018-09-03,24.5,21.8,30.2,151.6,1.9,78.6,3.7,11.67,9.8
131,没林,2018-09-04,24.1,21.5,28.2,6.2,2,69.5,9.3,20.45,4.1
131,没林,2018-09-05,24.1,19.7,29.6,,1.7,59,11.7,21.19,2
131,没林,2018-09-06,23.6,19.9,28.1,1.4,1.7,70.3,3.5,11.42,7.9
131,没林,2018-09-07,21.7,17.2,26,7.5,1.7,67.8,6.3,13.42,7.6
131,没林,2018-09-08,21.2,15.1,27,,1.6,58.8,11.7,24.31,.6
131,没林,2018-09-09,21.7,15.7,27.9,,1.3,60.4,11.4,22.94,1.1
131,没林,2018-09-10,22.2,17.3,27.2,,1.9,54.1,9,17.45,1.9
131,没林,2018-09-11,20.6,15.5,25.1,,2.3,54.3,8.2,18.09,5.6
131,没林,2018-09-12,22.3,15.9,27.8,,2.2,59.1,11.2,22.63,5
131,没林,2018-09-13,22.3,20.2,24.8,0,1.7,68.9,1.6,6.31,8.9
131,没林,2018-09-14,21.6,19.4,25.1,1.4,1.9,80.9,0,7.44,9.3
131,没林,2018-09-15,21.9,20.8,23.9,.3,1.3,85.1,0,5.42,10
131,没林,2018-09-16,22.5,21,25,0,1.2,77.4,.3,6.7,9.8
131,没林,2018-09-17,22.9,20.2,27.6,0,1.4,61.6,10.6,21.07,4.6
131,没林,2018-09-18,22,17.1,27.5,,1.4,57.6,10.5,19.95,5.1
131,没林,2018-09-19,21.3,16.9,24.3,0,1,66.5,0,8.06,9.4
131,没林,2018-09-20,20.1,17.2,22.2,.3,2.6,76.4,0,4.55,10
131,没林,2018-09-21,19.4,17.8,21.6,34.6,1.7,84.8,0,4.44,9.1
131,没林,2018-09-22,21.2,17.3,26.6,,1.5,65.5,9.9,18.85,4.3
131,没林,2018-09-23,19.6,14.7,26.7,.7,1.3,60.4,9.3,17.78,5.9
131,没林,2018-09-24,17.5,13.8,22.7,,1.4,58.4,9.6,18.29,4
131,没林,2018-09-25,17.6,10.7,24.4,,1.7,59,11.2,20.6,2.1
131,没林,2018-09-26,18.6,14.6,23.6,,2.3,58.5,6.4,15.7,5.1
131,没林,2018-09-27,18.4,12.3,24.8,,1.7,58.4,10.6,19.2,1.6
131,没林,2018-09-28,17.8,13.3,21.6,,1.7,64.5,3.3,8.85,6.5
131,没林,2018-09-29,20,13.9,26.6,,1.6,63,10.8,20.35,3
131,没林,2018-09-30,18,15.1,24.1,,2,59.1,11.1,19.43,1.5
131,没林,2018-10-01,14.9,11.8,18.6,2.8,1.9,69.1,5.1,11.61,6.5
131,没林,2018-10-02,16,11,21.3,,1.3,63.9,10.7,19.29,.6
131,没林,2018-10-03,16.3,10.1,23.1,,1.1,64.5,10.8,19.04,.5
131,没林,2018-10-04,19.7,13,25.9,,2.3,57,10.5,19.07,5.9
131,没林,2018-10-05,17.2,15,20.5,58.7,2.6,86.4,0,3.19,10
131,没林,2018-10-06,18.4,16.8,22.2,29.5,3.4,80.5,1.3,5.38,7.9
131,没林,2018-10-07,17.7,14.1,22.7,,1.5,66.3,9,17.45,2.6
131,没林,2018-10-08,14.4,9.3,20.4,,1.1,57.1,9.6,16.79,2.9
131,没林,2018-10-09,15.2,10,20.3,,1.6,61.8,1.2,8.52,9.3
131,没林,2018-10-10,14.4,10.6,16.9,.2,2.3,53.6,9.4,15.59,5.5
131,没林,2018-10-11,11.2,6.3,15.1,,1.9,54,9.4,17.91,3.3
131,没林,2018-10-12,11.2,5.8,17.4,,1.1,58,10.6,18.11,0
131,没林,2018-10-13,12.3,5.5,19.8,,1,61.4,10.5,17.65,.1
131,没林,2018-10-14,13.5,7.5,19.9,,1.2,61.9,9.4,16.23,5.6
131,没林,2018-10-15,15,9.4,21.4,,1,66.6,8.1,13.28,4.3
131,没林,2018-10-16,13.7,10.8,18.9,,1.1,76.4,3.4,8.1,7
131,没林,2018-10-17,12.8,8.1,19.2,,1.3,63.9,7.9,15.49,1.3
131,没林,2018-10-18,11.1,5.8,17.3,0,1.9,72,8.7,14.93,3
131,没林,2018-10-19,12.7,7.7,18.1,,1.8,62.6,10.2,17.15,0
131,没林,2018-10-20,12.9,6.5,20.8,,.9,59.5,10.1,16.43,1.5
131,没林,2018-10-21,12.8,6,20.7,,.9,57.9,9.7,16.15,1.1
131,没林,2018-10-22,13.8,8.1,20,,.8,59,5.8,10.53,6.6
131,没林,2018-10-23,11.7,8.1,18.2,1.9,1,82.4,3.6,8.37,3.5
131,没林,2018-10-24,12.3,7.3,18.3,,.9,74,8,14.33,2.4
131,没林,2018-10-25,13.3,6.6,21.6,,.9,65.1,9.7,15.16,2.8
131,没林,2018-10-26,12,10.8,13.4,11.4,1.1,78.4,0,1.49,7.5
131,没林,2018-10-27,9.8,7.6,12.8,1,2,60.4,8.1,10.74,6.1
131,没林,2018-10-28,10.6,6.3,16.2,6.7,1.7,68.4,5.3,8,3.6
131,没林,2018-10-29,9.7,6.6,13.8,0,1.5,67.8,6.7,9.53,6.5
131,没林,2018-10-30,7.4,2.9,11.8,,1.6,53.4,9.8,14.99,.5
131,没林,2018-10-31,8.3,4.8,13.2,,1.5,58.8,9.2,14.99,1.9
131,没林,2018-11-01,7.9,1.6,15.7,,1,60.6,9.8,14.75,0
131,没林,2018-11-02,9.9,2.8,18.3,,.9,56.9,9.7,14.58,0
131,没林,2018-11-03,10.7,4,19.2,,.9,58.5,9.7,13.92,.3
131,没林,2018-11-04,11,4.1,19.3,,.8,58.3,9.6,13.49,1.8
131,没林,2018-11-05,11.1,4.8,18.2,,.8,63,8.7,10.94,3.9
131,没林,2018-11-06,12.2,6.2,19.1,,.8,66.4,6.9,10.37,5.1
131,没林,2018-11-07,12.7,10.6,14,.3,1,82.8,0,2.46,10
131,没林,2018-11-08,14,12.5,16.2,38.1,1.5,88.4,0,.88,9.8
131,没林,2018-11-09,12.4,9.4,16.2,.3,1.9,70.1,4.4,7.25,5.5
131,没林,2018-11-10,12.3,7.8,19.2,,1.2,72.5,7.8,11.57,3.4
131,没林,2018-11-11,9,4.3,11.5,0,1,79,0,4.46,7
131,没林,2018-11-12,9.3,5.1,14.8,,1.1,59.1,9.4,12.95,.4
131,没林,2018-11-13,9,4,15.4,,.9,63.6,6.9,10.51,3.8
131,没林,2018-11-14,9.5,4.4,16.1,,.9,65,9.2,12.09,.5
131,没林,2018-11-15,9.7,3.9,16.3,,.8,63.6,8.6,10.46,3
131,没林,2018-11-16,9.9,6,15.6,,1.2,65.6,4.2,7.54,7.4
131,没林,2018-11-17,7.1,2.8,12.2,,1.3,52.9,9.1,11.4,4.5
131,没林,2018-11-18,6.3,.7,11.3,,.8,58.9,3.1,6.95,7
131,没林,2018-11-19,8.5,3.6,13.3,,1.1,56.5,6.6,9.08,3.9
131,没林,2018-11-20,7,1.1,13.4,,1.1,38.3,9.2,11.72,.3
131,没林,2018-11-21,4.4,2.6,7,1,1.5,68.8,0,2.24,9.3
131,没林,2018-11-22,3.8,-.9,8.3,,1.3,55.1,8.7,11.77,.3
131,没林,2018-11-23,2.5,-1.6,7.4,,1.1,39.1,8.4,11.31,2.1
131,没林,2018-11-24,4,.3,6.6,6.2,1,74.4,.2,2.85,9.6
131,没林,2018-11-25,6.9,4.3,11.8,,1,76.1,3.4,8.56,6.6
131,没林,2018-11-26,5.7,-.2,13.1,,1.1,75,7.1,10.58,.1
131,没林,2018-11-27,7.8,.4,14.2,,.9,72.5,7,9.12,5.6
131,没林,2018-11-28,6.1,2.2,10.1,,1.4,31.3,4.1,7.07,4.1
131,没林,2018-11-29,5.1,-.3,9.6,,1,45,4,6.52,4.4
131,没林,2018-11-30,4.9,.1,10.1,,1.1,51.1,8.8,10.79,0
131,没林,2018-12-01,5.3,.6,11,,1,58.3,6.3,8.05,7.4
131,没林,2018-12-02,7.7,1.4,14.6,0,.8,64.4,5.9,7.86,6.3
131,没林,2018-12-03,11.8,8.5,14.2,11.5,.6,88.6,0,1.99,9.3
131,没林,2018-12-04,9,2.9,13.7,14.1,1.8,77.4,.1,2.87,7.9
131,没林,2018-12-05,1.7,-1.4,4.1,,1.9,49.5,4.5,7.42,6.3
131,没林,2018-12-06,2.8,0,6,1.3,1.5,67.5,3.4,5.37,8.4
131,没林,2018-12-07,-4.7,-6.8,2.2,0,3,49,8.6,9.79,4.6
131,没林,2018-12-08,-6.2,-9.2,-3,,1.8,48.4,8.7,10.09,1.6
131,没林,2018-12-09,-5.7,-9.9,-1.2,,1.4,36.5,8.7,11.21,1.1
131,没林,2018-12-10,-2.5,-8.3,3.4,,1.4,38.9,8.6,10.93,2.4
131,没林,2018-12-11,-1.2,-2.3,.2,1.6,1.3,68.9,0,1.95,9.5
131,没林,2018-12-12,-.9,-3.3,2.8,,1.3,53,8.6,10.88,1
131,没林,2018-12-13,-1.3,-5.3,4.4,0,1.8,66.6,4.9,6.23,3.6
131,没林,2018-12-14,-2.9,-6.8,1.4,,1.3,51.6,8.7,10.66,.1
131,没林,2018-12-15,-2.7,-8.5,3.1,,1,54,8,10.64,3.3
131,没林,2018-12-16,.2,-3.3,4.3,0,.9,64,2.4,5.46,7.9
131,没林,2018-12-17,3.1,-.1,7.5,0,1.7,63.5,7.3,9.74,3.9
131,没林,2018-12-18,2.9,-1.7,8.3,,1.2,68.9,7,8.28,2.6
131,没林,2018-12-19,5.8,1.5,11.8,,.9,59.3,7.8,8.7,5.3
131,没林,2018-12-20,4.1,1.3,9.6,,1.1,53.3,4.7,7.09,4.8
131,没林,2018-12-21,4.6,-1.4,10.3,,.8,57.5,5.2,7.18,3.1
131,没林,2018-12-22,7,2,12.9,,.9,57.4,7.9,8.85,5.1
131,没林,2018-12-23,5,-.3,9.2,0,1.9,47,8.4,10.08,3
131,没林,2018-12-24,-.7,-4,4,,1.4,42.4,8.3,10.6,1.1
131,没林,2018-12-25,-.6,-5.9,3.9,,.7,61.9,1.5,5.08,6.4
131,没林,2018-12-26,1.2,-2.3,5,,1.9,44.5,7.9,9.16,6.3
131,没林,2018-12-27,-7,-8.8,-2.3,,2.8,37.6,8.7,10.85,1.4
131,没林,2018-12-28,-9,-11.6,-5.2,,1.9,46.4,8.2,10.65,2.1
131,没林,2018-12-29,-6,-9.9,-2.3,0,2,43.4,8.7,10.93,2.3
131,没林,2018-12-30,-5.7,-10.3,-.5,0,1.1,40.5,8.7,11.02,2.1
131,没林,2018-12-31,-4.7,-10.4,1.8,,1.1,48.9,8.6,10.62,2.3
131,没林,2019-01-01,-2.7,-5.5,.3,0,1.4,61.5,4.2,5.5,5
131,没林,2019-01-02,-3.1,-7.2,1.5,,1.4,51.4,8.6,10.49,.8
131,没林,2019-01-03,-2.5,-8.1,3.9,,.9,46,8.7,11.02,0
131,没林,2019-01-04,-1.2,-7.2,3.8,,.8,51.9,5.4,6.29,5
131,没林,2019-01-05,-.7,-4.3,3,,1.5,43.9,8.6,10.14,3.1
131,没林,2019-01-06,-2.3,-7.1,3.9,,1.1,49.3,7.6,10.1,2.9
131,没林,2019-01-07,-1,-6.9,3.9,,1.2,61.4,8,9.35,3.4
131,没林,2019-01-08,-1.8,-5.5,2.3,,1.8,48.4,8.7,10.53,2
131,没林,2019-01-09,-3.6,-8.6,1.5,,1.1,37.9,7.9,9.45,3.9
131,没林,2019-01-10,-1,-3.4,1.4,,.9,54.1,.3,3.83,8
131,没林,2019-01-11,2.6,-1.9,6.7,,1.1,58.4,4.7,8.55,7.1
131,没林,2019-01-12,4.3,1.7,8.5,0,1.2,56.9,4.5,7.7,6.5
131,没林,2019-01-13,1.8,-3.4,8,,.9,60.1,8.7,10.13,1
131,没林,2019-01-14,1.3,-1.8,4.7,,1,68.8,2.5,7.22,7.5
131,没林,2019-01-15,-.3,-5.3,4,.1,1.9,66.4,2.8,4.51,5.9
131,没林,2019-01-16,-3.8,-7.2,-.4,,1.5,46.4,8.2,11.22,4.1
131,没林,2019-01-17,.6,-2.4,4.8,0,1.5,53.1,4.1,5.67,3.5
131,没林,2019-01-18,.8,-5,6.7,,1,58.8,8.6,10.32,1.6
131,没林,2019-01-19,2.1,-3,7.8,,.6,59.3,5.2,8.09,6.3
131,没林,2019-01-20,.5,-3.2,3.9,0,2.3,46.9,8.9,12.19,2
131,没林,2019-01-21,.1,-5.9,6,,1.7,51,7.9,9.83,3.8
131,没林,2019-01-22,3.2,-1.1,8.8,,1.3,56.5,8.7,9.89,3.3
131,没林,2019-01-23,2.7,-1.4,8.5,,1.5,51.1,8.6,10.96,0
131,没林,2019-01-24,1.1,-4,6.9,,1.4,33.9,9.3,12.64,0
131,没林,2019-01-25,-.6,-4.1,4.9,,1.8,40.5,9,12.1,1.3
131,没林,2019-01-26,-2.1,-4.9,2.6,,1.8,36.4,9.4,13.09,0
131,没林,2019-01-27,-.8,-8.4,6.1,,1,54.9,9.4,12.71,2.6
131,没林,2019-01-28,1.7,-1.4,5,0,2,52.9,8.5,11.8,1.9
131,没林,2019-01-29,.4,-6,7.2,,1.1,41.8,9.4,13.21,2.5
131,没林,2019-01-30,2.5,-2.7,8.7,,1.1,51.6,8.1,11.02,5.5
131,没林,2019-01-31,-.2,-4.3,3.2,,1.8,48.5,2.7,5.3,6.5
131,没林,2019-02-01,-1.1,-6.1,4.8,,1.5,51,8.3,12.09,2.5
131,没林,2019-02-02,1.5,-4.9,7.2,0,.8,63.3,3.4,7.61,7
131,没林,2019-02-03,4.4,2.2,7.2,13.3,1.3,85.9,0,.84,9.3
131,没林,2019-02-04,1.4,-.9,5.2,,1.7,40.3,9.3,13.93,2.4
131,没林,2019-02-05,3.4,-4.2,11.9,,.8,44.6,8.1,12.52,3.9
131,没林,2019-02-06,6.1,-.9,12.5,,1,57.1,6.5,10.43,7.1
131,没林,2019-02-07,.5,-5.5,7,0,2.3,53,7.4,12.06,5.5
131,没林,2019-02-08,-3.9,-7.9,1.6,,1.8,39.3,8.6,13.61,5.8
131,没林,2019-02-09,-3.3,-5.5,-.1,,2.2,41.3,9.7,15.14,5.1
131,没林,2019-02-10,-2.9,-7.1,2.3,,1.3,37,5.5,11.06,7.9
131,没林,2019-02-11,-1.7,-4.9,2.3,,1.8,39.5,9.7,15.48,.5
131,没林,2019-02-12,-.2,-4.8,5.3,,1.4,48.9,5.9,11.89,5.5
131,没林,2019-02-13,-.3,-3,4,,1.7,37.5,9.4,13.97,3.1
131,没林,2019-02-14,.9,-3.9,7,,1,40.3,8.2,14.7,6.6
131,没林,2019-02-15,1,-.7,3.4,0,1.2,60,.1,5.21,9.9
131,没林,2019-02-16,-1.4,-3,1.7,0,1.8,65.9,6.8,12.85,5.3
131,没林,2019-02-17,-.6,-5.4,5,,1.2,49.9,9.8,16.68,.4
131,没林,2019-02-18,1.8,-4.6,6.5,,.7,49.8,5.7,10.43,7.6
131,没林,2019-02-19,1.6,.5,4.3,9.7,1.2,89,0,1.57,8.6
131,没林,2019-02-20,2.3,.2,6.2,0,1.2,72.3,3.3,8.14,6.6
131,没林,2019-02-21,2.3,-2.3,7.5,,.7,68.9,8.3,14.05,2.9
131,没林,2019-02-22,3.5,-1.4,9.6,,1,62.9,7.1,11.97,7.1
131,没林,2019-02-23,5.9,-.7,13.6,,.6,54.5,8.5,15.19,3.3
131,没林,2019-02-24,6.6,-.3,13.8,,.8,59.6,9.9,16,2.1
131,没林,2019-02-25,5.7,2,11.2,,1.2,53.5,9.4,15.77,2.1
131,没林,2019-02-26,5.6,-1,12.1,,.8,41.8,9.8,16.95,3.9
131,没林,2019-02-27,7,4,11.9,0,.8,59.9,2.3,5.98,9.6
131,没林,2019-02-28,6.5,.3,12.8,,.9,58.9,8.4,13.75,4
131,没林,2019-03-01,6.2,-1.4,13.6,,1.1,52.9,8,15.64,1.5
131,没林,2019-03-02,7.7,-.4,15.3,,.7,44,7.4,15.07,4.9
131,没林,2019-03-03,9.2,1.2,15.5,,.8,42.5,7.4,13.1,5.6
131,没林,2019-03-04,10.3,5.4,15.9,,1,43.4,9.1,14.6,3
131,没林,2019-03-05,8.7,3.1,13.8,,1,59.9,4.9,10.6,8.5
131,没林,2019-03-06,9.4,5.1,14.8,,1.3,55.5,7.2,14.03,6.9
131,没林,2019-03-07,7.1,3.7,12.4,,1.3,62.4,6.2,11.48,4.3
131,没林,2019-03-08,7.1,.8,15,,1.1,48.8,10.2,19.54,0
131,没林,2019-03-09,8.2,-.7,16.7,,.8,38.8,9.7,16.76,7
131,没林,2019-03-10,8.5,5.3,13.1,,1.3,48.1,0,4.88,7.4
131,没林,2019-03-11,6.1,1.3,10.4,1.1,1.4,77.8,3,8.52,6.9
131,没林,2019-03-12,4.4,.5,10.3,.5,2,70.4,1.4,5.46,6.3
131,没林,2019-03-13,3.8,-.9,9,,2.2,37.5,9,17.54,1.1
131,没林,2019-03-14,5.9,-1.3,11.2,0,1.5,42,6.9,16.11,3.8
131,没林,2019-03-15,7.3,2.4,13.1,0,2,63.5,6.5,13.65,6.3
131,没林,2019-03-16,6.1,2.5,9.8,0,1.5,64,2.9,10.32,7.8
131,没林,2019-03-17,7.3,2.2,12.6,,1.4,48.1,9.4,20.29,1.9
131,没林,2019-03-18,7.4,-.5,14.8,,1,41.1,9,16.28,6.9
131,没林,2019-03-19,11.5,3.4,20,,1,48.4,10.1,18.06,1.4
131,没林,2019-03-20,11.2,6.5,16.1,12.4,1.1,76.1,0,5.32,9.3
131,没林,2019-03-21,8.5,3.7,12.5,1,2.5,76.8,2.9,7.86,8.1
131,没林,2019-03-22,4.3,1.1,8.6,,1.8,50.4,10.1,22.36,2.6
131,没林,2019-03-23,4,-.2,9.4,2.2,1.9,53.8,8.3,14.76,2.9
131,没林,2019-03-24,5.1,-.9,12,,1.7,50.6,11.6,22.77,1.1
131,没林,2019-03-25,7.9,1,15.1,,1.5,53.5,8.8,16.7,3
131,没林,2019-03-26,11.7,4.5,18.9,,1.2,43.5,9.4,21.04,2
131,没林,2019-03-27,14,9.1,20.3,,2.9,54,8.3,16.77,5.9
131,没林,2019-03-28,11.2,7.4,17.2,,1.5,49.3,7.8,18.04,5.4
131,没林,2019-03-29,10.9,6.5,17.8,,1.5,40.8,8.2,20.79,5.9
131,没林,2019-03-30,5.7,3.6,10.7,3.1,2.2,69.4,1.5,7.98,9
131,没林,2019-03-31,5.4,2.7,8.8,0,2.4,46.6,5.4,13.14,5.1
131,没林,2019-04-01,5.9,1,10.5,,1.7,43.1,9.2,17.14,2.8
131,没林,2019-04-02,7.3,.6,13.9,,1.6,35.5,11.8,24.47,.9
131,没林,2019-04-03,8,1.3,15.5,,1.5,31.4,11.8,24.37,0
131,没林,2019-04-04,9.9,2.1,18.5,,2,36.8,11.5,24.3,.5
131,没林,2019-04-05,11.7,6.5,20.2,,2,42.8,6.6,16.23,2.8
131,没林,2019-04-06,11.6,4.5,19.4,,1.3,34.6,6.8,16.29,5
131,没林,2019-04-07,14.6,10,20.8,0,1.6,32.9,7.5,19.46,6.3
131,没林,2019-04-08,13,7.6,18.9,,1.7,27,10.9,22.77,3.8
131,没林,2019-04-09,10.8,5.9,15.8,27.3,3.1,45.4,1.1,8.31,9.6
131,没林,2019-04-10,8.2,5.5,10.3,2.3,1.9,73,0,6.84,9.6
131,没林,2019-04-11,10.2,5.3,16,,1.2,61.8,5.4,16.14,6.6
131,没林,2019-04-12,12.1,5.9,18.5,,1.4,45,11.6,24.94,1.6
131,没林,2019-04-13,12.8,5.5,19.9,,1.2,39.3,9.8,24,5.1
131,没林,2019-04-14,10.5,7.5,15.3,.2,1.4,49.8,3.8,9.84,5.5
131,没林,2019-04-15,12.2,3.8,20.9,,1.4,39.9,11.9,25.05,0
131,没林,2019-04-16,15.5,5.3,23.6,,1,31,10.9,23.14,5
131,没林,2019-04-17,16.9,10.1,24.8,,1.3,38.3,11.2,25.55,2.4
131,没林,2019-04-18,15.7,10.8,20.8,,1.7,60.4,6.2,14.89,6.5
131,没林,2019-04-19,14.2,12.1,17.4,0,1.9,66.6,2.8,11.64,7.5
131,没林,2019-04-20,16.6,11.3,24,,1.6,58.6,10,23.59,5.9
131,没林,2019-04-21,17.4,15.3,20.8,,1.1,68.6,2.6,10.48,8.6
131,没林,2019-04-22,21,11.1,29.8,,1.2,51.6,11.7,26.31,3.3
131,没林,2019-04-23,19.5,15.8,24,3.8,1.3,62.6,1,10.02,9
131,没林,2019-04-24,18.4,15.1,22.5,16.4,1.2,81.9,4,11.43,8.9
131,没林,2019-04-25,15.5,11.4,18.5,5.8,1.4,83.9,0,3.74,9.6
131,没林,2019-04-26,9.8,8.8,11.9,1.6,1.8,82.1,0,4.8,9.3
131,没林,2019-04-27,12.4,5,18.2,,1.4,57.6,11.8,25.87,4.1
131,没林,2019-04-28,13.1,10.3,17,0,1.1,61.4,3.3,12.44,7.9
131,没林,2019-04-29,12,8.6,16.7,3.4,1.2,80.6,1.7,7.96,7.9
131,没林,2019-04-30,16.2,9.5,23.2,,1.1,68,9.2,21.52,4.5
131,没林,2019-05-01,16.6,11.3,23,,1.6,56.5,10.9,25.44,2
131,没林,2019-05-02,16.7,9.5,24.8,,1.6,48.3,12.1,28.27,0
131,没林,2019-05-03,19,9.3,28.8,,1.1,39,12.4,27.77,0
131,没林,2019-05-04,20.1,12,28.1,,1.1,39,11.5,24.04,4.3
131,没林,2019-05-05,19.8,12.8,28.9,,1.2,35.1,10.4,25.47,5.1
131,没林,2019-05-06,14.9,11.1,20.8,,2,35.6,12.4,29.23,1.4
131,没林,2019-05-07,15.6,7.5,23,,1.6,33.6,12.7,29.26,0
131,没林,2019-05-08,16.5,9.3,23.7,,1.9,39.3,10.8,25.01,6.1
131,没林,2019-05-09,17.9,12.6,24.3,,1.6,38.4,12.1,27.04,4.1
131,没林,2019-05-10,18.7,9.5,27.9,,1.2,39.9,12.1,28.05,3.4
131,没林,2019-05-11,20.7,13.3,28.9,,1.2,37,12.3,27.25,1.5
131,没林,2019-05-12,22.1,13.8,28.9,,1.3,38.8,11.9,24.4,3
131,没林,2019-05-13,20.7,15.6,26.9,0,1.3,44.8,6.8,18.45,8.1
131,没林,2019-05-14,21.1,14.8,28,,1.3,54.5,10.9,27.09,2.6
131,没林,2019-05-15,22.1,16.6,28.6,,1.1,56.3,9.2,23.26,4.9
131,没林,2019-05-16,24.2,17.1,30.7,,1.1,49,10.3,26.22,5
131,没林,2019-05-17,24.5,19.2,28.2,,1.6,46.8,3.5,16.15,8.6
131,没林,2019-05-18,20.3,17.1,23.7,4.4,3.1,68.1,1.9,14.61,8.6
131,没林,2019-05-19,20.6,18.3,24,2.3,1.6,79.1,.2,9.77,9
131,没林,2019-05-20,17.2,12.3,21.2,.3,2.1,57,6.8,21.6,4.9
131,没林,2019-05-21,18.1,10.3,25.5,,2.4,50.6,13.2,30.7,.1
131,没林,2019-05-22,20.9,12.8,28.2,,1.9,41.9,12.9,29.94,0
131,没林,2019-05-23,23.1,16,30.8,,1.3,46.1,13,29.47,.3
131,没林,2019-05-24,25,17.1,33.4,,1.6,50.4,12.5,28.46,.6
131,没林,2019-05-25,24.5,19.1,30.6,,1.3,43.1,8.1,23.17,7.3
131,没林,2019-05-26,25.5,18.3,33,,1.5,39,10.4,28.14,6
131,没林,2019-05-27,18.3,14.6,24.2,13.2,2.4,82.9,0,3.15,9.4
131,没林,2019-05-28,19.2,13.8,25.2,,1.6,42,9.6,25.04,4.5
131,没林,2019-05-29,21,13.6,28.7,,1.7,41.1,13.3,30.2,.3
131,没林,2019-05-30,20.5,14.6,26.7,.1,1.7,50.5,5.7,19.69,7.4
131,没林,2019-05-31,19.7,15.7,25.6,0,1.7,55,10,26.04,4.1
131,没林,2019-06-01,19.4,13.6,23.9,,1.1,63,8.4,21.12,6.3
131,没林,2019-06-02,22.3,15.8,28.7,,1.2,48.1,12.4,28.73,1.9
131,没林,2019-06-03,24,16.2,30.6,,1.1,43.6,12.1,28.45,0
131,没林,2019-06-04,24.5,19.1,31.8,,1.2,51.6,11.4,27.95,1.5
131,没林,2019-06-05,24.4,18.6,31.6,,1.1,64,11,27.31,3.8
131,没林,2019-06-06,22.2,17.7,28.3,17,1.2,72.3,0,10.48,9
131,没林,2019-06-07,19.3,16.8,22.9,33.6,1.9,84.9,.5,6.46,8.6
131,没林,2019-06-08,22.4,17,28.2,,1.1,66.1,11.8,26.52,5.9
131,没林,2019-06-09,22.5,18.1,28.9,4.9,1.5,64.4,8.1,25.45,7.1
131,没林,2019-06-10,19.4,15.1,22.7,15.1,1.4,67.6,3.9,16.45,8.8
131,没林,2019-06-11,21.1,17.2,25.9,,1.5,56.3,9.6,24.11,3.6
131,没林,2019-06-12,21.9,16.2,28,,1.2,60.6,11.6,27.04,2
131,没林,2019-06-13,23.9,17.6,30.6,,1.2,55.5,12.5,28.73,3.1
131,没林,2019-06-14,22.6,19.7,26.1,,1,61.9,.9,12.93,8.6
131,没林,2019-06-15,22.3,18.1,27.2,,1.5,62.1,11.5,27.92,3.3
131,没林,2019-06-16,22.2,16.7,28.3,,1.3,63.8,9.9,27.12,3.3
131,没林,2019-06-17,22.4,17.8,28.2,,1.5,63.6,9.5,26.46,4.9
131,没林,2019-06-18,22.2,19.2,25.9,0,1.3,67.3,3.2,14.71,8.3
131,没林,2019-06-19,22.8,20.1,27.1,0,1.2,71.4,3.4,13.19,8.4
131,没林,2019-06-20,23.5,19.3,29.2,,1.3,67.5,6,22.18,7.1
131,没林,2019-06-21,23.9,20.5,28.7,,1.5,64.1,7.8,23.95,4.9
131,没林,2019-06-22,24.4,19,30.2,,1.5,58.3,9.1,23.86,3.1
131,没林,2019-06-23,24.7,18.7,30.1,,1.7,49.4,13.4,31.22,1.8
131,没林,2019-06-24,25.5,20.5,31.6,,1.4,49,11.5,28.6,2.1
131,没林,2019-06-25,26.4,20.1,33,,1.2,49.1,12.9,30.31,1
131,没林,2019-06-26,23,21.5,25.1,.1,1.3,69.3,.3,8.64,9
131,没林,2019-06-27,25.3,21.2,29.5,,1.1,74.6,2.5,13.97,8.8
131,没林,2019-06-28,25.8,22.6,31.2,,1.5,70.5,4.9,21.19,8
131,没林,2019-06-29,22.4,21.3,25.7,11.8,1.2,87.1,0,8.68,9.5
131,没林,2019-06-30,24.3,21,28.7,0,1.4,78.4,3.1,15.65,8.1
131,没林,2019-07-01,24.5,21.8,28,0,1.4,70.9,3.8,16.15,6.6
131,没林,2019-07-02,24.5,19,30.4,,1.2,64.1,10.3,25.95,2.3
131,没林,2019-07-03,24.8,20.2,30.1,,1.1,68.3,5.8,19.71,6
131,没林,2019-07-04,26,19.8,32.3,,1.2,55.1,12.4,28.01,2.8
131,没林,2019-07-05,27.9,20.6,35.5,,1.3,46.9,12.4,29.12,3.6
131,没林,2019-07-06,28.6,22.5,33.8,,1.9,44,13.5,30.42,.4
131,没林,2019-07-07,25.9,22,31.1,,2.6,52.1,8.2,26.43,6.5
131,没林,2019-07-08,24.9,20.3,29.4,.1,2.2,54.5,5.7,21.21,7.1
131,没林,2019-07-09,24.8,20.7,29.2,,2.4,54.4,10,24.23,3.8
131,没林,2019-07-10,21.8,19.3,25,13.8,2.4,73.9,.2,7.69,9.4
131,没林,2019-07-11,21.5,19.3,23.3,3.2,1.4,89.6,0,5.88,9.9
131,没林,2019-07-12,23.8,20.2,28.4,,1.3,72.5,2,11.96,7.6
131,没林,2019-07-13,24.6,21.6,29.7,0,1.2,73.5,5.7,18.34,7.6
131,没林,2019-07-14,25.9,21.7,31,0,1.2,72.1,5.9,20.01,6.6
131,没林,2019-07-15,24,20.2,28.1,14.2,1.3,83,3.6,14.18,8.9
131,没林,2019-07-16,25,20.2,31,,1.1,73.8,5.4,18.54,6.6
131,没林,2019-07-17,26.9,23.7,30.3,0,1.2,69.6,5.2,17.71,8.5
131,没林,2019-07-18,26.5,23.4,29.9,0,1.7,70.8,6.7,21.37,7.8
131,没林,2019-07-19,27.9,24.7,30.4,,2,69.3,5.4,15.89,7.8
131,没林,2019-07-20,26.6,24.2,30.2,11.7,2.6,79.4,.4,10.45,10
131,没林,2019-07-21,25.2,22.6,27.2,24.3,1.5,89,0,5.47,9.4
131,没林,2019-07-22,28.3,24.8,33.1,,1.5,75.8,6.1,19.74,6.6
131,没林,2019-07-23,29.4,26.2,34.1,,1.4,72.3,6.6,23.13,7.4
131,没林,2019-07-24,28.3,26.3,29.9,0,1.4,74.4,0,8.83,9.3
131,没林,2019-07-25,26.1,24.7,27.7,97.7,.8,93.6,.1,2.48,9.6
131,没林,2019-07-26,27.2,26.1,28.7,4.4,.9,88.9,0,6.62,10
131,没林,2019-07-27,28.6,25.8,32.7,14.4,1.2,81.9,6,18.83,8
131,没林,2019-07-28,26.9,25.6,29.4,21,1.2,88.8,.8,8.14,9.3
131,没林,2019-07-29,29.2,25.6,33.1,,1.7,71.6,10.4,24.84,4.4
131,没林,2019-07-30,29.8,26.8,34,,,70.3,5.9,20.37,5.8
131,没林,2019-07-31,29.8,27.8,33.1,,2.1,69.9,4.3,17.16,7
131,没林,2019-08-01,29.5,26.8,33.6,0,1.3,72.4,6.8,20.52,5.9
131,没林,2019-08-02,30.3,26.1,35.2,,1,68,11.3,26.96,2.9
131,没林,2019-08-03,30.4,26.9,36.7,,1.1,66.8,8.7,22.15,7.1
131,没林,2019-08-04,30.6,26.7,36.2,,.9,68.1,8.7,22.36,4.3
131,没林,2019-08-05,30.8,26.6,35.7,.5,.7,68.8,7.5,17.16,3.8
131,没林,2019-08-06,30.7,27.2,34.2,0,1.5,58.4,6.4,17.73,7.5
131,没林,2019-08-07,28.7,24,33.9,6.1,1.8,74.6,7.9,22.31,5.4
131,没林,2019-08-08,27.3,25.2,32.7,10.3,1,82.9,3.4,13.62,7
131,没林,2019-08-09,29.7,25,34.9,,.9,73.3,9.9,23.26,6.1
131,没林,2019-08-10,30.7,26.2,35.7,,2.2,64.8,10.8,25.33,4.3
131,没林,2019-08-11,30.7,27.7,35,0,3.6,58,8.3,22.96,6.6
131,没林,2019-08-12,28.8,26.7,32.9,10.9,1.9,78.6,1.5,12.5,8.3
131,没林,2019-08-13,31.2,26.5,35.7,,1.1,65.4,10,23.99,2.8
131,没林,2019-08-14,31.3,27.5,35.5,,2.2,59.4,9.4,21.01,4.1
131,没林,2019-08-15,26,24.3,29.3,5.4,1.7,83.6,0,8.27,9.3
131,没林,2019-08-16,27.3,25,31.9,.3,1.7,75.4,5.2,17.83,6.3
131,没林,2019-08-17,26.7,24.2,31,0,1.9,73.1,7,19.45,6.5
131,没林,2019-08-18,25.8,20.2,31,,1,66.4,9.9,25.12,3.5
131,没林,2019-08-19,26.7,21.1,31.9,,1,65.8,8.7,20.69,5.1
131,没林,2019-08-20,27.9,23.2,32.1,,1.9,61.3,10.3,23.28,3.8
131,没林,2019-08-21,28,24.3,32.7,,1.4,65.5,8.1,20.52,6.6
131,没林,2019-08-22,26.5,24.1,30.5,23.3,1.3,74.1,3.8,13.04,8.3
131,没林,2019-08-23,25.4,22.7,30.3,,1.4,65,4.9,16.78,6
131,没林,2019-08-24,23.9,21,27.5,,1.2,72.4,1.8,11.28,7.3
131,没林,2019-08-25,25,20,29.9,,1,68.8,8.2,21.8,4.3
131,没林,2019-08-26,26.7,20,31.9,,1.2,61.8,11.5,24.77,3.3
131,没林,2019-08-27,23.1,20.5,26.7,16.5,1.2,79.6,1.9,9.35,8.8
131,没林,2019-08-28,24.8,21.7,29.3,.6,1.3,77.9,5.4,16.1,7.4
131,没林,2019-08-29,23.1,20.4,27.5,6.6,1.4,81.8,1.5,9.25,8.1
131,没林,2019-08-30,23.4,19.6,28.7,,1.4,69.3,8.1,20.35,2.3
131,没林,2019-08-31,23.8,19.5,28.6,,1.1,69,8.3,20.19,4.8
131,没林,2019-09-01,23.8,19.2,28.2,,.8,73,4.9,16.94,7.4
131,没林,2019-09-02,23.6,20.5,27.8,3.1,1.2,76.3,2,11.38,9.4
131,没林,2019-09-03,23,20.7,24.8,1.1,1,85.1,0,6.16,9.4
131,没林,2019-09-04,23.9,21.8,28.2,9.7,1.5,85.8,1.1,9.54,9.5
131,没林,2019-09-05,24.3,21.5,29.3,50.4,.8,87.4,.7,8.76,9
131,没林,2019-09-06,26.7,22.6,29.4,.1,1.4,77.9,1.8,10.18,9.6
131,没林,2019-09-07,27.3,23.1,31.3,.3,4.5,72.4,.8,7.33,9
131,没林,2019-09-08,25.5,23.1,28.9,0,.7,79.8,1.2,11.86,9.1
131,没林,2019-09-09,24.4,23.2,25.2,4.9,.9,89.6,0,6.14,9.6
131,没林,2019-09-10,27.9,24.1,32.1,0,1.6,71,6.1,16.96,7.8
131,没林,2019-09-11,24.6,22.8,27.2,0,1.9,81.4,.6,5.62,7.9
131,没林,2019-09-12,22,19.8,24.2,0,1.7,67.4,0,6.02,8.8
131,没林,2019-09-13,23.3,18.2,28.5,,1.5,62.8,11.1,23.45,1.5
131,没林,2019-09-14,23.1,19.8,26.7,,.7,74.6,1.5,10.69,8.3
131,没林,2019-09-15,25.5,21.6,30.7,,1.1,71.3,9.4,19.53,6.5
131,没林,2019-09-16,25,21,30,,1.4,63.4,9.6,21.03,3.6
131,没林,2019-09-17,23.5,17.5,29.2,,1.3,53.6,11.1,23.2,3
131,没林,2019-09-18,22.4,17.7,28.2,,1.1,52.9,11.3,22.95,2.1
131,没林,2019-09-19,20.5,13.8,26.9,,1.2,58.8,10.1,21.55,3.5
131,没林,2019-09-20,20.5,17.1,23.9,,1.7,60.1,1.9,10.43,8.8
131,没林,2019-09-21,17.7,15.6,20.5,33.5,1.9,80.8,0,2.47,9.8
131,没林,2019-09-22,16.6,15.1,17.6,52,2.1,88.8,0,1.89,10
131,没林,2019-09-23,18.7,15.3,21.7,0,.9,69.4,3.7,12.72,5.4
131,没林,2019-09-24,18.6,12.8,25.2,,.6,72,10.5,20.37,1
131,没林,2019-09-25,19.5,13.6,24.8,,.6,70.9,7.3,15.72,6.5
131,没林,2019-09-26,21.8,17.7,25.6,,1.2,65.9,3.9,12.71,8
131,没林,2019-09-27,22.8,17.5,29.2,,.9,63.8,9.3,19.2,6.6
131,没林,2019-09-28,24.3,20.7,29.4,,.7,68.1,8.7,17.51,4.6
131,没林,2019-09-29,22.8,18.5,28.5,,.6,64.5,10.1,19.4,.6
131,没林,2019-09-30,22.5,15.7,29,,.6,63.8,10.2,19.81,1.6
131,没林,2019-10-01,22.9,18.7,27,,.9,75.3,.1,9.03,8.9
131,没林,2019-10-02,21.4,20.2,23.5,56.9,2,87.6,0,1.78,10
131,没林,2019-10-03,22.8,19.7,27.9,19.1,1.9,78,4.7,12.88,5.9
131,没林,2019-10-04,22.7,19.2,27.7,,.9,77.6,5.4,14.41,5.1
131,没林,2019-10-05,19.1,17,21.4,0,1.4,77.9,.4,4.86,8.4
131,没林,2019-10-06,18.3,14.6,22.5,,2.1,60.1,9.2,17.04,6
131,没林,2019-10-07,15.6,14.3,17.3,6.9,.9,83.5,0,3.1,9.1
131,没林,2019-10-08,16,12.8,22.3,0,1.3,62.5,7.2,15.47,3.9
131,没林,2019-10-09,13.9,7.8,20.3,,.6,58,10,18.2,1.8
131,没林,2019-10-10,14.4,10.2,18.2,,.6,68.1,1,8.01,7.3
131,没林,2019-10-11,17.6,11.6,24.7,,1,66,8.6,16.46,2.9
131,没林,2019-10-12,18.3,14.3,24.4,,2.4,56.5,10.2,18.2,.1
131,没林,2019-10-13,16.7,11.2,22.7,,1,59.9,10.1,17.84,1.5
131,没林,2019-10-14,14.9,11.6,20.1,,.9,65,7.7,12.89,3.8
131,没林,2019-10-15,14.8,9.8,20.2,,1.3,60.9,8.9,17,2.8
131,没林,2019-10-16,14.9,9.4,20.3,,.6,66.4,9.7,16.15,5.4
131,没林,2019-10-17,15.4,11.1,20.7,,.9,65.9,4.6,11.23,6.4
131,没林,2019-10-18,16.3,11.5,21.3,,1.3,68.4,2,8.85,6.8
131,没林,2019-10-19,17.4,12.5,23,,.9,65.9,8.9,16.64,1.4
131,没林,2019-10-20,15.6,11,22,,.4,70.9,8.3,15.64,.6
131,没林,2019-10-21,16.4,10.1,23.7,,.7,66.9,9.9,16.18,1.9
131,没林,2019-10-22,17.4,11.8,23.8,,.9,63.3,8.7,15.75,3
131,没林,2019-10-23,17.1,13.3,20.2,,1.3,62.6,.6,6.65,9
131,没林,2019-10-24,18.8,15.5,23.2,,1.9,51.1,6.9,13.23,5.9
131,没林,2019-10-25,17.7,13.3,22.7,,1.3,58.6,8,13.27,6
131,没林,2019-10-26,12.3,9.1,16.1,,1.6,60.1,7.7,14.02,4.8
131,没林,2019-10-27,11.1,6,17.1,,.7,63.3,9.9,15.65,.6
131,没林,2019-10-28,12.4,5.8,18,,1.1,61.4,8.9,14.82,2.5
131,没林,2019-10-29,13.8,10.6,18.2,1.4,1.2,65.1,5.4,9.8,3.6
131,没林,2019-10-30,11.9,6.9,17.5,,.7,63.8,9.9,15.3,0
131,没林,2019-10-31,13.7,6.4,20.1,,.9,71.6,9.5,14.4,1
131,没林,2019-11-01,15.5,11.6,20.9,,.7,61,6.2,12.1,3.9
131,没林,2019-11-02,14.2,8.6,19.3,,.4,69.5,5.2,9.07,5.6
131,没林,2019-11-03,14.7,11,20.2,,.9,69.1,6.8,11.38,5.5
131,没林,2019-11-04,14.2,9.5,20,,.8,60.9,9.6,14.82,.8
131,没林,2019-11-05,12.4,7.4,18.5,,.5,70,8.2,11.6,1.5
131,没林,2019-11-06,11.5,5.9,16.8,,.6,69.6,7.3,12.01,3.8
131,没林,2019-11-07,11,6.6,16.2,,1.1,56,8.3,12.56,2
131,没林,2019-11-08,7.5,1.3,13.6,,.8,48.1,9.6,14.02,0
131,没林,2019-11-09,8.6,1.6,16.3,,.6,50.5,9.6,13.36,.1
131,没林,2019-11-10,9.3,3.7,15.6,10.3,.8,65.9,3,6.9,7.6
131,没林,2019-11-11,11.3,8.6,15.6,2.6,1.4,79.1,2.8,4.94,6.3
131,没林,2019-11-12,9.7,4.5,15.5,,.6,74,8.4,10.63,1.9
131,没林,2019-11-13,7.9,4.5,11.8,4,1.1,78.1,.3,2.52,7.9
131,没林,2019-11-14,3.3,.6,7.4,0,1.6,35.6,9.4,13.46,.6
131,没林,2019-11-15,9.6,-.5,16.7,6,1.4,64.3,6.2,9.07,5.4
131,没林,2019-11-16,10.7,7.5,13.6,.7,.8,83.5,6.9,9.81,3.3
131,没林,2019-11-17,9.2,5,13.3,66.6,.9,91.3,0,.86,8.6
131,没林,2019-11-18,7.3,1.8,13.8,11.4,2.1,68.4,1.7,6.15,9.1
131,没林,2019-11-19,2.5,.3,5.9,0,1.4,64.6,5.6,8.18,4
131,没林,2019-11-20,2.4,-1.7,7.3,,.6,51,9.2,12.56,.1
131,没林,2019-11-21,4.5,-2.3,10.2,,.8,50.4,7.7,10.03,5
131,没林,2019-11-22,10.2,4.1,17.6,,.6,51.8,9.2,12.06,1.5
131,没林,2019-11-23,11.7,6.1,18,0,.4,68.8,8.1,9.63,5
131,没林,2019-11-24,12.2,8,20.1,3.3,1.1,73.9,7.7,10.39,5
131,没林,2019-11-25,3.5,1.2,8,,1.6,65.9,.8,5.34,6
131,没林,2019-11-26,7.7,1.6,14.1,,.9,67.6,7,10.26,4
131,没林,2019-11-27,5.7,2.7,8.6,,1.5,51.3,6,7.63,7.4
131,没林,2019-11-28,4.8,0,11.4,,.6,62,7.5,10.01,3.1
131,没林,2019-11-29,3.7,.4,9,,.8,45.8,8.8,11.6,1.4
131,没林,2019-11-30,5.1,-1,12.1,,.5,49.8,8,9.42,5.5
131,没林,2019-12-01,6.4,5.5,7.9,7.3,.3,74.9,.3,2.29,9.6
131,没林,2019-12-02,2.7,-.3,6.1,0,1.8,56.8,6.7,10.17,4.9
131,没林,2019-12-03,1.6,-2.1,5.4,.4,1,72.8,3.1,5.26,6.4
131,没林,2019-12-04,5.3,2.5,9.7,,.9,61.4,7.5,10.72,4
131,没林,2019-12-05,-.9,-5.4,3.7,,1.9,45.4,8.7,10.68,1.4
131,没林,2019-12-06,-4.2,-8.2,.4,,1.3,42.6,8.6,11.24,0
131,没林,2019-12-07,-.9,-6.2,4.6,,.7,61.4,2.5,5.71,4.5
131,没林,2019-12-08,.6,-4.4,5.9,,.5,63.6,8.5,10.51,1.4
131,没林,2019-12-09,2.5,-3.3,8.8,,.4,66.3,5.6,7.55,3.8
131,没林,2019-12-10,7.7,2.8,13.4,,.6,73.3,4.2,5.98,4.6
131,没林,2019-12-11,6.7,3.4,11,1.3,1.5,68.8,.8,3.1,6.8
131,没林,2019-12-12,1.4,-1,4.8,,1.5,47.8,8.6,10.8,0
131,没林,2019-12-13,1.3,-4.5,6.4,,.5,48.1,8.4,8.6,4
131,没林,2019-12-14,3.8,1.5,7.5,.1,1.1,58.5,8.6,10.27,4
131,没林,2019-12-15,5.4,-1.2,12.8,,.4,61.6,8.2,9.53,3.3
131,没林,2019-12-16,8,2,14.6,,.3,67.5,8.3,9.09,2.6
131,没林,2019-12-17,7.4,5.6,10,2.1,.9,85.5,0,.89,8.6
131,没林,2019-12-18,3,1.1,6.5,,1.5,66.5,3.2,5.01,7.8
131,没林,2019-12-19,1.1,-1.6,4.9,,1.4,46.6,8.4,10.25,1
131,没林,2019-12-20,.6,-1.8,4.1,0,1.2,62.1,6.4,8.88,4.5
131,没林,2019-12-21,.3,-5.2,5.9,,.6,66.4,3.5,6.32,5.5
131,没林,2019-12-22,3.7,-.5,8.8,,.4,68,5.2,7.23,6
131,没林,2019-12-23,4.1,1.2,6.7,0,1,73.9,3.8,5.67,5.5
131,没林,2019-12-24,0,-2.5,5.4,,.8,82.1,3.5,6.53,3
131,没林,2019-12-25,.5,-5,6.7,0,.7,73.6,3,6.59,7.6
131,没林,2019-12-26,2,.4,3,2.6,1.1,74.4,0,1.19,8.9
131,没林,2019-12-27,.1,-2.2,4.2,,1.3,55.5,8.6,10.06,.1
131,没林,2019-12-28,.6,-5,7.3,,.4,58.9,8.5,10.1,0
131,没林,2019-12-29,2.2,-1.9,5,5.9,.4,73.1,.1,2.89,8.9
131,没林,2019-12-30,3.8,-1.3,7.4,.4,1.3,83,0,2.09,8.4
131,没林,2019-12-31,-5.7,-8,-1.4,0,2.2,56.3,8.6,11.09,1.1
131,没林,2020-01-01,-2.1,-7,1.5,0,.6,72.4,.4,4.67,8.8
131,没林,2020-01-02,1.6,-.9,3.7,,.1,75.6,0,2.16,8.6
131,没林,2020-01-03,1.9,-.4,6,,.8,69.3,5.4,7.86,2.4
131,没林,2020-01-04,1.3,-3.5,7.1,,.7,67.9,5,7.53,1.4
131,没林,2020-01-05,1.4,-4,6.4,,.5,59.5,7.6,10.53,4
131,没林,2020-01-06,2.9,.6,4.8,5.9,.7,79.6,0,1.65,10
131,没林,2020-01-07,7.9,4.5,13.3,51.7,.6,95.9,0,.62,10
131,没林,2020-01-08,4.4,2.5,11.3,1.8,2.5,85.5,0,1.48,9.9
131,没林,2020-01-09,1.1,-1,3.9,,1.5,68.5,5.4,8.35,4.1
131,没林,2020-01-10,.5,-3.3,5.6,,.7,70,8.1,10.52,3.8
131,没林,2020-01-11,1.2,-2.8,6.3,,1,68.3,8.3,9.97,3.9
131,没林,2020-01-12,1.1,-.6,4.5,,1.4,63.9,4.2,7.53,5.6
131,没林,2020-01-13,-.4,-2,2.6,0,1.4,61.3,6.2,9.35,4.8
131,没林,2020-01-14,-.4,-3.5,3.7,,1.1,55,8.3,9.51,3.9
131,没林,2020-01-15,-.8,-3.8,2.8,,1.1,59,8.7,11.22,1.1
131,没林,2020-01-16,-.7,-4.2,4.3,,.8,54,8.4,10.38,6.6
131,没林,2020-01-17,-.1,-3.6,5,,.8,53.8,6.4,9.77,4.3
131,没林,2020-01-18,1,-3.6,6.5,,.8,49.3,8.7,11.61,2.1
131,没林,2020-01-19,2.5,-1.5,8.2,0,1.2,59.8,4.3,7.94,6.3
131,没林,2020-01-20,2.3,-1,7,,1.6,59.6,6.5,9.68,3.1
131,没林,2020-01-21,.6,-3.8,5.5,,.9,39,9.1,12.34,3.1
131,没林,2020-01-22,2.3,.1,3.9,0,.7,50.6,0,1.99,9.6
131,没林,2020-01-23,6,2.9,12.1,,1.2,52.3,7.1,11.27,6.3
131,没林,2020-01-24,4.6,.2,10.3,,.6,64.3,8.4,11.56,4.1
131,没林,2020-01-25,5.1,.6,10.1,,.3,71.6,3.1,7.19,7.5
131,没林,2020-01-26,6.7,1.2,12,,2.5,63.5,6,9.97,7.8
131,没林,2020-01-27,5.7,3.2,8.2,2.6,3.3,67.5,0,1.84,9.9
131,没林,2020-01-28,6.9,3.2,10.6,0,1.5,67,2.6,7.19,8
131,没林,2020-01-29,6.5,3.7,10.4,,1.2,56.6,4.9,7.98,8.1
131,没林,2020-01-30,6.3,3.4,10.1,,1.2,50.6,5.6,10.18,6
131,没林,2020-01-31,4.4,1.6,7.9,,1.3,63,2.5,6.59,6.5
131,没林,2020-02-01,2.9,-.7,7,,1.1,70.5,2.2,6.3,5
131,没林,2020-02-02,2.3,-1,6.3,,.8,66.5,7.8,9.57,4.6
131,没林,2020-02-03,1.4,-1.4,4.9,0,1.7,52.6,9.4,13.64,2.4
131,没林,2020-02-04,.4,-5.2,6.1,0,1.2,55.3,9.4,13.85,1.6
131,没林,2020-02-05,-5.2,-7.8,-.5,,2.2,43.1,9.6,14.93,.1
131,没林,2020-02-06,-5,-10,-.3,,1,41,9.3,11.85,2.1
131,没林,2020-02-07,-1.2,-7,3.3,,1,51.8,5.4,10.56,6.9
131,没林,2020-02-08,1.3,-1.1,5,0,1.6,53,7.9,13.72,3
131,没林,2020-02-09,.4,-5.4,5.3,,1,53.3,9.7,14.85,1.6
131,没林,2020-02-10,5,.2,11.3,,1,50.6,8.9,13.68,1.9
131,没林,2020-02-11,7,-1.3,15,,.6,42.9,9,14.02,4
131,没林,2020-02-12,7.4,5,9.3,8.5,.8,83.9,0,1.58,9.9
131,没林,2020-02-13,8.7,6,11.8,.3,1.2,80.6,1.2,7.17,8.6
131,没林,2020-02-14,6.7,3.4,12.8,,.9,81,4.4,8.89,5.9
131,没林,2020-02-15,9.9,3.5,16.4,.6,1,70.6,5,9.56,6.9
131,没林,2020-02-16,.5,-2.8,7.5,7.1,2.4,79.3,2.2,5.21,9.8
131,没林,2020-02-17,-4,-6.7,-1,.3,2.3,72.9,4.7,9.92,8.4
131,没林,2020-02-18,-2.1,-6.9,3.3,0,1.2,58.5,9.8,16.96,1.4
131,没林,2020-02-19,1.9,-3.8,7.3,,.7,62.4,8.1,13.89,6.5
131,没林,2020-02-20,5.6,-.2,11.8,,.6,61.9,9.5,14.57,2.8
131,没林,2020-02-21,7.6,.6,14,1.4,.9,65.9,6.3,11.27,8
131,没林,2020-02-22,5.9,2.2,10.5,1.9,2.7,57.9,6.5,11.65,5
131,没林,2020-02-23,4,-.7,9.4,,1.2,44.6,10.1,17.7,0
131,没林,2020-02-24,7.2,-1.2,14.8,0,.7,49.6,9.4,16.07,4.6
131,没林,2020-02-25,6.5,5,9.3,37.5,2.3,88.1,0,.81,9.8
131,没林,2020-02-26,7.3,3.5,13,,1.4,69.6,7.8,14.44,2.8
131,没林,2020-02-27,6.9,3.3,11.3,,1,60.5,6.6,13.77,4
131,没林,2020-02-28,5.3,3.5,6.3,5.1,1,78.4,0,2.92,9
131,没林,2020-02-29,8.1,4.9,12.9,,1.1,70.4,8.1,14.92,4.6
131,没林,2020-03-01,6.9,3.2,11.6,,1.5,74.5,3.9,10.31,7.1
131,没林,2020-03-02,4.9,2,8.7,,2.1,53.3,10.3,18.44,3
131,没林,2020-03-03,7,.5,14.1,,1.3,59.5,7.7,14.98,6.5
131,没林,2020-03-04,3.6,0,8.1,0,2.6,55,7.5,16.59,6.3
131,没林,2020-03-05,2.4,-1.3,7.9,,1.7,44.6,10.2,19.62,0
131,没林,2020-03-06,4.4,-3,11.3,,.7,42.4,10.2,19.12,3.1
131,没林,2020-03-07,6.1,1.2,10.1,0,.7,57.3,.2,5.69,6.6
131,没林,2020-03-08,8.8,.8,17.5,,.7,56.4,10.1,19.21,.3
131,没林,2020-03-09,10.6,3.2,17,.1,.9,53.5,6.5,12.94,7.1
131,没林,2020-03-10,6.9,4.1,9.8,8.4,1.8,79.6,0,2.02,7.5
131,没林,2020-03-11,4.8,1.6,8.8,,2.3,43.1,10.2,21.1,0
131,没林,2020-03-12,7.3,-.7,15.6,,1.3,38.5,10.1,20.04,0
131,没林,2020-03-13,6.2,2,11.1,,1.8,43.5,5.9,14.19,6
131,没林,2020-03-14,5.1,-.5,11.3,,1.9,43.1,10.3,20.56,1.6
131,没林,2020-03-15,5,1.1,10.9,0,2.7,49.6,9.1,17.95,3.8
131,没林,2020-03-16,4.8,-.4,11.4,,1.7,42.6,10.4,21.54,.3
131,没林,2020-03-17,7.1,2.2,12.1,,1.6,68.9,.4,4.65,5.5
131,没林,2020-03-18,10.4,2.7,18.7,,1.2,54,8.8,20.48,2.4
131,没林,2020-03-19,9.8,6.3,14.6,,3.1,44.6,5,13.89,3.3
131,没林,2020-03-20,9.8,4,17.2,,1.5,39,10.6,21.36,.3
131,没林,2020-03-21,14,4.9,22.5,,1.5,48.8,8.1,18.27,2.3
131,没林,2020-03-22,12.7,8.7,18.9,,1.9,48,10.2,22.25,1.8
131,没林,2020-03-23,11.4,4.5,18.8,,1.7,40.5,11.2,21.87,0
131,没林,2020-03-24,11.8,4.5,18.8,,1,44.1,11.2,21.62,0
131,没林,2020-03-25,13.9,5.6,21.7,,1.1,39.1,11,21.84,3
131,没林,2020-03-26,15.1,9.5,20.5,0,1.1,60.5,2.7,10.26,9
131,没林,2020-03-27,11.7,6.8,15.5,14.4,1.7,72,3.7,7.29,6.6
131,没林,2020-03-28,8,5.9,12.8,,1.8,32.4,6,15.6,6.6
131,没林,2020-03-29,9.4,1.1,16.4,,1.2,44.4,10.6,22.9,3.5
131,没林,2020-03-30,12,6.5,18.4,,1.2,40.9,11.3,23.71,1.4
131,没林,2020-03-31,12.5,4.2,20.4,,1.1,36.1,10.7,22.18,4.6
131,没林,2020-04-01,11.3,6.9,18.6,,1.9,38.8,7.2,17.95,4.5
131,没林,2020-04-02,10.3,4.3,17.4,,1.3,43.6,11.3,20.25,2.8
131,没林,2020-04-03,11,4.9,17.6,,1.4,36.3,11.5,24.03,.3
131,没林,2020-04-04,9,5.6,15,,2.2,43.5,10.6,21.7,.4
131,没林,2020-04-05,8.2,2.7,14.9,,1.5,29.4,11.8,25.51,0
131,没林,2020-04-06,9.9,2.4,17.6,,1.4,37.8,11.1,24.34,3
131,没林,2020-04-07,12.1,6,20.5,,1.8,45.6,10.9,20.52,1.6
131,没林,2020-04-08,10.2,5.5,15.1,,2.3,30.9,11.9,25.92,0
131,没林,2020-04-09,9.6,3.5,15.3,,1.7,42.9,11.3,23.38,3.1
131,没林,2020-04-10,11.4,5.6,17.5,,1.5,47.8,9.6,20.73,5.1
131,没林,2020-04-11,9.5,5.9,14.7,,1.3,54.1,5.3,15.31,6.8
131,没林,2020-04-12,9.2,2.7,15.7,.6,1.9,60.4,6.8,14.69,3.4
131,没林,2020-04-13,11.2,4.5,18.7,,2.6,38.5,10.1,25.9,2.3
131,没林,2020-04-14,13.6,6,22.5,,1.3,34.3,11.8,26.28,.6
131,没林,2020-04-15,13.6,6.7,20.8,,1.1,32.1,10.4,19.79,5.4
131,没林,2020-04-16,16.1,7.5,23.5,,1.9,38.4,11,24.2,3.5
131,没林,2020-04-17,14.1,10,19.9,3.6,2.1,63.6,4.3,12.96,7.6
131,没林,2020-04-18,14.7,10.3,20.3,,1.8,60,7.2,19.98,5.9
131,没林,2020-04-19,11.8,9.8,15.1,11.5,2,75.5,.3,5.15,9.6
131,没林,2020-04-20,11.1,8.3,16.4,0,2,73.3,1.4,10.03,7.3
131,没林,2020-04-21,8.9,5.4,13.6,,3,46.1,10.6,25.3,3.9
131,没林,2020-04-22,7,4.5,10.7,0,3,42,8,18.04,3.4
131,没林,2020-04-23,9,3.9,14.9,,2.6,39.6,9.5,23.47,1.3
131,没林,2020-04-24,10.9,4.5,17.5,,2.6,39,11.9,27.09,0
131,没林,2020-04-25,15.2,9.4,22,,2.9,40.8,11.4,23.63,2.3
131,没林,2020-04-26,12.9,7.3,19.3,,1.9,42.8,12,27.4,1.9
131,没林,2020-04-27,13.1,7.4,18.4,,1.7,37,10.8,23.19,2.1
131,没林,2020-04-28,14.4,6.8,22,,2,43,12.2,27.18,0
131,没林,2020-04-29,16.6,9.8,24.3,,1.5,43.6,12,26.82,0
131,没林,2020-04-30,18.1,8.3,26.6,,1.6,53.6,12.1,27.2,.1
131,没林,2020-05-01,22.2,16.7,29.7,,1.7,65.1,9,24.22,3.1
131,没林,2020-05-02,23.1,19.5,28,0,1.6,56.4,7.2,19.51,8.5
131,没林,2020-05-03,20,18,22.7,1.4,1.4,71.8,2.1,10.48,7.5
131,没林,2020-05-04,21.2,15.1,28.2,,1.5,64.4,7.3,20.54,6.5
131,没林,2020-05-05,15.8,12.6,21.7,1.5,1.1,78,2.6,9.18,6.5
131,没林,2020-05-06,19,11.8,27.6,,1.8,59.5,9.3,25.9,3.8
131,没林,2020-05-07,20.3,14.3,26.2,,2.6,29.1,11.5,28.01,3.8
131,没林,2020-05-08,19.5,14.5,25.4,4.2,1.6,33,8.4,24.07,6.3
131,没林,2020-05-09,16.1,13.3,18.6,10.8,2.1,88.6,0,4.05,9.9
131,没林,2020-05-10,15.2,13.3,19,.2,1.6,85.4,1.5,7.07,8
131,没林,2020-05-11,18.9,14.1,25.7,0,1.9,55.4,9.1,24.97,5.9
131,没林,2020-05-12,16.7,12.6,21.7,0,2.7,56.9,10.5,22.38,2.9
131,没林,2020-05-13,17.1,9.8,24,,2,43.4,12.8,29.12,.9
131,没林,2020-05-14,20.8,12.6,27.4,,1,36.9,8.5,23.55,8.3
131,没林,2020-05-15,17.2,15,21.3,18.7,1.5,75.5,0,3.62,10
131,没林,2020-05-16,18.3,16.2,21.2,0,1.4,81.1,2.1,13.72,9
131,没林,2020-05-17,21.7,16.2,28.2,,1.4,67.9,9.1,25.24,7
131,没林,2020-05-18,20.4,14.8,27.2,23.7,2.3,74.8,6.3,19.11,7.6
131,没林,2020-05-19,14.1,12.1,17.8,2.4,1.9,74.3,2.9,12.09,7.6
131,没林,2020-05-20,14.8,9.8,20.2,,2.1,60.5,10.8,28.14,1.6
131,没林,2020-05-21,18,11.1,23.3,,1.3,61.3,11.1,25.7,3.4
131,没林,2020-05-22,19.8,15.3,24.9,0,1.8,61.9,7.1,22.64,7
131,没林,2020-05-23,21.5,16.5,26.8,,1.7,57.4,12.4,28.33,2.8
131,没林,2020-05-24,20.3,16.7,24.5,2.4,1.8,71.6,5.9,16.34,7.9
131,没林,2020-05-25,17.8,15.3,21.7,,1.2,74.4,3.6,11.8,9.3
131,没林,2020-05-26,18.9,14.8,25.7,0,1.4,68,8,23.35,7.9
131,没林,2020-05-27,19.1,14.1,25.1,,1.7,57,12.5,28.48,3.6
131,没林,2020-05-28,19.5,13.8,25.7,,1.5,60.9,8.4,25.04,4.6
131,没林,2020-05-29,21.8,15.3,27.8,,1.2,57.4,10.2,28.11,4.4
131,没林,2020-05-30,23.9,17.2,29.8,,1.2,48.9,12.6,28.87,3.5
131,没林,2020-05-31,22.7,17.2,28.1,0,1.4,54.3,6.7,21.79,7
131,没林,2020-06-01,21.5,17.7,26.7,.6,2.1,52.6,11.1,29.24,5.1
131,没林,2020-06-02,20.1,15.6,24.3,.6,1.3,53.9,1.4,12.53,8.9
131,没林,2020-06-03,23.2,18.2,29.1,.4,1.5,70.4,7.1,22.58,6.6
131,没林,2020-06-04,25.5,21.6,31.4,,2.1,64.5,10.2,27.19,4
131,没林,2020-06-05,25.5,21.8,30.4,,1.6,61,8.7,23.09,6.4
131,没林,2020-06-06,25.3,20,31.4,0,1.8,57.8,10.9,26.85,4.3
131,没林,2020-06-07,24.4,20.8,29.7,,1.4,60.8,6.8,22,3.3
131,没林,2020-06-08,26.2,20.3,32.6,,1.3,57.4,12.4,27.75,.5
131,没林,2020-06-09,27.7,21.1,34.4,,1.4,47.6,12.2,28.46,2.3
131,没林,2020-06-10,27,22,34.4,59.8,1.3,58.8,8.7,24.28,7
131,没林,2020-06-11,26.1,21.3,31.6,5.1,1.6,68.6,8.5,24.82,5.4
131,没林,2020-06-12,24.7,22.8,27.1,2,1,78.5,.4,9.14,9
131,没林,2020-06-13,25.7,21.8,32.1,10.7,1.5,71.8,7.2,26.06,7.8
131,没林,2020-06-14,25,21.2,29.8,.4,2,72.4,6.1,18.62,4.9
131,没林,2020-06-15,23.7,19.1,30,,1.9,61.9,11.6,27,5.3
131,没林,2020-06-16,24.4,19.5,30.2,,1.3,63.3,8.6,25.74,6.3
131,没林,2020-06-17,24.2,21.2,28.4,,1.5,58.4,3.8,19.18,8.9
131,没林,2020-06-18,21.9,20.2,24.7,0,1.5,67.9,.8,10.44,9.3
131,没林,2020-06-19,24.2,19.1,29.6,3.6,1.4,64.8,9.4,26.4,4
131,没林,2020-06-20,25,20.7,30.8,,1.4,66.8,7.8,23.08,3.8
131,没林,2020-06-21,26.2,21.6,32.9,.8,1.3,61.3,10,26.99,3
131,没林,2020-06-22,27.8,21.5,34,,1.3,58,12.1,27.71,.6
131,没林,2020-06-23,27.4,22.7,31.4,,1.4,61.6,5.6,20.18,7.9
131,没林,2020-06-24,23.5,21.3,27.1,.7,1.8,71.9,0,5.12,9.9
131,没林,2020-06-25,21.9,20.5,24,1.8,1.4,85.3,0,4.94,9.8
131,没林,2020-06-26,23.9,19.7,28.8,0,2,69.3,6.7,22.39,7
131,没林,2020-06-27,24.8,20.3,29,,1.1,67.8,2.7,16.44,6.5
131,没林,2020-06-28,25.2,20.6,30.5,,1.3,63.5,8.6,25.63,2.3
131,没林,2020-06-29,23,20.2,27.4,36.6,2,77,0,10.36,8.3
131,没林,2020-06-30,20.3,18.7,23.2,22.8,2.1,88.6,0,4.91,10
131,没林,2020-07-01,21.3,17.7,24.7,1.5,.9,77.3,.7,11.87,8.1
131,没林,2020-07-02,24.6,19.1,30.1,,1.1,65.9,8.6,24.79,6.9
131,没林,2020-07-03,23,19.7,25.8,0,1.8,66.9,.9,11.93,9.3
131,没林,2020-07-04,22.5,18.7,27.6,,1.5,72.6,5.2,19.14,7.5
131,没林,2020-07-05,24.2,20.2,28.1,,1,70.6,6,20.7,5.8
131,没林,2020-07-06,25.4,21.1,30.2,,1.2,71.3,6.8,22.76,6.5
131,没林,2020-07-07,25,22.7,28.5,,1.5,71.9,3.9,15.47,6
131,没林,2020-07-08,25.3,21,30.9,,1.3,68.8,7.6,23.09,7
131,没林,2020-07-09,27.5,21.9,32.8,,2,63.4,10.9,27.61,3.9
131,没林,2020-07-10,25.7,22.3,29.7,14.7,2.1,74.5,5.1,14.95,7.3
131,没林,2020-07-11,26.7,23.2,30,,1.7,65.5,4.7,20.24,8.3
131,没林,2020-07-12,23.2,20.1,25.3,14.9,1.9,76,0,6.87,9.8
131,没林,2020-07-13,20,17.8,22.1,79.3,2,82.6,0,3.87,10
131,没林,2020-07-14,19.9,18.2,22.2,8.5,2.2,89.3,0,8.8,9.6
131,没林,2020-07-15,21.8,18.3,26.3,3.9,1.3,80.1,3.5,14.61,7.6
131,没林,2020-07-16,24,19.7,29.4,,1.1,70.9,5.9,19.7,4.3
131,没林,2020-07-17,25.7,21,31.5,11,1.2,69.3,9.6,26.17,5
131,没林,2020-07-18,25.7,22.5,30,,1.7,63.9,7,23.55,5
131,没林,2020-07-19,25.8,21.1,28.8,7.5,2,73.5,2.2,15.68,9.5
131,没林,2020-07-20,25.2,23.2,28.7,10.3,2,80.8,.7,9.03,10
131,没林,2020-07-21,26.2,22,30.6,,1.1,66.8,8.7,22.51,7.3
131,没林,2020-07-22,23.8,22.5,25.2,28.3,1,86.4,0,5.27,10
131,没林,2020-07-23,22.8,21.2,23.8,39.6,2,83.6,0,3.71,9.5
131,没林,2020-07-24,22.3,19.8,25.7,33.4,3,83.3,.7,10.46,10
131,没林,2020-07-25,23.1,20.7,26.6,11.5,1.2,86.8,.8,11.07,8.4
131,没林,2020-07-26,24.3,21.2,28.2,2.4,.9,83,3.4,13,8.6
131,没林,2020-07-27,24.9,22.6,28.1,8.1,1,80.4,.3,10.5,10
131,没林,2020-07-28,24.7,21.9,27.4,.4,1.3,82.9,0,9.26,10
131,没林,2020-07-29,25,23.8,26.6,41.7,1,89.1,0,5.04,10
131,没林,2020-07-30,25.6,24.2,28.2,69.6,1.1,88.6,1.5,7.52,9
131,没林,2020-07-31,27.4,24.3,30.9,,1.1,78.9,4.7,17.01,8.3
131,没林,2020-08-01,26.5,23.5,31,19.3,1.4,82.6,2.1,12.81,8.4
131,没林,2020-08-02,27.5,23.5,30.8,11.9,1.6,79.6,1.7,12.88,9.4
131,没林,2020-08-03,26.1,23.8,28.8,16.1,1.3,83.6,.2,4.44,9.3
131,没林,2020-08-04,27.6,24.2,32.5,6.8,1.3,82.6,4.3,16.67,9
131,没林,2020-08-05,26.7,25.2,29.8,54.5,1.2,85.1,3,10.21,8.9
131,没林,2020-08-06,25.6,23.8,27.7,19.7,2.2,87.3,0,4.1,9.8
131,没林,2020-08-07,23.3,22.2,24.5,14.3,.9,90,0,4.81,9.8
131,没林,2020-08-08,24.4,22.5,27.2,18.9,.9,91.1,.4,5.41,10
131,没林,2020-08-09,26.5,24.1,28.7,27.3,1.3,84.9,.2,7.68,8.8
131,没林,2020-08-10,26.4,24.8,30.5,31.7,1.2,86.6,.6,9.37,8.8
131,没林,2020-08-11,25.5,24,26.8,61.1,1.2,89.3,0,6.31,9.8
131,没林,2020-08-12,27.2,24.2,31.3,9.7,.7,88,2.2,12.08,9.4
131,没林,2020-08-13,29.4,25.7,33.2,,1.4,77.5,6.9,20.81,6.4
131,没林,2020-08-14,29.2,26.7,32.6,,2.1,76.1,5.7,17.54,7.3
131,没林,2020-08-15,29.3,26.8,33.4,,1.8,75,5.3,18.24,5.3
131,没林,2020-08-16,28.8,25.5,33.7,,1.7,73.5,6.7,21.49,4.8
131,没林,2020-08-17,29.4,26,33.9,,1.2,71.6,8.5,24.51,5
131,没林,2020-08-18,29.3,25.7,33.8,,1.2,71.8,9.3,24.48,4.1
131,没林,2020-08-19,28.8,24.7,34,,1.5,70.9,10.5,24.97,1.6
131,没林,2020-08-20,29,24.7,33.9,,1.3,69.5,10.5,25.15,2.1
131,没林,2020-08-21,29.2,25,34.2,,1.2,71.3,9.3,24.46,4.9
131,没林,2020-08-22,26.5,24.2,30.2,0,1.4,78.6,0,9.3,9.6
131,没林,2020-08-23,27.3,22.8,31.9,,1,70.5,6.8,20.96,4.4
131,没林,2020-08-24,28.8,23.3,33.7,,1.2,68.3,11.3,24.76,2.6
131,没林,2020-08-25,30.7,25.5,36,,1.5,64.9,11.1,25.22,2.8
131,没林,2020-08-26,29.8,27.5,34.2,1.2,2.8,69.4,4.3,14.63,7.6
131,没林,2020-08-27,29,26.2,32.9,8.9,2.3,77,4.5,14.26,7.8
131,没林,2020-08-28,29,25,34.9,60.2,1.4,76.4,6.6,19.31,7.9
131,没林,2020-08-29,27.3,25,32.4,24.2,1,85.4,3,13.13,6.8
131,没林,2020-08-30,28.1,25.6,33.2,0,1.1,81.5,4.5,18.04,8.4
131,没林,2020-08-31,27.8,25.2,32.2,0,2.2,71.5,6.3,20.08,5.5
131,没林,2020-09-01,27.7,23.6,31.7,0,1.7,65.5,9.3,23.34,5.8
131,没林,2020-09-02,24.5,22.8,27.2,39.8,2.5,89.6,0,4.46,10
131,没林,2020-09-03,23.7,21.1,27.6,56,3.3,77.6,6.3,18.43,6.3
131,没林,2020-09-04,24.7,21.3,29.2,,1.6,64.8,9.7,20.46,4.1
131,没林,2020-09-05,22.4,19.6,25.9,,1.4,70,.4,8.27,8.8
131,没林,2020-09-06,21,18.1,25.8,14.9,2.7,78.6,1.2,10.16,10
131,没林,2020-09-07,19.2,16.5,22,30.8,3,87.9,0,3.52,8.9
131,没林,2020-09-08,24.3,21.7,28.6,,2.1,70.3,9.3,20.14,3.1
131,没林,2020-09-09,22.4,19.1,26.5,6.1,1.6,76.5,6.6,17.87,6.5
131,没林,2020-09-10,23.7,20.2,28.2,,.9,71.4,6,16.87,5.5
131,没林,2020-09-11,22.2,19.2,26.2,1.5,2.1,74.3,.4,9.64,9
131,没林,2020-09-12,19.6,17.7,21.7,9.5,2,87,.3,7,9.4
131,没林,2020-09-13,21.9,17.6,26.6,,1.6,68.8,10.3,21.68,3
131,没林,2020-09-14,21.9,17.2,26.7,,1.3,73.3,10.2,20.93,3.8
131,没林,2020-09-15,23.5,18.8,28.8,0,1.1,70.5,9.6,21.15,5.9
131,没林,2020-09-16,21.5,20.7,23.8,2,1.1,86.3,.5,6.77,9.5
131,没林,2020-09-17,21.9,20.2,24.2,0,1.1,80,0,7.29,9.3
131,没林,2020-09-18,21.2,18.1,26.2,,1.5,65,8.5,18.45,4.8
131,没林,2020-09-19,20.1,16.3,26.7,0,1.4,69.3,7.5,16.34,2.3
131,没林,2020-09-20,19.7,15.1,25.7,,1.3,60,10.5,21.63,0
131,没林,2020-09-21,18.7,13.1,24.3,,.9,63,8.2,16.69,4.4
131,没林,2020-09-22,20,15.5,25,,2,59.1,6.4,16.87,5.5
131,没林,2020-09-23,19.2,14.8,24,,2.4,62.9,3.2,12.9,8.5
131,没林,2020-09-24,20.7,16.1,26.5,,2.5,63.1,6.5,15.98,3.8
131,没林,2020-09-25,20.3,15.7,26.3,,2.5,64.8,7.7,18.75,4.8
131,没林,2020-09-26,19.4,15.6,25.1,,2.5,62.9,8.9,19.29,3.6
131,没林,2020-09-27,19.9,14.6,25.5,,1.3,65.5,9.9,20.02,.5
131,没林,2020-09-28,19.8,14.3,26.2,,.9,64.3,10.3,20.2,1.4
131,没林,2020-09-29,19.3,14.3,24.4,,1,66.4,7.2,15.72,5.5
131,没林,2020-09-30,20.2,15,25.7,,1,69,9.5,17.75,4.5
131,没林,2020-10-01,20.3,15.5,25.2,,1,67,6.4,15.16,5.6
131,没林,2020-10-02,20.8,17.2,25.1,0,1.4,67.4,7,15.93,5.9
131,没林,2020-10-03,19.4,17.6,22,5.8,.8,83.4,.8,6.12,9.6
131,没林,2020-10-04,18.1,12.6,21.8,0,1.6,70.1,1.4,8.47,8.8
131,没林,2020-10-05,14.2,9.1,19.3,,1.5,54.4,8.5,16.51,1.9
131,没林,2020-10-06,14.6,9.1,20,,1.1,60.3,10.1,19.57,2.4
131,没林,2020-10-07,16.7,10.6,22.2,,2.1,59.3,9.2,17.53,5.5
131,没林,2020-10-08,17.3,11.8,23.1,,3,52.8,10.2,19.31,.4
131,没林,2020-10-09,17.2,10.5,23.6,,2.5,53.3,10.2,19.12,1.8
131,没林,2020-10-10,17,11.3,22.7,,2,61.5,9.2,18.12,3.8
131,没林,2020-10-11,17,12.1,21.3,0,.9,71,4.6,10.35,5.6
131,没林,2020-10-12,17.2,13.6,22.8,0,1.2,71.9,4.6,12.19,5.3
131,没林,2020-10-13,13.7,10.1,18.1,,1.1,57.3,7,12.53,4.8
131,没林,2020-10-14,12.9,8.8,19.6,,1.1,56.3,4.2,9.77,5.3
131,没林,2020-10-15,12.1,6.8,18.5,,1.1,47.9,6.3,14.47,6
131,没林,2020-10-16,12,7.6,16.2,,1,66.8,.8,7.59,7.1
131,没林,2020-10-17,13.3,8.6,19.5,,.8,61.6,9.7,16.07,.6
131,没林,2020-10-18,12.8,5.5,20,,.9,64.3,10.1,17.06,.3
131,没林,2020-10-19,14.3,8,21.6,,.8,65,9.6,15.85,.5
131,没林,2020-10-20,14.4,8.3,21.8,,.8,66.5,9.6,15.89,.4
131,没林,2020-10-21,13.9,10.6,16.8,0,.7,72.5,.1,4.71,8.4
131,没林,2020-10-22,13.3,10,17.5,,1.4,68.4,2.3,7.11,4.4
131,没林,2020-10-23,10.2,8,14.1,,2,50.9,9.7,16.61,.9
131,没林,2020-10-24,9.2,4.6,13.7,,1.6,49.5,9.9,16.71,1
131,没林,2020-10-25,12.1,5.6,19.6,,1,59.3,9.3,14.52,3.4
131,没林,2020-10-26,12.5,6.1,19.2,,.8,65.4,9.5,13.93,1.4
131,没林,2020-10-27,13.4,7.1,20.3,,.9,66.6,9.1,13.76,1.6
131,没林,2020-10-28,14.2,10.7,20,,1.3,54.3,7.5,13,2.8
131,没林,2020-10-29,10.8,4.8,17,,1,44.5,9.3,14.46,3
131,没林,2020-10-30,11.4,4.9,18.7,,.9,53,9.7,14.55,.5
131,没林,2020-10-31,13.2,7.1,19.1,0,.8,56.6,8.4,12.93,4.9
131,没林,2020-11-01,12.7,11.6,13.6,8.5,.7,82.9,0,1.88,9.9
131,没林,2020-11-02,12,8,16.9,,1.1,59.5,7.5,13.52,3.3
131,没林,2020-11-03,6.8,4.3,10,0,2.3,46.4,6.7,10.86,2.9
131,没林,2020-11-04,5.6,.8,11.1,,1.3,43.8,9.6,15.07,0
131,没林,2020-11-05,8.7,.8,15.1,,.6,54.4,8.9,12.52,5
131,没林,2020-11-06,12.3,9.5,15,0,.5,64.9,0,3.6,9
131,没林,2020-11-07,14.1,10.1,19.5,,1.2,61.9,8.4,11.21,2.3
131,没林,2020-11-08,9.5,5.2,13.8,,1.9,44.8,9.1,14.22,.3
131,没林,2020-11-09,7.5,1.7,11.3,0,1.2,36,9.1,13.77,2.9
131,没林,2020-11-10,8.4,3.5,13.3,,1.2,47.9,9.6,13.47,0
131,没林,2020-11-11,9,2.2,16.3,,.6,54.5,9.5,13.14,0
131,没林,2020-11-12,9.9,2.9,17.9,,.6,55.4,9.4,12.97,0
131,没林,2020-11-13,10.7,4.4,17.5,,.7,64.6,8.7,10.9,2
131,没林,2020-11-14,11.1,3.4,19,,.6,71,6.8,11.31,4
131,没林,2020-11-15,11.9,6,18.7,,.8,69.5,8.9,11.6,1
131,没林,2020-11-16,11.9,6.6,17.8,,.7,69.1,8,10.61,3
131,没林,2020-11-17,15.2,10.2,20.5,2.8,.8,73.1,2.1,6.35,7.8
131,没林,2020-11-18,16.5,11.8,20.1,2.1,.6,86,0,4.14,7.4
131,没林,2020-11-19,15.9,10.5,21.2,23.7,2.1,80.1,0,1.53,9.6
131,没林,2020-11-20,6,3.7,10.5,0,2.1,71.5,0,1.38,9.4
131,没林,2020-11-21,8.2,1.1,13.8,,1.8,61.1,8.7,12.1,3.6
131,没林,2020-11-22,7.7,4.3,10.6,3.9,1.7,73.5,0,3,9
131,没林,2020-11-23,3.6,1.5,7.1,,1.6,55.5,7.2,11.22,2.5
131,没林,2020-11-24,4.5,.8,9.3,,.8,50.6,4.8,7.92,7.1
131,没林,2020-11-25,5.7,.8,11.4,,.9,56.8,9,11.42,1.6
131,没林,2020-11-26,6.6,1.7,11.8,,.9,59.4,7.2,10.14,4.6
131,没林,2020-11-27,5.5,2.5,8.6,0,1.7,59.5,1.1,4.19,7
131,没林,2020-11-28,2.2,.6,4.6,,2,49.3,8,11.34,4.6
131,没林,2020-11-29,1.6,-.5,4.7,,1,62.3,1.5,5.42,6.3
131,没林,2020-11-30,1.3,-1.9,5.5,,1.1,61,8.6,11.05,.1
131,没林,2020-12-01,1.7,-3.2,7,,.9,49.4,8.6,11.14,2.8
131,没林,2020-12-02,3.9,.8,8.2,,1.3,40.4,6.3,9.55,5.6
131,没林,2020-12-03,2.1,-.5,6,,1.4,48.4,8.5,10.68,2.3
131,没林,2020-12-04,.9,-3.3,5.3,,1,53.6,8.6,10.92,1
131,没林,2020-12-05,.7,-3.1,4.7,0,.5,75.4,1.1,3.64,5.8
131,没林,2020-12-06,3.1,-1.3,8.6,,.6,73.1,5.7,8.01,3.1
131,没林,2020-12-07,3.8,1.1,7.3,,1.3,62,.6,3.47,6.8
131,没林,2020-12-08,1.3,-1.5,5.4,,1.3,46.1,8.6,10.97,1.3
131,没林,2020-12-09,1.4,-4.9,6.3,,1,51.9,7.3,9.32,4
131,没林,2020-12-10,5.8,2.5,9.6,,.7,58.3,1.8,5.05,7.3
131,没林,2020-12-11,6.4,3,10.4,,.7,65.5,3.4,6.15,7.8
131,没林,2020-12-12,4.6,.8,8.2,,1.5,43.4,8.4,10.27,1.9
131,没林,2020-12-13,-.3,-3.5,4,1.2,1.4,66.5,.1,1.37,6.9
131,没林,2020-12-14,-5.2,-7,-2.1,,2.4,40.8,8.6,11.38,2.1
131,没林,2020-12-15,-5.9,-9.2,-2.1,0,1.7,40.6,8.6,11.14,1.8
131,没林,2020-12-16,-5.4,-8.7,-1.7,,1.7,40,8.6,11.31,0
131,没林,2020-12-17,-4,-8.9,.9,,1,47.6,8.5,10.97,1.1
131,没林,2020-12-18,-.6,-3.5,2.7,.2,1.3,57.8,3.2,4.57,5.1
131,没林,2020-12-19,-3.6,-7.4,-.2,,1.6,37.5,8.6,11.28,2.6
131,没林,2020-12-20,-2.4,-8,2.6,,1,48.5,8.4,10.6,.4
131,没林,2020-12-21,0,-5,4.9,,.7,59.8,5.8,8.64,4.4
131,没林,2020-12-22,1.9,-2.8,7.3,,.8,62.4,6.3,7.78,2
131,没林,2020-12-23,3.1,-2.3,8.3,,.7,70.6,1.9,5.34,5.9
131,没林,2020-12-24,4.2,1,9.1,,1.8,59.4,7.6,9.38,4.6
131,没林,2020-12-25,1,-1.7,4.8,0,1.4,54,8.2,10.1,2.6
131,没林,2020-12-26,1.8,-2.5,6.8,,.8,68.8,4.7,7.4,4.1
131,没林,2020-12-27,4,-.9,9.6,,.4,71.8,6,7.13,6.3
131,没林,2020-12-28,5.5,.5,12.1,,.6,65.3,4.8,8.28,2.8
131,没林,2020-12-29,.8,-3.3,4.9,1.2,1.5,78.5,.1,2.58,8.1
131,没林,2020-12-30,-8.8,-11.5,-3.3,1.6,2.4,71.1,4.2,4.46,6.8
131,没林,2020-12-31,-8.6,-13.7,-4.5,.1,1.2,62.8,5.7,11.06,4.6
131,没林,2021-01-01,-5.2,-10.2,-1.9,.6,.4,83.5,2.3,5.46,6.5
131,没林,2021-01-02,-4.4,-8.2,-.5,0,1,64.5,8.5,11.23,.4
131,没林,2021-01-03,-4,-8.2,-.9,,1,50.8,5.8,7.8,3.4
131,没林,2021-01-04,-2.8,-8.9,1.9,0,.7,59.6,6.5,8.46,5.3
131,没林,2021-01-05,-3.4,-7.5,-.3,.1,1.7,52.9,8,10.21,2
131,没林,2021-01-06,-5.6,-10.4,-2.4,1.6,1.2,56.8,8.7,11.01,1.8
131,没林,2021-01-07,-11.8,-14,-4,.4,2.7,51,7.2,7.3,3.5
131,没林,2021-01-08,-13.2,-16.3,-9.6,,1.5,47.5,8.6,11.44,1.3
131,没林,2021-01-09,-11.5,-15.9,-7.7,,1.3,56.1,8,9.55,.9
131,没林,2021-01-10,-8.1,-14.1,-3.2,,.7,56.6,8.6,12.67,1.3
131,没林,2021-01-11,-6.4,-10.4,-3.3,,.6,64,0,4.26,6.9
131,没林,2021-01-12,-2.5,-7.6,3.4,.4,1.1,72,6.3,9.52,7
131,没林,2021-01-13,3,-4.6,9.6,0,.9,76.6,7.8,9.64,1.9
131,没林,2021-01-14,3,-1.4,9,,.8,56.3,8.8,10.78,0
131,没林,2021-01-15,5,.3,12.4,,1.4,66.5,.1,3.56,8.5
131,没林,2021-01-16,-2,-5.1,2.5,,2.4,57.5,7.9,10.75,5.6
131,没林,2021-01-17,-3.7,-8.4,-.3,,1.6,52.8,7.9,11.47,3.1
131,没林,2021-01-18,-2.2,-5.6,3.7,1.1,1.7,67,1.7,4.03,3.3
131,没林,2021-01-19,-5.3,-10.1,-.5,,1.1,40.4,9.1,12.48,0
131,没林,2021-01-20,-1,-7.9,7,,1,44.6,9.1,11.92,1.4
131,没林,2021-01-21,4.5,-.4,9.3,3.5,.7,63.3,3.5,5.84,8.8
131,没林,2021-01-22,6.5,4.1,9,1,1.1,89.9,0,3.81,10
131,没林,2021-01-23,8,4.8,12.5,,2.4,73.1,1.3,4.82,8.6
131,没林,2021-01-24,7.3,2,13.1,,1.2,62.3,9.1,12.47,2
131,没林,2021-01-25,8.1,3.4,13.5,,1.1,59.9,7.9,9.52,6.1
131,没林,2021-01-26,5.7,4.4,8.3,3.3,1,80,0,2.15,9.4
131,没林,2021-01-27,3.3,.8,7.1,,1.6,46,8.8,11.72,6.4
131,没林,2021-01-28,-1.8,-6.9,4,.7,2.6,54.9,3,4.36,6.5
131,没林,2021-01-29,-6.6,-9.4,-3.1,0,2.2,45.6,9,13.35,1.6
131,没林,2021-01-30,.1,-8.9,7.8,0,1.2,55.9,6.1,8.97,4.1
131,没林,2021-01-31,4,-4,11.7,,.7,55,9,12.28,2.8
131,没林,2021-02-01,6.5,1.7,11.1,4.2,1.5,78,1.9,6.42,8.3
131,没林,2021-02-02,-3.4,-5.4,1.7,.1,2.7,44,9.5,13.97,1.3
131,没林,2021-02-03,-2.3,-8,3.1,0,1.4,53.5,9.5,14.15,2.8
131,没林,2021-02-04,-1.2,-4,1.6,1.5,1.8,43,9.6,15.02,1.4
131,没林,2021-02-05,.9,-5.1,7.5,,1,51.5,7.5,11.1,4.8
131,没林,2021-02-06,5.8,-1.3,10.7,,1.3,68,4.5,9.02,7.4
131,没林,2021-02-07,5.5,-.7,10,,1.7,60.9,6.6,10.81,3
131,没林,2021-02-08,-1.7,-3.5,1.3,,2.5,41.1,9.7,15.28,0
131,没林,2021-02-09,0,-5.5,5.7,,1.2,42.8,9.7,15.19,0
131,没林,2021-02-10,2.4,-3.5,8.1,,.7,60.5,4.2,8.89,3.9
131,没林,2021-02-11,5.7,1.2,11.1,,.7,62.9,7.9,11.89,7.5
131,没林,2021-02-12,7,.6,14.8,,.6,51.4,8.7,14.22,2.1
131,没林,2021-02-13,7.7,-.3,16.3,,.6,43.8,9.7,15.25,.8
131,没林,2021-02-14,9.5,5,14.3,0,.6,56.3,.6,6,9.4
131,没林,2021-02-15,2.7,-2.8,9.6,0,2.7,61.3,5.1,11.02,7.9
131,没林,2021-02-16,-3.2,-5.1,1,1.4,1.8,59.3,6,9.18,5
131,没林,2021-02-17,-7.2,-9.2,-5,.3,3.1,59.6,3.6,10.35,6.9
131,没林,2021-02-18,-4.8,-9,-.9,,2.2,49.4,9.9,15.18,3.3
131,没林,2021-02-19,2.4,-5.9,9.5,,1.5,60.5,9.9,16.09,0
131,没林,2021-02-20,10.5,6.4,17.1,,1.5,59,9,14.47,.3
131,没林,2021-02-21,13.1,4.4,22.1,,1.9,50.4,9.8,16.37,.1
131,没林,2021-02-22,9.4,1.7,17.6,,1.8,51,9.9,15.09,.4
131,没林,2021-02-23,1.5,-1.3,6,,1.7,33.8,10.1,16.54,1
131,没林,2021-02-24,4.4,-1.3,10.8,,.8,33.6,8.5,13.8,7.1
131,没林,2021-02-25,5.1,.6,8.6,,.8,48,0,4.55,8.9
131,没林,2021-02-26,8.7,1.7,15.6,,2.2,40.1,9.2,16.27,4.4
131,没林,2021-02-27,8,3.9,12.2,,2.7,47.3,10,15.77,5.1
131,没林,2021-02-28,7.5,.8,12.9,0,1,58.8,2.6,8.64,6.8
131,没林,2021-03-01,7.2,.8,13.1,53.3,1.5,88.8,0,1.97,10
131,没林,2021-03-02,2.9,1,5.8,0,1.3,71.9,1.1,5.84,5.9
131,没林,2021-03-03,4.6,-1.2,10,,.9,57.4,9.6,15.35,4.8
131,没林,2021-03-04,5.8,1.7,10.3,1,.6,71.9,.5,6.28,6.9
131,没林,2021-03-05,8.6,1.3,16.7,,1.1,68.6,9.2,18.12,2.6
131,没林,2021-03-06,7.4,4.1,12.6,,1.8,68.3,4.1,9.09,6.5
131,没林,2021-03-07,6.8,4.3,10.5,,1.4,64.3,4.5,9.85,7.4
131,没林,2021-03-08,7.6,2.2,14.4,,1,59.6,10,18.95,.6
131,没林,2021-03-09,7.3,2.2,13.3,,1.1,52,7.7,14.02,5.3
131,没林,2021-03-10,9.5,1.2,17.6,,.8,48.9,10.1,19.61,0
131,没林,2021-03-11,10.7,3.7,18.1,,1,47.1,8,17.77,5.6
131,没林,2021-03-12,9,7.9,10.6,4.2,1.7,75.8,0,3.69,8.4
131,没林,2021-03-13,9.4,4.1,15.2,,1.2,63.9,10,17.48,3.8
131,没林,2021-03-14,9.7,5,14.8,,1.1,62.6,8.1,15.68,3.1
131,没林,2021-03-15,12,4.9,17.8,,1.2,55.4,8.3,16.28,6.8
131,没林,2021-03-16,9.9,5.6,15,0,2,50.6,10.3,21.12,2.4
131,没林,2021-03-17,9.5,2.2,18.6,,1.1,45.1,10.5,20.77,.6
131,没林,2021-03-18,12.5,4.6,19.6,0,1.1,47.3,9.8,19.43,3.4
131,没林,2021-03-19,13.8,10.3,18.6,0,2.5,46.1,8.1,17.62,7.6
131,没林,2021-03-20,8.9,6.9,12.3,5.3,1.3,76.3,0,2.81,9.6
131,没林,2021-03-21,6.2,4.5,10.4,0,2.6,61.3,5.4,11.88,7.1
131,没林,2021-03-22,6.8,1.7,12.4,,2.1,44.1,10.6,20.02,1.3
131,没林,2021-03-23,9.8,2.7,17.8,,1.9,50.3,10.5,20.98,0
131,没林,2021-03-24,11.3,4.5,18.8,,1.3,42.6,9.6,19.37,3.1
131,没林,2021-03-25,13,6.3,21.2,,1,51.1,10.9,21.87,1.3
131,没林,2021-03-26,14.4,5.8,22.3,,.9,44.6,11.3,18.04,3.9
131,没林,2021-03-27,13,10,16.5,10.8,1,64.1,0,5.01,9.5
131,没林,2021-03-28,10.5,9.1,14.5,2,2.2,83,0,2.69,9.5
131,没林,2021-03-29,12.5,9.1,17.3,0,2.1,47,9.3,19.67,5.6
131,没林,2021-03-30,12.5,6.4,19.5,,1.4,34.4,11.4,23.79,1
131,没林,2021-03-31,15.2,5.4,23.8,,.9,30.1,11.5,23.62,3.4
131,没林,2021-04-01,16.4,11,22.3,,2.5,31.8,8.1,17.89,6.9
131,没林,2021-04-02,18.1,13.3,22.1,0,2.5,39,7.5,17.79,8
131,没林,2021-04-03,16.6,14.1,18.8,23.2,1.1,72.3,0,3.9,9.8
131,没林,2021-04-04,11.5,9.3,14.2,10.9,3,68.6,1.9,9.09,8.3
131,没林,2021-04-05,11.7,4.6,18.2,,1.6,39.5,11.8,25.61,.9
131,没林,2021-04-06,13.6,7.5,20.1,,1.6,39.5,9.6,22.65,2
131,没林,2021-04-07,14.5,8,21.8,,1.4,36,11.6,24.7,.4
131,没林,2021-04-08,13.3,8.3,19.2,,1.6,31.6,11.5,25.31,.1
131,没林,2021-04-09,12.2,6,19.1,,2,41,9.7,21.62,1.8
131,没林,2021-04-10,13,7.5,19.3,,1.3,43.3,11.4,23.11,1.3
131,没林,2021-04-11,15.5,7,23.2,,1,42.6,11.4,23.78,2.5
131,没林,2021-04-12,14.2,12.3,17.1,8.6,1.6,56.5,0,5.74,10
131,没林,2021-04-13,11.2,5.5,17,.9,2.8,65.1,7.4,20.61,5.3
131,没林,2021-04-14,9.6,4,15.7,,2.1,40.5,11.7,26.79,.9
131,没林,2021-04-15,11.7,3.7,19.3,,1.1,39.4,11.1,23.92,3.8
131,没林,2021-04-16,12.1,9.3,15,.1,1.4,61.3,1.6,5.71,9.4
131,没林,2021-04-17,10.1,6,16.3,0,2,47.4,6.8,16.68,4.3
131,没林,2021-04-18,10.8,6.9,16.1,,2.1,49.1,9.2,24.81,1.5
131,没林,2021-04-19,13.8,5,22.6,,1.6,45.6,11.9,26.57,0
131,没林,2021-04-20,15.8,7.5,24.6,,1.2,42.4,11.3,24.42,2.9
131,没林,2021-04-21,20.3,10.3,29.6,,1,34.9,11.3,24.25,5.6
131,没林,2021-04-22,22.8,16.2,29.7,,1.7,27.1,6.7,20.19,8.4
131,没林,2021-04-23,19.9,17.4,23.2,0,2.7,19.8,.5,11.26,9.3
131,没林,2021-04-24,18.4,14.6,24.2,,1.5,31,5.9,19.09,5.1
131,没林,2021-04-25,18,10.6,24.9,,1.8,41.4,10.7,25.54,1.6
131,没林,2021-04-26,17,11.6,22.8,,1.7,33.1,12.1,26.8,4.6
131,没林,2021-04-27,16.8,13.3,21.3,0,1.3,48.9,1.8,11.52,8.9
131,没林,2021-04-28,16.8,13.8,20.6,0,1.6,55.3,3.8,14.71,8
131,没林,2021-04-29,15.6,12.5,20.3,2.2,1.8,51,7.1,21.04,7.9
131,没林,2021-04-30,12.9,10.3,17.4,.5,2.4,64.3,3.9,14.94,8
131,没林,2021-05-01,10.6,8.7,14.3,2.2,1.8,71.6,1,8.27,9.1
131,没林,2021-05-02,13,8.1,18.9,3.2,1.7,60,8.1,22.73,4.1
131,没林,2021-05-03,15.2,7.5,23,,1.3,51.1,11.6,27.81,3.4
131,没林,2021-05-04,17.3,12.5,22.2,3.4,1.5,65.8,.5,9.89,9.9
131,没林,2021-05-05,15.7,11.6,20.6,.8,2.5,44.4,12.3,29.13,1.3
131,没林,2021-05-06,16.4,7.5,23.7,,1.4,37.4,10.3,21.89,5.5
131,没林,2021-05-07,15.4,11,20.3,2.1,2.1,51.8,7.3,15.6,3.8
131,没林,2021-05-08,16.1,9.1,23.5,,2.4,52.4,11,24.9,.6
131,没林,2021-05-09,16.7,10,22.8,,2.1,42.6,12.8,29.34,.5
131,没林,2021-05-10,12.2,10.3,14.6,18.4,1.3,77.1,0,3.18,9.1
131,没林,2021-05-11,17.3,12.1,22.1,4.2,2.3,53,5.7,19.26,7.8
131,没林,2021-05-12,21,13.4,27.1,,1.7,36.5,11.9,28.11,2.8
131,没林,2021-05-13,22.7,15.1,29.7,,1.1,48.3,12.8,28.01,.9
131,没林,2021-05-14,24.4,17.1,31.3,,1.2,54.4,10,23.16,6.3
131,没林,2021-05-15,22.8,19.7,26.6,2.9,1.1,74.3,1.2,12.15,9.8
131,没林,2021-05-16,21.1,16.8,22.9,35.9,1.2,89.6,0,3.93,10
131,没林,2021-05-17,16.3,15.3,17.6,7.5,1.1,88.4,0,4.65,10
131,没林,2021-05-18,19.1,15.3,24.3,0,1.2,66.8,7.3,20.71,6.3
131,没林,2021-05-19,21.2,14.5,28.2,,1,54.6,10.4,28.09,4.4
131,没林,2021-05-20,17.4,15.6,21.5,6.9,1.7,74.9,0,5.3,9.9
131,没林,2021-05-21,15.2,14.2,16.2,4.1,1.7,86.6,0,4.69,8.8
131,没林,2021-05-22,18.7,12.8,25.3,,1.4,64.1,11.2,28.26,2.8
131,没林,2021-05-23,20.3,13.9,26.1,,1,59.9,7.5,19.89,6.9
131,没林,2021-05-24,20.4,17.1,25.1,0,1.5,48.6,7.9,24.54,4.3
131,没林,2021-05-25,16.9,13.1,22.3,2.3,2.1,54.5,7.4,21.75,4.1
131,没林,2021-05-26,18,12.5,24.4,.8,1.3,54.6,2.6,14.02,8.6
131,没林,2021-05-27,17,14.3,21.1,1.6,1.6,69.6,4.2,10.25,6.3
131,没林,2021-05-28,14.8,11.8,18.7,23.2,1.6,82.1,2.1,6.84,7.9
131,没林,2021-05-29,17.8,12.8,24.4,0,1.6,63,7.9,21.44,4.1
131,没林,2021-05-30,20,12.1,28.2,3.5,1.2,65.3,11.9,29.37,3
131,没林,2021-05-31,20.7,17.2,25.3,13.4,1.2,67.5,3.9,14.16,6.8
131,没林,2021-06-01,22.8,17.8,27.6,,1.2,59.9,9.5,23.5,6.9
131,没林,2021-06-02,24.9,18.7,30.2,,1.2,53.8,11.3,25.65,4.4
131,没林,2021-06-03,19.1,16,23.2,25.7,.9,80,0,4.67,8.6
131,没林,2021-06-04,19.2,13.8,25.5,1.9,1.8,63.4,11.3,28.52,2.5
131,没林,2021-06-05,21.5,15.6,26.9,,2.1,61.8,9,23.3,1.6
131,没林,2021-06-06,23.3,18.7,28.4,0,1.4,62.1,8.8,24.37,3.4
131,没林,2021-06-07,23.3,17.8,28.7,,1,55.6,6.8,18.53,5
131,没林,2021-06-08,25.3,19.5,31,,1.1,55.5,10,25.48,6.1
131,没林,2021-06-09,27.5,21.3,33.5,,1.1,53.3,11.6,28.01,3.3
131,没林,2021-06-10,26.1,21.4,31,.7,1.8,54.9,5.9,20.16,8.5
131,没林,2021-06-11,23.5,20.1,28.5,9.9,1.7,73.9,4.1,18.77,7.9
131,没林,2021-06-12,25.2,19.4,31,,1.2,69.9,8.3,24.96,5.3
131,没林,2021-06-13,25.5,21.7,31.2,,1.4,68.9,6.6,23.52,4.5
131,没林,2021-06-14,25.1,20.2,30.3,,1.3,71.3,6,19.23,7.6
131,没林,2021-06-15,23.7,22.4,25.8,0,2.1,66.6,.2,9.97,9.6
131,没林,2021-06-16,24.9,22.1,28.5,,3.2,58.1,6.1,20.7,5.1
131,没林,2021-06-17,22.5,20.6,25.2,0,1.7,69,.7,12.49,9.3
131,没林,2021-06-18,21.6,19.5,24.2,1.3,1.5,83.8,.7,9.03,9.4
131,没林,2021-06-19,23.6,18.7,29.8,,1.3,67,10.1,26.99,2.6
131,没林,2021-06-20,24.9,19.1,31,.6,1.9,60.5,11.5,26.76,3
131,没林,2021-06-21,25,20.3,30.6,,1.6,56.4,11.2,28.67,2.3
131,没林,2021-06-22,23.7,19.5,29.4,0,1.4,61.8,6.1,20.63,6.4
131,没林,2021-06-23,21.6,19.1,24.2,.3,1.5,73.5,.1,8.99,6.8
131,没林,2021-06-24,23.5,18.7,28.5,0,1.2,68.5,7.5,21.5,5.8
131,没林,2021-06-25,25,20.2,31.2,1.4,1.5,64.5,10.5,26.15,4.5
131,没林,2021-06-26,22.5,19.1,26.5,12.9,1.3,76.3,5.5,15.6,6.6
131,没林,2021-06-27,25.2,20.1,29.7,,1.1,65.4,7.2,17.6,5.5
131,没林,2021-06-28,24.7,21.3,29,3.4,1.5,66.5,5.7,19.57,7.1
131,没林,2021-06-29,24.4,20.7,29.6,17.3,1,73,8.2,21.66,5.5
131,没林,2021-06-30,25,21.3,30.3,0,1.1,74.9,5.4,17.14,6.9
131,没林,2021-07-01,27.3,21.7,31.6,,1.3,66.4,9.3,22.58,2
131,没林,2021-07-02,27.3,23.8,32.1,,1.9,55.5,7,22.4,3.8
131,没林,2021-07-03,24.1,21.6,27,34.4,2.5,72.1,.3,8.84,9.3
131,没林,2021-07-04,23.6,21.8,25.6,8.3,2.1,81.9,.4,9.37,9.4
131,没林,2021-07-05,23.7,21.6,26.8,2.2,1.1,77.6,.1,13.5,9.6
131,没林,2021-07-06,24.2,21.7,27.8,7.4,1,83.6,1.4,12.22,9
131,没林,2021-07-07,25.8,22.7,28.3,38.3,.9,84.4,.3,10.67,9.9
131,没林,2021-07-08,26.3,23.1,31.5,27.3,1.2,77.1,5.5,18.46,8.4
131,没林,2021-07-09,26.3,22.6,31.2,4.5,1.2,75.6,6.4,19.49,7.1
131,没林,2021-07-10,27.1,24.2,30.8,.5,1.6,73.4,6.2,20.4,7.5
131,没林,2021-07-11,26.5,23.6,31,0,1.5,78.1,3.9,15.84,8.8
131,没林,2021-07-12,28.4,22.7,33.4,,1.3,72.8,6.5,20.34,6.8
131,没林,2021-07-13,30.4,26.3,34.2,,1.3,68.9,9.9,23.91,6.4
131,没林,2021-07-14,30,26.2,34.1,,1.5,67.5,11.6,24.41,7.3
131,没林,2021-07-15,29,25,35,,1.4,67.8,7.7,21.1,5.4
131,没林,2021-07-16,27.4,23.7,33.6,2.5,1.2,72,7,19.62,5.5
131,没林,2021-07-17,28.1,23.2,33.1,,2,65.8,8.8,24.77,5
131,没林,2021-07-18,28.5,24.5,33.4,0,1.7,63.6,10,25.16,5
131,没林,2021-07-19,27.3,25,32.4,1.8,1.3,74.1,3.9,18.82,8
131,没林,2021-07-20,28.2,24.7,31.7,0,1.3,73.6,2.2,12.88,8.1
131,没林,2021-07-21,30.5,24.8,35.8,,1.8,57.1,12.3,29.14,5.3
131,没林,2021-07-22,30.1,25.5,35.1,,1.7,59.6,12.9,28.76,2.1
131,没林,2021-07-23,30.5,26.1,35.9,,2.1,57.4,13.3,30.24,3.1
131,没林,2021-07-24,31.2,26.2,35.9,,1.6,56.1,11.2,26.06,5.6
131,没林,2021-07-25,30.5,26.2,34,,2.1,57.4,11.2,24.68,5.9
131,没林,2021-07-26,30.6,26,35.1,,2.5,55.9,12.8,28.99,1
131,没林,2021-07-27,30.7,25.7,35.5,,1.4,57.9,11.5,24.97,1.4
131,没林,2021-07-28,30.8,27.1,35.6,,1.5,55.4,8.9,22.13,3.3
131,没林,2021-07-29,30.2,26.7,35.8,,1.4,63.3,9.8,22.27,6.3
131,没林,2021-07-30,31.3,27.2,36.4,,1.5,59,10.8,27.4,6.1
131,没林,2021-07-31,30.1,25.8,35,10.9,1.5,69.3,9.1,24.29,4.4
131,没林,2021-08-01,27.6,24.2,31.8,10.8,1.1,77.6,2.3,12.27,8.8
131,没林,2021-08-02,26.4,24.7,28.8,21.5,.8,83.6,2.1,10.1,9.3
131,没林,2021-08-03,28.4,24.7,32.7,11,1,77.4,4.3,16.99,7.9
131,没林,2021-08-04,30,25.8,34.5,0,1.3,65.4,12.2,27.52,3
131,没林,2021-08-05,30.4,26.3,35.2,,1.3,64.4,10.9,24.58,3.5
131,没林,2021-08-06,28.4,23.7,35.5,17.4,1.3,71.4,7.3,20.18,7
131,没林,2021-08-07,28.2,23.6,33.4,0,1.4,67.1,10.1,23.82,6.1
131,没林,2021-08-08,26.9,24.6,30.7,,1.7,75.6,.3,10.34,9.1
131,没林,2021-08-09,28.3,24,33.2,,1.9,61.1,10.5,25.89,4.1
131,没林,2021-08-10,27.1,24.7,32,0,1.7,68.9,6,18.77,4.1
131,没林,2021-08-11,28,24.1,32.7,0,1.1,67,6.8,19.62,5.3
131,没林,2021-08-12,27.3,24.2,31.7,.8,1.1,72,4.8,15.77,7.3
131,没林,2021-08-13,26.7,23.6,29,,1.7,70.1,1.6,11.98,8.8
131,没林,2021-08-14,26.1,24,29.5,0,1.9,68.5,2.8,12.8,8.4
131,没林,2021-08-15,26.6,21.3,31.8,,2.1,61.8,11.8,26.49,4.5
131,没林,2021-08-16,26.5,23.2,30.4,,2.2,58.8,8.2,19.76,5.6
131,没林,2021-08-17,25.8,22.1,29.3,,3,60.6,8,20.96,7.6
131,没林,2021-08-18,25.2,22.2,30.3,0,2.1,65.3,7,19.58,6.3
131,没林,2021-08-19,25.3,21.2,29.6,0,1.6,66.3,6.9,18.24,6.6
131,没林,2021-08-20,26.7,21.7,31.6,2.1,1.6,65.6,9.7,22.15,3.4
131,没林,2021-08-21,25.1,22.8,28.4,23.1,1.9,78.9,.8,6.23,9.3
131,没林,2021-08-22,25.6,23,29,.1,1.3,77.3,2.8,13.26,8.9
131,没林,2021-08-23,22.4,21.2,24.7,53.2,1.2,88.4,0,3.63,10
131,没林,2021-08-24,24.7,21.5,27.8,22.8,1.4,86,.2,6.52,8.6
131,没林,2021-08-25,23.5,21.8,25.2,28.8,.7,89.4,0,4,9.9
131,没林,2021-08-26,25.8,22.5,29.6,0,1.1,79.8,2.6,13.55,8.8
131,没林,2021-08-27,22.5,20,25.7,20.8,1,86.5,0,3.62,9.3
131,没林,2021-08-28,23.1,19.7,26.4,.3,1.1,79.6,2.7,13.72,9
131,没林,2021-08-29,22.9,18.6,27.3,18.2,1.3,77.4,5.9,14.85,7.8
131,没林,2021-08-30,23.5,20.7,26.2,0,.8,78.8,.2,8.41,9.4
131,没林,2021-08-31,22.9,20.6,26.2,2.2,1.5,80.8,.2,8.3,9.8
131,没林,2021-09-01,22.5,22,23.3,66.5,1.8,88.4,0,5.43,9.8
131,没林,2021-09-02,23.7,21.2,26.5,0,2.1,70.8,5.1,14.57,7.5
131,没林,2021-09-03,24.3,20.2,29.5,,1.7,61.9,8.5,19.62,2.6
131,没林,2021-09-04,23.6,19,28.5,,1.9,63,10.3,19.87,5.4
131,没林,2021-09-05,22.2,18.3,26.4,.6,1.7,70.1,1.4,11.62,7.9
131,没林,2021-09-06,21.6,18.5,26.2,36.3,1.9,73.9,.4,8.82,9.3
131,没林,2021-09-07,21.4,19.2,23.7,5.9,1,87,.1,3.66,10
131,没林,2021-09-08,22.6,20.2,27.7,.5,1.2,76.9,4.8,12.26,5.5
131,没林,2021-09-09,23.2,17.5,29,,.8,71.6,10.1,20.2,5.9
131,没林,2021-09-10,24.1,20.3,28.8,,1,74.3,5.7,15.74,5.9
131,没林,2021-09-11,24.6,20.3,30.1,,1,73,9.1,20.6,2.3
131,没林,2021-09-12,24.5,19.7,29.5,,1,72.4,9.8,20.12,5.1
131,没林,2021-09-13,25,22.2,28.8,,2.2,59.1,9.6,19.45,8.1
131,没林,2021-09-14,23.3,20,26.7,,2.8,58.4,3.8,12.65,6.3
131,没林,2021-09-15,23.5,18.2,29.1,,3.4,56,11.3,21.93,.5
131,没林,2021-09-16,23,17.2,27.7,,2.7,60.3,9.9,19.07,5.6
131,没林,2021-09-17,20.5,18.6,23.7,14.7,2.3,80.3,.9,7.21,7.3
131,没林,2021-09-18,22.5,16.3,28.2,,1,67.9,10.2,21.2,2.4
131,没林,2021-09-19,23.6,19,28.7,,.9,65,8.7,18.27,2
131,没林,2021-09-20,23.7,19.2,27.9,,2.2,63.3,11,21.9,2.5
131,没林,2021-09-21,22.9,20.6,26.1,35.2,1.5,78.5,2.4,8.88,6.1
131,没林,2021-09-22,22.4,18.6,27.8,11.5,1.8,69,8.2,18.81,3.5
131,没林,2021-09-23,21,17.2,26.2,,1.5,65.1,7.8,18.1,3.9
131,没林,2021-09-24,21.8,16.3,27,,1.5,61.1,9.4,17.68,1.6
131,没林,2021-09-25,21.4,17.7,25.2,,2.2,69.4,1.6,9.47,6.6
131,没林,2021-09-26,21.9,18.4,26.3,,1.4,64.9,4.5,13.5,7.8
131,没林,2021-09-27,22.5,18.3,27.4,0,1.8,62.1,6.6,17.36,8
131,没林,2021-09-28,22,19.8,25.4,1.8,1.6,72,1.2,10.04,9.8
131,没林,2021-09-29,21.6,20.1,23.2,12,.7,88.1,0,3.62,10
131,没林,2021-09-30,22.2,18.5,28,,1.1,73,9.1,18.83,2.8
131,没林,2021-10-01,21.5,16.3,27.9,0,1.2,75.6,7.8,17.37,3.1
131,没林,2021-10-02,21.5,16.2,27.2,.6,1,70.1,9.9,19.09,2.1
131,没林,2021-10-03,23.1,16.1,30.6,,.7,66.8,9.9,18.84,2.4
131,没林,2021-10-04,23.4,18.1,28.2,,1.1,71.8,4,11.16,5
131,没林,2021-10-05,24.2,20.6,29.4,,1.2,68,8.6,17.5,3.3
131,没林,2021-10-06,22.6,20.7,27.2,0,1.4,74.5,3.9,9.56,5.3
131,没林,2021-10-07,20.5,19.2,22.4,1.2,1,82.9,.6,4.41,8.3
131,没林,2021-10-08,20.4,18.8,22.6,.4,.9,86.4,0,4.6,9.8
131,没林,2021-10-09,23.2,19.7,28,.4,1.1,77,5.3,12.37,6.6
131,没林,2021-10-10,23,17,28.2,1.5,1.5,76.4,4.5,13.08,7.1
131,没林,2021-10-11,16,12.6,18.3,10.9,1.8,76.8,.5,7.01,10
131,没林,2021-10-12,17,16,18.2,.7,2.2,76,0,4.23,9.8
131,没林,2021-10-13,19.7,16.2,24.4,,1.8,68.3,5.6,14.23,6.4
131,没林,2021-10-14,20.2,16.2,25.6,,1.1,70.6,8.5,16.06,4
131,没林,2021-10-15,18.8,17.7,21.6,4.9,.8,81.5,.1,4.94,10
131,没林,2021-10-16,12.6,5.6,17.9,5.2,2.2,55.9,.7,7.37,8.6
131,没林,2021-10-17,6.5,2.4,11.7,,1.6,42.5,10.2,18.4,0
131,没林,2021-10-18,10,2,16.8,,.8,56.6,10.2,17.37,2.9
131,没林,2021-10-19,11.2,7.9,15.6,3.6,1.3,68.6,4.9,9.97,5.1
131,没林,2021-10-20,10,4.8,15.7,,.9,62.6,9.9,16.79,.1
131,没林,2021-10-21,10.1,4.9,16.3,,.9,67.8,9.5,15.39,1.8
131,没林,2021-10-22,10.7,4.5,16.9,,.9,65,9.4,14.73,.6
131,没林,2021-10-23,11.5,5.3,18.8,,.6,60.6,10,16.57,.5
131,没林,2021-10-24,11.6,5.5,18.1,,.6,63.1,9.8,16.2,2.5
131,没林,2021-10-25,11.6,6.5,18,,.8,66.5,9.7,15.18,.3
131,没林,2021-10-26,12.2,6.5,18.6,,.6,69.3,9.5,13.68,4.5
131,没林,2021-10-27,13.5,9.5,19.2,,1.2,61.4,7.5,13.81,2.1
131,没林,2021-10-28,12.3,5.5,19.3,,.9,58.3,10,16.06,0
131,没林,2021-10-29,14.3,9.1,19.6,,1.2,55.5,9.7,14.8,3.3
131,没林,2021-10-30,13.3,10,18,,.6,65.1,1.9,8.1,5.5
131,没林,2021-10-31,13.3,7.1,19.9,0,.5,75.8,8.5,13.26,2.5
131,没林,2021-11-01,13.3,10.1,18.5,,.8,74.1,6.5,10.39,4.8
131,没林,2021-11-02,12.6,9.8,16.6,,1,67.5,6.6,9.97,6.5
131,没林,2021-11-03,11.8,6.5,17.3,,1,67.9,8.9,13.18,2.3
131,没林,2021-11-04,13.7,9,18.7,0,.8,69.9,8.7,12.76,2.6
131,没林,2021-11-05,12.4,7,19.5,,.7,71.8,5.5,9.97,3.9
131,没林,2021-11-06,14.3,8.5,20.8,,1,58.3,9.4,12.18,1
131,没林,2021-11-07,15.7,9.3,21.3,,2.1,58,8.4,13.1,4.4
131,没林,2021-11-08,10.9,6.1,16.2,16,2.2,70.6,1.7,3.9,7.9
131,没林,2021-11-09,7.6,5.6,12.4,.4,1.9,74.1,2.9,7.65,7.9
131,没林,2021-11-10,5.4,3.2,6.6,2.2,1.1,79.8,0,2.09,8.6
131,没林,2021-11-11,6.7,4,11,5.9,1.5,68.6,5.1,7.96,5
131,没林,2021-11-12,5.8,3.5,8.7,.1,1.3,63.6,6.5,8.78,4.4
131,没林,2021-11-13,7.8,1.2,14.4,,.7,69.6,8,11.64,2.8
131,没林,2021-11-14,11,5.5,17.5,,.9,64.3,8.1,11.13,3.1
131,没林,2021-11-15,10.3,5.4,15.8,,.7,68.1,8.2,11.26,2.8
131,没林,2021-11-16,9.1,5.1,15.1,,.8,57.4,8.9,11.89,.3
131,没林,2021-11-17,8.3,3,13.8,,.8,57.5,9,12.47,2.5
131,没林,2021-11-18,10.8,4.9,16.8,,1,68.9,6.2,9.47,4.1
131,没林,2021-11-19,13.3,10.1,17.6,,.8,75.8,4.2,7.57,6.9
131,没林,2021-11-20,11.5,8.8,15.7,,.6,81,4.7,8.37,5.8
131,没林,2021-11-21,10.4,6.8,14.3,,.6,74.6,.8,4.25,7.9
131,没林,2021-11-22,4.3,.8,11.6,8.6,2.2,76.1,3.5,6.9,7.4
131,没林,2021-11-23,1.3,-.9,3.5,.1,1.4,70.5,3.5,6.28,6.5
131,没林,2021-11-24,5.9,.8,11.9,,1.4,57.4,7.9,11.32,3.3
131,没林,2021-11-25,7.9,4.1,13.4,.1,1.3,63.6,7.8,10.73,.5
131,没林,2021-11-26,5.5,.6,10.4,,1.2,52.3,8.4,11.43,1.6
131,没林,2021-11-27,4.2,-.2,10,,.6,53.5,8.8,11.93,0
131,没林,2021-11-28,5.3,-1.2,13,,.5,54.3,7.7,11.06,3
131,没林,2021-11-29,6.5,.4,13.1,,.6,64.8,6.8,9.39,2.9
131,没林,2021-11-30,5.8,1.3,9.6,23.9,1.8,79,0,1.12,9.1
131,没林,2021-12-01,.9,-1.7,3,0,3,45.3,7.9,11.19,1.5
131,没林,2021-12-02,2.1,-4,6.9,0,1.3,58.5,8.1,10.92,3.1
131,没林,2021-12-03,4,1.2,6.9,1,1.9,57.6,8.4,11.22,3.1
131,没林,2021-12-04,1.3,-1.5,4.4,0,1,59.1,3.6,4.78,2
131,没林,2021-12-05,2.4,-2.8,9,,.5,65.9,8.6,11.81,0
131,没林,2021-12-06,5,-.9,11.6,,.6,61.9,8.4,10.57,3.5
131,没林,2021-12-07,6.4,1.2,12,,.9,64.9,8.5,9.6,0
131,没林,2021-12-08,6.7,1.5,12.6,,.6,66.5,8.6,10.84,1.3
131,没林,2021-12-09,6.5,1.7,10.6,,.6,71,3.1,6.03,5
131,没林,2021-12-10,7.1,4.8,9.5,1,.5,84.1,.4,2.31,9
131,没林,2021-12-11,7.1,4,9.8,,.7,79.6,1.5,5.11,8.5
131,没林,2021-12-12,3.7,-2.6,7.7,0,2.1,57.5,5.4,7.28,3.8
131,没林,2021-12-13,-1.3,-4.5,2.1,,1.4,39.4,8.5,11.33,.9
131,没林,2021-12-14,2.9,-2.9,7.6,.3,.8,65,1.4,4.92,8.9
131,没林,2021-12-15,7,3.1,11.1,.5,.6,82.1,1.9,3.5,7.4
131,没林,2021-12-16,6.1,2.7,10.2,,.5,77.3,2.3,5.26,9.1
131,没林,2021-12-17,-3.1,-8.5,6.6,0,3.2,53.5,4.3,6.96,5.1
131,没林,2021-12-18,-4.1,-9.6,1.2,0,1.3,50.8,7.2,10.16,3.3
131,没林,2021-12-19,1,-2.2,5,.9,1,62.6,8.4,10.89,1.1
131,没林,2021-12-20,6.1,-.1,11.5,0,.9,68,5.6,7.75,6.5
131,没林,2021-12-21,6.5,2.7,12.6,,1.1,69.4,6.2,8.02,3
131,没林,2021-12-22,3.4,-1,9.1,,.8,45.6,8.5,10.43,0
131,没林,2021-12-23,3.1,-3,8.6,,.7,54.1,8.1,9.3,2
131,没林,2021-12-24,1.5,-3.5,6.7,,1.4,65,2.2,3.95,6.6
131,没林,2021-12-25,-8.2,-11.7,-3.5,,3.1,44.6,8.6,10.96,.3
131,没林,2021-12-26,-9.5,-13.4,-5,,1.7,40.8,8.4,10.27,.4
131,没林,2021-12-27,-5.4,-11.4,-.4,0,1.1,54.4,6.3,8.32,3.9
131,没林,2021-12-28,-1.4,-4.5,1.7,,.7,75.5,.2,2.88,7.3
131,没林,2021-12-29,1.8,-3,7,0,1.4,65.8,2.9,4.84,6.5
131,没林,2021-12-30,-1.7,-3.8,1.7,0,2,56.1,5.9,7.46,2.1
131,没林,2021-12-31,-4.6,-6.2,-.9,,1.8,38.8,8.6,11.1,0
131,没林,2022-01-01,-4.5,-9.9,.6,,.7,46.6,8.6,9.52,2
131,没林,2022-01-02,-.9,-5.7,5.2,,1.1,55.9,6.2,8.22,2.9
131,没林,2022-01-03,-1.5,-7,3,0,.8,61.4,8.6,10.02,2.8
131,没林,2022-01-04,-.2,-3.5,3.5,0,1.4,46.3,8.7,11.1,1.4
131,没林,2022-01-05,-2,-6.6,2.5,,.9,50.8,1.9,5,7.4
131,没林,2022-01-06,-.4,-4.4,4.8,,1.1,47.3,5.6,4.89,0
131,没林,2022-01-07,-1.2,-6.7,5.2,,.8,48.1,5.8,7.12,0
131,没林,2022-01-08,.7,-6.1,6.3,,.8,54.8,7.3,9.77,4.4
131,没林,2022-01-09,2.8,-.7,6,,.8,62,6.5,7.28,5.1
131,没林,2022-01-10,.7,-4.4,5.5,.8,.8,61.6,3.8,7.17,6.9
131,没林,2022-01-11,-4.8,-7.9,0,.1,2.5,56.4,6.9,9.85,3.4
131,没林,2022-01-12,-5.8,-9.9,-.7,,1.6,47.6,8.7,11.64,1.5
131,没林,2022-01-13,-4.6,-6.7,-1.5,0,2.3,49.1,7,10.22,4.4
131,没林,2022-01-14,-3.5,-8.7,1.7,,1,36.5,8.9,12.47,2.1
131,没林,2022-01-15,-.1,-5.9,4.1,,.6,42,2.1,6.86,7.3
131,没林,2022-01-16,.2,-3.5,3.2,.2,2.2,51.1,8.3,12.59,2.9
131,没林,2022-01-17,-3.4,-6.6,2.2,.3,1.7,51.1,5.4,9.27,5
131,没林,2022-01-18,-4.3,-8.9,.4,,1.2,41.1,8,11.06,0
131,没林,2022-01-19,-3.7,-8,1.1,0,1.2,61.3,3.1,6.04,4.8
131,没林,2022-01-20,-3.6,-8.9,2.7,,1.1,57.6,9,13.07,0
131,没林,2022-01-21,-1.7,-8.2,5.6,,.7,49.8,9.2,13.27,.3
131,没林,2022-01-22,2.9,-3.6,8.4,,.7,45.4,3.1,7.79,8.5
131,没林,2022-01-23,4.5,.8,9.3,,.9,49.1,6,9.13,5.6
131,没林,2022-01-24,4.6,-.5,9.5,,1.4,53,7.4,11.83,4.4
131,没林,2022-01-25,3.4,1.8,5,0,1.2,78.4,0,1.57,9.6
131,没林,2022-01-26,3,.1,6.8,,1.3,58.9,6.3,8.74,5.1
131,没林,2022-01-27,.8,-2.2,5.6,,1.3,47.5,9.3,12.85,2.4
131,没林,2022-01-28,-.8,-3.6,3.9,,1.6,46,9.2,14.17,3
131,没林,2022-01-29,-2.1,-5,2.2,,1.5,42.6,8.9,14.23,1.3
131,没林,2022-01-30,-2.6,-7.4,2.6,,1,48,8.3,12.65,2.4
131,没林,2022-01-31,-.4,-7,5.7,0,1,53.1,9.3,14.05,2.3
131,没林,2022-02-01,0,-1.5,2,.2,1.7,68.6,4.3,8.77,7
131,没林,2022-02-02,-1.1,-2.5,2,0,1.6,53.5,6,12.22,5.6
131,没林,2022-02-03,-1.7,-3.9,2.4,0,1.5,46.5,9.5,15.18,2.1
131,没林,2022-02-04,-2.8,-5.2,1.2,.1,2,55.5,8.1,13.38,6.3
131,没林,2022-02-05,-4.8,-8,0,0,1.9,54.9,8.1,13.22,3.4
131,没林,2022-02-06,-2.5,-8,2.6,,1.7,52.1,8.7,12.75,.8
131,没林,2022-02-07,-1.7,-6,2.4,,1.3,43.3,6,9.56,5.8
131,没林,2022-02-08,.2,-4.6,6.5,,1.2,45.8,7.3,13.89,2.8
131,没林,2022-02-09,1.4,-5.4,7.8,,.7,43,9.2,14.07,5
131,没林,2022-02-10,3.3,-.2,8,,1.3,44.9,7.2,11.86,2.3
131,没林,2022-02-11,3,-3.3,9.6,,.9,50.5,7.9,13.84,2.1
131,没林,2022-02-12,4.7,-.9,11.3,,.9,43,9.3,15.39,4.1
131,没林,2022-02-13,5.4,.6,11.1,,1,45.9,6,11.07,4.9
131,没林,2022-02-14,4.4,-.9,11.5,.2,1.7,54.1,7.8,12.31,5.3
131,没林,2022-02-15,-2.9,-5.3,.5,0,2.5,61.4,5.4,11.1,6.5
131,没林,2022-02-16,-5.8,-7.5,-2.3,.1,2.5,59.6,6.6,14.72,5.4
131,没林,2022-02-17,-5.2,-9,-.6,,1.6,39,8.4,13.33,.3
131,没林,2022-02-18,-.7,-8.9,6.3,,.8,34.8,9.8,16.48,4.9
131,没林,2022-02-19,0,-4.1,3.3,0,1.8,45.8,3,7.71,7.6
131,没林,2022-02-20,-3.6,-6.2,-.5,0,2.7,37.4,9.9,17.95,1.1
131,没林,2022-02-21,-1.2,-6.4,4.6,0,2,56.8,7.8,12.75,4
131,没林,2022-02-22,-2.3,-5.5,2.9,.1,2.3,39.5,10,17.37,3.4
131,没林,2022-02-23,-4.2,-7.9,.5,,1.8,35.3,9.9,17.79,2.1
131,没林,2022-02-24,-1.5,-7.6,4.2,,1.6,38.9,10.1,18.26,0
131,没林,2022-02-25,3.1,-4,10.6,,1.2,57,8.7,13.89,.8
131,没林,2022-02-26,6,1.7,12.1,1.7,2.3,65.1,8.9,14.25,6.3
131,没林,2022-02-27,5,-.2,11.6,,1.6,42,10.2,18.79,0
131,没林,2022-02-28,6.6,-.3,12.7,,.7,43.1,8.8,13.39,5
131,没林,2022-03-01,5.9,1.4,11.1,1.4,1.4,66.5,4.1,8.97,5.9
131,没林,2022-03-02,3.8,-1.6,10.5,,1.6,52,10.3,19.09,.1
131,没林,2022-03-03,6.5,.5,13.8,,1.1,52.1,10,18.12,.8
131,没林,2022-03-04,8.7,.2,16.7,,2.3,50.5,8,14.82,5.4
131,没林,2022-03-05,3.7,.4,9,,3.4,34.8,10.2,20.03,.3
131,没林,2022-03-06,2.5,-1,7.5,,2.1,31.5,10.2,20.88,1.5
131,没林,2022-03-07,3.9,-2.3,10.6,,1,36,9.9,17.44,5.4
131,没林,2022-03-08,6.2,-1.3,13.4,,.9,49.4,10,18.62,2.1
131,没林,2022-03-09,8.1,1.7,15.7,,.8,53.8,8.3,18.18,2.3
131,没林,2022-03-10,9.9,2.5,18.1,,.9,39,7.5,14.14,6.9
131,没林,2022-03-11,11.6,4.5,17.5,,.8,49.1,3.2,10.64,6.1
131,没林,2022-03-12,15.4,9.3,21.5,,1.3,63.3,4.7,12.27,7.3
131,没林,2022-03-13,14.1,12.5,16.8,19,1,86.6,0,.81,9.9
131,没林,2022-03-14,10.7,6,14.6,5.8,1.8,85.1,0,2.01,9.5
131,没林,2022-03-15,9.6,4.5,15.6,,1.3,61.8,8.8,18.98,4.6
131,没林,2022-03-16,11.3,4.5,18.3,,1,59.1,9.1,17.18,5.1
131,没林,2022-03-17,9.5,7.3,11.6,4.9,1.5,73.8,0,2.79,10
131,没林,2022-03-18,7.2,5.4,9.3,2,2.7,69.4,0,4.69,9.6
131,没林,2022-03-19,4.6,3,7.5,8.3,1.6,76.8,.8,4.44,9.6
131,没林,2022-03-20,5.9,3.2,10.2,0,1.4,64.5,4.1,11.77,7.8
131,没林,2022-03-21,5.8,.1,11.4,,1.2,47.3,8.4,17.19,8
131,没林,2022-03-22,7.5,2.5,13.1,,1.5,42.8,10.5,21.61,2.9
131,没林,2022-03-23,6.4,3.7,9.4,0,1,57.4,2.8,8.63,7.9
131,没林,2022-03-24,9,2.6,15.8,,.9,58.9,6.3,14.92,6.3
131,没林,2022-03-25,13.3,6.3,19.3,7.1,1.4,60.4,4.2,12.6,8.9
131,没林,2022-03-26,12,8.6,14.8,10.5,2,81.3,.1,2.64,8.3
131,没林,2022-03-27,8.5,4.5,15.7,,1.9,53.4,11.2,20.8,.9
131,没林,2022-03-28,8.4,1.1,15.3,,1,37.3,11.5,23.7,1.1
131,没林,2022-03-29,11,3.2,18.2,,1,45.6,11.5,23.54,0
131,没林,2022-03-30,12.1,5.8,17.6,0,1,71.1,3.8,10.1,7.1
131,没林,2022-03-31,11.1,8.6,15.1,,1.7,70.9,2.5,8.18,9.4
131,没林,2022-04-01,9.8,4.6,15.4,,1.5,47.1,11.1,23.37,4
131,没林,2022-04-02,8.6,2.7,15.4,,1.4,41.9,11.6,24.63,.1
131,没林,2022-04-03,9.8,2.5,17.3,,1.1,41.9,11.6,24.51,0
131,没林,2022-04-04,11.2,4.5,18.8,,1.3,38.9,11.6,24.3,0
131,没林,2022-04-05,11.1,3.5,18.5,,1.1,37.1,10.5,18.89,7.1
131,没林,2022-04-06,12.6,6.6,20.3,,1.4,32.6,11.1,23.48,2.6
131,没林,2022-04-07,12.3,8.1,19,0,1.8,35.5,8.8,22.23,3.9
131,没林,2022-04-08,14.4,4.6,23.2,,1.1,30.5,11.9,25.17,.1
131,没林,2022-04-09,18.6,11.6,25.8,0,1.5,35.3,10.7,22.14,2.5
131,没林,2022-04-10,19.2,11.6,27.4,,1.1,38.4,11.2,24.37,3.3
131,没林,2022-04-11,21,13.8,27.9,,1.2,48.4,11.6,24.26,2.1
131,没林,2022-04-12,20.9,16,28.2,,1.4,62.9,9.2,22.5,5.4
131,没林,2022-04-13,13.3,9.3,18.2,22.1,2.2,84.1,0,.86,9.9
131,没林,2022-04-14,10.1,8.1,13,2.9,3.4,77,.6,6.13,9.4
131,没林,2022-04-15,12.5,6.5,19.3,,2,52.1,11.7,26.42,3.1
131,没林,2022-04-16,13.4,7.6,19.6,,1.6,37.6,11.7,26.57,1.8
131,没林,2022-04-17,14.5,6.1,22.3,,1.2,33.4,11.9,26.8,2.6
131,没林,2022-04-18,15.7,10.5,22.9,,1.3,38.4,9.6,21.95,7.1
131,没林,2022-04-19,16.2,8.6,23.9,,1.3,35.3,11.5,25.4,1.1
131,没林,2022-04-20,16.3,8.1,23.8,,1.4,33.4,12,27.21,0
131,没林,2022-04-21,15.8,9.3,21.8,,1.3,41,8.4,18.04,4.3
131,没林,2022-04-22,17.5,11.8,24.2,,2.2,59.1,9.5,21.01,4.9
131,没林,2022-04-23,18.6,12.8,25.2,,1.2,54.6,9.4,20.37,8
131,没林,2022-04-24,19.7,14.8,27.7,,1.3,58.9,9.2,24.19,5.4
131,没林,2022-04-25,21,16.2,26.4,1.4,1,63.3,4.2,14.63,9.1
131,没林,2022-04-26,19.1,15.4,24.5,9.2,1.9,72.6,4.6,13.23,8.6
131,没林,2022-04-27,17.9,13.1,23.9,,1.7,30,12.1,26.8,1.5
131,没林,2022-04-28,18.2,11.5,25.7,,1.5,42.4,10,21.98,5.5
131,没林,2022-04-29,13.2,9.4,17.5,9.6,2.9,63.8,3.5,13.26,9.3
131,没林,2022-04-30,13.5,10.8,18.3,,1.6,58.4,3.3,15.11,8.8
131,没林,2022-05-01,13.8,8.2,20.6,,1.9,45.4,12.1,27.64,1.1
131,没林,2022-05-02,13.8,9.1,19.1,,1.6,47.1,10.3,21.5,1.9
131,没林,2022-05-03,15.2,7.5,22,,1.5,39.9,12.6,28.06,0
131,没林,2022-05-04,18.1,9.1,26.4,,1.5,36.9,12.4,27.95,0
131,没林,2022-05-05,19.5,11.1,26.9,,1.2,42.3,12.6,29.37,0
131,没林,2022-05-06,20.1,13.6,26.3,,1.3,58.1,10.7,22.36,4.5
131,没林,2022-05-07,18.2,15.3,23.5,,1.7,55.6,7.4,22.11,5.9
131,没林,2022-05-08,16.7,11.3,21.6,.6,2,44.1,5.6,18.54,8.8
131,没林,2022-05-09,17.7,10.8,24.1,2,2.3,46.9,9.7,27.37,6.6
131,没林,2022-05-10,19.5,12.6,25.4,0,1.5,30.9,11.2,29.47,4.6
131,没林,2022-05-11,19.9,15.3,25.7,,1.3,43.8,8.9,22.29,7.3
131,没林,2022-05-12,20.9,15.5,28.4,,1.2,49.6,7.5,23.3,7.6
131,没林,2022-05-13,19.2,15.8,22.2,,1.5,52.3,1.9,10.22,7.1
131,没林,2022-05-14,16,11.8,21.9,,2.2,38.5,11.9,29.07,4.4
131,没林,2022-05-15,15.9,10.6,21.4,,1.6,36.1,12.1,29.79,2.1
131,没林,2022-05-16,17.2,9.6,24.8,,1.7,35.5,13,30.03,.4
131,没林,2022-05-17,20.6,12.6,27.9,,1.7,39.9,12.7,28.72,.4
131,没林,2022-05-18,22.1,16.1,28,,2.1,36.5,11.3,25.12,1.9
131,没林,2022-05-19,21,17.7,25.3,,1.9,28.6,7.7,16.81,7.3
131,没林,2022-05-20,21.1,15.5,27.6,,1.3,45.5,11.5,27.12,3.8
131,没林,2022-05-21,21.3,16.7,28.1,,1.6,58.9,11.1,26.48,2.8
131,没林,2022-05-22,21.7,15.3,30,,2,64,11.8,28.11,2
131,没林,2022-05-23,23.5,17.2,31,,1.6,59.1,11.9,27.25,2
131,没林,2022-05-24,23.5,16.8,31.5,,1.5,48,13,29.71,0
131,没林,2022-05-25,22.3,17.4,28.5,0,1.6,53.6,11.6,25.75,5
131,没林,2022-05-26,19.7,14.3,26.1,6.5,2,50.1,13,30,1.9
131,没林,2022-05-27,21.2,15.8,26.6,,2.3,50.3,13.1,30.29,1.3
131,没林,2022-05-28,23,16.2,29.7,,1.8,41.8,13.2,27.65,3.1
131,没林,2022-05-29,23.4,17,31,,1.2,48,13.1,29.81,3.9
131,没林,2022-05-30,21.6,18.6,25.7,,1.7,62.8,1.2,12.77,8.5
131,没林,2022-05-31,22.1,14.8,29,,1.5,38.9,13.1,30.43,1.6
131,没林,2022-06-01,23.4,15.1,31.7,,1.6,29.3,13,31.43,1.8
131,没林,2022-06-02,22.5,15.6,30.1,,1.4,52.5,12.4,29.28,2.3
131,没林,2022-06-03,25.3,19.2,32.3,,1.5,54,10.9,28.4,3.4
131,没林,2022-06-04,25.2,19.6,29.6,,1.9,46.5,9.6,21.85,7.5
131,没林,2022-06-05,19.1,16.3,25.2,5.2,2.4,70.9,0,5.19,9.6
131,没林,2022-06-06,19,17.1,22.9,1.4,2.2,74.3,4.3,12.18,6.6
131,没林,2022-06-07,17.8,14.1,21.7,0,1.8,68.4,2.9,10.4,6.8
131,没林,2022-06-08,20.8,15.8,26.5,,1.4,60.8,7.8,24.68,6.6
131,没林,2022-06-09,22.4,18.8,27.2,,1.3,59.6,5.3,18.62,5.5
131,没林,2022-06-10,24,18.2,29.2,,1.2,60.1,10.1,23.64,4.9
131,没林,2022-06-11,24.4,19.3,31.2,,1.9,54.9,8.5,24.7,5.3
131,没林,2022-06-12,24.5,19.2,29.1,0,1.6,52.9,10.5,23.93,5.6
131,没林,2022-06-13,23.6,20.6,28.1,.1,2.7,49.6,11.5,26.87,7.1
131,没林,2022-06-14,18.8,16.2,21.3,1.9,3.4,66.5,0,6.3,9
131,没林,2022-06-15,19.6,14.8,26.9,11.6,1.7,77.1,4.2,14.81,8.3
131,没林,2022-06-16,22,18.7,26.7,,1.5,62.4,7.3,20.09,5.9
131,没林,2022-06-17,23.2,18.2,28.3,0,1,70.8,6.1,17.06,6.4
131,没林,2022-06-18,25.1,22.5,28.5,,1.3,68.5,4.8,15.13,6.3
131,没林,2022-06-19,25.3,22.3,28.5,,1,70.1,1.8,13.75,8.5
131,没林,2022-06-20,27,23.1,32.4,,1.3,66.8,6.8,22.17,4.3
131,没林,2022-06-21,28.1,22.6,35.3,,1.5,61.5,12.1,28.3,.9
131,没林,2022-06-22,27.4,22.2,34.4,,1.4,63,9.2,25.54,4.1
131,没林,2022-06-23,25.6,23.2,31.4,18.2,1.5,81.1,.8,8.06,9.3
131,没林,2022-06-24,25.1,23.1,29.5,5.3,2.5,75.9,7.2,21.2,7.1
131,没林,2022-06-25,28,22.6,33.7,,1.9,68.1,8.6,24.45,3.4
131,没林,2022-06-26,28.3,26,30.9,0,1.6,69.6,2.8,9.26,7.1
131,没林,2022-06-27,28.6,25.7,31.8,1.5,2,69.5,.8,11.68,9.8
131,没林,2022-06-28,30,28.2,32.7,,3.6,56.9,2.3,15.61,9.3
131,没林,2022-06-29,26.7,24.4,30.8,48.4,1.9,86.1,1.4,7.34,10
131,没林,2022-06-30,26.4,21.8,30.2,36,1.5,79.6,3.4,14.14,7.5
131,没林,2022-07-01,29.3,24.1,34.3,,1.4,66.8,12.1,28.95,4.1
131,没林,2022-07-02,30.1,25,35.4,,1.3,63.1,13.1,29.59,2.9
131,没林,2022-07-03,29.1,23.9,35.1,25.1,1.2,69.9,10.8,26.25,7.4
131,没林,2022-07-04,28.8,24.6,33.7,,1,71,9.1,20.78,6.8
131,没林,2022-07-05,28.5,25.2,34.2,.1,1.2,74.5,5.9,18.86,8.1
131,没林,2022-07-06,30.3,26.2,35,.3,1.6,68.5,7.8,23.5,6.6
131,没林,2022-07-07,30.5,26.5,35.4,12.6,2,67.4,7.9,21.61,8.4
131,没林,2022-07-08,28.2,25.7,32.3,7,1.7,71.6,6.5,20.12,7.6
131,没林,2022-07-09,27.2,24.2,30.4,,1.4,68.5,3.3,11.77,6.5
131,没林,2022-07-10,29.4,24.6,35,.4,1.2,62.9,9.2,22.38,5.5
131,没林,2022-07-11,25.1,23,28.3,7.8,1.2,85.1,1.6,6.65,7.9
131,没林,2022-07-12,27.5,23.7,30.6,,1.4,75.9,2.5,13.43,7.5
131,没林,2022-07-13,25.1,24.3,27.2,22.2,1.8,81.3,0,3.55,9.6
131,没林,2022-07-14,26.8,24.7,30.7,.2,1.6,78.8,3.4,14.68,8
131,没林,2022-07-15,26.6,22.8,31.4,,1.5,69.3,9.5,25.23,4
131,没林,2022-07-16,25.4,23,29.8,10.4,1.3,76.5,5.7,15.81,6.9
131,没林,2022-07-17,26.5,22.6,30.7,,1.3,70.5,5.5,19.79,7.3
131,没林,2022-07-18,23.9,22.7,26,20.5,1,83.1,0,6.32,9.3
131,没林,2022-07-19,25.3,21.5,30.8,12.6,1,81.9,3.3,17.25,8
131,没林,2022-07-20,27.9,24,32.5,0,1.3,69,8,24.45,8.3
131,没林,2022-07-21,23.9,23,27.5,27,1.3,86.4,0,3.66,9.4
131,没林,2022-07-22,26,22.7,30.1,.1,1.5,71.5,6.2,18.86,6.4
131,没林,2022-07-23,25.5,22.3,29.2,9.9,1.3,76.4,1.4,14.01,7.8
131,没林,2022-07-24,25.4,22.8,27.8,2.3,.8,84.1,.6,9.93,9
131,没林,2022-07-25,28,24.7,32.6,0,1.4,71.3,9.5,25.79,4.4
131,没林,2022-07-26,29.2,23.8,35.4,,1.1,65.5,11.1,26.04,2.9
131,没林,2022-07-27,28.4,25.5,32.1,,2.1,60.8,10.8,26.44,5.1
131,没林,2022-07-28,29.2,25,33.6,,2.2,63.6,11.8,28.23,1.5
131,没林,2022-07-29,31.4,26.8,36,,1.8,59.6,11.8,28.3,3.1
131,没林,2022-07-30,30.4,27.5,33.9,0,2.4,60.8,7.6,19.96,5.4
131,没林,2022-07-31,27.7,25.9,29.7,13.2,1.5,77.8,.1,7.4,9.4
131,没林,2022-08-01,28.9,25.7,33.5,8.1,2.1,75.6,5.8,20.25,9
131,没林,2022-08-02,28.8,26.2,32,1.3,1.8,76.4,3.9,15.46,8.4
131,没林,2022-08-03,29.4,26.3,33.8,6.1,1.4,75.1,5.1,15.93,6.4
131,没林,2022-08-04,29.5,26.2,33.6,0,1.4,74.5,6.5,18.04,6.4
131,没林,2022-08-05,29.9,26.8,33.9,0,1.7,74.5,7.3,20.45,5.9
131,没林,2022-08-06,30.6,27.1,35,,1.5,71.5,9.7,23.55,5.3
131,没林,2022-08-07,30.5,28,34.2,.1,1.6,73,4.8,18.69,8.1
131,没林,2022-08-08,28.9,26.7,30.7,6.1,1.7,75.5,0,6.57,10
131,没林,2022-08-09,28.2,25.6,30.5,11.9,1.9,77.1,.4,7.84,10
131,没林,2022-08-10,24.9,23.3,28.5,212.6,1,89.8,0,2.76,10
131,没林,2022-08-11,25.2,24.6,25.7,71.1,1.2,90.1,0,1.49,10
131,没林,2022-08-12,27.9,23.5,32.5,.6,1.2,69.9,11.4,26.35,5
131,没林,2022-08-13,26.2,24.7,28.7,33.7,.9,83.5,.2,6.15,9
131,没林,2022-08-14,27,25,29.6,19,.8,86.8,0,4.53,9.8
131,没林,2022-08-15,28.7,24,32.5,39.6,2.3,73.6,2,14.31,9.3
131,没林,2022-08-16,27.4,23.8,31,.3,1.5,78.6,6.8,19.43,7.4
131,没林,2022-08-17,25.7,23.2,31.2,11.2,1.2,79.9,3.3,12.32,7
131,没林,2022-08-18,25.6,20.8,30.3,,1,72.9,7.1,19.44,5.6
131,没林,2022-08-19,27.1,22.7,30.2,,1.6,79.1,2.1,10.03,8.1
131,没林,2022-08-20,28.6,25.8,32.7,11.6,1.5,75.6,6.9,20.95,5.8
131,没林,2022-08-21,28.3,23.7,33,,1.1,68,9.9,23.06,2.4
131,没林,2022-08-22,27.8,24.7,32.2,,1.4,67.6,6,17.7,7.8
131,没林,2022-08-23,24.8,23.4,27,14,.9,87,.2,2.91,9.6
131,没林,2022-08-24,24.6,23.3,26.7,0,1.8,68.4,1.5,11.31,8.6
131,没林,2022-08-25,23.4,20,27.7,0,1.2,74,1,10.18,8.8
131,没林,2022-08-26,23.6,18.4,28.9,,1.2,70.6,9,21.11,4.8
131,没林,2022-08-27,22.7,19.8,26.3,,1.7,55.4,9.5,25.26,4.8
131,没林,2022-08-28,22.9,16.1,28.7,,1.3,52,11.8,26.96,5.1
131,没林,2022-08-29,20.8,18.2,23.2,2.2,1.5,68.4,0,5.01,9.9
131,没林,2022-08-30,19.4,18,20.4,61.3,1.8,90.6,0,1.55,10
131,没林,2022-08-31,21.4,20,23.2,8.6,.7,89.5,0,3.1,9.6
131,没林,2022-09-01,23.5,20.1,28.5,,1.4,75.1,6.9,18.29,6.3
131,没林,2022-09-02,24.3,19.1,29.6,,2.5,64.3,8.2,19.95,5.4
131,没林,2022-09-03,24.4,21,28.6,,2.9,62.1,5.5,17.34,7.4
131,没林,2022-09-04,25,22.5,27.5,2.2,1.5,76.8,0,6.48,9.9
131,没林,2022-09-05,23,18.8,26.1,56,1.5,91.4,0,3.42,10
131,没林,2022-09-06,21.4,17.7,26.5,55,2.8,75.1,6.6,18.06,5.3
131,没林,2022-09-07,22,17.3,28.6,,1,66.4,8,20.93,3.1
131,没林,2022-09-08,22.8,16.2,29.6,,.8,60.9,11.7,24.17,2.5
131,没林,2022-09-09,23.9,18.5,30.1,,1.2,53.8,9.9,23.07,6.3
131,没林,2022-09-10,23.5,19.7,27.9,,1.6,44.6,7.2,18.42,7.5
131,没林,2022-09-11,24.4,20.2,28.6,0,1.2,59,7.9,17.4,7.9
131,没林,2022-09-12,24.1,21.3,27.2,2.5,.6,80.6,1.4,9.89,9.6
131,没林,2022-09-13,25.1,22.2,29.1,0,2.1,71.9,1,10.27,9.8
131,没林,2022-09-14,25.3,22.3,30.1,0,3.1,53,5.7,15.56,7.8
131,没林,2022-09-15,26.2,22.2,31,,2.4,58,9.1,19.92,6.9
131,没林,2022-09-16,26.7,22.8,31.6,0,1.9,66.8,10.2,21.47,6.1
131,没林,2022-09-17,27.8,24.3,33.3,,1.1,73.6,8.3,18.62,7.1
131,没林,2022-09-18,28.2,25,33.4,,2.6,69.8,7,18.09,8.1
131,没林,2022-09-19,24.8,19.2,29.4,,3.5,61,8.8,19.2,4.4
131,没林,2022-09-20,19.9,16.1,23.6,,1.6,56.9,5.8,13.47,3.5
131,没林,2022-09-21,19.4,14.1,25,,1.4,51.8,11,22.95,.4
131,没林,2022-09-22,19.6,14.5,24.2,,.9,51.8,10.3,18.93,6.8
131,没林,2022-09-23,18.3,15.6,24.3,.3,1.6,59.5,9.1,16.54,4.4
131,没林,2022-09-24,18.5,12.6,24.2,,1.1,53.8,10.3,20.89,4.4
131,没林,2022-09-25,19.6,15.5,24.6,,.8,59.1,4.5,14.06,8.1
131,没林,2022-09-26,20,15.3,25.9,,1,55.4,6.9,15.72,8.1
131,没林,2022-09-27,20.7,13.6,27.8,,1,57.3,10.3,20.78,1.3
131,没林,2022-09-28,20.3,15.6,25.3,,.7,66.6,6.4,13.47,4.4
131,没林,2022-09-29,19.9,16.5,25.6,,.8,75.6,6.3,15.36,2
131,没林,2022-09-30,20.1,13.6,28.6,,.7,66.6,9.3,19.57,.5
131,没林,2022-10-01,20.8,14.3,27.7,,.7,57,8.9,17.62,5.1
131,没林,2022-10-02,21.1,17.2,25.5,2.1,1.3,63.1,2.3,9.27,9.4
131,没林,2022-10-03,23.4,19.2,26.1,18.4,1.1,84.1,.1,4.11,9.8
131,没林,2022-10-04,20,16.2,24.2,59.1,2.1,77.1,4.1,10.07,8.9
131,没林,2022-10-05,17.2,14.8,22.1,,1.2,63.6,5.1,13.89,6.8
131,没林,2022-10-06,17.2,14.6,21.1,.7,1.2,73.3,2.9,10.64,9
131,没林,2022-10-07,16.3,14,19.9,0,1.8,68.9,7.3,14.97,6.9
131,没林,2022-10-08,16.4,11.3,21.3,,1.8,60,9.4,17.04,2.8
131,没林,2022-10-09,13.8,11.5,15.6,21.2,.9,78.9,0,2.83,9.8
131,没林,2022-10-10,10.8,8.8,14.1,4.1,2.2,75.4,3.8,10.32,7.9
131,没林,2022-10-11,12.1,8.8,17.4,.3,1.6,68.3,8.9,17.77,2.4
131,没林,2022-10-12,13,6,21.5,,1,75.3,6.7,14.85,1.3
131,没林,2022-10-13,16,10.1,22.6,,1,68.9,10.1,18.32,1.4
131,没林,2022-10-14,16.7,12,22,,.9,73,6,13.42,6.8
131,没林,2022-10-15,19.3,13.8,24.8,,.7,67.3,8.3,16.62,6
131,没林,2022-10-16,18.5,16.6,22.1,,.9,72.9,1.1,8.35,9
131,没林,2022-10-17,13,8.3,16.7,,2.3,41.8,9,17.98,2.3
131,没林,2022-10-18,9.5,5.1,14.5,,1.3,45.1,10.2,17.86,0
131,没林,2022-10-19,10.3,4.1,16.9,,.9,51.5,10,17.29,0
131,没林,2022-10-20,12.1,5,19.7,,.7,55.3,10,17.09,1.8
131,没林,2022-10-21,13.6,8.3,19,,.6,57.8,6.7,11.39,7.1
131,没林,2022-10-22,15.1,8.8,21.1,,.9,64.1,9.6,16.21,3.1
131,没林,2022-10-23,14.7,11.5,18.9,,1.4,55.8,7.3,12.81,2.9
131,没林,2022-10-24,10.9,7.4,16.4,,1.5,46.9,9.4,16.21,1.9
131,没林,2022-10-25,11.3,5.4,17.1,,1.2,53.8,9.9,16.37,.9
131,没林,2022-10-26,12.7,6.5,18.5,,.7,53.9,9.7,14.86,4.5
131,没林,2022-10-27,13.8,8.1,20.4,,.7,63.5,9.4,15.84,1.5
131,没林,2022-10-28,13.8,9.3,20.2,,.5,69,6.4,11.94,3.4
131,没林,2022-10-29,14.7,9.8,20.7,,.5,62.9,9,12.71,2.1
131,没林,2022-10-30,14.7,9.5,20.3,,.8,61.5,8.4,13.52,1.9
131,没林,2022-10-31,15.1,10.6,20.4,,.6,61.5,8.2,13.67,3.1
131,没林,2022-11-01,13.7,9.8,19.2,,.8,68.4,7.5,11.38,2.8
131,没林,2022-11-02,11.2,6.5,18.4,,.7,60.4,7.8,14.22,1.3
131,没林,2022-11-03,10.3,5,16.1,,1,54.9,3.6,8.6,6.9
131,没林,2022-11-04,6.6,4,10.1,,1.6,39.5,9.6,15.1,1
131,没林,2022-11-05,7.1,.6,13.7,,.9,43.3,9.7,15.23,0
131,没林,2022-11-06,8.5,1.9,15.9,,.3,59.5,9.3,13.27,1.6
131,没林,2022-11-07,10.4,3.9,16.5,,.4,55.9,8.1,11.06,5.4
131,没林,2022-11-08,12.8,8.1,18.5,,.5,56.6,8.4,12.13,1.6
131,没林,2022-11-09,10.8,6.5,15.8,,.4,70.4,5.1,9.52,5
131,没林,2022-11-10,12.4,6.9,18.7,,.6,66.9,8.8,11.65,1.3
131,没林,2022-11-11,15.2,9.1,22.4,,.5,59.6,9.1,12.27,1.5
131,没林,2022-11-12,17.5,10.1,24.5,13,.8,66.9,4.3,8.85,6.5
131,没林,2022-11-13,11.5,9.5,18.8,8.4,1.8,76.5,0,2.17,9.1
131,没林,2022-11-14,10.3,6.8,15.1,,1.2,71.6,3.3,7.44,6.9
131,没林,2022-11-15,8.5,4.3,13,.3,.9,69.9,5.4,8.06,3.9
131,没林,2022-11-16,9.7,6,14.6,,.8,61.3,6.3,10.65,3.3
131,没林,2022-11-17,10,5.5,15.8,,.8,55.4,8.5,11.89,2.3
131,没林,2022-11-18,10.4,4.1,18.1,,.8,58.1,9.1,12.52,0
131,没林,2022-11-19,12.4,5.6,19.2,,.7,55.8,8.8,10.93,3.3
131,没林,2022-11-20,13.1,9.7,18.3,,.4,62,4.4,7.63,4.6
131,没林,2022-11-21,12.6,6.9,19.1,,.7,60.8,8.8,10.8,3.3
131,没林,2022-11-22,11.6,9,14.6,.5,.9,73.9,1.1,3.92,9
131,没林,2022-11-23,11.4,7.6,16.3,,1.2,59,7.1,10.35,3.9
131,没林,2022-11-24,9.1,5,14.7,,.4,58.5,6,9.1,4.6
131,没林,2022-11-25,10.9,3.7,17.3,,1,55.4,8.6,10.43,3.1
131,没林,2022-11-26,9.3,3.9,13.7,0,1.2,51,8.5,11.07,.8
131,没林,2022-11-27,6.3,-.3,13.2,,.4,49.6,8.6,10.76,2
131,没林,2022-11-28,8.4,3.7,11.8,27.4,.3,76.4,2,2.1,6.5
131,没林,2022-11-29,9.1,1.8,14.1,7.1,2.2,59.4,1.9,4.57,8.4
131,没林,2022-11-30,-2.8,-4.8,1.7,0,2.6,41.4,8,10.43,3.9
131,没林,2022-12-01,-3.3,-6.9,.6,,1.6,37.3,7.8,11.1,5
131,没林,2022-12-02,-1.4,-5.8,2.6,,.7,50.1,8.4,11.63,1
131,没林,2022-12-03,2.3,-1.3,5.3,.1,.3,67.3,.4,1.83,8.5
131,没林,2022-12-04,-1,-2.6,3,,1.9,36.8,3.2,6.05,7.5
131,没林,2022-12-05,-1.7,-4.5,2.5,,1.3,34.1,6.9,10.13,3.4
131,没林,2022-12-06,.2,-4.5,4,1.3,.4,69.8,2.4,4.86,6.9
131,没林,2022-12-07,5,1.4,9.4,.2,.9,60.5,3.3,6.05,5.3
131,没林,2022-12-08,3.9,0,9.3,,.4,58.6,8,10.6,1.9
131,没林,2022-12-09,4.2,-1.2,10.5,,.5,62.1,6,6.61,2.5
131,没林,2022-12-10,2.7,-1,5.8,0,.6,65.5,3.5,5.61,4.9
131,没林,2022-12-11,2.3,-1.7,8.6,,.6,52.3,8.5,10.35,.3
131,没林,2022-12-12,2.1,-2.8,6.6,.2,.8,63.4,4.1,6.34,5.6
131,没林,2022-12-13,1.9,-3.3,5,3.3,1.9,76.9,1.9,4.3,9.9
131,没林,2022-12-14,-7,-9.1,-3.3,0,1.7,57,8.1,10.18,3.3
131,没林,2022-12-15,-2.3,-8.9,4.3,2.1,1.1,71,5.8,7.69,4.4
131,没林,2022-12-16,-4.3,-6.7,-1.8,,1.3,52,6.8,7.3,7.3
131,没林,2022-12-17,-5.5,-8.2,-2.8,1.7,1.4,55,4,4.59,3.6
131,没林,2022-12-18,-8.3,-11.4,-5,,1.2,53.5,8.3,11.1,.9
131,没林,2022-12-19,-6,-11.5,-1.2,,1,61.5,8.2,11.09,1.3
131,没林,2022-12-20,-2.8,-8.4,2.2,,.8,62.4,8.1,11.23,2.9
131,没林,2022-12-21,.2,-1.9,2,4.5,.6,83.5,0,.43,9.6
131,没林,2022-12-22,-5.4,-9,0,1.3,2.4,66.6,3.8,6.82,8.1
131,没林,2022-12-23,-9.1,-10.9,-6,5.3,2,69.9,2.4,1.21,8.6
131,没林,2022-12-24,-9.1,-13.9,-4.9,,.9,57.3,8.5,3.05,.8
131,没林,2022-12-25,-5.4,-11.7,.8,,.6,67,8.4,8.52,.6
131,没林,2022-12-26,-4.5,-8.9,.5,,.3,70.9,4.9,7.23,2
131,没林,2022-12-27,-2.9,-8.5,3,,.3,69.1,8.1,11.48,1.8
131,没林,2022-12-28,-1.9,-4.4,1.6,0,1.1,61.9,5,9.22,3.1
131,没林,2022-12-29,-2.9,-7.6,1.4,,.5,60.1,7.5,10.9,3.3
131,没林,2022-12-30,-.7,-2.6,2.5,0,.8,62.6,1.8,6.3,5.4
131,没林,2022-12-31,-1.6,-5.6,3.5,0,.4,71.4,1.8,6.15,4.3
131,没林,2023-01-01,-.3,-4.5,5.3,,1.1,54,7.4,10.56,2.3
131,没林,2023-01-02,-2.9,-5.3,.7,,1.2,41,8.6,11.63,0
131,没林,2023-01-03,-3.3,-8,1.7,,.8,53,8.6,12,0
131,没林,2023-01-04,-1.4,-7,4.4,,.7,52,6.3,10.11,1.9
131,没林,2023-01-05,-1,-5.7,3.4,,.3,64.1,4.2,6.86,2.8
131,没林,2023-01-06,1.2,-4.1,6.2,.3,.5,68,7.2,9.26,5.5
131,没林,2023-01-07,2.9,-.4,5.5,1.2,1.4,66.3,4.9,8.1,4.8
131,没林,2023-01-08,1.5,-3.5,6.8,,.3,62.5,8,10.8,.5
131,没林,2023-01-09,2.7,-.6,8.7,0,.8,59.9,4.8,7.55,3.8
131,没林,2023-01-10,1.7,-4,8.3,,.4,61.4,8.5,11.63,1.8
131,没林,2023-01-11,2.6,-2.8,9.5,,.4,56.6,8.5,11.35,.3
131,没林,2023-01-12,5.5,-2,13.4,0,.5,48.3,8.6,11.14,2.6
131,没林,2023-01-13,9.4,5.3,12.8,15.9,.4,90,0,1.98,9.9
131,没林,2023-01-14,7.6,5.4,10,5.3,.7,91.5,0,.51,10
131,没林,2023-01-15,.7,-2.5,5.5,3.3,1.6,80.8,0,.23,9.5
131,没林,2023-01-16,-3,-5,.1,0,1.7,59.8,7.9,12.05,3.8
131,没林,2023-01-17,-2,-5.7,1.8,0,.9,53.9,5.8,8.77,6.5
131,没林,2023-01-18,0,-2.4,4,0,1.1,51.9,6.7,10.06,4.4
131,没林,2023-01-19,.9,-4.5,5.5,,1,52.5,6.1,10.01,4.1
131,没林,2023-01-20,-1.1,-5,3.5,.6,2.3,46.5,7.6,12.18,2.1
131,没林,2023-01-21,-3.1,-7.5,1.7,,1,49.1,9.1,12.93,1.8
131,没林,2023-01-22,-.3,-3.1,3.1,,1.2,52.3,0,4.15,7.9
131,没林,2023-01-23,.8,-3,6.8,,1.5,57.5,7.7,10.8,4.9
131,没林,2023-01-24,-11.4,-14.9,-3.1,0,3.3,53.5,7.4,12.3,4.5
131,没林,2023-01-25,-11.3,-16.7,-6,,1.5,40.9,9.2,13.72,1
131,没林,2023-01-26,-6.3,-9.7,-4.4,1.4,1,72.5,0,1.8,8.6
131,没林,2023-01-27,-6.1,-9.3,-2.8,0,2,55,6.8,13.47,1.6
131,没林,2023-01-28,-5.4,-10.5,-.9,0,1.5,55.6,6.7,11.63,2.8
131,没林,2023-01-29,-.9,-6.9,5,0,1.5,61.5,5.2,10.72,4.6
131,没林,2023-01-30,.2,-2.8,4.1,,1.4,42.5,9.3,14.02,0
131,没林,2023-01-31,2.5,-5.1,9.7,,.9,55.8,9.2,12.55,2.3
131,没林,2023-02-01,2.6,-2.1,6.4,,1.8,54.8,8.3,12.56,3.1
131,没林,2023-02-02,-1,-3.8,3.2,,1.3,44.8,7.2,11.36,6.3
131,没林,2023-02-03,-.5,-2.8,4,,1,41.8,5.8,11.1,4.8
131,没林,2023-02-04,.1,-4.7,6,,.8,52.3,9,12.88,.1
131,没林,2023-02-05,1.3,-4.2,7.4,,.5,59.3,9.1,13.18,.1
131,没林,2023-02-06,2.7,-3.3,8.9,,.6,54.4,5.9,10.73,4.1
131,没林,2023-02-07,3.7,-1,10.3,,.8,54.3,5.6,10.39,2.9
131,没林,2023-02-08,2.7,-1.4,8.3,,1,55.1,8.8,13.92,0
131,没林,2023-02-09,3.8,-3.6,10.6,.8,1.6,53.3,6.3,11.52,6.4
131,没林,2023-02-10,3.9,2,7,1.8,1.2,77.9,0,3.39,7.3
131,没林,2023-02-11,1.4,-.9,5.3,,.6,83.9,.7,5.96,5.6
131,没林,2023-02-12,1.7,-2.8,5.4,,.8,77.4,.3,4.82,8.5
131,没林,2023-02-13,6.5,3.6,10.1,,1.4,60.1,1.1,6.73,9
131,没林,2023-02-14,2.5,.1,6.9,0,1.4,52.3,9.6,15.05,1.5
131,没林,2023-02-15,3.4,-.9,8.3,,1.8,53.3,6.2,11.31,6.5
131,没林,2023-02-16,3.5,1,7.2,0,1.3,61.3,1.2,5.32,5.8
131,没林,2023-02-17,4.8,-1.3,10.4,,.7,51.5,7.3,13.43,5.8
131,没林,2023-02-18,6.8,5,9.5,0,.9,47.6,0,2.5,9.8
131,没林,2023-02-19,3.6,.3,7.7,.2,1.9,58.5,5,10.36,4.9
131,没林,2023-02-20,.2,-2.5,4.7,,2.3,44.4,8.6,16.43,.4
131,没林,2023-02-21,-.4,-4.6,4.7,,1.4,37.4,9.6,17.04,.6
131,没林,2023-02-22,2.1,-4.6,9.7,,1.1,50.9,8.7,15.35,5.1
131,没林,2023-02-23,3.8,-1,9.8,,1.2,48.9,8.5,15.64,4.8
131,没林,2023-02-24,4.2,.6,9.9,,1.8,49.3,7.6,14.31,3.3
131,没林,2023-02-25,1.2,-2.3,5.8,,1.7,41.3,10.1,17.79,0
131,没林,2023-02-26,2.5,-3.6,9.6,,1.1,36.9,10.2,18.35,0
131,没林,2023-02-27,4.9,-3,13.8,,.8,40.6,10.2,18.29,0
131,没林,2023-02-28,6.4,-1.7,14.1,,1.3,50.3,10.1,18.69,2.9
131,没林,2023-03-01,6.9,3.2,10.1,,1.7,51.3,2.8,10.27,5.6
131,没林,2023-03-02,2.8,.3,6.6,,2.2,27.3,10.3,19.37,0
131,没林,2023-03-03,5,-2.3,13.2,,1,44.9,10,18.46,.1
131,没林,2023-03-04,7.3,1.2,13.6,,.6,51.9,5.7,12.96,4.5
131,没林,2023-03-05,8.6,1.3,16.4,,.8,40.9,9.7,17.21,0
131,没林,2023-03-06,9.5,1.1,17.8,,1.1,32.5,10,19.2,0
131,没林,2023-03-07,12.5,4.5,21.1,,1.6,39.6,9.1,15.89,1
131,没林,2023-03-08,14.4,7.5,21.5,,1.3,41.3,9.6,17.67,1.8
131,没林,2023-03-09,14.6,10.1,20.9,0,1.2,51.3,7.4,14.93,2.9
131,没林,2023-03-10,15.2,6.1,24.1,,.3,41.6,9.8,17.68,0
131,没林,2023-03-11,17.4,9.1,24.8,,1,32.9,8.7,17.02,6
131,没林,2023-03-12,7.7,1,15.8,9,1.7,54.8,.3,1.42,6.8
131,没林,2023-03-13,4.1,-.9,9.9,,1.6,28.9,10,20.89,1.5
131,没林,2023-03-14,10.3,2.5,17.7,,1.2,33.9,10.2,21.55,2.1
131,没林,2023-03-15,11.6,5.4,19.4,,1.9,51.5,5.8,14.22,4.6
131,没林,2023-03-16,6.3,2.2,12.1,,1.6,28.3,6.6,17.25,6.4
131,没林,2023-03-17,7.9,2.2,12.9,,1,34.6,1,10.84,8.4
131,没林,2023-03-18,9.2,5.9,14.7,,1.3,36.8,9.8,18.95,3
131,没林,2023-03-19,9.2,2,17,,.8,38.9,10.2,21.17,0
131,没林,2023-03-20,11.1,3.4,19.3,,.8,33.8,9.7,20.55,6.4
131,没林,2023-03-21,14.1,5.2,22.8,,.6,30.8,10.4,22.34,1.1
131,没林,2023-03-22,17.7,8.6,25.8,0,.8,39.9,9.2,19.5,4.5
131,没林,2023-03-23,15.5,12.3,20.6,9.8,1.2,63.6,1.1,8.42,7.6
131,没林,2023-03-24,12.9,7.7,18.3,,.8,47.9,6.5,16.1,6.1
131,没林,2023-03-25,11.8,10.1,14.6,,1.3,61.6,2.6,9.72,8.1
131,没林,2023-03-26,10.3,5.8,15.9,,1.5,35.9,10.3,22.62,2.1
131,没林,2023-03-27,8.1,2,15.1,,1,34,10.7,23.25,0
131,没林,2023-03-28,9.7,2,16.4,,.8,42.6,8,17.39,1.3
131,没林,2023-03-29,12.7,4,21,,.6,40.4,10.9,21.79,.9
131,没林,2023-03-30,14.6,6,23.2,,.8,28.8,10.8,21.59,4
131,没林,2023-03-31,15.2,6.5,23.8,,.7,31.5,11,22.5,.8
131,没林,2023-04-01,17.7,8.6,25.7,,.7,30.1,11,23,1.1
131,没林,2023-04-02,17.7,11.6,23.2,,2,24.5,11.3,23.9,0
131,没林,2023-04-03,17.5,9.3,23.9,,1.7,26.3,11.2,23.2,2.1
131,没林,2023-04-04,16.6,12.4,23.1,7.9,1.3,44.3,2.6,13.76,9.4
131,没林,2023-04-05,13.6,9.1,16.8,9.1,1.9,83,0,3.21,10
131,没林,2023-04-06,9.8,7.8,11.3,2.8,1.5,81.6,0,2.25,9.6
131,没林,2023-04-07,9.6,4.9,16.6,0,1.6,55.9,8.1,19.29,2.5
131,没林,2023-04-08,9.2,2.3,16,,1.9,39.3,11.4,25.48,.4
131,没林,2023-04-09,11.6,4,19.7,,1.2,43.8,11.6,25.77,0
131,没林,2023-04-10,13.8,4.5,21.5,,1.1,39.3,11.4,24.05,1.4
131,没林,2023-04-11,15.5,11.3,21.3,.2,1.9,60.9,.1,4.73,6.8
131,没林,2023-04-12,12,6.5,18.2,,1.5,27.6,11.2,25.01,0
131,没林,2023-04-13,14.4,4.9,23.4,,.7,29.1,8.1,20.89,4.8
131,没林,2023-04-14,17.1,10.1,23.5,,.7,35.6,6.3,19.02,7.1
131,没林,2023-04-15,13.9,9.6,16.8,6.4,.9,71.4,3,7.25,6.4
131,没林,2023-04-16,11.4,7.8,16.7,0,1.4,59,3.5,14.51,5.4
131,没林,2023-04-17,14.5,6.8,20.6,,.9,46.3,10.8,23.97,3.1
131,没林,2023-04-18,14.4,11.3,16.7,1.4,1.5,72.6,0,2.88,9.8
131,没林,2023-04-19,20.7,13.6,27.4,,1.9,57.9,11.1,27.12,3.5
131,没林,2023-04-20,19.9,16,26.4,0,1.4,71.1,3.3,13.85,6.1
131,没林,2023-04-21,18.3,14.3,23,0,1.6,57,3.4,14.1,6.5
131,没林,2023-04-22,16.9,12.1,22.2,,2.3,29.4,8,22.71,4.9
131,没林,2023-04-23,16.8,11.8,21.6,,1.1,32.9,4.5,17.62,8
131,没林,2023-04-24,15.7,12.8,19.6,,2,38.1,3.6,18.07,6.4
131,没林,2023-04-25,10.6,8.6,12.9,.7,1.3,64.8,0,4,8.9
131,没林,2023-04-26,10,7.4,14.8,,1.8,65,6.8,20.89,3.8
131,没林,2023-04-27,13.6,4.1,22.6,,1.1,50.1,11.9,26.87,1.5
131,没林,2023-04-28,17.4,9,23.8,0,1.3,50.4,9.4,22.54,4.3
131,没林,2023-04-29,15,10,18.9,1.6,1.7,73.4,0,3.03,8.8
131,没林,2023-04-30,14.5,7.9,21.6,,2.5,54,12.1,26.48,3.5
131,没林,2023-05-01,15.7,10.4,21.5,,1.6,44.3,10.5,25.96,1.6
131,没林,2023-05-02,18.3,8.6,26.5,,.8,35.1,10.3,26,5.3
131,没林,2023-05-03,20.8,14.6,26.8,,1.3,39.9,8.6,25.12,7
131,没林,2023-05-04,21.1,16.6,28,1.7,1.9,58.8,5,21.44,7.4
131,没林,2023-05-05,20,17.7,21.6,60.9,.7,87.8,0,3.54,9.6
131,没林,2023-05-06,14.4,12.3,20.7,41.5,3.9,86.9,0,3.19,9.6
131,没林,2023-05-07,13,10.2,15.3,.2,2.4,65,.2,8.39,7.1
131,没林,2023-05-08,15.1,7.5,23.2,,1.2,51.8,11.2,26.87,3.9
131,没林,2023-05-09,17.7,9.3,25.8,,1.1,46.9,12.7,28.54,1.6
131,没林,2023-05-10,18.9,11.3,26.2,,1.2,45.1,10.2,26.76,4.4
131,没林,2023-05-11,20.4,12.6,27.7,,1,40.1,12.3,28.25,4.1
131,没林,2023-05-12,19.6,14.6,25.3,,1.2,43.5,3.7,19.52,8.1
131,没林,2023-05-13,19.3,14.3,25.8,,1.4,49.3,11.8,27.12,3.1
131,没林,2023-05-14,19.3,12.3,25.9,,1.1,47.9,11.7,28.09,1.3
131,没林,2023-05-15,21.9,13,28.9,,1.2,47.5,12.7,28.61,1.6
131,没林,2023-05-16,24.9,17.6,32.3,,1.6,41.1,11.6,28.26,.9
131,没林,2023-05-17,24.6,17.7,31.2,,1.8,44.3,12.6,29.47,3.8
131,没林,2023-05-18,20.9,19.2,23.3,,1.8,60.8,.4,8.35,9.1
131,没林,2023-05-19,21.9,17.7,26.4,,2.1,54.4,5.2,17.95,5.6
131,没林,2023-05-20,21.8,16.8,28.3,,1.7,60.6,9.8,24.61,1.8
131,没林,2023-05-21,19.2,16.3,24.8,,1.9,63,5,17.29,6.6
131,没林,2023-05-22,18.9,15.3,23.4,.5,1.3,55.9,3.9,14.31,6.6
131,没林,2023-05-23,19.5,12.3,25.8,,1.3,54.8,12.2,29.79,.6
131,没林,2023-05-24,21.3,14.6,27.2,,1.1,45.8,5,21.69,6.8
131,没林,2023-05-25,22,16.7,27.9,,1.4,40.1,10,27.07,5.5
131,没林,2023-05-26,22.2,16.7,27.6,.3,1.3,50.1,8.3,25.01,7.3
131,没林,2023-05-27,20.5,19.1,22.2,5.4,1.2,80.3,0,4.05,9.3
131,没林,2023-05-28,20.5,19.1,21.8,65.6,.8,89.1,0,2.83,10
131,没林,2023-05-29,21.4,20.2,23.7,26.1,.5,87.5,.5,4.65,7.4
131,没林,2023-05-30,22.6,17.4,27.2,.2,1.7,67.1,5.3,23.17,6.3
131,没林,2023-05-31,23.4,17.3,28.6,,1.5,46.5,12.8,30.69,3
131,没林,2023-06-01,23.5,19.5,27.4,,1.2,61.6,1.4,17,8.4
131,没林,2023-06-02,21.9,19.7,25.8,0,1.7,68.3,8.3,25.96,5
131,没林,2023-06-03,22.6,17.2,28.7,,1.7,50.3,11.3,29.86,2.8
131,没林,2023-06-04,23.2,17.2,29.4,,1.7,46.5,12,28.64,5.8
131,没林,2023-06-05,22.7,18.6,27.9,,1.8,54.4,8.5,26.39,5.4
131,没林,2023-06-06,21.8,17.6,28.1,,1.4,59.5,9.4,26.38,4.1
131,没林,2023-06-07,22.5,17.8,26.8,,1.5,64.3,3.3,17.5,7.8
131,没林,2023-06-08,23.1,19.2,27.3,0,1.8,65.6,5.4,21.75,7.6
131,没林,2023-06-09,24.8,20,29.9,0,1.6,49.1,10.3,28.73,3.5
131,没林,2023-06-10,24.6,20.7,31.4,0,1.4,56.8,6.7,23.42,6.5
131,没林,2023-06-11,23.9,18.7,29.8,0,1.5,67.1,6,21.92,6.9
131,没林,2023-06-12,23.9,19.5,29.9,,1.2,61.3,6.2,22.6,5.5
131,没林,2023-06-13,23.3,19.7,29.2,,1.5,60.5,7.5,23.26,4.4
131,没林,2023-06-14,23.2,18.5,28.7,.4,1.2,60,6.8,24.52,5.8
131,没林,2023-06-15,23.4,18.6,28.8,,1.2,59.3,7.6,23.56,1.9
131,没林,2023-06-16,25,18.7,31.6,,1.2,54.6,12.5,29.76,1.3
131,没林,2023-06-17,25.7,20.2,33,,1.2,46.3,11.1,27.54,4.9
131,没林,2023-06-18,26.6,21,34,,1.2,49.1,10.6,28.77,3.4
131,没林,2023-06-19,28.4,21.7,34.3,,1.6,49.6,11.3,27.35,4
131,没林,2023-06-20,24.6,20.6,27.8,5.6,2,54.1,.9,12.84,7.9
131,没林,2023-06-21,21.6,20.1,23.2,9.1,1,84.6,0,4.96,9.5
131,没林,2023-06-22,23.7,19.7,28.7,1.5,1.9,69.3,6,23,7.6
131,没林,2023-06-23,26,21.2,31.6,,1.3,62.3,8.3,27.03,5.3
131,没林,2023-06-24,27.4,23.1,32.4,,1.1,60.3,5.7,19.94,4.8
131,没林,2023-06-25,27.6,22.7,32.5,0,1.8,54.9,7.2,24.61,5.5
131,没林,2023-06-26,24.6,21.8,27.5,35.1,1.4,84.3,.2,6.25,10
131,没林,2023-06-27,26.9,23.5,31.8,6.2,2.1,67.4,7.7,26.79,6.9
131,没林,2023-06-28,25.1,21.3,28.7,.4,1.4,72.4,2.5,14.05,7.9
131,没林,2023-06-29,25.4,24,26.8,39,1.3,85,0,2.76,9.9
131,没林,2023-06-30,25.9,23.8,28.7,3.2,1.2,82,.8,11.52,8.9
131,没林,2023-07-01,28.7,24.7,33.9,,1.2,68.5,6.8,24,5.4
131,没林,2023-07-02,28.5,25.1,32,,1.2,68.9,3.4,19.2,6
131,没林,2023-07-03,29.8,24.6,34.9,,1.3,60.5,10,27.95,5.3
131,没林,2023-07-04,25.9,24,29.2,31.1,1.4,79.9,.3,8.14,8.5
131,没林,2023-07-05,25.5,23.3,30,22.3,2.3,73.9,5.8,19.57,5
131,没林,2023-07-06,27.9,23.1,32.8,,1.4,57.3,7.4,25.22,6.3
131,没林,2023-07-07,23.1,20.3,27.6,35.2,1.1,76.9,0,4.63,9.8
131,没林,2023-07-08,25.7,20.4,31.1,.8,1,77.1,4,18.6,7.4
131,没林,2023-07-09,27.5,24.8,31.7,0,1.4,75.8,1.6,12.89,7.8
131,没林,2023-07-10,27.5,21.8,32.5,22.5,1.8,69.6,7.8,24.07,7
131,没林,2023-07-11,25.2,23.8,27.2,16.1,1.1,81,0,6.09,9.5
131,没林,2023-07-12,27.7,24.2,31.8,,1.4,75.8,3.4,18.86,8.3
131,没林,2023-07-13,26.3,25.1,27.6,25.6,.9,85.4,0,3.86,10
131,没林,2023-07-14,25.1,24.5,26.1,171,1.4,90.6,0,1.39,10
131,没林,2023-07-15,23.5,22.2,25.2,256.8,1.1,90.9,0,1.79,9.9
131,没林,2023-07-16,25.1,22.7,28.7,1.8,.7,84.1,1.7,9.02,9
131,没林,2023-07-17,26.7,24.5,32.5,7.4,1.2,81.3,3.5,19.89,9.3
131,没林,2023-07-18,24.3,23.5,25.4,66.9,1.1,89.4,0,3.65,9.3
131,没林,2023-07-19,27.2,23,32.4,,1.5,70.1,7.5,24.38,3.8
131,没林,2023-07-20,27.9,22.8,32.5,,1,69.4,7.1,22,4.1
131,没林,2023-07-21,29.7,24.3,35.1,,1,64,10.1,27.6,2.3
131,没林,2023-07-22,27.3,25.6,31.5,.3,1.6,68.3,4.8,15.73,6.3
131,没林,2023-07-23,26,25.2,27.1,15.8,.6,83.4,0,3.45,10
131,没林,2023-07-24,27.4,24.5,30.8,6.6,.9,78.4,3.6,15.18,8
131,没林,2023-07-25,26.8,25,30,3,1.1,80.3,1.7,14.59,9.4
131,没林,2023-07-26,27.3,24.5,32,7.3,.9,78.3,4.5,17.37,7.1
131,没林,2023-07-27,28.3,24.1,34,6.7,1,75.5,8.7,25.12,5.6
131,没林,2023-07-28,29.6,24.9,34.8,1.3,1.1,70.6,10.1,26.05,4.1
131,没林,2023-07-29,30.7,26.3,35.3,,1,66.1,9.9,26.54,3.4
131,没林,2023-07-30,29.2,26.5,34.8,0,1.2,69.4,7,17.82,4.4
131,没林,2023-07-31,29.4,25.7,33.4,,1.3,69.9,4.7,17.56,6.1
131,没林,2023-08-01,30.4,25.3,35.7,0,1.4,66.8,8.8,23.68,4.4
131,没林,2023-08-02,30.5,27,34.9,,1.1,64.5,7.2,20.93,4.3
131,没林,2023-08-03,30.4,25.2,35.3,,1.1,61.6,11.8,26.95,2.9
131,没林,2023-08-04,31.1,26.6,36,,1.1,61.4,9.9,25.42,4.3
131,没林,2023-08-05,31.1,27.3,36,,1.1,62.4,9.5,22.54,2.6
131,没林,2023-08-06,31.2,26.2,36.4,.7,1.3,62.9,9.4,21.85,3.8
131,没林,2023-08-07,30.3,28.2,35.8,0,1.5,66.9,5.3,16.18,5.1
131,没林,2023-08-08,30.6,26,35.4,2.3,2.1,63.8,6.4,18.18,4.6
131,没林,2023-08-09,27.4,23.5,32.4,29.5,3.4,74.4,.9,11.47,8.1
131,没林,2023-08-10,22.2,21.6,23.6,109.8,3.6,89.3,0,1.9,10
131,没林,2023-08-11,26.3,22,30.6,6,1.7,76,1.6,15.39,9.1
131,没林,2023-08-12,25.6,22.2,29.7,1.9,1.1,75.9,2.9,13.94,7.4
131,没林,2023-08-13,28.2,23.6,33.1,,1,70.9,4.9,20.37,6
131,没林,2023-08-14,29.2,25.3,34.7,,1,69.6,6,18.93,3.6
131,没林,2023-08-15,29.4,25.7,33.9,,1.7,68.5,9.3,24.73,5.4
131,没林,2023-08-16,28.1,25.1,33.1,,1.4,68.4,6.2,21.5,5.1
131,没林,2023-08-17,28.2,24.1,32.2,,1.2,70.4,1,12.85,5.3
131,没林,2023-08-18,28.1,25.2,33,41.2,1,74.8,7.6,18.71,4
131,没林,2023-08-19,29.3,25.1,34,0,1,68.1,5.9,17.87,6.3
131,没林,2023-08-20,29.3,26.2,34,0,1.1,67,8.7,23.77,5.5
131,没林,2023-08-21,30,26.2,34.9,,1.3,67.6,6.5,22,6
131,没林,2023-08-22,29,26.1,34,0,1.3,69.9,5,17.48,5.8
131,没林,2023-08-23,27.5,25.1,31.5,26.7,1.4,78.6,1.3,11.34,9.3
131,没林,2023-08-24,26.2,24,29.9,47.4,1.3,86.3,.6,8.52,9.5
131,没林,2023-08-25,27.2,24.2,31.6,,1.7,70.1,7.7,21.8,4.1
131,没林,2023-08-26,26.3,22.2,31,,1.1,70.6,6.3,20.29,6.4
131,没林,2023-08-27,27.1,22.6,31.2,0,1.5,67.1,3.3,16.23,6.9
131,没林,2023-08-28,27.2,24.2,29.7,0,2.5,67.5,.3,8.97,8.5
131,没林,2023-08-29,25.5,22.5,29.1,3.9,1.6,80.1,0,5.92,9.3
131,没林,2023-08-30,22.3,21.3,23.6,28.3,.9,86.9,0,3.91,9.5
131,没林,2023-08-31,23.6,21.1,28,,.9,75.9,2.8,10.64,6.4
131,没林,2023-09-01,24,18.6,29.8,,1.6,68.6,8.2,22.6,4.1
131,没林,2023-09-02,25.9,19.8,31.9,,1.4,66.9,11,23.64,3.4
131,没林,2023-09-03,28.1,23.7,32.9,.8,1,70.1,6.5,19.82,7.5
131,没林,2023-09-04,28.5,25.2,31.8,,1.7,70.8,2,15.52,8.4
131,没林,2023-09-05,28.1,25.6,31.5,,1.6,64.4,4.7,16.21,6.3
131,没林,2023-09-06,27.7,23.3,32.5,,1.7,61.5,10.8,23.55,2
131,没林,2023-09-07,26.2,20.7,30.9,,2.1,53.9,11.7,24.56,0
131,没林,2023-09-08,24.8,19.5,30.2,,1.4,56.9,11.7,24.51,0
131,没林,2023-09-09,25.8,19.7,31.4,,.9,60.8,10.6,22.79,1.6
131,没林,2023-09-10,25.9,21.2,31,,.9,63.8,7.4,18.64,4.3
131,没林,2023-09-11,26.4,22.7,31.5,,1,61.1,8.6,20.92,5
131,没林,2023-09-12,26.1,22.3,30.5,,1.1,62.6,6.9,17.76,7
131,没林,2023-09-13,22.2,20.1,25.3,29.4,1.7,85.4,0,3.31,10
131,没林,2023-09-14,22.9,19.8,26.3,3.8,2.2,81.6,.3,8.81,9.5
131,没林,2023-09-15,22.9,21.2,25.2,12.1,1.4,86.5,0,5.36,10
131,没林,2023-09-16,23.9,21.7,28.3,84.4,.9,86.8,1.2,8.31,9.6
131,没林,2023-09-17,25.3,22.6,29.4,8,.8,79.9,3.6,14.64,8.6
131,没林,2023-09-18,25.5,22.7,29.7,,1,76,5.3,15.97,4.6
131,没林,2023-09-19,24.4,20.8,27.8,,.9,75.4,2.6,13.3,8.1
131,没林,2023-09-20,21.5,19.8,24.2,76.1,2.5,87.6,0,1.29,10
131,没林,2023-09-21,20,17.5,23,.2,2.5,74.5,0,8.09,8.1
131,没林,2023-09-22,19.9,15.3,25.4,,1.4,69.4,6.2,17.29,3.6
131,没林,2023-09-23,21.2,15.6,26.5,,1.5,62.8,6,16.36,5.4
131,没林,2023-09-24,21.5,16.8,26.1,,2.5,56.6,8.9,19.87,4.6
131,没林,2023-09-25,22.3,19.1,27.3,3.2,1.5,65.5,3.8,14.77,8.3
131,没林,2023-09-26,21.2,19.8,23,44.5,1.1,87.5,0,2.26,9.8
131,没林,2023-09-27,22.3,21.1,24.6,5.4,1,84.6,.2,4.86,9.5
131,没林,2023-09-28,23.1,20.2,27.8,,1.2,73.4,6.2,16.6,4.9
131,没林,2023-09-29,21.6,19.2,24.8,,.8,68,.3,11.09,8.8
131,没林,2023-09-30,19.6,15.8,24,2.7,1.3,72.8,6.6,15.63,5.3
131,没林,2023-10-01,19.4,15.5,24.3,,1.3,55.9,10.1,20.96,.3
131,没林,2023-10-02,18.1,13,24,,1.2,59.1,9.4,20.23,3
131,没林,2023-10-03,16.8,12.8,22,,.9,69.5,2.6,8.56,5.3
131,没林,2023-10-04,18.5,12.3,24.5,0,1.1,68.8,7,17.31,5.8
131,没林,2023-10-05,15.7,13.1,19.5,,1.8,38.5,9.9,20.21,1.8
131,没林,2023-10-06,15.8,10,21.5,,1,53.3,8.9,17.87,6.3
131,没林,2023-10-07,17.1,11.6,21.4,,1.6,60.8,2,11.27,8.5
131,没林,2023-10-08,18.4,15.8,21.5,0,2.1,58,.9,8.17,8.1
131,没林,2023-10-09,18.1,14.1,22.3,,1.1,65.6,3.2,11.65,6.5
131,没林,2023-10-10,18,13.8,22.7,,1.3,63.1,9.6,17.95,2.1
131,没林,2023-10-11,17.8,12.8,23.6,,1.3,60,7.4,15.43,2.4
131,没林,2023-10-12,17.4,11.8,23.8,,1.2,58.3,9.9,17.48,4.9
131,没林,2023-10-13,17.6,13.6,22.2,,.7,64.1,1.3,10.73,7.6
131,没林,2023-10-14,15.3,13,22,11.9,.9,80.5,2.7,10.02,6.9
131,没林,2023-10-15,16,12,22.2,,1.1,73.1,5.4,13.9,4.8
131,没林,2023-10-16,15.6,11.3,20.9,,1.1,60.4,8.5,15.51,1.6
131,没林,2023-10-17,14.3,7.5,21.2,,.7,57.1,9.9,18.02,0
131,没林,2023-10-18,15.6,8.8,23.3,,.9,61.8,9.9,16.79,2.4
131,没林,2023-10-19,16.1,12.5,19.4,5.4,.8,80.8,.1,3.6,8.9
131,没林,2023-10-20,13,9.5,16.5,.1,2.1,50.3,8.7,16.7,3.5
131,没林,2023-10-21,11.5,5.4,18.1,0,1.4,56.4,7.2,13.64,1.6
131,没林,2023-10-22,12.9,5.8,18.3,,.7,63.1,7.4,14.39,3.9
131,没林,2023-10-23,15.3,10.1,21,,.6,69.3,5.5,12.97,4.5
131,没林,2023-10-24,14.9,10.1,20.1,,.8,72.9,2.9,10.28,4.5
131,没林,2023-10-25,16.2,11,22,,.6,71.9,9,14.93,2.3
131,没林,2023-10-26,17.7,13.5,22.7,,1.3,73.1,7.2,12.71,6.3
131,没林,2023-10-27,15.6,12.9,19.4,,1.3,67.1,3.8,9.52,3.6
131,没林,2023-10-28,14.1,9.1,20.7,,.9,64.1,7,14,1.1
131,没林,2023-10-29,14.4,8.3,21.3,,.9,60.5,9.5,15.56,.1
131,没林,2023-10-30,15,9.1,21.7,,.5,65.1,9.4,14.56,2.1
131,没林,2023-10-31,15.7,11.5,21.8,,.9,63.6,6.1,11.89,3.8
131,没林,2023-11-01,18.7,13.5,23.2,,1.5,69.1,2.1,6.26,7
131,没林,2023-11-02,20.3,16,26.5,,1.2,55.3,9.2,14.39,.6
131,没林,2023-11-03,20.4,15.6,25.1,,1.4,66.3,5.7,11.67,6.9
131,没林,2023-11-04,19.4,18.5,21.5,.2,.9,77.9,0,3.67,8.9
131,没林,2023-11-05,20.2,16.7,25,3.7,1.6,71.6,2,7.53,8.8
131,没林,2023-11-06,15.8,8.1,20.7,14.4,3,68,1.2,4.46,8
131,没林,2023-11-07,8.5,5.2,12,0,2,55.8,7.6,14.23,2.9
131,没林,2023-11-08,9.5,2.2,17.1,,.9,56.3,7.4,11.16,1.5
131,没林,2023-11-09,13.1,5.7,20.2,5.8,.8,69,4,9.14,6.4
131,没林,2023-11-10,6.4,2.2,12.3,.1,2,43,8.6,13.6,2.5
131,没林,2023-11-11,3,0,6.9,,1.3,47.8,5.7,7.82,3.3
131,没林,2023-11-12,2.8,-.4,6.5,,1.2,52.6,6.3,11.63,2.4
131,没林,2023-11-13,3.7,-.9,8.7,,1.1,52.8,9.4,14.06,0
131,没林,2023-11-14,6.4,1.7,12,,.8,60.8,6.2,10.94,4.5
131,没林,2023-11-15,7.6,3.2,13.3,,.8,63.8,7.9,11.28,2.5
131,没林,2023-11-16,6.3,4.8,8,7.9,.7,81.5,0,1.2,9.3
131,没林,2023-11-17,2.9,-.9,7.2,3.1,1.7,69,4.2,6.92,4.9
131,没林,2023-11-18,2.3,-2.5,7.1,,1.7,59.6,3.8,7.71,4.5
131,没林,2023-11-19,8.3,2.5,13.8,,1.4,63.4,4.8,9.27,3.9
131,没林,2023-11-20,7.2,2.5,13.4,,.7,49.9,8.8,13.02,0
131,没林,2023-11-21,7.2,0,15.1,,.4,53,9.1,12.68,0
131,没林,2023-11-22,8.8,1.7,15.6,,.6,65.3,8.7,12.07,2
131,没林,2023-11-23,12,5,17.6,0,1.7,57.1,8.3,10.77,2.9
131,没林,2023-11-24,1.3,-1.8,5,,2,47.6,7.4,11.44,1.5
131,没林,2023-11-25,-.4,-4.5,4.9,,1.3,38.4,8.9,12.52,.5
131,没林,2023-11-26,4.6,-1.3,8.6,0,.5,43.3,3.8,7.92,8.4
131,没林,2023-11-27,7.6,5.4,11.3,5.3,.9,79.9,.9,3.36,8.1
131,没林,2023-11-28,3.9,1.5,7.4,.1,1.4,57,6.9,10.68,3.9
131,没林,2023-11-29,2.3,-.7,6.4,.9,1.6,63,3.3,6.25,7.6
131,没林,2023-11-30,-2,-5.4,1.4,0,1.7,49.8,8.5,11.78,2.3
131,没林,2023-12-01,-1.2,-4.6,2.8,0,1.4,54.1,7.4,11.82,.3
131,没林,2023-12-02,2.8,-3.4,8.1,0,1.1,61.6,2.2,6.01,6.3
131,没林,2023-12-03,3,-.3,7.4,0,.9,45.9,8.4,11.47,.3
131,没林,2023-12-04,2.6,-3,8.8,,.5,57.5,8.4,11.47,2
131,没林,2023-12-05,4.7,-.5,11.1,,.7,58.8,6.1,9.1,3
131,没林,2023-12-06,6.4,1,11.1,.8,.9,68.6,0,3.6,6.3
131,没林,2023-12-07,7.5,3,12.3,,1.7,50.3,8.2,10.26,.8
131,没林,2023-12-08,12.4,3.7,19.3,,1.2,55.9,8,9.97,.8
131,没林,2023-12-09,14.9,11.2,19.6,,.9,68.1,4.7,7.8,3
131,没林,2023-12-10,13.6,9.3,17.9,,1.1,72.5,4.7,7.59,7.4
131,没林,2023-12-11,12.5,8.3,15.6,25.3,2.7,76.6,0,.54,9.6
131,没林,2023-12-12,7.4,5.5,10.1,0,2.8,69.5,0,4.34,6.4
131,没林,2023-12-13,9.2,4.5,12.9,,1.3,64.4,2.3,7.03,6.9
131,没林,2023-12-14,10.8,9.8,12.3,22.8,1.3,73.1,0,.8,9.8
131,没林,2023-12-15,7.6,6,10.5,39.4,1.6,90,0,.05,9.9
131,没林,2023-12-16,-1.7,-7.5,6.1,4.3,2.7,78.4,.8,4.55,9.3
131,没林,2023-12-17,-8.1,-10.4,-5.2,,1.5,52.5,8.1,11.17,.3
131,没林,2023-12-18,-6.3,-10.2,-4,,1.3,53.6,3.4,8.39,6.6
131,没林,2023-12-19,-2.4,-6.9,.4,0,.8,54.9,1.1,5.03,8.8
131,没林,2023-12-20,-5.4,-8.9,-.9,.2,1.6,67.3,1.5,5.84,7.3
131,没林,2023-12-21,-9.4,-11.4,-6.5,0,1.5,57.5,4.9,8.02,2.3
131,没林,2023-12-22,-9.2,-12.4,-5.7,,1.5,50.9,8.4,11.52,.4
131,没林,2023-12-23,-5.7,-11,-1.8,0,.8,55.5,8.2,11.11,1
131,没林,2023-12-24,-1.7,-4.6,1.7,.2,.9,69.6,3.2,6.59,6.1
131,没林,2023-12-25,0,-2.4,2.6,.1,.8,79.5,2,5.82,6.3
131,没林,2023-12-26,2.8,-.4,8,,.7,70.3,3.4,7.75,6.6
131,没林,2023-12-27,2.9,-1,8.1,,.5,71.3,7.8,9.26,1.9
131,没林,2023-12-28,1.7,-1.8,5.6,,.7,76,3.5,6.71,4.3
131,没林,2023-12-29,2.1,-1.2,6.1,,.8,70.8,2.3,6.9,5.1
131,没林,2023-12-30,.7,-1.8,2.7,2.2,.9,83,0,1.48,7.9
131,没林,2023-12-31,4.1,2.5,5.5,2,1,80.8,.1,.77,8.6
131,没林,2024-01-01,3.6,-.5,7.1,,.8,80.6,2.7,6.44,8.1
131,没林,2024-01-02,4.4,2.5,6.4,0,.8,70.1,0,2.2,9.5
131,没林,2024-01-03,2.6,.6,5.3,1.9,.9,72.9,0,3.33,7.6
131,没林,2024-01-04,2,-2,6,,.8,68.5,7.7,11.03,1.8
131,没林,2024-01-05,5,1.2,9.9,,1,72.8,1,4.15,4.8
131,没林,2024-01-06,2.2,-.4,6,.2,1.3,58.4,8.7,11.47,1.9
131,没林,2024-01-07,-2,-5.1,.8,0,1.9,52.6,6.3,9.47,2
131,没林,2024-01-08,-3.4,-7.4,1,,.9,46.3,8.7,11.93,1
131,没林,2024-01-09,-.1,-3.1,2.2,3,.9,72.9,.2,2.33,9.5
131,没林,2024-01-10,-.3,-1.1,.6,.2,1.3,79.8,0,2.24,8.8
131,没林,2024-01-11,1.4,-2.8,4.1,,1.1,71.1,0,4.9,7.9
131,没林,2024-01-12,3.4,.2,7.9,,1.3,54.4,8.1,11.36,1.5
131,没林,2024-01-13,1.6,-3,6.7,,.8,45.9,8.7,11.89,.3
131,没林,2024-01-14,1.6,-3.6,7.9,3.4,1,69,3.3,4.73,5.9
131,没林,2024-01-15,-1.8,-4.6,2.4,,1.5,45.5,8.8,12.52,.5
131,没林,2024-01-16,-1.1,-5.5,4.2,,.9,50.9,8.2,10.68,2.9
131,没林,2024-01-17,1.2,-1.8,2.9,8.4,.9,76.6,0,1.78,9.3
131,没林,2024-01-18,4.8,2.2,7,10.6,1.4,84.5,0,2,9
131,没林,2024-01-19,6.6,5.1,9.6,,2.7,61.1,1.9,6.88,8.1
131,没林,2024-01-20,4.1,2.5,7.1,7.5,3.2,75.8,0,.74,9.4
131,没林,2024-01-21,2.9,.3,7,.1,1.9,73.6,.3,4.9,8.8
131,没林,2024-01-22,-5.9,-10.2,.3,.1,2.5,67.9,4.3,9.6,8.5
131,没林,2024-01-23,-10,-12.4,-6.6,1.8,1.9,67.6,5.8,9.5,6.1
131,没林,2024-01-24,-7.1,-11.5,-3.6,0,1.9,55.6,8.1,10.4,3
131,没林,2024-01-25,-4.5,-8.7,.5,,1.1,47.1,9.3,13.35,0
131,没林,2024-01-26,-1.6,-6.2,2.7,,.7,63.5,1.4,7.17,3.6
131,没林,2024-01-27,.4,-3.5,4.9,,.9,60.5,8.6,13.36,2.5
131,没林,2024-01-28,.4,-2.6,3.7,,.8,60,3.9,8.6,4.4
131,没林,2024-01-29,0,-4.1,5.1,,.8,61.5,8.1,12.89,1.1
131,没林,2024-01-30,1.6,-4,8.6,,.5,58.4,9.2,12.92,1.8
131,没林,2024-01-31,5.9,.8,12.4,,.9,48.3,6.7,11.57,4.1
131,没林,2024-02-01,4.1,2.4,6.5,,1.1,61,0,5.17,8.8
131,没林,2024-02-02,4.1,1.2,8.9,,.9,61.1,5.7,11.06,3.8
131,没林,2024-02-03,5,.1,9.9,.1,.9,68.3,.4,5.44,9
131,没林,2024-02-04,6.3,1.7,10.3,.8,1.6,69.6,3.4,8.02,6.8
131,没林,2024-02-05,3.5,.5,6,7.5,3.6,82.8,0,3.35,10
131,没林,2024-02-06,1.9,.3,4.1,.2,1.6,79.5,0,2.29,9.3
131,没林,2024-02-07,1.2,-.3,3,0,1.1,62.3,.2,3.53,7.3
131,没林,2024-02-08,1.4,-2.5,6.4,,.9,62.6,8.6,14.19,2.9
131,没林,2024-02-09,1.6,-2.8,7,,1,58,7.2,13.3,3
131,没林,2024-02-10,2,-2.1,6.6,0,.9,61.9,5,9.27,1.4
131,没林,2024-02-11,1.3,-2.6,5.6,0,.9,63.4,3.3,8.78,3.3
131,没林,2024-02-12,4.4,-2.5,11.8,,.9,52.9,9.3,15.77,.5
131,没林,2024-02-13,8.9,.1,16.5,,1.2,58,9.1,15.09,4.3
131,没林,2024-02-14,13.6,8.8,18.8,0,1,68.4,2.9,7.98,6.1
131,没林,2024-02-15,6.4,1.7,13.8,1.9,1.6,76.1,0,.43,8.8
131,没林,2024-02-16,3.9,-.5,9.1,,1.1,56.8,9.7,16.45,.9
131,没林,2024-02-17,6.2,-1,13.6,,.8,59.8,8.7,16.27,1.1
131,没林,2024-02-18,6.4,1.1,10.1,21.7,.5,76.4,.4,3.7,7.1
131,没林,2024-02-19,10.4,5.6,14.4,13.3,1.2,91,0,1.13,9.9
131,没林,2024-02-20,5.8,3.9,8,4.3,1.7,80.9,0,1.64,9.8
131,没林,2024-02-21,4.4,1.5,6.9,20.3,2.5,84.6,0,1.39,10
131,没林,2024-02-22,1.2,.3,2.7,6.1,3.3,86.5,0,3.35,9.9
131,没林,2024-02-23,2.9,.3,5.9,0,3.2,66.9,1.2,8.67,8.3
131,没林,2024-02-24,2.9,.6,6.5,1.9,2.6,62,3.4,10.22,8
131,没林,2024-02-25,2.8,.8,5.2,.9,1.3,81.9,0,3.14,8.4
131,没林,2024-02-26,4.2,.4,9.2,,1.2,67.4,5.1,13.25,5
131,没林,2024-02-27,5.4,1.1,10.2,,1.9,48.9,7.7,14.85,5.6
131,没林,2024-02-28,6.9,3.4,11.1,,1.1,49.8,2.8,11.36,6.3
131,没林,2024-02-29,5.5,2.7,7.7,.1,1.3,62.3,0,4.07,8.4
131,没林,2024-03-01,-2.3,-5.1,2.7,,2.7,35.9,10,18.53,1.6
131,没林,2024-03-02,-.6,-6.9,4.8,,1.8,47.4,9.9,17.61,2
131,没林,2024-03-03,6,1.1,12.3,0,1.9,64,5.4,13.77,4.9
131,没林,2024-03-04,7.2,1.7,12.5,,1.1,60.8,5.4,12.43,8.6
131,没林,2024-03-05,7.4,5.9,9,1.1,2.4,70.5,0,2.05,9.5
131,没林,2024-03-06,7.3,2.5,11.7,,2.1,56.1,5.4,13.14,4.1
131,没林,2024-03-07,5.4,1.7,9.6,0,1.9,47.9,4.9,13.43,4.9
131,没林,2024-03-08,3.6,.8,8.8,0,2.4,42.8,9.9,20.09,1.9
131,没林,2024-03-09,2.8,-1.9,8.6,,1.3,39.4,10,20.56,0
131,没林,2024-03-10,5.2,-2.1,12.7,,.9,36.6,9.9,20.11,1
131,没林,2024-03-11,7,1.1,12.1,0,1.1,52.1,1.8,9.55,6
131,没林,2024-03-12,6.6,4.4,9.7,1,.9,73,0,4.55,6.8
131,没林,2024-03-13,7.4,1.7,14.3,,1.5,50.9,10.1,20.87,.8
131,没林,2024-03-14,9.1,2.7,17,,1.3,51.1,10.2,20.57,.3
131,没林,2024-03-15,10.5,3.4,19.1,,1.2,45.9,10.2,21.12,0
131,没林,2024-03-16,12.2,3.7,21.2,0,1.3,42.5,9.1,19.87,4.1
131,没林,2024-03-17,9.7,5.6,12.7,,2.2,47.1,5.4,13.25,7.5
131,没林,2024-03-18,8.5,2.2,15.6,,1.2,29,9.6,21.35,3
131,没林,2024-03-19,7.5,4.8,13.1,0,2.5,51.3,2.9,8.57,7.9
131,没林,2024-03-20,5.1,2.4,9.4,,2.4,43.3,9.9,22.17,.9
131,没林,2024-03-21,5.9,-.4,12.8,,1.4,47.4,10.4,22.42,2.1
131,没林,2024-03-22,10.9,3.7,17.7,1.1,1.5,52,5.9,15.15,7.8
131,没林,2024-03-23,15.2,11.1,21.2,0,1.1,56.3,8.9,21.22,5
131,没林,2024-03-24,15.7,12,21.4,,1.6,36.8,6.3,16.77,5.6
131,没林,2024-03-25,10.9,8,14.1,6.1,2.5,63.8,.1,4.8,9.6
131,没林,2024-03-26,7,2.8,10.4,17.7,2.6,73.6,4.4,12.43,6.5
131,没林,2024-03-27,11.1,3.8,17.4,,.9,61,9.9,19.29,5.9
131,没林,2024-03-28,10.2,9.5,12.1,10.9,1,83.1,0,1.67,9.3
131,没林,2024-03-29,9.8,6,13.6,0,2.2,73.1,3.4,8.89,3.1
131,没林,2024-03-30,10.6,2.2,17.7,,1.3,59.5,4.7,13.14,2.5
131,没林,2024-03-31,11.4,3.5,18.3,,1.1,43.6,11.5,21.75,2.6
131,没林,2024-04-01,13.6,5.8,22.1,,.9,35.3,11.3,23.67,.1
131,没林,2024-04-02,17.2,7.6,25.5,0,.8,39.5,8.1,20.78,6.9
131,没林,2024-04-03,14.9,13.6,17.6,11.4,1.9,82.1,0,4.03,9.8
131,没林,2024-04-04,14.7,13.1,17.2,0,1.8,62.1,.2,7.03,8.9
131,没林,2024-04-05,14.5,11.1,19.3,,1.4,51.4,4.4,15.6,6.8
131,没林,2024-04-06,14,9,19.7,,.8,52,5.1,15.31,5.3
131,没林,2024-04-07,16.4,8.3,24.7,,.9,39.9,11.5,24.39,3.8
131,没林,2024-04-08,16.9,10.5,24.2,,1,38.1,5,16.12,7.9
131,没林,2024-04-09,15.8,11.1,21.6,,2.2,41.4,11.2,24.9,.5
131,没林,2024-04-10,14.6,9.6,20.2,,1.4,50.9,8.3,19.76,7.1
131,没林,2024-04-11,16.9,12.1,22.5,,1.1,53.9,5.1,17.45,5
131,没林,2024-04-12,18.3,12.1,25.5,,1,52.9,11.4,24.04,1.4
131,没林,2024-04-13,20,12.5,28.6,,1.3,47.3,11.5,25.64,0
131,没林,2024-04-14,21.7,12.6,28.9,,1.3,39.8,11.1,23.87,3.9
131,没林,2024-04-15,17.2,13.6,21.1,12.3,1.5,73.6,0,2.94,9.5
131,没林,2024-04-16,15.4,12,21.8,2.9,1.9,67.1,7.9,20.44,4.3
131,没林,2024-04-17,15.8,9.6,23.1,,1.5,57.8,9.2,23.93,6.4
131,没林,2024-04-18,18.4,11,26.1,,1.1,42.6,11.3,25.31,.1
131,没林,2024-04-19,19.3,11.3,26.6,,1,41.9,11.2,24.78,4.9
131,没林,2024-04-20,14.7,13.3,18.2,14.8,2.3,78.4,0,2.75,9.8
131,没林,2024-04-21,16.9,13.6,19.5,0,2.3,69.9,0,4.63,9.6
131,没林,2024-04-22,18.4,15.1,23.5,,1.6,50.6,5.5,19.79,4.5
131,没林,2024-04-23,17.6,12.1,23,0,2.1,49.1,8.3,21.26,6.8
131,没林,2024-04-24,14.4,11.7,18.7,6.4,1.8,71.5,2.5,12.52,7.3
131,没林,2024-04-25,15.9,10.3,23.2,,1.2,62.6,7,21.18,3.9
131,没林,2024-04-26,18.9,11.8,26.9,,1,54.3,9.5,24.15,3.5
131,没林,2024-04-27,19.5,12.6,27.3,,1.1,47.1,11.8,27.82,0
131,没林,2024-04-28,20.9,11.6,28.5,,.9,44.8,11.3,24.15,6.4
131,没林,2024-04-29,18.8,16.6,21,1.3,1.7,62,0,7.42,9.8
131,没林,2024-04-30,17.7,15.3,21.7,,1.4,68.4,.3,11.85,9
131,没林,2024-05-01,17.6,13.6,22.4,,1.7,44.5,9.4,24.75,6
131,没林,2024-05-02,18.1,11.5,25,,1.4,43.3,12.2,27.88,0
131,没林,2024-05-03,19.8,11.5,27.6,,1,41.6,12.4,28.82,0
131,没林,2024-05-04,21.7,13.5,28.5,,1,43.6,12.2,28.44,1.9
131,没林,2024-05-05,18.8,17.7,21.8,37.2,1.1,80.4,0,3.32,10
131,没林,2024-05-06,15.2,13.6,17.7,5.4,2.3,83.1,0,4.3,9.6
131,没林,2024-05-07,13.6,11.6,15.7,13.4,1.9,86,0,3.6,9.9
131,没林,2024-05-08,15.3,9.8,20.5,.6,2.2,54.9,11.4,28.69,3.6
131,没林,2024-05-09,17,10.1,23.9,,1.9,47.4,12.5,28.22,0
131,没林,2024-05-10,18.9,12.3,25.8,,1.5,45.3,12.4,28.65,2.1
131,没林,2024-05-11,19.4,14.4,25.6,15.5,1.9,63.5,4.5,16.45,7
131,没林,2024-05-12,17.1,12.5,22.3,1.2,1.5,57.3,11.5,27.59,4.8
131,没林,2024-05-13,18.7,11.8,26,,1.2,46.6,12.9,30.03,0
131,没林,2024-05-14,19.9,12.6,26.7,,1.2,45.3,12.5,29.87,0
131,没林,2024-05-15,14.6,8.6,23.5,14.8,1.7,65.5,7.7,20.52,4.9
131,没林,2024-05-16,15.1,8,21.4,2.3,2.1,58,11.6,29.93,2.1
131,没林,2024-05-17,19.9,13,26.2,,1.5,51.9,9.8,26.55,3.4
131,没林,2024-05-18,21.7,14.5,28.6,,1.2,54.5,12.5,29.54,.1
131,没林,2024-05-19,22.5,16.5,29.5,,1.2,57.6,12.4,29.37,.4
131,没林,2024-05-20,20.5,15.5,25.7,,1.1,66.9,4.1,17.5,4.5
131,没林,2024-05-21,21.5,17.7,27.2,,1.4,64.1,8.2,24.06,3.6
131,没林,2024-05-22,22,16.6,27.9,,1.1,64.3,9.4,24.86,5.1
131,没林,2024-05-23,22.4,16.8,29.6,,1.2,57,11.9,29.54,.3
131,没林,2024-05-24,21.3,15.8,27.7,,1.3,66.1,7.9,24.62,5.3
131,没林,2024-05-25,21.2,19.1,23.6,,1.7,45.3,.4,13.6,8.4
131,没林,2024-05-26,21.3,17.2,27.3,32.2,1.2,66.5,4.4,17.57,7.4
131,没林,2024-05-27,19.4,15.3,24.1,.1,2,54.3,11.3,26.98,6
131,没林,2024-05-28,20,14.3,25,,2.6,53.6,9.8,27,3.4
131,没林,2024-05-29,22,15.1,28.6,,1.1,51,12.8,29.63,1.5
131,没林,2024-05-30,22.2,17.6,26.1,0,1.1,52,.7,15.44,8.9
131,没林,2024-05-31,22,18.2,27.4,,1.7,47.1,12.7,31.6,3.4
131,没林,2024-06-01,20.7,17.8,25.2,,1.9,55.1,8.1,26.25,4.4
131,没林,2024-06-02,21.3,15.5,27.3,,1.4,47.5,12.9,30.48,1.6
131,没林,2024-06-03,22.3,15.8,27.7,,1.6,48.3,13.3,31.72,1.9
131,没林,2024-06-04,23.2,16.7,28.8,,1.7,42,13.5,32.43,0
131,没林,2024-06-05,23.4,17.4,29.8,,1.3,52.1,7.6,25.04,5.4
131,没林,2024-06-06,23.9,18.8,30.1,,1.3,54,9.4,25.37,5
131,没林,2024-06-07,23.8,18.6,28.6,0,1.2,52.8,5,22,7.9
131,没林,2024-06-08,21.2,18.6,26.3,2.5,1.1,77,3.3,11.43,7.3
131,没林,2024-06-09,24.2,19.7,30.2,,1.1,64,8.3,24.29,4.3
131,没林,2024-06-10,25.1,18.7,31.5,,1.9,60.1,8.7,26.63,2.3
131,没林,2024-06-11,26.4,21.2,32.5,,1.3,54.9,11.2,28.5,1.4
131,没林,2024-06-12,26.1,20.4,33.4,,1.4,47.4,12.8,31.12,1.5
131,没林,2024-06-13,26.6,19.6,33.7,,1.2,46.6,12.6,30.11,1.1
131,没林,2024-06-14,27.2,21.7,32.7,0,1.3,47,11.8,27.81,5.4
131,没林,2024-06-15,25.2,22.3,28.8,1.4,1.2,63.1,2.6,17.6,7.1
131,没林,2024-06-16,25.3,20.7,30.4,,1.7,52.1,11,30.42,3
131,没林,2024-06-17,25.2,19.3,29.9,,1.2,48.3,6.5,23.26,6.5
131,没林,2024-06-18,26.6,19.2,34.4,,1.3,47.6,13.2,30.98,0
131,没林,2024-06-19,28.5,21.2,36.3,,1.4,49.5,11.4,28.45,5.8
131,没林,2024-06-20,27.3,22.5,32.7,,1.5,44,6.5,21.29,5.5
131,没林,2024-06-21,27.3,21.2,33.3,,1.2,51.5,11.5,27.84,6.3
131,没林,2024-06-22,23.8,22.4,26.1,27.7,1.2,82.5,0,3.09,10
131,没林,2024-06-23,25.3,23.1,29.4,4.1,1.6,78.8,3.6,13.47,8
131,没林,2024-06-24,25.5,21,30.4,0,2,66,5.2,22.03,7.3
131,没林,2024-06-25,23.5,19.1,29.4,,1.8,57.1,7,23.52,7.6
131,没林,2024-06-26,25,19.7,30.7,,1.2,57.5,11.5,28.82,3.6
131,没林,2024-06-27,25,20.8,29.6,,1.1,57.8,3.6,17.59,5.4
131,没林,2024-06-28,26.2,19.2,33,,1.2,50.9,13,30.88,2.4
131,没林,2024-06-29,26.2,23.1,31.5,44.9,1.5,68.5,2.3,16.52,8.9
131,没林,2024-06-30,25.9,24.2,29.6,4.1,2.3,78.4,1.4,12.69,9.4
131,没林,2024-07-01,27.5,22.7,32.4,,1.1,63,7.8,25.02,5.8
131,没林,2024-07-02,24.9,22.3,26.8,76.8,1.1,81.3,0,2.45,9.8
131,没林,2024-07-03,26.4,24.2,29.7,6.1,2.1,74.6,2.3,14.89,8.9
131,没林,2024-07-04,28.5,23.8,32.9,,1.9,64.9,9.6,26.86,5.5
131,没林,2024-07-05,26.9,24.2,30.5,2.3,2.6,64.9,5.4,23.65,7.6
131,没林,2024-07-06,28.3,23.7,32.3,0,2.1,70.1,1.4,15.46,8.8
131,没林,2024-07-07,24.8,22,28.1,95.7,1.1,89.3,0,3.4,9.9
131,没林,2024-07-08,24.5,23.2,25.8,116.1,1.2,89.3,0,3.81,10
131,没林,2024-07-09,24.2,23.1,25.7,12.9,.9,88.1,0,5.11,10
131,没林,2024-07-10,25.7,21.8,29.3,83.4,2,76.8,3.9,21.05,9
131,没林,2024-07-11,25.9,23.1,29.6,.4,1.5,77.3,3.5,18.95,8.1
131,没林,2024-07-12,26.8,23.1,31.7,,1.3,71.9,4.9,19.36,4.4
131,没林,2024-07-13,27.5,24.3,32.9,.4,1.1,71.4,7.5,24.81,4.1
131,没林,2024-07-14,27.2,25.2,30.7,,2.2,67,1.4,16.2,6.8
131,没林,2024-07-15,28.1,25,31.7,,2,64,6.5,22.31,6.6
131,没林,2024-07-16,25.6,23,29.2,41.2,1.3,80.1,1.1,8.64,8.4
131,没林,2024-07-17,27.9,23,31.3,8.4,1.4,73.9,.5,14.25,9.1
131,没林,2024-07-18,26.4,24.2,28.2,32.7,1.8,80.9,0,2.23,9.6
131,没林,2024-07-19,27,24.8,31,.4,1.4,77.4,4.7,18.54,7.3
131,没林,2024-07-20,27.6,24.6,31.6,13.6,1.5,77,5.1,15.85,8
131,没林,2024-07-21,28.6,25.1,32.5,0,2.3,73.9,5,20.52,6.1
131,没林,2024-07-22,30.1,27.5,32.8,0,1.9,67.3,2.5,16.06,8.1
131,没林,2024-07-23,27.8,26.7,29.7,6.6,2,79.8,0,6.09,9
131,没林,2024-07-24,29.2,26.4,33.4,4,1.1,76.9,3.9,17.79,5.6
131,没林,2024-07-25,29.8,25.7,34.9,17.6,1,71.8,7,21.25,6.5
131,没林,2024-07-26,29.8,25.7,35.1,.3,1.5,71.5,7,21.02,7.5
131,没林,2024-07-27,29.4,27.6,33.1,1.7,1.2,75,.9,16.04,8.6
131,没林,2024-07-28,30.8,28,34.9,,1.8,66,8.1,25.02,6.5
131,没林,2024-07-29,29.2,27.2,32.5,,2.2,70.9,3.1,17.95,5.3
131,没林,2024-07-30,29.3,27,33.3,,1.8,71.3,4.2,18.04,6.4
131,没林,2024-07-31,30.3,27.2,35.3,,1.5,68.6,5.7,22.31,4.9
131,没林,2024-08-01,30.7,27.8,34.7,,1.6,69.4,6.1,21.1,4.1
131,没林,2024-08-02,31.2,28.6,34.4,,1.8,71.3,5.8,21.06,6.4
131,没林,2024-08-03,31.5,28.2,35.8,0,1.4,68.3,8.3,24.67,3.9
131,没林,2024-08-04,31.5,27.2,37,0,1.1,68.1,5.8,18.68,4.4
131,没林,2024-08-05,29.7,24,36.2,59.4,1.4,71.5,5.9,20.36,6.5
131,没林,2024-08-06,29.5,24.7,33.7,,1.7,70.5,9.5,23.64,3.5
131,没林,2024-08-07,30.5,26.8,34.7,0,1.2,67.8,7,20.97,4.5
131,没林,2024-08-08,28.4,26.8,30.8,0,1.2,76.1,.6,11.25,7.9
131,没林,2024-08-09,30,26.1,34.7,,1.3,66.6,8.1,23.6,3.8
131,没林,2024-08-10,30.5,26.2,35.4,0,1.1,67,8.7,22.87,3.5
131,没林,2024-08-11,31,27.2,35.7,,1.2,62.3,10.7,26.11,2.3
131,没林,2024-08-12,31,26.7,36.3,20.4,1.2,67.1,8,19.54,4.6
131,没林,2024-08-13,30.6,26.7,35.6,0,1.5,64.9,9.6,25.03,5
131,没林,2024-08-14,30.8,26.7,35.2,,1.2,62.4,9.8,23.01,2.9
131,没林,2024-08-15,30.4,27,34.4,0,1.3,60.5,5.3,18.12,3.1
131,没林,2024-08-16,30.4,26.7,34.2,0,1.2,58.5,7,18.04,4.6
131,没林,2024-08-17,30.7,27.3,34.7,,1.1,59.9,7,19.64,5.5
131,没林,2024-08-18,30.6,26.8,35.5,,1.2,63.8,9.2,22.95,4.1
131,没林,2024-08-19,31.2,26.7,35.2,.1,1.3,60.4,11.8,27.29,3.4
131,没林,2024-08-20,30.7,27.7,36.4,12.8,1.8,69,4.7,16.81,7.4
131,没林,2024-08-21,29.2,27.2,32.7,13,1.2,79.3,1.8,8.55,8.3
131,没林,2024-08-22,29.1,26.6,33.6,1.3,1.8,75.4,4,13.76,7.6
131,没林,2024-08-23,28.2,25.2,32.1,3.1,1.2,75.6,4.5,16.98,4.9
131,没林,2024-08-24,28.6,25.8,32.7,3,1,73.6,6.3,19.1,5.1
131,没林,2024-08-25,29,25.2,33.7,,.9,70.6,6.1,20.56,3.3
131,没林,2024-08-26,28.8,25.7,31.6,0,.9,73.9,.8,10.72,7.1
131,没林,2024-08-27,26.9,25.8,28.2,0,2.4,75,.1,6.38,7.5
131,没林,2024-08-28,28,22.7,32.8,,2.6,59.8,9.1,21.84,1.3
131,没林,2024-08-29,28.3,23.6,33.8,,3.8,61.6,10.3,24.4,2
131,没林,2024-08-30,28.1,23.8,34.2,,2.3,63.5,11.3,25.28,1.9
131,没林,2024-08-31,27.7,23.3,32.1,,1.3,64.9,9.3,23,3
131,没林,2024-09-01,27.8,24.7,32.5,,1.2,65.5,6.2,21.05,3.4
131,没林,2024-09-02,26.1,21.9,29.4,2.9,1.2,67,1.2,10.21,7.1
131,没林,2024-09-03,27.5,23.3,32.1,,2.3,56.4,8.9,22.75,4.9
131,没林,2024-09-04,27.9,22.2,33.4,,1.2,51.4,11.5,24.79,1.3
131,没林,2024-09-05,27.7,24.6,32.9,0,1.6,66.1,5.9,19.12,5.3
131,没林,2024-09-06,26.3,24.2,29.1,1.2,1.2,78.6,0,5.3,8.8
131,没林,2024-09-07,27.5,24.2,32.4,,1,68.6,5,18.42,6.4
131,没林,2024-09-08,27.9,23.7,33.6,,1.1,66.1,9.8,23.68,2.5
131,没林,2024-09-09,29.6,25.7,34.7,,1.1,63.6,7.7,18.68,4.6
131,没林,2024-09-10,30.4,26.2,36.2,,1.2,59.5,11.5,23.56,.5
131,没林,2024-09-11,28.4,26,33.9,7.9,1,74.5,.5,10.92,7.4
131,没林,2024-09-12,26.7,25,29.6,56.5,.8,84.8,0,5.59,8.8
131,没林,2024-09-13,28.4,24.5,33.1,,1.3,73.6,3.4,16.68,8.1
131,没林,2024-09-14,29.1,26.5,33.4,0,1.3,72.9,5.7,18.37,5.6
131,没林,2024-09-15,30.2,26.2,35.5,,1.9,64.9,9.2,20.11,3.8
131,没林,2024-09-16,29,26.1,31.7,0,1.8,63.1,4.3,15.39,6.4
131,没林,2024-09-17,30.3,26.5,34.9,,1.1,68.5,8.1,19.85,5.4
131,没林,2024-09-18,28.8,24.7,34.2,58,1.2,76.4,3.8,15.28,7.1
131,没林,2024-09-19,,24.7,32.5,,,,,,
131,没林,2024-09-20,26.8,25.4,28.9,48.3,.9,85.9,.1,2.63,9.5
131,没林,2024-09-21,20.2,19.5,25.7,153,2.8,88.6,0,1.75,10
131,没林,2024-09-22,21.7,18.3,26.2,.2,2.8,70.5,2.3,13.56,7.8
131,没林,2024-09-23,21.5,17.6,26.3,,2.4,54.5,9.1,20.98,2.4
131,没林,2024-09-24,21.6,15.6,27.3,,1.4,58.6,9.9,21.93,3.4
131,没林,2024-09-25,24.2,19.9,28.6,,.9,65.4,3.8,15.85,7.6
131,没林,2024-09-26,24.9,21.8,29.6,,1.1,67.5,5.9,18.07,5.8
131,没林,2024-09-27,23.9,20.6,28.6,,1.4,67.6,6.3,16.61,3.1
131,没林,2024-09-28,24,19.7,28.7,,2.2,62.6,5.3,15.97,3.9
131,没林,2024-09-29,23.6,19.3,28.4,,1.8,57.3,8.2,18.87,3.1
131,没林,2024-09-30,22.4,16.8,27.9,,1.2,55.9,8.8,18.95,2
131,没林,2024-10-01,18.4,15.1,20.7,1.4,1.2,69.1,0,2.85,7.3
131,没林,2024-10-02,15.7,12.3,20.5,,1.4,48.6,7.8,19.37,2.9
131,没林,2024-10-03,13.3,10.5,16,3.6,1.6,78.8,0,4.19,5.1
131,没林,2024-10-04,15.8,10.8,22.9,,1.1,74,6.6,16.79,3.9
131,没林,2024-10-05,17.5,11.6,23.7,,1.2,68,9,17.85,4
131,没林,2024-10-06,16.5,14,18.8,.1,1.3,79.3,0,4.8,9.4
131,没林,2024-10-07,17.6,15.6,20.1,.9,.8,78.1,.2,7.69,8.4
131,没林,2024-10-08,17.2,13.8,22.3,0,1.1,75.5,5,11.89,5.3
131,没林,2024-10-09,19.1,13.9,24.4,,1.2,62.5,8.5,17.82,3.5
131,没林,2024-10-10,18,15.1,23.9,3.2,.9,70,6.5,15.22,3.9
131,没林,2024-10-11,17.9,13.1,24.3,,.8,72,7.6,16.95,1.9
131,没林,2024-10-12,17.8,13,24.2,,.7,67.3,9.7,17.79,0
131,没林,2024-10-13,18.5,12.3,24.1,,1.2,64.1,5,12.78,5.1
131,没林,2024-10-14,18.4,17.3,19.6,5,1.1,80.6,0,3.1,9.3
131,没林,2024-10-15,18.9,17.2,20.5,11.6,.7,88.3,0,2.81,9.3
131,没林,2024-10-16,19.4,16.7,23.9,,1,79,3.8,10.89,7
131,没林,2024-10-17,19.1,14.3,25.6,,1.4,73.8,5.8,13.51,5.5
131,没林,2024-10-18,19.5,17.6,22.5,69.5,.7,84.5,0,2.24,9.6
131,没林,2024-10-19,17.5,13.8,22,6.3,2.3,80.1,0,2.61,9.4
131,没林,2024-10-20,13.9,11.5,17.5,,3.6,52.5,7.4,15.5,4.3
131,没林,2024-10-21,14.7,9,19.4,0,1.2,70.9,1.8,8.25,8.3
131,没林,2024-10-22,17.2,15.6,18.8,9.3,.9,89,0,2.25,10
131,没林,2024-10-23,14.8,12.1,18.8,.8,2.1,63.6,4.3,11.75,5.8
131,没林,2024-10-24,13.3,8.6,19,,1.4,66.3,9.6,16.5,0
131,没林,2024-10-25,15.4,9.1,22.6,,1.6,65.5,7.9,14.72,4.5
131,没林,2024-10-26,17.9,12,24.1,,1.6,64.3,9.7,16.45,1.9
131,没林,2024-10-27,16.2,14.3,19.7,1,.9,75.3,.4,6.26,9.1
131,没林,2024-10-28,16,13,18.8,,1.4,72.9,.7,6.28,8.6
131,没林,2024-10-29,16.3,13.1,21.1,0,1.2,59.8,3.5,10.39,5.1
131,没林,2024-10-30,16.2,12,22,,1,66.6,9.2,14.53,1
131,没林,2024-10-31,16,10.6,23.1,,.9,64.5,8.8,15.14,1.6
131,没林,2024-11-01,14.3,12.6,15.8,2.2,1.6,79,0,2.14,9.6
131,没林,2024-11-02,18.1,13.1,24.1,.8,1.7,66.6,7.6,13.85,4.6
131,没林,2024-11-03,17.3,12.3,23.4,,.8,68.1,9.1,14.69,.6
131,没林,2024-11-04,15.7,10.8,21.3,,1.4,60.8,5,10.88,5
131,没林,2024-11-05,11,8,15.5,,1.4,46.8,7.5,13.64,3.3
131,没林,2024-11-06,8.8,4.5,14,,1.1,45.5,9.2,14.96,0
131,没林,2024-11-07,8.6,2,16.4,,.7,53.5,9.2,14.78,0
131,没林,2024-11-08,11.5,4.3,18.8,,.9,61,8.5,13.27,2.9
131,没林,2024-11-09,13.7,8.6,20,,.8,65.4,8.2,12.35,3.5
131,没林,2024-11-10,14.5,10.6,21,,.8,64,5.5,10.6,4.4
131,没林,2024-11-11,14.5,8.6,21.4,,.5,65.6,9,12.84,.5
131,没林,2024-11-12,14.7,11.3,20.1,,1,61,8.2,12.97,1.9
131,没林,2024-11-13,14.5,8.1,21.3,,.7,62.8,8.6,11.96,2.9
131,没林,2024-11-14,15.5,11.5,20.2,0,.7,65.3,1.5,6.67,7.1
131,没林,2024-11-15,16.1,13.1,21.7,2.8,1.3,65.5,3.6,9.35,5.5
131,没林,2024-11-16,17.5,12.1,23.6,1.9,1.1,68.9,8,12.1,5.4
131,没林,2024-11-17,9.4,4.3,15.8,,1.9,47.6,.8,4.76,6.5
131,没林,2024-11-18,3.9,1.2,8.2,,1.7,30.1,9.1,13.78,.4
131,没林,2024-11-19,6.8,-.5,14.1,,1.1,49.4,6.8,11.22,4.1
131,没林,2024-11-20,7.1,2,10.9,0,.6,61.4,1.6,6.05,6.4
131,没林,2024-11-21,10.1,6,14.2,0,1,66.3,1.2,5.46,6.1
131,没林,2024-11-22,7.8,3.7,12,0,1.3,45.9,8.7,12.68,0
131,没林,2024-11-23,6.3,1.5,12.6,,1.1,53.1,7.2,10.39,1.9
131,没林,2024-11-24,7.4,2,14.1,,.8,58.4,8.6,12.22,.8
131,没林,2024-11-25,10.5,3.4,17.2,0,1.6,58,7.9,10.81,4.6
131,没林,2024-11-26,8.1,4.9,12.1,21.2,2.4,69.5,1,4.71,9
131,没林,2024-11-27,1.9,.4,4.9,7.4,2.1,81.6,.6,3.53,7.8
131,没林,2024-11-28,2.8,.8,5.5,4.8,1.4,80.9,.8,2.67,8.9
131,没林,2024-11-29,2.5,-.3,4.9,.1,1.3,70,4.1,7.42,6.6
131,没林,2024-11-30,4.6,.6,7.5,0,.6,73.4,2.4,4.84,3.8
131,没林,2024-12-01,6.5,1.5,11.5,.1,.5,80.1,2,6.11,5.1
131,没林,2024-12-02,8.4,2.7,16.2,,1.1,71.9,4.8,7.67,.5
131,没林,2024-12-03,2.5,.3,6.3,,1.5,39.3,6.1,10.38,5.8
131,没林,2024-12-04,3.7,.8,7.7,0,1,47.6,8.1,11.39,3
131,没林,2024-12-05,4.6,.6,9,1,1.2,65.4,4.7,7.63,6.4
131,没林,2024-12-06,4,1.6,7.9,.6,1.4,60.9,6.8,11.14,3.6
131,没林,2024-12-07,1.2,-1.9,5.4,1.1,1.1,62.3,4.2,8.1,3
131,没林,2024-12-08,.4,-2.8,4.5,,1.1,53.9,8,11.31,.9
131,没林,2024-12-09,2.1,-3.5,6.3,,.7,58.4,5.6,8.64,4.3
131,没林,2024-12-10,3.9,-.3,8.1,,1,56.6,8.3,10.84,3.8
131,没林,2024-12-11,3.3,.3,8,,.8,57.9,5,8.02,4.3
131,没林,2024-12-12,1.7,-1.7,6.3,,1.1,48.3,6.2,10.06,4.1
131,没林,2024-12-13,1.5,-.3,4.1,0,1.1,46.5,.1,4.65,6.5
131,没林,2024-12-14,.6,-1.7,4.4,0,1.3,51.8,5.5,9.59,4.3
131,没林,2024-12-15,1.5,-1,4.1,1.8,1.2,72.6,.5,2.61,7.1
131,没林,2024-12-16,2.1,-1.7,6.1,0,1.1,55.9,5,8.51,5.3
131,没林,2024-12-17,1.3,-2,6.1,,1.1,49.1,5.8,9.14,2.5
131,没林,2024-12-18,-2,-4,1.5,,1.5,43.8,8,11.27,.8
131,没林,2024-12-19,-1.8,-6.6,3.2,,.8,52.1,8,10.78,2.6
131,没林,2024-12-20,.8,-2.8,3.5,.1,.5,59.5,.3,3.51,8.3
131,没林,2024-12-21,0,-3.3,2.5,3.6,1.5,74.8,1.3,3.68,4.9
131,没林,2024-12-22,-2.5,-5.9,1.8,,1.5,46.6,7.9,11.53,0
131,没林,2024-12-23,-.2,-5.7,5.6,,.7,65.4,4.8,8.31,2.6
131,没林,2024-12-24,.8,-3,5.2,,.9,50.8,7.9,11.02,1.8
131,没林,2024-12-25,2.3,-2.2,6,0,.7,61.6,1.9,6.21,8.6
131,没林,2024-12-26,1.9,-2.3,5.4,.2,1.8,59.5,5.7,9.51,3.5
131,没林,2024-12-27,-1.4,-4.4,1.3,.1,1.2,51.3,6.5,8.42,6.8
131,没林,2024-12-28,-2.3,-5.2,.8,0,1.4,59,5.7,9.22,3.8
131,没林,2024-12-29,1.9,-1.8,5.8,0,.7,65.4,3.9,7.48,5.9
131,没林,2024-12-30,5.8,2,10.3,0,1.1,60.8,2.9,5.67,7.6
131,没林,2024-12-31,2.2,-1.2,6,0,1.7,41.9,8.1,11.89,0
131,没林,2025-01-01,2.6,-3.3,9.1,,.7,53.3,8,10.38,.3
131,没林,2025-01-02,1.9,-2.3,7.5,,.8,50,8.1,11.52,.3
131,没林,2025-01-03,-.2,-3.4,3.8,0,1.4,48.1,6.6,10.13,3.3
131,没林,2025-01-04,.7,-3.1,6.3,,.9,41.5,7,10.81,1.5
131,没林,2025-01-05,2,-2,4.9,.2,.6,71.9,0,1.33,8.5
131,没林,2025-01-06,2.2,-1.7,5.5,.5,1.6,68.3,2.4,7.34,7.3
131,没林,2025-01-07,-1.4,-3.6,1.4,.4,1.3,57.9,4.8,8.06,3.9
131,没林,2025-01-08,-2.3,-5.1,.2,.9,1.3,71,2.3,4.86,5.8
131,没林,2025-01-09,-8.4,-11.4,-5,.2,2.3,42.4,5,9.18,2.1
131,没林,2025-01-10,-7.2,-12.9,-1.9,0,1.1,49.4,8.5,11.9,1.1
131,没林,2025-01-11,-3.6,-6.5,-.1,0,.8,61.1,5,8.68,4
131,没林,2025-01-12,-2.5,-7.9,3.2,,.7,63,7.7,11.06,1.3
131,没林,2025-01-13,.6,-5.5,5.5,,1,62.9,6.8,10.38,4.5
131,没林,2025-01-14,4,1.5,9.5,.1,1.4,55.8,5.6,8.78,6.1
131,没林,2025-01-15,-2.2,-3.8,1.8,0,2,41,8.4,12.11,.3
131,没林,2025-01-16,.5,-4.3,5.4,0,1.2,54,1.9,6.34,7.1
131,没林,2025-01-17,1.2,-2.3,6.5,,.9,54.8,8.3,11.47,1
131,没林,2025-01-18,.9,-4.5,7.1,,.4,48.3,7.6,10.92,3.1
131,没林,2025-01-19,2.3,-4.2,9.1,,.5,57.1,4.3,8.97,4.6
131,没林,2025-01-20,3.5,-.4,7.9,,.7,65.6,2.2,6.51,6
131,没林,2025-01-21,2.9,-1.2,8.1,,.6,66.6,7.2,10.03,2
131,没林,2025-01-22,3.4,-1.2,9.3,,.8,60.3,2.3,7.84,5
131,没林,2025-01-23,2.8,-2.1,9.8,,.7,49.1,8.3,12.34,0
131,没林,2025-01-24,2.6,-3,9.3,,1.1,44.1,8.6,12.84,0
131,没林,2025-01-25,5,-.5,10.5,,1.7,47.6,6.3,11.57,3.5
131,没林,2025-01-26,5.2,1.6,8.1,0,1.3,48.5,2.4,7.78,7.6
131,没林,2025-01-27,.2,-2.3,3.9,5.1,1.8,80.4,1.5,4.17,9
131,没林,2025-01-28,-2,-3.8,.2,3.1,1.9,77.6,0,5,9.5
131,没林,2025-01-29,-3.4,-4.9,-.8,.4,1.4,70.8,2.1,6.01,6.4
131,没林,2025-01-30,-2.3,-6.4,2,0,.9,56.6,7.5,12.81,2.8
131,没林,2025-01-31,.7,-2.5,4.3,0,1.4,66.1,.4,6.11,9.3
131,没林,2025-02-01,2.9,.8,7.2,0,1.5,78.8,2.3,5.8,7.8
131,没林,2025-02-02,1.9,-2.1,8.2,,1,71.5,5.1,10.78,5.9
131,没林,2025-02-03,-2.3,-6.5,1.6,.3,2.5,54.8,7.5,12.5,4.9
131,没林,2025-02-04,-7.2,-9.2,-3.8,0,2,62.6,5.2,11.53,5
131,没林,2025-02-05,-7.1,-10,-2.5,.3,1.7,53.3,8.3,12.98,2.9
131,没林,2025-02-06,-4.9,-10,.3,1,1.4,59.4,6.7,13.35,4
131,没林,2025-02-07,-6.6,-10,-2.3,1,2.2,64.1,3.1,9.1,6.8
131,没林,2025-02-08,-7,-11,-2.9,0,1.5,56,8.2,13.85,2.4
131,没林,2025-02-09,-4,-10,.9,0,1.2,64.9,9.1,16.28,3.4
131,没林,2025-02-10,-2.2,-6.1,1.5,0,1,67.6,4.7,10.06,3
131,没林,2025-02-11,.2,-6.9,7.1,,.7,56.1,9.2,15.3,1.3
131,没林,2025-02-12,.8,-1.3,4,5.8,1.3,76.1,0,1.1,8.3
131,没林,2025-02-13,1.2,-3.5,6.8,,1.6,43.3,9.5,16.75,.1
131,没林,2025-02-14,3.7,-2.6,10.7,,.8,55.5,9.5,15.63,.1
131,没林,2025-02-15,3.3,-2,8.1,,.6,58.4,2.1,8.51,5.1
131,没林,2025-02-16,4.7,-1,11.2,,1.4,62.9,7.3,12.64,3.3
131,没林,2025-02-17,1,-2,4.9,,2.3,33.5,9.8,17.53,.6
131,没林,2025-02-18,-1.2,-4,2.9,,2.4,37.9,10,17.54,0
131,没林,2025-02-19,-1.9,-5.2,2.1,,1.8,41.6,9.7,17.26,.3
131,没林,2025-02-20,-2.1,-5.9,2.9,,1.7,39.9,9.8,17.79,0
131,没林,2025-02-21,-1.8,-5.5,3.4,,1.7,40.9,9.7,17.87,1.9
131,没林,2025-02-22,-1.6,-4.9,3.4,.5,1.6,54.9,9.8,19.18,1.4
131,没林,2025-02-23,-2.8,-5.7,1.3,0,2,48.5,5.7,13.6,4
131,没林,2025-02-24,-1,-6.1,4.8,,1.5,40.8,9.8,18.71,0
131,没林,2025-02-25,1.7,-4.9,7,,1.5,54.5,8,14.69,4.9
131,没林,2025-02-26,4.9,1.6,10.5,,1.4,43.6,9.7,18.23,.8
131,没林,2025-02-27,6.2,-2.8,15.2,,.6,28.4,10,18.44,2
131,没林,2025-02-28,9.4,5.3,15.3,,.8,44.3,6.8,14.76,3.8
131,没林,2025-03-01,6.9,3,9.1,2.6,.8,77.9,1.2,4.48,7
131,没林,2025-03-02,9,3.7,14.8,3.8,2.4,80.9,0,3.91,10
131,没林,2025-03-03,3.1,.6,4.9,34.6,3.8,68.6,.1,5.34,9.5
131,没林,2025-03-04,2.5,.5,3.6,2.7,3.4,74.9,.4,5.15,8.9
131,没林,2025-03-05,4.8,2.4,7.2,0,1.7,65.5,0,5.07,8.1
131,没林,2025-03-06,5.2,1.1,10.6,,1.2,55.6,7.5,17.44,3.1
131,没林,2025-03-07,5.9,-.1,11.7,,1,47.1,8.8,17.64,5.5
131,没林,2025-03-08,6.9,4.1,11.3,,1.2,50.4,4.8,14.56,5.5
131,没林,2025-03-09,6.8,.4,13.3,,.9,55.4,9.9,19.29,1.1
131,没林,2025-03-10,8.6,1.8,16.1,,.9,50.4,8.7,17.37,2.8
131,没林,2025-03-11,9.6,2.4,17.7,,.8,46.6,9.8,20.12,2
131,没林,2025-03-12,10.2,5.9,16.9,,1.3,58.3,4,11.97,6.6
131,没林,2025-03-13,10.4,5.4,17,,1.5,46.3,7.9,17.76,6.4
131,没林,2025-03-14,12.8,4.6,21,,1.6,30.8,10.1,20.29,3.1
131,没林,2025-03-15,10.4,8,14.2,,2.5,44.8,7.3,18.98,6.6
131,没林,2025-03-16,4.5,1.2,8.1,1.5,2.1,56.5,3.7,7.96,7.8
131,没林,2025-03-17,4,.2,8.4,,1.9,32.5,10,20.54,3
131,没林,2025-03-18,1.9,-.2,4,2.2,2,71.1,.9,6.84,8.4
131,没林,2025-03-19,3.4,-1,8.8,,1.5,42.6,9.7,21.34,.4
131,没林,2025-03-20,7.9,-.5,15.6,,1.8,55.4,10.2,20.95,0
131,没林,2025-03-21,12.7,6.1,21.5,,2.1,50.3,10.2,21.64,0
131,没林,2025-03-22,14.8,6.6,24.5,,1.9,42.8,10.3,21.45,0
131,没林,2025-03-23,16.5,8,26.1,,1.2,37.8,9,20.3,3.1
131,没林,2025-03-24,16.5,12.1,22.6,0,2.4,49.4,8,18.82,3.1
131,没林,2025-03-25,15.5,11,26.1,,2.4,51.1,7.1,17.87,4.8
131,没林,2025-03-26,18.5,7,28.2,,1.3,33.4,10.8,22.32,1.5
131,没林,2025-03-27,15.3,7.3,22.1,1.3,1.8,64.8,.3,4.19,9.3
131,没林,2025-03-28,7.2,4.9,12.2,,2.1,44.1,7.3,19.31,5.6
131,没林,2025-03-29,3.7,1.3,8.2,1.5,2.1,43.8,7.7,15.84,4.5
131,没林,2025-03-30,4.4,-.8,9.1,0,1.7,40.5,9.3,20.9,1.9
131,没林,2025-03-31,8.3,2.7,14.4,,1.2,45.1,8.4,21.38,3.9
131,没林,2025-04-01,10.4,3,18.2,,1,41.5,11.3,23.87,0
131,没林,2025-04-02,9.3,3.7,17.3,0,1.5,45.4,6.9,16.96,5.5
131,没林,2025-04-03,9.2,2.2,16.8,,1.7,57.9,8.7,21.89,2.9
131,没林,2025-04-04,11.4,6.6,18.9,0,1.2,52.3,9,21.38,3.4
131,没林,2025-04-05,9.5,7.6,12.6,6.5,1.5,74.1,.6,3.38,8.9
131,没林,2025-04-06,11.2,6,18.7,,2.2,50.3,10.1,23.87,2.9
131,没林,2025-04-07,14.3,5.6,21.5,,1.6,39.8,11.4,24.77,1.3
131,没林,2025-04-08,15.4,11.4,19.7,,2.3,39.3,9.9,24.26,2.3
131,没林,2025-04-09,14.1,6.5,20.7,0,1.2,39.3,5.4,16.09,6.6
131,没林,2025-04-10,14.8,11.5,20.2,,1.3,45,9.4,23.19,2.8
131,没林,2025-04-11,16.7,7.9,25.5,,1.1,43.9,11.6,25.81,1.3
131,没林,2025-04-12,14.5,2.7,23.2,12.7,1.6,51.4,3.3,11.97,9
131,没林,2025-04-13,5.5,1.2,9.8,4.3,2.7,67.6,5,15.14,6
131,没林,2025-04-14,5.5,3.2,8.8,6.7,1.3,75.6,.8,7.07,8
131,没林,2025-04-15,9.4,3.6,15.8,,1.9,59.9,8.4,22.53,2.4
131,没林,2025-04-16,16,6,24.7,,1.5,48,10.6,23.25,4.6
131,没林,2025-04-17,22.5,15.6,28.5,,1.7,49.8,9.8,21.5,3.6
131,没林,2025-04-18,21.7,17.1,27.7,,1.5,59.6,9.2,22.39,.9
131,没林,2025-04-19,20.5,13.9,26.5,5.1,2.3,68.6,3.4,15.9,7.4
131,没林,2025-04-20,17.9,13.6,24.2,.3,1.2,70.9,5.5,18.59,4.8
131,没林,2025-04-21,21.7,14.6,27.7,,1.1,55.8,9.5,24.71,4.3
131,没林,2025-04-22,18.5,17.1,21.7,27.4,.9,82.4,0,4.88,9.6
131,没林,2025-04-23,17.9,13.1,24.6,,1.8,63.6,7,22.82,3
131,没林,2025-04-24,15.8,10.8,23.7,,2,52.5,9.5,23.77,5.4
131,没林,2025-04-25,13.4,8,19.1,,1.9,30.3,12,28.45,.3
131,没林,2025-04-26,15.1,7,24.2,,2,32.6,12.1,27.87,0
131,没林,2025-04-27,17.3,10,23.6,,1.4,26.9,4.7,18.75,7.3
131,没林,2025-04-28,15.7,10.5,22.1,,1.7,36.4,11.9,28.04,.4
131,没林,2025-04-29,15.6,8.1,23.1,,1.5,38.3,12.1,28.53,0
131,没林,2025-04-30,19.6,9.6,28.2,,1.3,34.6,12.1,28.94,.1
131,没林,2025-05-01,15.5,11.8,21.6,26.6,1.3,65.6,.5,5.63,6.8
131,没林,2025-05-02,13.8,8.1,19.7,0,1.8,51,8.4,25.05,4.4
131,没林,2025-05-03,10.4,8.1,14.5,19.1,1.5,77,.9,6.25,7
131,没林,2025-05-04,14.5,7.3,22.3,,1.7,45.9,12.3,29.27,0
131,没林,2025-05-05,12.9,8.1,16.6,0,.9,54.4,.2,7.96,7.1
131,没林,2025-05-06,13.7,8.8,17.8,,1.4,55.9,1.6,13.63,4.4
131,没林,2025-05-07,15.2,8.8,22.2,,1.1,54.1,10.5,26.2,3.1
131,没林,2025-05-08,18.6,10.1,26,,1.1,47,11.6,27.22,6.6
131,没林,2025-05-09,16.2,13.8,18.6,10.6,1.8,74.4,0,3.22,9.8
131,没林,2025-05-10,13,12.3,16.8,1.9,2.7,84.5,0,2.49,9.8
131,没林,2025-05-11,15.6,12.5,20.8,1.6,1.4,68.9,3.2,16.26,6.3
131,没林,2025-05-12,18,10.5,25.5,,1.3,54.5,11.8,29.03,0
131,没林,2025-05-13,20.3,12.3,27.9,,1.4,45.6,9.9,25.17,5.4
131,没林,2025-05-14,21.7,13.1,28.9,,1.1,46.4,12.4,27.87,3.5
131,没林,2025-05-15,21.1,18.3,24.2,2.2,1.4,77,0,8.93,9.8
131,没林,2025-05-16,20.7,17.3,24.7,35,1,84.3,0,5.8,10
131,没林,2025-05-17,19.9,16.6,26.1,2.4,2.2,74.5,5.9,21.98,7.8
131,没林,2025-05-18,17.2,13.1,23.3,,1.5,48.4,7.4,24.43,5.6
131,没林,2025-05-19,18.9,11.5,23.3,,1.7,59.4,1.8,13.68,7.4
131,没林,2025-05-20,25.7,21.2,31.2,,2,67.3,7.7,25.5,6
131,没林,2025-05-21,26.3,22,31.2,,1.1,65.5,5.4,20.79,7.1
131,没林,2025-05-22,21.2,19,22.9,1.5,1.5,76.1,.1,5.32,7.3
131,没林,2025-05-23,20.1,16.7,24.4,.1,2.2,39.8,1.2,15.26,8.9
131,没林,2025-05-24,14.8,13.6,17.5,.6,3.2,69.5,0,8.35,9.8
131,没林,2025-05-25,17.9,12.3,24.1,,1.3,60.4,12,28.69,1
131,没林,2025-05-26,20.4,13.6,27.2,,1.2,49.4,11.8,29.36,2.9
131,没林,2025-05-27,21.3,14.6,27.4,,1.3,53.6,11.4,27.94,1
131,没林,2025-05-28,21.6,16.1,27.6,.2,1.2,50.9,10.6,25.64,.9
131,没林,2025-05-29,21.1,15.5,27.6,1.7,1.5,58.9,8.8,23.95,3.4
131,没林,2025-05-30,20.9,15.1,27,,1.6,51.8,11.9,27.87,0
131,没林,2025-05-31,21.3,15.3,26.7,,1.1,50.1,8,23.37,5.9
131,没林,2025-06-01,23,16.2,29.8,,1.1,48.3,10.9,27.9,3.6
131,没林,2025-06-02,21.1,19.2,23.7,0,1,60.3,0,8.89,9.4
131,没林,2025-06-03,22.1,18,27.7,,1.9,46,11,28.65,3.4
131,没林,2025-06-04,21.3,15.4,28,,2.2,45.9,12.7,30.48,.6
131,没林,2025-06-05,22.3,15.1,29.2,,1.4,45.3,11.7,29.63,2.5
131,没林,2025-06-06,24.1,19,31,,1.3,42.5,5.5,22.19,6.1
131,没林,2025-06-07,24.8,18.6,31.3,,1.3,52.6,8.2,26.64,4.9
131,没林,2025-06-08,26.4,22.8,31.9,,1.4,60,5,22.52,5.5
131,没林,2025-06-09,25.7,22,31.6,,1.5,62.8,6.5,24.96,4.9
131,没林,2025-06-10,24.4,19.8,28.9,,1.7,62,5.3,22.39,6.5
131,没林,2025-06-11,23.5,17.2,29.8,,1.6,44.3,12.1,30.93,4.4
131,没林,2025-06-12,25.2,19.1,31.3,,1.2,43.3,6.7,24.25,8.5
131,没林,2025-06-13,22.4,20.2,26.9,15.2,1,66.6,0,10.3,9.5
131,没林,2025-06-14,23.9,19,30.4,25.3,1.5,76.6,4.7,17.9,7.4
131,没林,2025-06-15,27,22,33.2,27,1.5,67.8,10.1,27.72,7.1
131,没林,2025-06-16,25,22.4,28.6,14.8,2.2,75.6,4.5,16.82,8.3
131,没林,2025-06-17,25.4,21.2,30.3,1.8,1.4,69.4,5.1,18.2,6.6
131,没林,2025-06-18,26.4,21.2,31.6,,1.5,61.6,10.3,28.6,2.5
131,没林,2025-06-19,28.1,22.2,33.2,0,1.2,60,6.3,21.93,6
131,没林,2025-06-20,25.2,23.2,28.5,43.7,1.6,81.3,0,3.75,10
131,没林,2025-06-21,21.9,19.2,24,65.7,1.3,86,0,3.85,10
131,没林,2025-06-22,24,18.6,30.1,,1.4,64,10.5,29.62,3.5
131,没林,2025-06-23,26.3,19.6,31.8,,1.4,58.9,11.6,28.6,.6
131,没林,2025-06-24,23.5,19.2,28.2,13.6,1.8,67.4,0,10.32,8.5
131,没林,2025-06-25,21.7,20.6,23.7,.9,1.5,80.8,0,4.88,9.8
131,没林,2025-06-26,23.1,20.3,27.3,1.4,1.1,78.9,.9,11.02,9.4
131,没林,2025-06-27,25.7,21.7,30.1,,.9,72,4.5,17.09,6.3
131,没林,2025-06-28,27.7,24.6,31.4,.2,.8,75.3,2,13.59,6.5
131,没林,2025-06-29,29.4,25.7,34,,1.5,66.5,9.4,29.09,4.8
131,没林,2025-06-30,29.8,25.3,34.5,,1.4,64,8.9,26.5,3.5
131,没林,2025-07-01,29.8,26.3,34.6,,1.6,67.4,6.6,21.23,3
131,没林,2025-07-02,30,26.7,34.2,,1.5,67.9,3.9,20.95,5.9
131,没林,2025-07-03,29.3,26,33.2,,1.7,63.3,8.7,25.63,5
131,没林,2025-07-04,28,25.3,31.6,,2,68.1,4,18.05,5.4
131,没林,2025-07-05,28.9,25.3,33.1,,1.8,66.4,7.7,25.59,5.8
131,没林,2025-07-06,29.4,26.2,33.5,,1.7,68.4,6.1,23.13,7.1
131,没林,2025-07-07,30.5,27,34.9,,1.4,69.6,6.2,21.02,4.5
131,没林,2025-07-08,31.7,27.7,36.3,0,1.4,62.9,8.4,22.2,2.9
131,没林,2025-07-09,32.1,28.3,36,,2.2,44.1,13.1,30.34,.3
131,没林,2025-07-10,31.3,26.7,35.7,,2.7,35.1,13.2,30.7,.3
131,没林,2025-07-11,30,24.6,35.4,,3,37.6,13.3,30.64,.1
131,没林,2025-07-12,29.2,24,34,,1.9,47.8,13.4,31.27,2.5
131,没林,2025-07-13,26.2,22.8,31.1,2.6,1.1,67.5,.9,11.3,8.4
131,没林,2025-07-14,23.4,21.6,29.8,.9,1.5,76.9,1.5,13.05,8
131,没林,2025-07-15,23.1,21.5,24.9,1,1.3,80.5,0,7.82,9.1
131,没林,2025-07-16,23.6,22.2,25.6,58.7,.9,81.6,0,3.54,9.6
131,没林,2025-07-17,22.7,21.6,23.9,256.8,1.8,88,0,.56,10
131,没林,2025-07-18,25.8,22.1,29.8,.1,.9,78.6,.6,11.34,9.3
131,没林,2025-07-19,25.5,23.7,29.2,26.6,1.1,83.5,.4,8.1,8.9
131,没林,2025-07-20,28.7,24.2,33.2,,1,71,6.3,22.63,7
131,没林,2025-07-21,29.4,26,33.5,0,1.4,69.8,6.7,23.04,3.8
131,没林,2025-07-22,29.7,26.2,34.2,,1.5,68.9,10.4,26.55,5.1
131,没林,2025-07-23,29.6,25,33.5,,1.7,66.4,10.5,25.6,3.8
131,没林,2025-07-24,30.7,26.1,35.9,,1.3,63,10,25.95,2.9
131,没林,2025-07-25,31.6,26,36.5,,1.4,60.3,10.9,26.12,.6
131,没林,2025-07-26,32.1,27,36.4,,1.5,55.9,12.4,29.62,1.1
131,没林,2025-07-27,32.7,28,37,,1.3,53.3,12.9,30.23,0
131,没林,2025-07-28,31.9,28.5,36.6,,1.3,60.3,10.5,24.04,.8
131,没林,2025-07-29,32.1,27.2,37,,1.1,57.6,10.1,23.62,1.4
131,没林,2025-07-30,32,27.8,36.2,,1.5,51.8,9.9,27.22,6
131,没林,2025-07-31,31.3,28.4,35.6,,1.5,52.9,6.5,22.12,8.1
131,没林,2025-08-01,31.3,27.1,36.5,,1.2,60.1,10.4,24.95,3.6
131,没林,2025-08-02,31.6,27.5,36.5,,1.2,57.9,10.3,25.09,6.1
131,没林,2025-08-03,28.2,23.1,32,27.9,1,74.5,0,7.76,9.8
131,没林,2025-08-04,28.4,23.2,32.5,32.6,1.4,77.6,3.8,18.06,8.6
131,没林,2025-08-05,29.6,25.7,34.2,,1.7,66.5,10.7,27.54,4.6
131,没林,2025-08-06,28.2,26.7,31.2,6,1.7,79.8,.1,8.36,9.5
131,没林,2025-08-07,27.9,25,32.2,,1.5,70.9,5.3,20.56,5.6
131,没林,2025-08-08,26.9,23.1,31.1,,1.3,68.8,5,19.89,7.9
131,没林,2025-08-09,25.1,23.2,27.2,.3,1.1,78,0,5.11,9.3
131,没林,2025-08-10,26.8,21.1,32.2,,1.7,64.5,11.5,28.04,2
131,没林,2025-08-11,25.4,23,28.6,2.6,.9,76.5,0,6.48,8
131,没林,2025-08-12,25.3,21,30.2,0,1.4,73.4,2.6,16.68,7.9
131,没林,2025-08-13,27.6,24.2,32.2,14.2,1.3,77.6,.9,12.56,9.5
131,没林,2025-08-14,28.6,24.8,31.5,.1,1.3,72.5,2.2,14.17,8.3
131,没林,2025-08-15,28.3,25.7,32.7,38.6,1.1,75.8,5.6,20.21,5.6
131,没林,2025-08-16,29,25.2,34.2,,1.2,70.4,6.9,22.96,3.1
131,没林,2025-08-17,28.9,24.7,33.2,,1.1,68.5,5.7,20.79,6.8
131,没林,2025-08-18,29.6,26.6,34.2,,1.5,67,6.3,20.4,6.9
131,没林,2025-08-19,29.8,27,34.1,,1.7,67.9,7.2,23.31,4.1
131,没林,2025-08-20,30,26.3,34.3,,1.4,66.3,8.9,22.47,4.5
131,没林,2025-08-21,30.6,27.2,35.1,0,1.2,63.4,9.2,23.54,5
131,没林,2025-08-22,30,26.5,35,,1.2,67.3,6.1,20.12,3.8
131,没林,2025-08-23,30,26.1,35,,1.2,68.4,7.2,20.2,2.8
131,没林,2025-08-24,31,27.5,35.5,,1.3,64.3,8.4,23.23,3.8
131,没林,2025-08-25,30.6,27,35.2,,1.9,65.6,7.4,21.65,4.3
131,没林,2025-08-26,26.7,24.7,29.5,21.8,1.6,80.4,2.1,7.19,7.8
131,没林,2025-08-27,27.9,23.8,32.9,,1,66.4,7.3,22.11,6.1
131,没林,2025-08-28,29.1,25.2,33.4,,1.4,65.5,5.8,20.63,6.1
131,没林,2025-08-29,29.8,26.7,33.7,,1.7,69,5.1,18.51,4.9
131,没林,2025-08-30,30,26.8,35,,1.3,68.3,7.3,21.27,3.5
131,没林,2025-08-31,28.9,25.8,34.3,,1.3,69.3,7,19.37,3.6
131,没林,2025-09-01,27.6,25.3,33,12.6,1.6,76,3.2,15.48,8
131,没林,2025-09-02,26.5,23.7,30.3,,1.2,70.3,5,15.46,6.6
131,没林,2025-09-03,27.4,21.2,33.4,0,1.4,67.3,10.6,23.45,5.3
131,没林,2025-09-04,27.4,25.5,30.9,.1,1.9,70.5,3.3,11.4,6
131,没林,2025-09-05,29,23.7,34.3,,1.5,64.9,9.9,21.97,1.1
131,没林,2025-09-06,28.6,24.4,33.6,2.1,2,71.1,5.1,17.81,6.6
131,没林,2025-09-07,25.7,23,29.8,3.6,1.3,75.6,.4,10.27,7.9
131,没林,2025-09-08,23.4,20.1,26,0,1,78.5,0,8.68,8.9
131,没林,2025-09-09,22.7,21.7,24.2,1.7,1.1,75.3,.1,6.28,9.5
131,没林,2025-09-10,24.8,20.2,30.2,,1.6,66.6,6.1,18.92,4.1
131,没林,2025-09-11,25.9,19.6,31.8,,2.2,55.1,11.4,24.27,2.6
131,没林,2025-09-12,23.4,21.3,27,25.5,2.2,73,0,5.34,10
131,没林,2025-09-13,25.2,21.6,28.4,19,1.5,78.8,2.6,13.6,8.8
131,没林,2025-09-14,26.1,23.5,29.5,,.9,71.3,1.8,14.31,8.1
131,没林,2025-09-15,26.3,22.6,29.7,,.9,73.3,3.3,15.19,6.3
131,没林,2025-09-16,26.4,24,31.7,4.6,1.2,77.3,2.3,13.97,8.3
131,没林,2025-09-17,23.9,22.5,26.7,24.4,1.1,85.1,0,4.53,9.1
131,没林,2025-09-18,22.9,21.5,27.1,0,1.8,68.9,2.1,9.52,7
131,没林,2025-09-19,20.7,18,22.8,7.6,2.1,70.6,0,4.73,9.9
131,没林,2025-09-20,20.6,17.7,23.7,48.9,1.3,81.9,.9,7.69,7.6
131,没林,2025-09-21,22.4,18.5,26.9,,2,65.5,4.8,16.05,5.9
131,没林,2025-09-22,22.1,18.6,25.7,,2.1,57.8,2.1,13.52,8.5
131,没林,2025-09-23,23.2,18.8,28,0,2.1,53.6,6.4,19.12,5.8
131,没林,2025-09-24,23.7,19.7,28,7.1,1,73.6,1.8,9.21,8.4
131,没林,2025-09-25,22.4,21.1,23.7,10.2,.8,86,0,4.55,9.9
131,没林,2025-09-26,22.6,19,27.3,,1.1,71.4,8.6,19.37,7.3
131,没林,2025-09-27,23.6,18.2,28.1,,1.2,67.3,6,17.03,6
131,没林,2025-09-28,20.6,19.8,23.6,38.8,.9,85.3,0,2.57,9.6
131,没林,2025-09-29,21.3,18.7,25.8,,1.1,67.5,5.7,16.56,5.5
131,没林,2025-09-30,20,16.7,24.1,,.8,71.9,2.5,12.13,4.4
131,没林,2025-10-01,20.7,15.6,26.2,,.9,71.3,9.4,18.48,2.9
131,没林,2025-10-02,22.1,18.5,25.8,0,.8,68.9,2.1,11.63,9.1
131,没林,2025-10-03,20.2,19.1,22.2,7.8,1.8,76.9,0,6.03,9.8
131,没林,2025-10-04,21.8,19,25.5,1.6,1,82.9,.4,7.23,9.1
131,没林,2025-10-05,22,20.7,24.3,1.6,.6,86.1,0,4.44,8.8
131,没林,2025-10-06,20.2,17.6,22.7,18.1,1.6,84.1,0,2.31,10
131,没林,2025-10-07,20.3,17.7,23.1,15.7,1.4,87.9,0,3.82,10
131,没林,2025-10-08,22.4,19.7,26.3,,1.5,79,2.5,10.59,7.1
131,没林,2025-10-09,22.3,20.2,25.2,,2.1,62.3,3.5,12.59,8
131,没林,2025-10-10,21,19.5,24.7,.5,1.3,70.8,.2,7.07,9.5
131,没林,2025-10-11,23.6,19.8,28.2,.2,1.3,67.6,6.1,15.52,7.8
131,没林,2025-10-12,20.7,18.1,23.7,2.7,1.5,82.8,0,4.46,9.9
131,没林,2025-10-13,17.8,15.8,19.1,30,1.9,89.3,0,.72,10
131,没林,2025-10-14,18.2,15.3,21.5,4.6,2.5,80.6,0,7.23,8.1
131,没林,2025-10-15,20.4,16.6,25.9,28.5,1.9,73.5,6.7,14.81,6.4
131,没林,2025-10-16,20.3,17.7,24.3,27.4,1.7,77.6,1.9,8.22,6.9
131,没林,2025-10-17,20.4,16.7,25.3,25,1.7,72,7.2,14.81,5.3
131,没林,2025-10-18,17.2,15.6,19.1,18.6,1.2,83.4,0,4.67,9.6
131,没林,2025-10-19,16.7,11.9,21.9,,1.5,69.8,4.1,11.02,5
131,没林,2025-10-20,12.1,7,17.1,,1.6,63.9,6.8,13.82,4.8
131,没林,2025-10-21,12,9.1,15.6,,1.2,64.5,.2,8.97,7.6
131,没林,2025-10-22,14,8.8,19.3,,1.8,70.1,4.4,11.55,5.1
131,没林,2025-10-23,16.3,11.8,22.3,,1.2,68.9,8.6,15.81,3.3
131,没林,2025-10-24,16.1,11.5,21.5,,1.6,66.9,8,15.48,4.1
131,没林,2025-10-25,15.2,12.8,19.6,,.9,67.4,3.9,9.41,7.1
131,没林,2025-10-26,13.6,11.6,17.5,1.6,1,68.9,1,6.94,9.6
131,没林,2025-10-27,9.7,6.5,13.1,.2,2,45.6,9.6,17.1,2.6
131,没林,2025-10-28,9.3,4.5,15,,.9,52.9,9.4,16.42,0
131,没林,2025-10-29,10.8,4.8,17.5,,.7,59.1,9.3,15.18,0
131,没林,2025-10-30,11.5,6,17.1,,.5,64.8,4.8,10.93,4
131,没林,2025-10-31,13.8,7.8,20.8,0,.9,64.5,9.1,14.18,3.5
131,没林,2025-11-01,13.7,9.6,18,4.4,1.7,66.4,8.6,14.9,5.5
131,没林,2025-11-02,9.7,5.6,13.3,.2,1.9,59.5,5.4,11.44,4.3
131,没林,2025-11-03,7.5,1.6,14.1,,1,55.8,9.3,15.36,0
131,没林,2025-11-04,11.1,5.8,17.8,,.6,62.8,8.1,13.88,1.8
131,没林,2025-11-05,11.4,6.1,18.7,,1.1,63.9,8.7,13.22,1.8
131,没林,2025-11-06,12.4,6.4,19.6,,.8,67.4,8.3,12.85,3.4
131,没林,2025-11-07,14.5,8.6,20.7,,1,63.6,7.5,13.11,2.5
131,没林,2025-11-08,14.7,10.6,18.6,0,.8,64.3,.1,4.88,8.3
131,没林,2025-11-09,14.1,10.6,19.2,,1.4,59.5,8.5,13.22,3.8
131,没林,2025-11-10,10,6.1,14.3,,1.5,33.9,9.1,15.11,1.3
131,没林,2025-11-11,9.1,3.5,15.5,,.8,51.4,8,13.02,4
131,没林,2025-11-12,9.8,4.5,15.9,,.4,60.3,7.1,11.97,2
131,没林,2025-11-13,10.4,4.5,18.1,,.6,63.8,8.5,11.71,.6
131,没林,2025-11-14,9.6,3.9,15.9,,.8,59.8,9.2,13.85,0
131,没林,2025-11-15,9.1,3.2,16.1,,.5,58.3,8.7,12.53,2.4
131,没林,2025-11-16,11.7,5.3,19.7,.6,.9,53.8,8.4,13.14,4.6
131,没林,2025-11-17,5.6,2.2,11.6,,2.2,44.3,8.4,12.27,5
131,没林,2025-11-18,3.1,-.7,7,,1.4,45.5,7.9,12.69,3
131,没林,2025-11-19,4.6,.6,9.3,0,.9,50.1,8.5,12.59,1
131,没林,2025-11-20,8.6,1.7,15.6,,1.4,56.1,6.5,11.19,4
131,没林,2025-11-21,7.6,2.7,13.3,,1,46.8,8.5,12.86,.3
131,没林,2025-11-22,9.4,4.1,15.4,,.9,56.1,7.1,11.25,3
131,没林,2025-11-23,10,5.4,15,,.7,64.3,4.7,8.73,5.6
131,没林,2025-11-24,12.3,7.5,17.6,,.9,65.5,6.5,9.64,2.8
131,没林,2025-11-25,7.9,6.6,10.1,5,1.5,77.3,.1,2.8,9.4
131,没林,2025-11-26,7.9,4.7,11.7,,1,57.1,6.3,10.34,4
131,没林,2025-11-27,6,2.7,9.1,9,1.5,71.4,.9,2.45,7.4
131,没林,2025-11-28,3.9,.8,8.3,,1.2,44.8,8.3,12.21,.1
131,没林,2025-11-29,6.7,-.9,14.3,,.6,58.5,7.9,11.15,1
131,没林,2025-11-30,12.1,6.2,17.9,,.8,68.3,6.7,9.64,2.4
131,没林,2025-12-01,8,4,12,,1.5,46.4,7.9,12.1,1.3
131,没林,2025-12-02,2.4,-2.5,6.6,0,1.6,41.3,7.5,10.26,4
131,没林,2025-12-03,-3.9,-5.9,-.9,.3,2,46.9,7.5,11.15,4.5
131,没林,2025-12-04,-2.3,-7.5,2.4,1.9,1.3,54.9,7.8,11.64,1.5
131,没林,2025-12-05,-1.4,-4.7,3.2,,1.1,50.3,7.7,12.02,0
131,没林,2025-12-06,3.7,-4.5,9.1,,.7,61.3,3.5,7.37,6.1
131,没林,2025-12-07,9.2,4,13.9,,1.2,71.8,5.3,8.25,2.8
131,没林,2025-12-08,5.2,1,9.3,,1.5,33.4,7.4,11.85,1.3
131,没林,2025-12-09,2.9,-2.2,8.6,,.7,54.9,6.5,10.39,.3
131,没林,2025-12-10,5.5,0,11.1,,.5,62.6,3.9,7.84,6.6
131,没林,2025-12-11,5.1,-.4,11.6,8.2,1.3,66.1,3,6.63,4.6
131,没林,2025-12-12,3.3,-2.6,9.1,,1.5,54.4,7.3,10.76,2.3
131,没林,2025-12-13,3.9,.8,7.6,10.3,.9,74.5,0,2,9
131,没林,2025-12-14,1.4,-.3,4.1,0,1.2,71.6,.5,4.82,5.9
131,没林,2025-12-15,2.4,-1.7,5.4,,.5,69.5,2.5,6.53,5.3
131,没林,2025-12-16,6.3,2.2,8.7,,.4,72.4,0,2.27,8.9
131,没林,2025-12-17,5.5,1.7,8.8,,1.3,62.4,6.3,9.28,3.5
131,没林,2025-12-18,2.9,-1.7,8.4,,.7,60,7.3,11.09,.1
131,没林,2025-12-19,4.3,-.5,9.6,,.9,64.5,1.3,4.94,4.3
131,没林,2025-12-20,7.7,4,12.9,0,1,69.4,0,2.19,8
131,没林,2025-12-21,.5,-2.1,4,,1.8,38.1,6.3,10.02,1.4
131,没林,2025-12-22,-.2,-5.7,5.9,,1.1,48.8,7.3,10.81,1.3
131,没林,2025-12-23,1.6,-1.8,4.8,9.7,.9,70.4,0,1.57,7.5
131,没林,2025-12-24,3.1,1,4.5,1.4,1.4,77.3,0,1.35,9.1
131,没林,2025-12-25,-1.6,-6,2.7,0,2.3,53.4,6.2,9.92,4.1
131,没林,2025-12-26,-6.5,-9.4,-2.8,,1.8,36.3,,11.63,.8
131,没林,2025-12-27,-2.4,-7,.4,.1,.5,64.1,2,4.36,7.4
131,没林,2025-12-28,4,0,8.1,.1,.5,71.9,1.8,5.78,7.6
131,没林,2025-12-29,5.4,2.4,10.8,.2,.9,74.3,1.2,4.61,4.8
131,没林,2025-12-30,.9,-1.7,5.2,,1.3,39.9,7.5,11.32,.4
131,没林,2025-12-31,-3.4,-6.5,-.9,,1.9,38.4,7.5,11.77,1
131,没林,2026-01-01,-6.1,-9.4,-1.7,,1.5,37.3,6.7,9.48,3.8
133,措傈,2016-01-01,1.6,-4.2,7.7,,1.1,77.4,5,9.22,5.5
133,措傈,2016-01-02,6.6,2,12.3,,1.2,76.5,6.4,7.95,5.3
133,措傈,2016-01-03,6.9,1,14.1,,.9,83.5,7,9.32,4
133,措傈,2016-01-04,5.1,-.5,9.6,,1.8,62.5,7.1,10.41,3.6
133,措傈,2016-01-05,-.6,-3.4,3.7,,1.2,45.4,4.8,7.72,4.5
133,措傈,2016-01-06,-.1,-5.6,5.4,,1,62.9,3.6,7.72,7.3
133,措傈,2016-01-07,.1,-2.6,4.1,,1.7,59.4,8.4,11.19,4.9
133,措傈,2016-01-08,-1,-4.2,3.4,0,1.2,62,8,8.96,5.6
133,措傈,2016-01-09,1.4,-1.9,6.1,0,1.1,60.8,6.4,9.35,7.3
133,措傈,2016-01-10,1.2,-1.8,5.4,,1.5,63.8,3.4,6.69,4.3
133,措傈,2016-01-11,-1.8,-5.4,3.8,,1,54.6,8.7,11.6,1.6
133,措傈,2016-01-12,-2.7,-7.5,3.4,,1.3,58.8,8.8,12.18,1.6
133,措傈,2016-01-13,-1.5,-3.7,1.5,.2,1.4,77.4,4.6,7.48,7.5
133,措傈,2016-01-14,-1.3,-6.5,3.7,0,1.4,57.5,8.1,11.84,3.6
133,措傈,2016-01-15,.5,-3.7,6.4,,.9,70.5,6.4,9.25,3.3
133,措傈,2016-01-16,.9,-4.4,8.2,,.8,73.8,5.8,9.52,3.4
133,措傈,2016-01-17,1.7,-1,5.3,3.8,.8,84,0,2.95,9.1
133,措傈,2016-01-18,-3.1,-8.5,1.6,3.5,3.2,75.5,4.3,6.16,7.8
133,措傈,2016-01-19,-8.3,-11.2,-5.3,.4,3.2,66,8.5,11.99,5.3
133,措傈,2016-01-20,-8.1,-12,-3.5,0,1,67.9,6.6,10.05,5.3
133,措傈,2016-01-21,-5.7,-8.8,-.5,,1,64.5,5.3,9.1,4.6
133,措傈,2016-01-22,-5.7,-10.9,-.3,,1.1,59.1,8,11.7,4.5
133,措傈,2016-01-23,-8.2,-11.5,-4.7,1.2,2.2,64.8,6.6,10.65,7.1
133,措傈,2016-01-24,-12.7,-17,-8.7,.3,1.4,70.5,3.8,7.27,3.1
133,措傈,2016-01-25,-7.8,-14.2,-2.1,.1,.9,75.1,7.8,12.09,3
133,措傈,2016-01-26,-1.8,-6.3,3.5,.4,1,76.3,3.7,8.49,7.3
133,措傈,2016-01-27,-.1,-4.8,5.8,,1,71.6,9,11.95,1.5
133,措傈,2016-01-28,-.4,-5,2.4,.1,.8,78.4,.2,3.17,8.3
133,措傈,2016-01-29,3,1,5.7,1.6,1.5,81.1,0,3.72,9.5
133,措傈,2016-01-30,3.3,-1.1,10,0,1,78.8,6.3,11.46,6
133,措傈,2016-01-31,-1.5,-4.2,2.9,,1.5,61.4,8.5,11.7,3.6
133,措傈,2016-02-01,-3.9,-7.4,1.7,,1.6,54.9,9.3,14.95,.8
133,措傈,2016-02-02,-3.9,-9.7,2.6,,1.2,53.1,9.6,15.45,0
133,措傈,2016-02-03,-1.9,-9.1,5.4,,1.1,62.3,9.5,14.83,.5
133,措傈,2016-02-04,-.5,-6.3,5.9,,1.5,56,7,11.61,1.9
133,措傈,2016-02-05,-.7,-5.7,5.5,,1.6,51,9.5,14.84,1.4
133,措傈,2016-02-06,-1.6,-4.6,3.4,0,1.8,51.5,9.5,14.82,1.5
133,措傈,2016-02-07,-2.3,-9.1,4.9,,1.1,54.3,9.8,16.04,.3
133,措傈,2016-02-08,2.2,-5.7,8.1,,1.8,58.9,8.3,12.61,5.3
133,措傈,2016-02-09,2.6,-1,7.8,,2.5,48.1,9.8,16.34,1
133,措傈,2016-02-10,3.3,-4.6,12.7,,.8,48.8,9.8,16.65,0
133,措傈,2016-02-11,6.8,-1.8,14.7,.4,2,49.5,4.1,9.97,6
133,措傈,2016-02-12,10,7.7,11.9,16.8,1.4,91.4,0,2.22,10
133,措傈,2016-02-13,13,9,18.7,8.3,1.7,92.3,2.4,7.33,9.6
133,措傈,2016-02-14,-.1,-3.6,8.9,0,3.1,73.6,2.8,5.43,8.8
133,措傈,2016-02-15,-3.3,-6.7,.8,0,2.9,56.5,9.1,17.51,3.3
133,措傈,2016-02-16,-.2,-3.7,4.4,.6,2,73.5,5,9.97,6.3
133,措傈,2016-02-17,.9,-4.3,6.8,,1.4,61.3,10,16,1
133,措傈,2016-02-18,3.8,-3.5,9.8,,1.7,63.8,8.2,12.41,3.9
133,措傈,2016-02-19,3.5,0,6.3,,1,69.9,.7,5.39,7.1
133,措傈,2016-02-20,2.5,-1,8.9,,2,53.5,8.5,14.42,4.5
133,措傈,2016-02-21,.4,-3.7,5.8,,1.5,45.4,9.7,14.64,3.4
133,措傈,2016-02-22,2.9,-1.4,7,,.8,43.3,1.6,9.29,8.9
133,措傈,2016-02-23,2.5,-2.7,8.1,.7,2,55.3,7,13.08,5
133,措傈,2016-02-24,-1.7,-6.5,4.1,,1.8,51,9.4,17.53,1.6
133,措傈,2016-02-25,.5,-5.7,6.1,,1.6,56.9,9.4,15.27,1.9
133,措傈,2016-02-26,2.5,-.1,5.9,3.8,1,88.3,.5,7.98,8.9
133,措傈,2016-02-27,5.4,1.5,11.3,2.6,1.1,71.6,7.3,15.7,6.8
133,措傈,2016-02-28,2.2,-.9,5.7,12.2,1.1,86.1,0,2.58,7.5
133,措傈,2016-02-29,-2.7,-5.5,.3,.4,2.9,66.6,7.7,14.92,5.9
133,措傈,2016-03-01,-1.4,-7.5,4.9,,1.4,59.8,10.6,20.16,.1
133,措傈,2016-03-02,3,-4.3,10.2,,1.7,69.1,10.6,19.68,0
133,措傈,2016-03-03,7.4,-.2,17,,1,71.3,6.8,16.37,2.1
133,措傈,2016-03-04,9.8,5.4,13,8,.9,83.3,0,3.5,9.4
133,措傈,2016-03-05,12.2,7.7,18,26.7,2.1,91.9,1.5,6.42,8.9
133,措傈,2016-03-06,10.3,6.5,14.7,0,1.4,69.1,7,15.59,5.1
133,措傈,2016-03-07,9,3.4,16.3,,1.4,65.5,3.2,9.72,6.8
133,措傈,2016-03-08,5,1.7,7.8,,1.5,51.1,0,6.3,8.3
133,措傈,2016-03-09,2.2,-1.1,8.4,,2.1,45.6,8.3,19.52,5.1
133,措傈,2016-03-10,.3,-3.1,5.6,,2.2,44.3,10.1,21.41,2.5
133,措傈,2016-03-11,.6,-4.3,6.4,0,1.6,46.8,11.2,22.24,.6
133,措傈,2016-03-12,2.8,-5,10.2,,1.1,44.1,10,19.84,2.9
133,措傈,2016-03-13,4.1,.8,9.2,,.9,56.5,.7,8.75,7.5
133,措傈,2016-03-14,4.4,.3,10.2,,1.3,64.1,6,11.89,4.1
133,措傈,2016-03-15,6,-2.7,14,,.9,48.3,8.8,20.56,4
133,措傈,2016-03-16,9.2,3.5,17.1,,1.4,40.1,9.3,20.29,3.3
133,措傈,2016-03-17,10.1,-.5,18.9,,1.1,44.9,9.1,19.04,5.3
133,措傈,2016-03-18,11,8.4,13.9,5.6,.8,88,.1,6.2,7.1
133,措傈,2016-03-19,11,6.8,18.2,,1.1,75.4,6.9,17.67,4.8
133,措傈,2016-03-20,9.7,3,17.5,,1.5,62.8,10.2,21.82,.8
133,措傈,2016-03-21,9.5,2.3,17.4,,1.5,57.6,10.3,21.51,.1
133,措傈,2016-03-22,9.4,1.5,17.6,,1.7,52.6,10.9,22.6,3.1
133,措傈,2016-03-23,8.3,4.6,14.5,,1.8,55,9.5,19.14,5.1
133,措傈,2016-03-24,6.9,1.6,13.3,,1.3,49.4,9.4,21.04,2.1
133,措傈,2016-03-25,6.8,1.2,13.3,,1.5,50.4,10.3,21.97,3.1
133,措傈,2016-03-26,6.4,-.2,12.9,,1.4,55.5,10.7,21.91,.8
133,措傈,2016-03-27,7.2,-.3,15.1,,1.7,49.8,10.8,21.85,.4
133,措傈,2016-03-28,9.4,-.3,17.9,,1.8,44.9,11.6,24.33,.5
133,措傈,2016-03-29,12.9,6.5,18.3,,2.4,54.9,5.9,14.79,5.5
133,措傈,2016-03-30,14.4,7.6,22.9,,1.7,53,10.7,23.79,1.6
133,措傈,2016-03-31,13.1,5.1,21.7,,.9,42.4,7.8,17.54,4.9
133,措傈,2016-04-01,15,4.8,25.4,,1.1,36.8,11.1,24.42,1.4
133,措傈,2016-04-02,16,6.9,24.6,,1.3,40.9,9.8,21.9,3.6
133,措傈,2016-04-03,13.4,10.8,16.4,2.5,1.4,68.4,.4,6.48,8.5
133,措傈,2016-04-04,13.5,10.1,18.3,,2,69.6,6.8,19.2,7.5
133,措傈,2016-04-05,13,5.6,20.8,,1.7,39.3,11.8,26.62,2.6
133,措傈,2016-04-06,13.9,5.5,23.7,4.4,2.1,50.1,6,16.41,7.9
133,措傈,2016-04-07,13.2,9.1,18.6,20.1,1.5,78.9,4.4,12.76,7
133,措傈,2016-04-08,14,8.3,21.8,,1.7,71.5,7.7,22.03,2.8
133,措傈,2016-04-09,15.9,9.8,23.3,,2,59.9,8.4,20.78,5.8
133,措傈,2016-04-10,16.6,10.7,24.6,,1.5,60.4,8.2,22.78,6.4
133,措傈,2016-04-11,13.2,8.4,19,,2.9,58.6,11.4,26.86,1.9
133,措傈,2016-04-12,14.8,7.5,22.1,0,2.4,49.6,9.8,20.81,7.1
133,措傈,2016-04-13,14.4,11.9,19,28.1,.8,92.3,2.5,8.95,7.5
133,措傈,2016-04-14,15.4,10.5,21.3,,1.7,72.5,9.1,21.2,3.9
133,措傈,2016-04-15,15.6,6.7,24.8,,1.4,57.8,11.8,27.3,0
133,措傈,2016-04-16,14.8,9,20.5,23,1.7,77.5,1.9,8.72,8
133,措傈,2016-04-17,12.2,9.9,16.8,20.6,3.3,60.6,7.5,19.01,6.4
133,措傈,2016-04-18,12.3,8.4,18.3,1.7,2.5,68,9.6,23.73,5.5
133,措傈,2016-04-19,12.8,6.4,19.3,,1.3,63.9,10.9,27.7,1.9
133,措傈,2016-04-20,13.1,7.1,18,1.2,.8,70.3,1.2,9.34,9
133,措傈,2016-04-21,13.7,10.8,16.6,37.2,.9,93.9,.2,6.03,9.5
133,措傈,2016-04-22,17.4,12.6,24.5,,2.1,77.8,8.5,24.25,5.3
133,措傈,2016-04-23,15.4,11.3,22.2,,1.1,56.4,4,17.52,6.6
133,措傈,2016-04-24,15.4,7,24,,1,45.5,10.3,26.68,2.6
133,措傈,2016-04-25,17.7,8.9,26.6,,1.3,46.9,11.6,26.84,1.3
133,措傈,2016-04-26,19.9,9.6,29.2,,1.9,41.6,9,23.77,4.8
133,措傈,2016-04-27,13.3,11.5,19.4,15.4,2.7,81.4,0,5.32,10
133,措傈,2016-04-28,14.3,9.8,20.5,.7,1.4,72.8,3,17.14,7.8
133,措傈,2016-04-29,15.1,8.5,22.1,,2,60.6,11.3,27.41,.9
133,措傈,2016-04-30,17.2,9.5,24,,2.2,53,11.5,25.66,.5
133,措傈,2016-05-01,19.5,11.2,27.6,,1.7,52,11.8,28.09,1.6
133,措傈,2016-05-02,19.8,12.1,29,6.3,1.5,69.4,8.3,22.04,6.5
133,措傈,2016-05-03,14.3,10.6,18.5,19.8,3,87.4,0,2.47,9.6
133,措傈,2016-05-04,17.1,12.5,23,,3.5,46.4,13,30.8,.5
133,措傈,2016-05-05,19.6,9.2,27.9,,1.7,51.8,11.2,27.31,4.1
133,措傈,2016-05-06,20.5,14.5,26.2,,1.8,73.1,3.9,14.77,7.8
133,措傈,2016-05-07,17.1,11.3,24.6,,1.8,57.9,10.7,29.76,3.3
133,措傈,2016-05-08,19.1,9.8,27.5,,1.1,52,11.2,27.51,5.1
133,措傈,2016-05-09,20,14.6,26.6,,1,53.9,2.9,18.29,7.8
133,措傈,2016-05-10,14.1,12.5,17.7,25.7,1.3,91.3,0,3.54,10
133,措傈,2016-05-11,17,11.9,23.3,3.7,1.2,75.9,11.6,28.32,3.4
133,措傈,2016-05-12,18.8,11.7,25.7,,1.6,69.3,12.9,30.64,1.9
133,措傈,2016-05-13,17.6,14.1,22.5,,1.8,68.3,8.1,21.15,5
133,措傈,2016-05-14,20.3,13.5,26.5,,2.5,56,11.9,30.6,4.6
133,措傈,2016-05-15,19.7,14.2,26.2,7.5,2.7,73.8,7.7,19.91,8.1
133,措傈,2016-05-16,15.9,10,22.2,5.2,2.4,59.4,11.7,29.91,3.9
133,措傈,2016-05-17,19.1,10.7,27,,1.4,56.3,13.3,31.34,0
133,措傈,2016-05-18,21.5,12,29.8,,1,55.1,12.6,30.91,1.1
133,措傈,2016-05-19,23.3,14.6,31.3,,1.6,51.1,12.8,31.21,2.4
133,措傈,2016-05-20,22.7,14.5,30.1,,1.6,48,12.5,30.79,2.1
133,措傈,2016-05-21,23.1,16.3,29.4,,2.6,36.8,13.4,30.47,3.9
133,措傈,2016-05-22,22.6,13.7,30.3,,2,41.8,12.9,32.54,2.1
133,措傈,2016-05-23,23.1,15,30.4,,1.2,48.3,10.5,26.78,5.6
133,措傈,2016-05-24,18.3,15.5,21.9,16.8,1.8,84.1,1.7,7.16,7.9
133,措傈,2016-05-25,19.5,12.4,25.5,,1.3,74.8,10.1,26.99,2.1
133,措傈,2016-05-26,21,15.6,26.4,,1.2,74,7.3,20.54,6.1
133,措傈,2016-05-27,22.9,17.9,29.1,,1,58.4,7.5,24.59,8.3
133,措傈,2016-05-28,22,18.2,28,,1.1,57.5,8.5,24.86,4.8
133,措傈,2016-05-29,21.1,17.5,26.9,.1,1.4,60.8,6.1,20.17,4.5
133,措傈,2016-05-30,22,14.4,29.4,,1.4,66,12.2,29.85,0
133,措傈,2016-05-31,22,16.2,27.9,,1.6,64.9,11.1,25.98,3.1
133,措傈,2016-06-01,22.9,18.5,28.4,,2,59.1,12.1,30.03,2.9
133,措傈,2016-06-02,22.5,15.1,29.3,,1.5,51.1,10.7,28.52,1.4
133,措傈,2016-06-03,22.7,17.1,29,,1.6,60.1,10,27.49,3.9
133,措傈,2016-06-04,19.9,17.1,22,.4,.8,77,0,6.31,8.4
133,措傈,2016-06-05,22.9,14.6,30.3,,2.4,59.3,12.5,30.93,1
133,措傈,2016-06-06,20.8,18.4,24.5,.5,3.2,73.8,1.5,15.59,8.9
133,措傈,2016-06-07,21.9,18.4,26.7,1.2,1,75.6,4.1,17.95,8.6
133,措傈,2016-06-08,22.4,19.1,27.1,,.8,72.1,5.4,17.7,8
133,措傈,2016-06-09,24,17.5,30.2,,1,65.8,11.6,28.49,3.5
133,措傈,2016-06-10,25.3,19.6,31.2,,1.5,67.8,8.7,24.71,3.6
133,措傈,2016-06-11,25.6,20.9,29.8,0,1.5,71.5,8.5,22.68,6.1
133,措傈,2016-06-12,24.9,23.1,27.4,.2,1.4,81.1,.5,12.03,8.8
133,措傈,2016-06-13,24.6,20.8,29.6,,1.4,72.8,8.7,24.26,4.9
133,措傈,2016-06-14,24.2,19.4,30.3,,1.7,73.9,8.8,26.42,6
133,措傈,2016-06-15,22.3,20.3,26.1,7.8,1.9,81.9,.3,8.72,9.5
133,措傈,2016-06-16,21.7,19.1,25.8,.1,1.9,79.6,5.4,16.56,6.1
133,措傈,2016-06-17,23.3,16.4,29.3,,1.7,67.3,11.8,28.6,0
133,措傈,2016-06-18,25.1,18.5,31,,1.3,66.6,11.6,29.06,3.5
133,措傈,2016-06-19,25.7,21.7,30.1,,1.7,63.8,12,28.9,3
133,措傈,2016-06-20,24.2,20,29.5,2.2,1.5,77.4,5.8,19.67,6.6
133,措傈,2016-06-21,26.1,19.7,32,,1.2,72.3,9.2,22.89,6.5
133,措傈,2016-06-22,25.4,23.2,31.1,0,1.9,79.5,4.3,15.23,8
133,措傈,2016-06-23,26.2,20.9,31.7,0,1.6,72.8,10,26.41,5.8
133,措傈,2016-06-24,22.2,19.4,24.8,43.3,1.7,90.6,1.1,8.24,8.4
133,措傈,2016-06-25,22.9,18.8,27.7,,2.3,69.4,12.9,28.59,3.6
133,措傈,2016-06-26,23.9,18.7,30,,2,71,13.3,28.93,2
133,措傈,2016-06-27,23.3,18.8,28.3,5.5,1.2,72.5,5.1,16.32,6.4
133,措傈,2016-06-28,24,18,30.1,,1.5,74.3,8.5,22.65,5.5
133,措傈,2016-06-29,24.8,21.2,28.2,,1.6,74,4.5,17.27,7.3
133,措傈,2016-06-30,25.5,23.1,29.2,1.3,1.4,82.1,3,12.27,7.3
133,措傈,2016-07-01,25,23.3,29.8,64,2,89.1,.8,7.79,9.6
133,措傈,2016-07-02,24.5,22.2,28,11.3,1.8,86.8,3.6,16.12,8.5
133,措傈,2016-07-03,22.7,20.4,24.4,13.7,1.1,91,0,6.18,9.9
133,措傈,2016-07-04,22.1,20,24.6,179.1,1.6,97,0,3.42,10
133,措傈,2016-07-05,25.8,22.1,30.4,14.5,2.4,90,2.2,13.38,9.6
133,措傈,2016-07-06,24.3,22.8,27.1,38.8,1.3,94.5,.6,7.66,9.6
133,措傈,2016-07-07,25.7,22.6,30.3,3,1.5,87,7.3,22.69,8.5
133,措傈,2016-07-08,26.9,21.6,32.6,.1,1,77.4,11.6,28.51,2.6
133,措傈,2016-07-09,27.5,22.7,33.1,,.9,75.8,10.2,28.52,2.9
133,措傈,2016-07-10,27.2,22.2,32,,.7,75.5,8.5,22.85,7.3
133,措傈,2016-07-11,27.1,23.9,32.9,.3,1.4,78.9,2.8,16.95,8.6
133,措傈,2016-07-12,25.7,23.2,28.4,2.2,.9,86.9,1.7,12.11,8.9
133,措傈,2016-07-13,26.3,23.1,30.4,,1.2,79.3,7.6,21.09,5.3
133,措傈,2016-07-14,26.1,22.1,31,,1.3,77,7.8,22.16,5.8
133,措傈,2016-07-15,25.9,22.7,30,1.3,2.3,71.6,4.2,19.03,8.4
133,措傈,2016-07-16,22.1,20.3,24.5,39,3.2,92.4,.4,4.32,9.6
133,措傈,2016-07-17,23.3,21.1,26.4,.5,1.9,83.1,4.3,15.99,8.6
133,措傈,2016-07-18,24.3,20.9,28.9,,1,78.9,8.3,20.07,4.9
133,措傈,2016-07-19,26.7,20.3,32.4,0,1.1,76.8,10,23.95,3.3
133,措傈,2016-07-20,27.3,23.8,31.8,0,3.2,77.3,10.2,27.09,5.5
133,措傈,2016-07-21,27,22.2,31.6,,3,74.6,11.6,27.1,5.9
133,措傈,2016-07-22,28.4,23.6,33.2,,2.8,71.8,10.4,25.54,5.6
133,措傈,2016-07-23,29.5,24.8,33.6,,1.6,73.5,11.1,22.89,5.3
133,措傈,2016-07-24,29.6,26.4,32.9,,1.5,76.8,8.1,21.88,5.8
133,措傈,2016-07-25,29.2,26.9,32.5,,1.4,75,6.7,15.99,6.8
133,措傈,2016-07-26,29,24.2,33.3,,1.4,73.5,11,24.52,5.3
133,措傈,2016-07-27,28.7,25.9,31.8,.1,1.8,77.9,5.1,15.47,7.4
133,措傈,2016-07-28,28.9,25.1,32.3,0,2.2,70.5,11.4,25.33,4.5
133,措傈,2016-07-29,28.2,24.1,32.5,0,1.1,80.5,7.5,17.61,6.8
133,措傈,2016-07-30,29.1,26.3,34,,1.2,81.5,6.9,17.79,6
133,措傈,2016-07-31,29.9,26.2,34.7,,1.2,77.3,11,24.85,5
133,措傈,2016-08-01,28.7,25.3,32.9,,1,78.6,4.9,19.06,5.6
133,措傈,2016-08-02,27.3,23.9,30.3,.1,1,82.1,0,9.89,9.1
133,措傈,2016-08-03,28.3,23.2,34,0,.9,75.5,10.3,23.56,6.3
133,措傈,2016-08-04,29.9,24.5,35.5,,1.3,70.8,11.6,24.22,3
133,措傈,2016-08-05,30.7,25.5,35.8,,1.1,69,11.8,28,1.8
133,措傈,2016-08-06,29.6,25.6,35.4,1,1.1,74.3,9.7,22.07,4
133,措傈,2016-08-07,28.8,24.3,34.9,6.7,1.1,78.4,9.4,21.61,2.8
133,措傈,2016-08-08,29.7,24.5,34.8,,1,72.8,11.9,24.82,3.4
133,措傈,2016-08-09,28.4,25.4,34.3,7.7,1.4,80.9,7.2,16.37,4.3
133,措傈,2016-08-10,29.3,25.2,34.6,,1,76.4,11.5,24.91,2.4
133,措傈,2016-08-11,29.9,24.4,35.6,,1.1,70.1,12.8,27.8,.5
133,措傈,2016-08-12,30.3,24.9,36.5,,1.1,67.5,12.6,27.91,.3
133,措傈,2016-08-13,30.2,25.2,36,,1.2,70.6,12,27.69,1.6
133,措傈,2016-08-14,29.9,26.1,35,,1.3,75.1,9.5,23.16,3.4
133,措傈,2016-08-15,30,26.5,35.5,,1.2,70.6,8.9,22.99,6.8
133,措傈,2016-08-16,29.9,26.1,35.5,0,1.3,64.1,9,23.67,5.8
133,措傈,2016-08-17,29.8,24.7,35.1,,1.2,66.4,11.1,23.53,3.9
133,措傈,2016-08-18,29.7,25.3,34.8,0,1.4,70.6,5.8,18.03,7.3
133,措傈,2016-08-19,30.3,25,37.3,,1.2,66.5,9,23.54,6.1
133,措傈,2016-08-20,31.2,26.2,37.6,,2.2,56.4,10.4,25.26,4.8
133,措傈,2016-08-21,29.7,25.2,34.9,,2.1,56.6,9.6,21.44,3.3
133,措傈,2016-08-22,30.3,24,36.7,,1.1,61.5,11.4,23.9,1.5
133,措傈,2016-08-23,28.8,25.4,33.4,13.7,2.1,74.3,5.1,14.69,7.4
133,措傈,2016-08-24,28.9,23.7,34.5,0,1.3,66.8,11.5,25.78,2.8
133,措傈,2016-08-25,28.5,23.8,33.9,0,1.2,65.9,8,18.45,5.1
133,措傈,2016-08-26,22,19.1,27.4,17.2,2.1,84.4,0,3.15,8.5
133,措傈,2016-08-27,22.6,18,27.9,0,2.3,63.9,4.8,16.7,7.4
133,措傈,2016-08-28,20,17.8,24.5,3.7,1.8,81.8,2.6,10.8,8.8
133,措傈,2016-08-29,20.5,15.8,27.2,3.1,1.6,75.1,9.9,22.85,4
133,措傈,2016-08-30,19.6,16.6,22.6,.6,1.7,82.6,2,6.9,7.3
133,措傈,2016-08-31,21.8,17.6,24.8,3.6,3.2,72.9,1.7,10.55,8.9
133,措傈,2016-09-01,26.6,22.9,31.5,.7,3.1,64.3,10.4,19.32,5
133,措傈,2016-09-02,22.7,21.2,24.9,1.5,2.9,81,2.4,9.84,8.5
133,措傈,2016-09-03,25,20.8,30.3,0,1.6,76,8.3,19.6,5.1
133,措傈,2016-09-04,26.2,22.3,30.4,,1,80.3,2,13.24,8.8
133,措傈,2016-09-05,26.2,24,30.5,0,.8,82.4,5,13.15,6
133,措傈,2016-09-06,24.4,21.5,28.1,,.9,79,2.1,10.63,8.4
133,措傈,2016-09-07,23.7,19.8,27.8,0,.9,76.8,2.3,13.48,8.1
133,措傈,2016-09-08,23.3,19.7,28.9,22.8,1.2,80.3,7.3,16.9,5.3
133,措傈,2016-09-09,23.9,20.2,28.8,.7,1,80.8,8.4,19.19,4
133,措傈,2016-09-10,23.2,19.1,28.7,.6,1.2,82.5,5,16.31,5.9
133,措傈,2016-09-11,23.9,19.6,28.5,,1,77.5,5.8,15.74,6.8
133,措傈,2016-09-12,23.5,21,27.8,9.8,1.7,78.9,5.7,15.95,6.1
133,措傈,2016-09-13,24.1,18.7,29.5,,1,73.9,10.6,21.82,2.8
133,措傈,2016-09-14,24.2,20.5,29.1,0,1,73.5,5.8,16.18,7.3
133,措傈,2016-09-15,23.5,18.4,28.7,,.8,73,7.5,18.16,6.4
133,措傈,2016-09-16,22.4,20.7,25.4,6.9,.6,85.3,0,7.02,10
133,措傈,2016-09-17,20.2,19.6,21.3,97.8,1.5,96.9,0,2.92,10
133,措傈,2016-09-18,19.1,18.1,20.7,12.5,2.1,91.6,0,6.13,9.8
133,措傈,2016-09-19,20,17.4,23.6,,2.3,75.6,.4,10.3,6.6
133,措傈,2016-09-20,19.2,13.7,24.7,,1.4,64.6,11.4,23.09,1.5
133,措傈,2016-09-21,19.1,12.8,23.6,,1.5,68.4,7.5,16.87,5.4
133,措傈,2016-09-22,20.6,17.1,25.9,,1,71.3,7.4,17.9,4
133,措傈,2016-09-23,20.8,15.4,27,,.8,75,9.2,19.64,3.1
133,措傈,2016-09-24,21.7,16.4,28.1,,.8,74.3,10.4,20.84,1.9
133,措傈,2016-09-25,20.8,17.2,24.7,,.6,85.3,2.5,8.38,7.5
133,措傈,2016-09-26,22.1,18.3,26.8,,1,83.3,2.5,9.8,7
133,措傈,2016-09-27,22.4,20.3,25.8,39.7,1,92,2,8.26,8.9
133,措傈,2016-09-28,21.8,18.1,26,0,.9,85,4.7,13.86,8.3
133,措傈,2016-09-29,20.1,18,22,0,3.2,79.8,.2,8.5,9.6
133,措傈,2016-09-30,17.6,16.2,18.5,3,1,90.9,0,2.86,8.6
133,措傈,2016-10-01,18.6,15.7,21.7,.6,.8,91.6,.2,7.15,9.1
133,措傈,2016-10-02,20.7,17.6,23.4,.5,.8,88.9,.9,7.33,8.3
133,措傈,2016-10-03,23.4,19.6,26.8,6.1,1.6,91.3,4.7,9.68,5.9
133,措傈,2016-10-04,22.1,17.7,27.9,,2.8,78.8,8.7,19.62,2.8
133,措傈,2016-10-05,19.6,17.7,24.3,21.6,1.9,89.1,3.8,8.66,7.1
133,措傈,2016-10-06,18.2,14.4,23.9,,1.1,73.9,10.5,20.16,.9
133,措傈,2016-10-07,18.5,14.2,24.3,22.4,2.5,82.8,5.2,12.31,7.8
133,措傈,2016-10-08,17.2,14.2,21.8,32.3,1.6,80.4,5.2,11.83,6.4
133,措傈,2016-10-09,11.8,7.6,16.7,,1.8,62.6,10.7,20.4,2.9
133,措傈,2016-10-10,12.7,8.4,18.5,,.9,73.9,6.3,13.15,7
133,措傈,2016-10-11,14.3,10.3,20.5,,.7,78.4,7.2,13.2,6
133,措傈,2016-10-12,14.9,11,21,,1,66.9,9.1,17.6,6.1
133,措傈,2016-10-13,14.1,10.4,20.1,,.6,69.1,3.7,12.12,7
133,措傈,2016-10-14,15.2,8.6,22.9,,.8,76,9.5,16.27,0
133,措傈,2016-10-15,17.3,10.7,25.2,,.9,74.4,6.8,14.84,4.4
133,措傈,2016-10-16,16.9,15.2,20.3,6.8,.9,86.5,0,5.21,9.6
133,措傈,2016-10-17,17.6,14.5,23.2,1,.9,85.1,6.9,14.43,5.9
133,措傈,2016-10-18,16.1,13,21.5,,.7,90,3.7,9.7,5.8
133,措傈,2016-10-19,17.2,12.8,23.6,,.8,83.5,9,14.94,1.4
133,措傈,2016-10-20,16.7,11.2,22.7,,1.5,82,4.5,11.49,6.3
133,措傈,2016-10-21,16.8,15.7,18.8,0,3.5,76.3,0,5.66,9.6
133,措傈,2016-10-22,17.5,14.3,22.1,,1.5,73.9,5.7,11.57,8.4
133,措傈,2016-10-23,15,11.4,17.9,1,2.9,77.9,0,4.86,9.3
133,措傈,2016-10-24,15.5,9.8,20.4,0,2,67.5,8.9,15.78,6.4
133,措傈,2016-10-25,14.7,12.3,20,21.4,1.6,89.1,4.4,6.86,7.9
133,措傈,2016-10-26,13.4,10.8,16.8,,.9,87.9,1.9,7.63,7.1
133,措傈,2016-10-27,14.2,10.2,18,,2.1,82.3,.4,6.85,7.5
133,措傈,2016-10-28,13.5,11.1,15.7,8.9,1.2,91.4,0,2.97,9.3
133,措傈,2016-10-29,9.2,6.1,13.5,,1,68.4,2,9.72,7.6
133,措傈,2016-10-30,7.1,1.2,14.5,,1,54.8,10,17.23,2.3
133,措傈,2016-10-31,7.8,4.9,10.4,0,1.1,70,0,2.68,9.3
133,措傈,2016-11-01,3.4,-.7,9.4,,1.6,57.3,9.9,16.56,.6
133,措傈,2016-11-02,5.1,-2.4,11.7,,1.2,64.1,9.8,15.5,1.1
133,措傈,2016-11-03,8.1,3.7,14.8,0,.9,76.3,5.9,9.3,3.3
133,措傈,2016-11-04,9.9,2.7,17.4,,1.2,77.5,8.3,12.16,3.3
133,措傈,2016-11-05,13.3,8.7,19.2,,1.1,81.3,5.2,8.25,6.4
133,措傈,2016-11-06,13.3,9.8,18.2,,3,78.9,7.8,13.17,6.4
133,措傈,2016-11-07,14.3,10.8,18.8,2.7,1.9,72.5,5.2,10.18,7.9
133,措傈,2016-11-08,6.9,.9,12.3,5,2.2,69,6.8,11.92,3.9
133,措傈,2016-11-09,3.1,-3.1,9.8,,1.1,54,9.5,14.87,2.1
133,措傈,2016-11-10,6.8,2.4,12,5.2,1,79.3,.6,5.32,9
133,措傈,2016-11-11,9.3,5.8,14.8,1.4,1.5,78.1,7.4,10.29,3.1
133,措傈,2016-11-12,9.7,2.7,18.6,,1.1,76.9,7.1,11.72,1.5
133,措傈,2016-11-13,12.1,6.6,18.1,,.9,79.4,2.2,7.82,7
133,措傈,2016-11-14,15.3,9.5,21.9,.1,1.1,80.1,6.7,10.67,6.4
133,措傈,2016-11-15,8.3,2.7,14.6,,1.5,52.6,9.1,14.19,.9
133,措傈,2016-11-16,5.7,-.5,12.9,,.9,63.4,8.6,11.37,2.1
133,措傈,2016-11-17,8.1,3.3,15.4,,.8,65.9,7.5,10.67,2.5
133,措傈,2016-11-18,9,3,13.8,8.7,.8,84.1,3.3,6.05,6.9
133,措傈,2016-11-19,12.6,10.4,14.3,.7,.5,96.3,0,2.35,9.9
133,措傈,2016-11-20,11.5,6.7,16.4,,1.1,76,8.6,12.29,3
133,措傈,2016-11-21,8.7,5.5,11.6,.1,.6,89.1,0,2.33,7.5
133,措傈,2016-11-22,4.9,.7,9.5,0,1.9,63,3.8,5.9,8
133,措傈,2016-11-23,.8,-3.3,6.2,,1.5,44.9,8.2,11.35,5.9
133,措傈,2016-11-24,-.2,-4.9,5.2,,1.6,54.8,9.1,13.18,.9
133,措傈,2016-11-25,1.4,-3.2,7.8,,.9,64,7.3,9.85,3.1
133,措傈,2016-11-26,.2,-2.9,3.3,3,.7,87.5,0,2.33,7.3
133,措傈,2016-11-27,3,1,7.1,.5,.7,93.3,3.1,6.81,9.1
133,措傈,2016-11-28,2.8,-.4,8.4,,1.2,72,8,11.58,2.1
133,措傈,2016-11-29,1.9,-3.4,8.8,,.9,61.8,9,12.84,.4
133,措傈,2016-11-30,5.5,-.7,11.5,2.1,1.1,77.8,1.2,5.65,8.4
133,措傈,2016-12-01,5.6,.1,10.1,0,2,65.3,5.9,7.91,3.3
133,措傈,2016-12-02,1.8,-4.1,8.5,,1.1,62.1,9,12.31,0
133,措傈,2016-12-03,3.2,-2.8,10.8,,.7,71.3,7.9,11.16,2.9
133,措傈,2016-12-04,4.1,-.2,8.8,0,.7,76.8,.9,4.94,7.6
133,措傈,2016-12-05,8.9,4.7,14.2,.2,1.9,69.1,3.7,6.22,7.9
133,措傈,2016-12-06,1.2,-2.6,6.6,,1.6,48.4,8.8,12.27,0
133,措傈,2016-12-07,2.2,-4.4,8.7,.2,.9,72.4,4,6.26,5.4
133,措傈,2016-12-08,4.1,-1.8,9.8,1.9,1.2,77.9,5.3,9.1,6
133,措傈,2016-12-09,4.1,-1,7.9,.3,2,67.4,6.4,7.8,4.4
133,措傈,2016-12-10,-.1,-4.4,6.4,,1.1,56,8.8,11.96,0
133,措傈,2016-12-11,-.6,-6.2,6.9,,.7,57.1,8.8,12.06,.6
133,措傈,2016-12-12,4.3,-3.2,11,0,.7,56.4,6.5,8.18,7.3
133,措傈,2016-12-13,4.5,1,9.6,,1.1,74.9,3.9,7.2,4.6
133,措傈,2016-12-14,0,-2.9,2.7,,1.1,74.9,2.2,4.46,4.9
133,措傈,2016-12-15,-1.4,-5.9,3,,2.1,55.6,7.7,11.26,2.4
133,措傈,2016-12-16,-2.4,-8.3,2.8,,1.4,52.4,8.8,11.96,2
133,措傈,2016-12-17,4,-.3,10.5,,1.3,67.9,7.1,10.02,4.1
133,措傈,2016-12-18,3.8,-1.8,9.5,0,.6,78.5,1.3,5.49,7.3
133,措傈,2016-12-19,7.8,5.1,10.6,1.8,.6,89.4,.9,3.97,8.8
133,措傈,2016-12-20,8.2,4.3,13.3,,.8,82.9,7,9.18,4
133,措傈,2016-12-21,8.2,1.8,12.6,20.5,1.6,89.9,3.3,5.86,7.9
133,措傈,2016-12-22,7.8,3.8,14.8,17.6,2.5,88.4,0,1.16,9.6
133,措傈,2016-12-23,.8,-1.3,3.9,1.3,2.2,79.9,.6,1.71,9.5
133,措傈,2016-12-24,-1.1,-2.5,1.3,,1,72.8,.7,6.29,8.1
133,措傈,2016-12-25,1.3,-4.5,7.3,,.7,79.1,5.8,9.7,4.5
133,措傈,2016-12-26,3.1,2.3,4.3,10.8,.7,92.4,0,1.48,10
133,措傈,2016-12-27,.3,-5.1,4,0,2.3,64.6,7.6,10.67,3.6
133,措傈,2016-12-28,-2.5,-7.5,4.1,,.9,58.5,8.8,11.76,1.3
133,措傈,2016-12-29,-2.3,-4.5,1.4,.2,1.8,61.5,8.1,11.92,2.9
133,措傈,2016-12-30,-1.8,-8.1,4.8,,.9,67.6,8.6,11.5,2.9
133,措傈,2016-12-31,1.4,-1.3,5.2,,.8,79.9,1,4.53,7.6
133,措傈,2017-01-01,3.5,-1.3,10.7,,.7,81.5,5.8,9.43,5.4
133,措傈,2017-01-02,4.7,-.4,10.8,,1.5,83,4.5,7.77,6.5
133,措傈,2017-01-03,3.3,-1.5,9.2,,1.4,77.1,8.1,10.69,.3
133,措傈,2017-01-04,4.2,-.2,10.7,,1,70.5,5.8,8.59,4.4
133,措傈,2017-01-05,4.3,-.7,9.3,,1.9,71.3,0,5.41,8.3
133,措傈,2017-01-06,6.7,2.6,12,,2.2,66,8.2,10.66,3.1
133,措傈,2017-01-07,4.3,-1.5,9.2,,.8,74.8,4.2,8.22,5.8
133,措傈,2017-01-08,8.8,5,14.8,0,1.3,64.8,5.6,10.58,8.1
133,措傈,2017-01-09,4.3,-.9,8,0,2.3,62.3,6.4,8.35,4.5
133,措傈,2017-01-10,-.5,-3.2,4.2,,1.9,63.1,6.1,8.92,3.1
133,措傈,2017-01-11,-3.1,-7.8,2.5,0,1.7,62.5,6.1,9.66,2.1
133,措傈,2017-01-12,-.3,-4,5.7,0,1.9,69.6,3.3,5.74,3.9
133,措傈,2017-01-13,-3.7,-7.3,.5,.6,1.8,68,5.4,6.66,4.1
133,措傈,2017-01-14,-6,-8.7,-2.8,0,2.5,50.3,8.5,13.18,2.8
133,措傈,2017-01-15,-5.9,-11.8,1,,1.3,48.9,9.1,13.47,0
133,措傈,2017-01-16,-3.9,-10.1,3.7,,1,54.5,9.1,13.58,.1
133,措傈,2017-01-17,-2.9,-8.6,4.3,,.7,56.8,4.2,8.45,2.6
133,措傈,2017-01-18,-.4,-4.7,4.1,,.7,66.3,2.1,5.97,7.1
133,措傈,2017-01-19,0,-3.7,5.9,,.9,70.8,6.4,10.6,5.5
133,措傈,2017-01-20,-2.3,-5.2,-.5,3.4,1.9,77.4,3.5,5.61,7.9
133,措傈,2017-01-21,-2.7,-8.6,2.4,1.2,1.3,81.3,4.2,9.84,6.5
133,措傈,2017-01-22,-4.7,-7.8,-.5,.5,2.6,70.9,7.6,9.38,6.1
133,措傈,2017-01-23,-6.5,-10,-1.4,0,1.6,65,8.9,14.14,1.9
133,措傈,2017-01-24,-5.2,-10.7,1.1,,1.1,66.9,9.3,14.54,.9
133,措傈,2017-01-25,-4.4,-10.6,2.3,,1.1,67.1,9.2,15.26,0
133,措傈,2017-01-26,-1.1,-9.5,6.5,,1.4,64.4,8.4,13.81,4
133,措傈,2017-01-27,.6,-4.3,4.8,2.3,2.3,57.9,7.7,14.18,4.3
133,措傈,2017-01-28,.1,-7.6,7.9,,1,55.5,7.9,14.03,3.6
133,措傈,2017-01-29,2.8,.9,5.4,5.7,.7,80.5,0,2.49,10
133,措傈,2017-01-30,-2.4,-6.8,.9,1.3,2.3,69.1,7.9,14.45,4.6
133,措傈,2017-01-31,-4.2,-9,1.5,,1.2,63.6,7.9,13.67,3.8
133,措傈,2017-02-01,-2.3,-6.6,3.8,0,1.6,51.4,7.4,13.87,1.9
133,措傈,2017-02-02,-1.6,-9,5.7,,1.4,50.8,9.7,16.16,1.1
133,措傈,2017-02-03,2.1,-3.2,8.6,,1,64.9,9.2,14.06,4.1
133,措傈,2017-02-04,2.9,-3.3,8.1,0,.7,65,2.3,8.01,7.1
133,措傈,2017-02-05,3.2,1.2,5.5,.5,1.2,74.6,0,2.08,7.8
133,措傈,2017-02-06,0,-3.2,4.8,,2.1,57.8,8.7,14.07,1.4
133,措傈,2017-02-07,-.5,-4.7,5.8,,1,59.6,6.9,12.28,5.8
133,措傈,2017-02-08,-.1,-4.1,4.2,,1.3,60.4,1.9,8.47,5.1
133,措傈,2017-02-09,-2.9,-5.1,.6,.1,2.8,58.3,6.9,12.85,6.4
133,措傈,2017-02-10,-4.4,-6.9,-.3,.2,2.7,55.6,9.6,14.66,4.5
133,措傈,2017-02-11,-2.9,-7.2,2.6,.5,1.9,62.6,8.7,13.04,6.4
133,措傈,2017-02-12,-.3,-5.3,5.7,,1.6,57.3,10,17.04,1
133,措傈,2017-02-13,.3,-5.8,6,.6,1,78.5,5.7,11.33,5.1
133,措傈,2017-02-14,1.6,-2.8,8.1,,1.1,64.1,9.1,16.93,3.5
133,措傈,2017-02-15,2.2,-5.4,10.8,,.8,54.1,9.5,15.43,0
133,措傈,2017-02-16,7.3,-3.4,15.5,1.9,1.3,67.1,7.8,15.09,4.9
133,措傈,2017-02-17,4.6,-2.7,11.8,1.9,2.4,61.9,7.6,15.84,5.4
133,措傈,2017-02-18,-1,-6.2,4.8,,2,47.1,10.2,18.2,0
133,措傈,2017-02-19,3.1,-4.9,9.2,3.5,1.6,64.5,5,11.31,6.1
133,措傈,2017-02-20,1.3,-4.9,7.2,15.3,2.5,67.1,7,15.09,4.3
133,措傈,2017-02-21,.6,-6.9,9,,1,49.8,10.1,17.83,2.8
133,措傈,2017-02-22,3,.2,4.1,17.5,1.3,82.6,0,1.65,9.9
133,措傈,2017-02-23,.5,-3,5.3,,2.6,61.1,8.9,17.07,4.6
133,措傈,2017-02-24,.6,-5.4,6.9,,1.7,55.6,10.2,19.45,1.1
133,措傈,2017-02-25,3.5,-2.7,10,,1.4,58.5,10.4,19.32,.6
133,措傈,2017-02-26,4,-.8,10.5,,1.2,57.6,9.8,18.79,.5
133,措傈,2017-02-27,4.2,-2.5,12,,1.1,53.3,10.1,18.64,0
133,措傈,2017-02-28,5.3,-2.7,14,,1.1,50.1,10.5,19.39,1.4
133,措傈,2017-03-01,6.1,1,12.8,.1,1.1,56.3,2.3,10.55,9.4
133,措傈,2017-03-02,3,-1,8.3,2,2.3,67.9,7.5,15.37,5.4
133,措傈,2017-03-03,4.2,-3.6,12.5,,1.3,53.6,10.6,19.68,1.8
133,措傈,2017-03-04,6.1,-1.2,15.1,,1.1,49.5,9.7,19.45,2.3
133,措傈,2017-03-05,6.3,0,14.6,,1.2,56.5,8.3,15.51,6.3
133,措傈,2017-03-06,1.8,-1.6,6.7,0,2.9,46.6,10.8,21.82,1.4
133,措傈,2017-03-07,-.2,-2.6,4,1.2,2.4,55.3,9.9,20.2,4.9
133,措傈,2017-03-08,1.4,-3.7,6,0,2,62.1,9.2,15.6,5.3
133,措傈,2017-03-09,4.7,-1.1,10.7,,2.4,56.6,10.5,18.76,.9
133,措傈,2017-03-10,5.9,-1.5,13.4,,1.6,46.8,11,21.84,.1
133,措傈,2017-03-11,7.4,-1.9,17.1,,1.2,44.4,10.8,20.67,2
133,措傈,2017-03-12,8.9,.3,16.8,,1.3,42.5,6.6,16.28,5.1
133,措傈,2017-03-13,8,2.7,13.8,,1.5,53.3,9.3,20.41,6
133,措傈,2017-03-14,5.6,-.1,12,,1.9,49.9,11.1,22.61,0
133,措傈,2017-03-15,5.9,-1.8,12.8,,1.3,47.8,11.1,21.98,.5
133,措傈,2017-03-16,6.3,-1.2,13.8,,1.4,48.8,10.3,20.24,2
133,措傈,2017-03-17,7.6,-1.4,16.6,,1.2,42.6,10.9,22.3,1.1
133,措傈,2017-03-18,8.8,2.9,18,,1.4,38.1,7,17.58,3.1
133,措傈,2017-03-19,10,.7,19.2,,1,40.4,10.6,21.92,1
133,措傈,2017-03-20,8.6,2.7,13.6,.1,1.3,59.8,2.3,7.39,7
133,措傈,2017-03-21,8.4,4.9,13,0,2.2,53.1,10,22.58,1.6
133,措傈,2017-03-22,7.6,0,14.6,,1.2,46,7.6,19.04,6
133,措傈,2017-03-23,9.5,4,16.6,,1.3,38.1,8.3,18.19,4.4
133,措傈,2017-03-24,9,1.7,15.6,,1.1,45.6,6.4,18.1,8
133,措傈,2017-03-25,7.6,6.4,9.9,.9,2.3,77,.2,7.68,9.9
133,措傈,2017-03-26,7.1,4.6,10.5,0,1.3,71.9,1.4,10.29,9.1
133,措傈,2017-03-27,6.4,3.5,11.1,1.6,1.5,70.4,5.2,10.9,5.4
133,措傈,2017-03-28,7.9,.9,14.2,.2,1.4,61.8,7.4,18.45,5
133,措傈,2017-03-29,9.7,4.3,16.8,1.6,1.2,60.9,8.8,22.29,4
133,措傈,2017-03-30,11.2,2.1,19.5,,1.4,45,11.1,23.78,3.4
133,措傈,2017-03-31,10,8,14.6,3.9,1.6,76.5,1.4,9.12,10
133,措傈,2017-04-01,9.1,5.2,13.6,1.1,1.5,68.6,6.7,14.56,6.5
133,措傈,2017-04-02,9.3,1.9,17.1,,1.7,53.4,11.7,24.19,.1
133,措傈,2017-04-03,12,3.6,21.3,,1.8,47.5,11.7,25.31,0
133,措傈,2017-04-04,14.2,4.1,22.8,,1.5,36.8,10.4,21.78,4.1
133,措傈,2017-04-05,12.8,10.7,14.2,17,.9,74,0,4.32,9.9
133,措傈,2017-04-06,13.8,11.2,16.7,15.9,2.2,89.5,2.4,11.23,9.5
133,措傈,2017-04-07,16.2,9.5,24.6,,1.4,65.4,9,22.98,4
133,措傈,2017-04-08,16.7,10.2,24.6,,1.4,63.8,9.8,23.79,6.1
133,措傈,2017-04-09,14.4,11.9,19.7,,3.2,61.5,8.2,21,7.4
133,措傈,2017-04-10,15.1,9.4,21.4,,4.1,35.8,10.3,25.92,5.5
133,措傈,2017-04-11,12.5,8.2,19.4,14.3,1.6,68.6,8.2,20.04,5.8
133,措傈,2017-04-12,12.1,5.7,18.4,,2.2,27.5,12,26.91,1.8
133,措傈,2017-04-13,13.2,5.7,20.1,,2.5,51.5,11.5,24.96,.3
133,措傈,2017-04-14,16,10.5,20.9,0,2.9,47.6,8.1,19.74,6.8
133,措傈,2017-04-15,18.7,12.5,25.6,,2.3,55.9,11.6,26.71,.5
133,措傈,2017-04-16,19.9,10.6,28.6,,1,46.9,10.8,24.72,5.5
133,措傈,2017-04-17,13.7,11.8,18.9,26.8,1.3,84.4,1.9,3.39,7.9
133,措傈,2017-04-18,13.8,10.3,21.5,.5,2.4,75.5,6.4,16.84,4
133,措傈,2017-04-19,13.4,7.2,20.4,,2.1,50,12,27.11,1.1
133,措傈,2017-04-20,10.9,8.3,14.1,1.7,.9,72,0,5.35,8.4
133,措傈,2017-04-21,12.8,5.8,19.9,,1.1,65.6,7.7,21.66,7
133,措傈,2017-04-22,14.6,8.6,21.1,,1.1,56.8,11.1,23.96,2.1
133,措傈,2017-04-23,15,6.5,23,,1.5,49,12.5,28.74,0
133,措傈,2017-04-24,15.2,6.3,23.6,,1.5,47.4,12,29,1.5
133,措傈,2017-04-25,17,10,22.7,0,1.5,62.1,5.2,18.75,7.4
133,措傈,2017-04-26,15.6,10.1,21.6,.4,2,46.8,9.9,26.27,5.8
133,措傈,2017-04-27,13.8,6.7,20.5,,2.2,42.5,12.6,28.53,1.4
133,措傈,2017-04-28,15.5,8.6,23.8,,2.9,54.6,11.2,26.66,2.8
133,措傈,2017-04-29,18,9.7,25.2,,2.1,47.9,12.1,28.15,0
133,措傈,2017-04-30,20.6,15.2,27.7,,2.7,54.8,11.3,26.44,.8
133,措傈,2017-05-01,20.4,12.9,28.7,,1.7,55.4,11.5,28.55,.9
133,措傈,2017-05-02,20,12.1,27.5,,1.6,47.5,11.5,25,5
133,措傈,2017-05-03,21.1,11.8,29.6,,1,48.1,12.8,29.79,.3
133,措傈,2017-05-04,21.4,14.1,28.4,0,1.2,57.1,8,21.18,5.8
133,措傈,2017-05-05,21.7,17.9,28.2,0,1.7,62.5,7.2,21.75,6.3
133,措傈,2017-05-06,16.5,10.8,23.5,,2.6,39.5,11.7,27.62,3
133,措傈,2017-05-07,18.1,11.8,25.8,,3,45.8,12.1,29.61,0
133,措傈,2017-05-08,18.2,12.1,22.9,,1.9,50.4,4.2,16.62,7.8
133,措傈,2017-05-09,15.7,12.2,20.3,7.3,2.4,74.8,2.4,12.38,9.9
133,措傈,2017-05-10,15.6,13.8,18.7,2,2,86.1,3.1,10.94,7.8
133,措傈,2017-05-11,18.7,12.6,26.2,4.1,1.2,77.9,6.2,18.87,7.6
133,措傈,2017-05-12,19.8,15.9,23.9,,1.3,78.4,0,9.62,8.4
133,措傈,2017-05-13,18.3,13.8,25.3,1.4,1.9,75.4,9.7,21.1,3.4
133,措傈,2017-05-14,16.6,12.1,23,,3,57.3,13.1,31.71,.8
133,措傈,2017-05-15,16.7,11.1,23.1,,2.7,61.1,13.2,31.16,1.9
133,措傈,2017-05-16,16.8,11.5,22.6,,1.6,68,7,20.01,5.6
133,措傈,2017-05-17,18.7,10.5,26.1,,1.4,60.3,13.2,29.55,.6
133,措傈,2017-05-18,20.3,11.9,27.8,,1.3,57.5,12.9,27.91,.5
133,措傈,2017-05-19,21.4,13.1,29.9,,1.7,48.1,13.2,30.44,0
133,措傈,2017-05-20,20.7,12.5,29.2,,1.3,46.4,12.2,26.04,4.8
133,措傈,2017-05-21,21.4,14.3,29.1,,1.3,53.8,11.1,26.12,4.4
133,措傈,2017-05-22,21.7,13.3,29.4,,1.3,54.6,13.3,30.86,2.3
133,措傈,2017-05-23,21.1,15.1,26.7,,1.2,62.5,4.9,18.17,7.3
133,措傈,2017-05-24,20.8,17,26.7,11,1,75.5,7.6,21.42,5
133,措傈,2017-05-25,19.7,14,27,,2.4,60.9,13.7,31.51,0
133,措傈,2017-05-26,17.2,11.2,22.8,,2.3,50.5,13.9,33,1.1
133,措傈,2017-05-27,19.3,11.9,26.3,,1.8,54.8,13.6,31.59,.3
133,措傈,2017-05-28,21.4,12.8,29,,1.9,54.5,12.1,27.72,.6
133,措傈,2017-05-29,24.1,19.5,30.7,,3.1,55.8,12.2,28.74,.5
133,措傈,2017-05-30,23.5,17.1,30,,1.5,57.6,10.3,23.22,5.5
133,措傈,2017-05-31,22,17.2,28.4,3.5,1.4,68.1,5.1,19.07,7
133,措傈,2017-06-01,22,17,26.9,,1.8,71.1,8.7,23.22,5
133,措傈,2017-06-02,20.3,13,27.4,0,1.6,51,13.5,31.96,2
133,措傈,2017-06-03,20.4,16.1,26.1,.2,2.1,47.4,13.2,30.77,3.1
133,措傈,2017-06-04,20.8,12,28.4,,1.5,45.1,13.7,32.34,.6
133,措傈,2017-06-05,22.6,13.9,29.8,,1.8,40.5,12.3,29.88,5.3
133,措傈,2017-06-06,18.3,15.7,22.5,10.3,3.2,72.1,0,8.03,9.8
133,措傈,2017-06-07,17.9,16,19.7,4.5,1.7,93.1,0,4.33,9.5
133,措傈,2017-06-08,20.1,15.6,26.4,,1.7,72.9,9,25.02,5.3
133,措傈,2017-06-09,22,16.2,27.9,,2.7,67.3,11.2,28.54,5
133,措傈,2017-06-10,22.6,19.9,26.6,,2.1,67,6.5,19.68,8.6
133,措傈,2017-06-11,22.8,15.9,29.6,,1.7,41.5,13.2,32.33,1.5
133,措傈,2017-06-12,22.1,16.7,27.4,,2.7,54.4,9.1,25.05,6.1
133,措傈,2017-06-13,21.7,17.3,27.6,0,2,57.6,10.4,26.97,4.4
133,措傈,2017-06-14,22,15.1,28.4,,1.6,61.3,13,29.81,2.3
133,措傈,2017-06-15,23.1,16.8,29.6,,2.3,64.9,12.8,29.55,.1
133,措傈,2017-06-16,25.3,18.1,32.8,,1.7,53.8,12.4,28.91,.3
133,措傈,2017-06-17,24.7,16.8,32.3,,1.2,47.6,13,28.93,.1
133,措傈,2017-06-18,25.3,17.1,33.8,,1.5,50.3,13.4,31.39,0
133,措傈,2017-06-19,26.1,18.3,33.4,,1.3,54.4,12.4,28.64,3.5
133,措傈,2017-06-20,25.4,19.6,31.3,,1.3,53.8,4.3,17.95,7.5
133,措傈,2017-06-21,24.8,20.2,30.4,0,1.7,61,9.6,23.94,4.6
133,措傈,2017-06-22,25.3,18.6,32.9,,1.4,61.5,11.9,28.33,2.6
133,措傈,2017-06-23,27.4,20.1,34.8,,1.3,52.4,10.4,27.05,5
133,措傈,2017-06-24,24.5,20.4,33.5,2.8,1.2,70.5,3.8,15.69,8.9
133,措傈,2017-06-25,25,20,29.9,,1.2,73.3,8.6,21.46,7.5
133,措傈,2017-06-26,23.9,20.7,29.2,1.8,2.1,81.4,4.1,15.51,8.1
133,措傈,2017-06-27,24.6,20.7,29.2,12.2,1.7,77.5,4.7,17.33,7.1
133,措傈,2017-06-28,25.3,21,31.6,3.2,1.2,76.4,5.6,22.73,6.9
133,措傈,2017-06-29,26.1,21.6,31.1,.3,1,73.9,7.7,21.37,6.9
133,措傈,2017-06-30,26.9,22.8,32.2,,1.2,71.8,7.6,24.23,8.3
133,措傈,2017-07-01,24.1,22.6,25.1,14.4,.8,94.5,0,5.43,10
133,措傈,2017-07-02,25.7,24.2,27.6,39.5,1.7,94.5,.2,7.47,9.5
133,措傈,2017-07-03,25.3,24.4,27.9,69.9,2.1,94.5,.6,8.72,9.9
133,措傈,2017-07-04,25.9,24.1,28.4,34,1.5,91.8,4.7,14.01,8.4
133,措傈,2017-07-05,27.8,23.7,32.6,,1,77.8,10.4,24.69,6
133,措傈,2017-07-06,26,23.5,31.8,41.2,1.2,88.3,4,13.51,7.1
133,措傈,2017-07-07,26.7,23.5,29.5,1.7,1.5,86.9,0,10.84,9.8
133,措傈,2017-07-08,26.1,22.6,29.1,61,1.6,91.1,2.6,9.18,8.9
133,措傈,2017-07-09,26.7,22.5,32.4,31,1.2,88.8,7,19.64,7.9
133,措傈,2017-07-10,25.8,23.3,28.7,35,1.7,96.4,.6,7.68,9
133,措傈,2017-07-11,26.5,23.2,31,.8,2,87.8,6,21.43,9
133,措傈,2017-07-12,27.9,24.2,32.4,,1.2,81.9,8.2,21.27,5.5
133,措傈,2017-07-13,27.9,22.8,32.9,,1.1,78.1,10.8,24.6,1.9
133,措傈,2017-07-14,27.6,24.4,34,1.9,1.6,82,7.3,22.65,5.6
133,措傈,2017-07-15,25.2,23.1,26.7,24.5,2,92.4,1.1,10.13,9.1
133,措傈,2017-07-16,27.4,25.3,29.8,.1,1.9,85,.3,10.6,9.8
133,措傈,2017-07-17,25.6,23,29.1,7.1,1.6,92.4,0,8.58,9
133,措傈,2017-07-18,25.7,22.9,28.7,.9,1.5,92.6,2.8,14.56,8.8
133,措傈,2017-07-19,28,24.5,32.8,,1,83.1,7.2,20.91,5.9
133,措傈,2017-07-20,29.5,25.3,33.9,,1.4,80.9,10.7,23.89,3
133,措傈,2017-07-21,30.1,26.8,33.7,,1.8,79.6,7.3,20.32,5.9
133,措傈,2017-07-22,29.7,27.6,32.8,,1.9,83.5,4,16.95,6.8
133,措傈,2017-07-23,27.9,26.4,29.7,1.2,2,91.3,0,4.96,9
133,措傈,2017-07-24,28.8,27.5,30.7,.7,1.7,92.4,0,8.75,10
133,措傈,2017-07-25,28.5,25.3,33.1,27.6,2.2,86,9.9,22.22,5.5
133,措傈,2017-07-26,27.6,23.6,31.8,,3.4,69.8,12.3,26.12,2.1
133,措傈,2017-07-27,28,22.3,33.1,,1.6,68.1,10.3,26.38,4.3
133,措傈,2017-07-28,28.5,25.7,31.9,10.7,1.6,80.8,3.2,16.52,8.5
133,措傈,2017-07-29,27.2,24.8,31.3,2.1,2.7,87.3,7.2,20.83,7
133,措傈,2017-07-30,27.9,24,31.8,0,1.9,82.4,7.3,19.91,6.9
133,措傈,2017-07-31,25.1,23.5,27.3,29.2,.9,97.8,0,3.86,9
133,措傈,2017-08-01,26.7,22.3,31.9,9.2,.9,87.5,8.1,20.67,5.4
133,措傈,2017-08-02,29.4,25.1,34.1,,1.6,82.8,10.1,24.94,3.1
133,措傈,2017-08-03,28.6,24.3,32.5,,3.3,75.1,12.6,28.95,2.9
133,措傈,2017-08-04,29.9,24.5,34.4,,1.8,76.5,12.7,25.54,2
133,措傈,2017-08-05,31.8,27.1,35.9,,1.6,73.8,12.9,26.56,3.5
133,措傈,2017-08-06,31.1,27.8,35.6,0,1.6,75.3,7.4,21.62,5.8
133,措傈,2017-08-07,29.4,25.6,34.2,,1.3,76.8,11.2,24.26,2.8
133,措傈,2017-08-08,28.1,25,31.9,0,.9,78.8,1.5,15.83,8.8
133,措傈,2017-08-09,24.3,22.3,27.4,37.3,1.1,97.1,0,4.29,10
133,措傈,2017-08-10,26.4,24.2,31.2,3.8,.9,91.3,4,14.59,7.9
133,措傈,2017-08-11,27.1,24.1,32.5,0,.8,83.4,7.1,22.31,5
133,措傈,2017-08-12,27.2,23.1,31.5,,1.5,76.3,8.3,21.7,5.5
133,措傈,2017-08-13,24.6,22.8,26.5,1.4,3.1,79.9,0,9.55,9.1
133,措傈,2017-08-14,22.4,21,25.3,65,2.3,96.9,.2,6.15,9.9
133,措傈,2017-08-15,22.9,21.3,24,34.4,1.8,98,0,3.68,10
133,措傈,2017-08-16,25,22.7,29.1,4.2,1.4,92.4,3.6,13.45,8.4
133,措傈,2017-08-17,25.7,22.9,30.1,1.2,1.2,87,5.2,17.79,7
133,措傈,2017-08-18,26.1,23,30.4,0,1.1,83.8,7.5,19.45,5.1
133,措傈,2017-08-19,25.1,23,30.4,10.2,1.4,92.4,3.6,13.96,8.4
133,措傈,2017-08-20,25.9,23.3,29.7,2.7,3.1,89.1,2.6,13.13,8.8
133,措傈,2017-08-21,24.7,23.1,27.5,36.1,1.2,97.1,.1,6.86,9.6
133,措傈,2017-08-22,27.4,24,31.1,.7,1.4,88.4,8.4,19.4,5.9
133,措傈,2017-08-23,28.9,25.7,32.2,2.1,1.7,85,7.1,18.7,6.1
133,措傈,2017-08-24,27.5,25.1,29.8,49.8,2.3,91,3,9.99,8.6
133,措傈,2017-08-25,26.1,21.8,31.3,,1.2,74.4,10.1,25.87,6.4
133,措傈,2017-08-26,23.3,18.8,29.4,,1,65.9,11.7,27.04,2.6
133,措傈,2017-08-27,24,18,30.4,,.9,68.4,9.6,24.29,4.6
133,措傈,2017-08-28,24.8,19.7,28.6,35.2,1.7,82.6,3.8,12.7,7.3
133,措傈,2017-08-29,21,18,26.3,,1.6,69.1,10.8,25.66,4.3
133,措傈,2017-08-30,18.1,16,20.6,.5,.9,71,.3,9.5,8.1
133,措傈,2017-08-31,21.5,16,27.3,,1.1,75.5,11.1,24.57,2.9
133,措傈,2017-09-01,22.1,16.6,28,,1.3,71.1,12.3,26.86,.1
133,措傈,2017-09-02,21.4,16.7,26.2,,1.4,70,10.4,21.93,3.5
133,措傈,2017-09-03,22.2,16,28.6,,1.5,67.8,11,26.01,3
133,措傈,2017-09-04,22.4,17.3,28,,1.7,70,8.5,21.18,6.3
133,措傈,2017-09-05,21.2,19.2,23.3,.8,1,86.8,0,6.63,9.1
133,措傈,2017-09-06,20.9,18.4,23.1,1.4,.7,92.5,0,5.53,10
133,措傈,2017-09-07,21.9,18.3,27.1,,.7,85.4,5.2,15.98,5.5
133,措傈,2017-09-08,22.7,18.5,28.3,,.9,82.5,6.1,18.51,3.4
133,措傈,2017-09-09,22.4,17.7,27.8,,.8,84,4.8,16.41,5.9
133,措傈,2017-09-10,22.7,18.5,26.5,,.8,85.6,1.1,11.23,7.9
133,措傈,2017-09-11,20.4,18.1,22.8,77,1.4,94.6,.3,6.29,8.8
133,措傈,2017-09-12,21.9,17.6,28.2,,1.3,79,10.6,22.27,2.4
133,措傈,2017-09-13,20.1,14.3,27.4,,1.1,67.6,11.6,24.62,0
133,措傈,2017-09-14,20.9,13.9,27.5,,1.4,71.5,11.7,24.55,0
133,措傈,2017-09-15,21.7,18.6,26.1,,3.5,63,9.9,20.55,6.1
133,措傈,2017-09-16,21.2,18.6,24.3,,3.3,68,4.5,14.63,6.8
133,措傈,2017-09-17,21.5,16.7,27.7,,1.5,75.1,6.9,18.04,4.3
133,措傈,2017-09-18,21.3,16.3,26.7,,1.5,78.1,10.8,21.21,2
133,措傈,2017-09-19,22.8,17.9,27.2,.5,2,82.3,6.4,15.42,6.6
133,措傈,2017-09-20,20,15.4,25,.7,1.7,65.9,10.5,21.12,2.9
133,措傈,2017-09-21,18.7,12.1,25.9,,1,73.8,11.5,23.37,1.5
133,措傈,2017-09-22,20.2,14.4,26.6,,1,74.4,11,21.05,1.6
133,措傈,2017-09-23,20.4,15.5,26.4,,.9,84.4,3.9,14.39,5
133,措傈,2017-09-24,22.4,18.7,27.2,0,1.1,85,6.3,15.08,5.3
133,措傈,2017-09-25,23.1,19,28.8,,1,80.5,8.3,18.79,3.6
133,措傈,2017-09-26,23.5,17.3,29.2,,1.5,73.5,8.2,19.28,4.6
133,措傈,2017-09-27,19.3,16.7,23.2,31,1.1,94.5,.8,5.11,8.6
133,措傈,2017-09-28,20.1,15.8,24.8,,1.7,67.5,10.2,21.2,3.5
133,措傈,2017-09-29,15.8,10.5,21.6,,1.1,62,10.5,19.62,4.4
133,措傈,2017-09-30,17.5,9.8,25.9,,1.1,74,10.6,20.16,.8
133,措傈,2017-10-01,15.6,13.5,18.2,16.5,.9,91.6,0,4.14,9.5
133,措傈,2017-10-02,19.1,15.9,23.4,3,.7,93.6,1.3,8.12,6.8
133,措傈,2017-10-03,18,14.6,22.9,,.8,78.5,7.1,17.28,5
133,措傈,2017-10-04,17.5,11.8,23.3,,1.5,68.5,8.8,18.34,5.1
133,措傈,2017-10-05,18,15.5,21.3,,3.4,70.5,4,12.01,8.4
133,措傈,2017-10-06,16.9,15,18.6,1.5,.8,88.1,.1,5.26,9
133,措傈,2017-10-07,19.9,16.9,24.8,0,.7,86.4,5,14.22,7
133,措傈,2017-10-08,20.8,16.5,27,,.8,83.5,8.9,17.12,2.6
133,措傈,2017-10-09,21.6,17.6,26.1,,.7,83.4,6.2,12.87,3
133,措傈,2017-10-10,22.3,17.9,26.1,,1,84.3,5,12.58,7
133,措傈,2017-10-11,17.5,13.4,22.1,6,1.4,92.3,.1,3.77,9.5
133,措傈,2017-10-12,12.1,9.4,13.4,1.3,.7,91.4,0,3.17,7
133,措傈,2017-10-13,11.6,5.8,18.2,,1.1,76.6,8.9,18.62,3.8
133,措傈,2017-10-14,13.5,8.4,18.9,,1.2,66.5,7.7,17.06,6.9
133,措傈,2017-10-15,15,9.7,19.9,,1.9,70.4,5,11.99,7.5
133,措傈,2017-10-16,16,12.6,21,,1.3,71.1,4.4,11.15,7.3
133,措傈,2017-10-17,15.7,9.2,22.6,,1.1,74.8,10.1,17.54,3.6
133,措傈,2017-10-18,16.3,14.8,19.5,0,2.8,67.6,.6,7,9
133,措傈,2017-10-19,16.1,11.4,21.4,,1.4,72.6,8,14.45,4.8
133,措傈,2017-10-20,16.1,11.1,22.8,,1,73.8,10.1,17.18,.5
133,措傈,2017-10-21,15.7,9.8,22.6,,1.1,76.1,10,17.16,.3
133,措傈,2017-10-22,15.7,10,22.5,,2.1,65.4,7.9,15.34,2.5
133,措傈,2017-10-23,13,9.1,18.7,,1.5,63.8,9.8,16.83,1.4
133,措傈,2017-10-24,12.4,6.9,19.3,,1,74.5,9.1,15.44,1.3
133,措傈,2017-10-25,12.4,6.6,19.7,,.9,74.8,9.4,16.06,2.1
133,措傈,2017-10-26,12.8,7.8,18.7,,.7,76.1,4.2,11.59,6.4
133,措傈,2017-10-27,14.3,11.2,19.5,,.8,74.5,2.6,8.97,5.5
133,措傈,2017-10-28,15.5,9.2,23.1,,1.3,78.3,9,15.27,1.8
133,措傈,2017-10-29,11.6,5.6,18.2,,1.8,71.9,8.3,12.81,1.6
133,措傈,2017-10-30,7,1.4,13.8,,1.3,52.9,9.9,16.92,0
133,措傈,2017-10-31,8.8,.4,17.2,,1,66.6,9.8,16.44,1.4
133,措傈,2017-11-01,13.1,7.3,19,,1.3,74.8,6.9,14.03,7.1
133,措傈,2017-11-02,13.9,10.9,19.1,,.7,83.6,3.5,8.85,4.4
133,措傈,2017-11-03,11.3,7.6,17.6,.3,1.6,78,4.3,7.01,5
133,措傈,2017-11-04,7.7,3.2,13.9,,1.1,65.3,9.2,14.62,1.1
133,措傈,2017-11-05,7.3,.9,14.7,,1,75.3,9.4,15.06,0
133,措傈,2017-11-06,9.2,1.7,17.1,,1,75,9.2,14.46,1.5
133,措傈,2017-11-07,13.5,5.6,20.8,0,.7,78.4,6.8,12.59,5.6
133,措傈,2017-11-08,13.8,7,18.9,.7,1.6,70.1,8.1,12.72,2.5
133,措傈,2017-11-09,8.7,2.4,16.8,,.9,60.5,9.4,14.23,0
133,措傈,2017-11-10,9.9,3.4,18.9,3.1,1.8,72.9,3.4,7.37,6.3
133,措傈,2017-11-11,6,2,12.1,,1.5,61.4,9.2,14.37,0
133,措傈,2017-11-12,5.4,-.9,13.4,,1,68.8,9.2,13.87,1.9
133,措傈,2017-11-13,7.3,.7,12.2,0,1.1,69.6,1.5,6.49,6.8
133,措傈,2017-11-14,8.8,4.3,13.9,0,2,59,8.8,12.24,.5
133,措傈,2017-11-15,5.7,2.5,10.3,0,1.9,56.9,6.9,10.58,4.4
133,措傈,2017-11-16,2.6,-2.3,8.9,,1.2,54.4,9.3,13.65,0
133,措傈,2017-11-17,4.7,-2.5,9.4,.1,1.3,63.9,2.9,6.12,6.6
133,措傈,2017-11-18,.9,-3.7,7.4,0,2.6,49.8,9.2,14.41,1.5
133,措傈,2017-11-19,-.4,-5.8,3.7,,1.1,54.3,7.2,10.51,4.4
133,措傈,2017-11-20,3.7,-2,9.1,,1.4,62,7.7,11.92,2
133,措傈,2017-11-21,2.5,-2.8,9.9,,1,65.5,9,13.8,0
133,措傈,2017-11-22,4.7,-.7,10.1,.1,1.7,70.5,2.3,3.98,6.9
133,措傈,2017-11-23,1.1,-2.4,6,2.1,1.6,72.3,4.5,8.07,2.8
133,措傈,2017-11-24,.9,-1.2,3.7,5.9,1.1,90.6,2.6,6.1,7.1
133,措傈,2017-11-25,6.1,-1.6,11.2,,2,71.4,5.7,8.58,4.8
133,措傈,2017-11-26,7.1,1.1,11.1,2.8,1.9,74.9,3.4,6.17,4.4
133,措傈,2017-11-27,3.1,-2.4,10.4,,.9,79.4,8.3,11.09,0
133,措傈,2017-11-28,5.8,.2,12.8,0,1,84.1,2.7,6.66,5.4
133,措傈,2017-11-29,6.4,1.7,10.7,0,1.6,53.1,6.4,9.87,6.8
133,措傈,2017-11-30,-.3,-3.8,5,,1.9,42.5,8.3,12.2,2.3
133,措傈,2017-12-01,-.6,-6.5,4.4,,1.3,38.3,8.9,12.86,2
133,措傈,2017-12-02,2,-2.5,7.6,,.8,56.1,6.8,9.1,4.9
133,措傈,2017-12-03,5.6,-1.1,12.8,0,.9,75,4.2,7.96,7.5
133,措傈,2017-12-04,2.3,-2.5,5.9,0,2.2,62.8,7.4,11.67,5
133,措傈,2017-12-05,-3.2,-7.6,1.8,,1.3,51.6,8.8,12.09,1.3
133,措傈,2017-12-06,1.5,-4.7,7,2.5,1,78.6,5.6,8.79,5.3
133,措傈,2017-12-07,3.2,-.5,7.5,2,1.4,75.5,3.3,6.8,8
133,措傈,2017-12-08,-1.7,-4.1,2.6,,1.8,55.3,8.6,11.36,2.9
133,措傈,2017-12-09,1.2,-1.6,4.8,0,.9,73.5,1.9,6.31,7.6
133,措傈,2017-12-10,3.1,-1,8.1,3,1.7,83.6,2.3,4.91,6.8
133,措傈,2017-12-11,-4.2,-8.2,0,.6,2.1,70.5,2.4,6.19,4.8
133,措傈,2017-12-12,-6.9,-11.4,-2,,1.5,61.1,8.8,12.03,.3
133,措傈,2017-12-13,-5.9,-9.9,.5,,1.4,55.3,8.8,12.15,0
133,措傈,2017-12-14,-4.9,-11,.8,,.8,60,5.7,9.12,4.8
133,措傈,2017-12-15,-1.3,-8.1,3.6,,1,50.5,5.7,8.75,7.4
133,措傈,2017-12-16,-2.1,-5.7,2.1,0,2.1,53.6,6.9,9.76,4.6
133,措傈,2017-12-17,-5.1,-9.4,.4,,1.1,57,8.6,11.58,.8
133,措傈,2017-12-18,1,-6.4,7,0,1.7,68.1,7,9.51,5.5
133,措傈,2017-12-19,-2.1,-5.7,3.6,.5,1.7,56,6.2,9.32,3.5
133,措傈,2017-12-20,-1.3,-8.3,5.6,1.8,1.1,74.6,6.6,10.07,4.9
133,措傈,2017-12-21,-.6,-3.9,4.5,,.9,77.3,8.1,7.42,2.5
133,措傈,2017-12-22,1.9,-3.9,9.1,,.9,74.8,5.3,5.05,4.3
133,措傈,2017-12-23,3.9,-1.1,11.5,,.7,81.3,5.7,4.39,
133,措傈,2017-12-24,3.2,.7,6,21.4,1.6,90.5,0,.37,8.4
133,措傈,2017-12-25,-.2,-2.8,3.2,,2.3,56,8.6,7.64,2.1
133,措傈,2017-12-26,-1.1,-5.1,3.4,.3,2.2,64.9,5.5,4.31,3.6
133,措傈,2017-12-27,-5.1,-9,.5,,1.5,47.4,8.6,7.67,0
133,措傈,2017-12-28,-1.6,-6.9,3,,.8,57.9,4.2,4.04,7.8
133,措傈,2017-12-29,2.9,-.5,6.2,0,.8,78.9,0,1.47,8.9
133,措傈,2017-12-30,3.5,.1,7.6,.9,.9,80.8,2.7,2.84,7.6
133,措傈,2017-12-31,1.3,-2.2,5.6,.5,1.9,65.8,8.1,6.48,2.8
133,措傈,2018-01-01,-.7,-5.3,4.9,,1,60,8,6.41,.5
133,措傈,2018-01-02,-1,-4.7,4.1,,.9,73.6,.3,2.33,5.1
133,措傈,2018-01-03,-2.4,-6,2.7,,1.4,53.1,8.7,7.38,2.3
133,措傈,2018-01-04,-2.9,-6.3,-.2,,1,55.5,4.9,4.94,7.8
133,措傈,2018-01-05,-.9,-3.7,3.9,,1.1,58.5,7.8,6.46,4.1
133,措傈,2018-01-06,-.7,-5,5.6,,1.1,64.1,8.7,7.38,0
133,措傈,2018-01-07,-1.4,-6.6,2.2,,.8,69.9,.5,1.89,6.9
133,措傈,2018-01-08,1.5,-.1,2.6,3.6,1.1,83,0,1.05,9.8
133,措傈,2018-01-09,-1.5,-3.6,.7,2.5,2.1,79.6,4.1,3.03,9
133,措傈,2018-01-10,-5.1,-9,-1,2.6,1.5,78.6,3.5,4.41,7.3
133,措傈,2018-01-11,-9.3,-12.6,-4.9,0,1.5,75.4,6.5,5.2,4.9
133,措傈,2018-01-12,-8.4,-13.7,-3.9,0,1.3,61.5,8.7,7.86,4.5
133,措傈,2018-01-13,-2.2,-6.4,4.3,.1,.7,75.9,7.2,6.11,4.5
133,措傈,2018-01-14,-.4,-7.3,7,,.9,79,6.7,6.95,3.6
133,措傈,2018-01-15,5.5,.8,11,,1.2,75,7.5,6.4,5.6
133,措傈,2018-01-16,3.6,.2,7.4,3.1,.9,87.5,0,1.47,9.5
133,措傈,2018-01-17,4.2,2.5,6,11.2,1,94.3,0,3.64,9.4
133,措傈,2018-01-18,3.7,-.1,7.1,0,1.2,78.8,1.6,7.83,6.9
133,措傈,2018-01-19,.3,-3.6,5.8,,.9,63.3,7.6,10.91,2.4
133,措傈,2018-01-20,.8,-4.8,7.9,,1,72.9,7,9.85,3.8
133,措傈,2018-01-21,1.1,-4,6.5,,.9,67.1,6.6,10.29,4.8
133,措傈,2018-01-22,3,-.4,8.3,.8,1.6,63.6,1.2,6.34,9.3
133,措傈,2018-01-23,-7.3,-11.4,-.4,0,2.8,52.8,8.3,7.54,2.3
133,措傈,2018-01-24,-11.7,-15.4,-7.2,,2,48.4,9.1,7.29,.4
133,措傈,2018-01-25,-10.9,-16.3,-5.6,,1.9,51.6,8.2,7.33,3.6
133,措傈,2018-01-26,-11.8,-16.2,-5.1,,1.8,59.4,9.2,8.39,0
133,措傈,2018-01-27,-8.5,-15.6,-1.1,,1,52.6,9.2,8.41,2.8
133,措傈,2018-01-28,-3.5,-7.1,1.6,,1.8,44.1,7,10.56,4.9
133,措傈,2018-01-29,-6.8,-9.5,-2.5,,1.9,52.5,9.2,8.42,2
133,措傈,2018-01-30,-4.4,-11.7,1.7,,1.4,63.6,8.5,11.37,2.3
133,措傈,2018-01-31,-.1,-3.4,3.8,,1.4,52.1,4.4,8.68,7
133,措傈,2018-02-01,-2.1,-6.6,4.1,,1.2,46.8,8.9,10.24,0
133,措傈,2018-02-02,-2.7,-9,4.5,,1,49.1,9.2,12.03,2.6
133,措傈,2018-02-03,-4.7,-8.2,-1.4,0,3,51.9,9.2,10.08,4.5
133,措傈,2018-02-04,-7.3,-11.2,-2.5,0,2,54.4,9.1,9.49,2
133,措傈,2018-02-05,-8.1,-12.5,-2.4,,2.3,52.1,9.1,8.58,.9
133,措傈,2018-02-06,-8.2,-13.2,-3.2,.2,2.1,58.1,9.6,9.72,2.5
133,措傈,2018-02-07,-7.3,-13.9,0,0,1.1,55.6,9.6,10.2,0
133,措傈,2018-02-08,-3.8,-11.2,4.5,,1,51.9,9.4,9.72,0
133,措傈,2018-02-09,1.4,-5.7,9,,1,57.8,5.1,7.77,7.1
133,措傈,2018-02-10,.5,-5.2,6.8,,2.2,55,4.3,6.1,6.4
133,措傈,2018-02-11,-3.7,-7.7,.6,1,2.2,65.3,6.5,6.85,7.1
133,措傈,2018-02-12,-4.8,-9.5,-.4,1.4,1.9,78,4.7,6.75,6.9
133,措傈,2018-02-13,-.8,-6.7,4.4,.9,1.8,66.6,9.8,11.57,.5
133,措傈,2018-02-14,5.6,-.8,11.6,,2.1,70.1,4.8,4.94,6
133,措傈,2018-02-15,.8,-3.2,7.2,,1.4,39,9.1,10.09,5.1
133,措傈,2018-02-16,.4,-5.2,7.5,,1.3,46.5,8.9,9.08,3.3
133,措傈,2018-02-17,-1.1,-4.9,4.1,,1.7,33.1,9.4,11.57,2.9
133,措傈,2018-02-18,-.1,-3.7,4.3,,.8,37.4,.6,4.44,7.8
133,措傈,2018-02-19,2.5,-3.4,8.8,,.9,50.3,8.4,8.54,5.6
133,措傈,2018-02-20,1.9,-3.3,8.1,,1.2,51.5,6.7,8.1,4.5
133,措傈,2018-02-21,-.1,-3.8,5.4,,1.5,33,8.6,9.62,3.4
133,措傈,2018-02-22,.5,-7.3,7.6,0,1.5,50.3,8.7,10.3,2.6
133,措傈,2018-02-23,5.5,.2,10,2,2.3,73.5,5.1,6.51,6
133,措傈,2018-02-24,6,.7,11.8,,1.8,52,5.7,7.74,5.3
133,措傈,2018-02-25,4,-.6,11.1,,1.3,37.1,5.9,8.07,3.9
133,措傈,2018-02-26,4,-4.2,13,,1.2,40.4,10.5,12.46,.3
133,措傈,2018-02-27,6.3,-1.9,13.1,,1.2,40.9,6.1,8.33,5.8
133,措傈,2018-02-28,5.3,1.4,9.9,35,2.9,76,0,.76,9.8
133,措傈,2018-03-01,2,-3.2,4.8,1,2.8,66.1,9.1,18.58,5.5
133,措傈,2018-03-02,1.1,-6.2,8.7,,1.1,45.4,10.6,19.68,.3
133,措傈,2018-03-03,8.6,-1.7,18.7,,1.1,50.1,9.2,18.89,3.5
133,措傈,2018-03-04,15.1,9.5,23.1,11.5,1.4,68.5,5.7,15.94,7.6
133,措傈,2018-03-05,6.6,3.3,14.5,18.6,2.2,89.3,0,4.88,8.9
133,措傈,2018-03-06,5.6,-.4,12.5,,1.2,65.6,10.7,21.01,1.5
133,措傈,2018-03-07,6.1,3.2,10.2,4,4,69.5,2.8,12.51,7.8
133,措傈,2018-03-08,2.9,.6,6.2,12.5,1.1,92.3,.1,3.98,9.3
133,措傈,2018-03-09,3.3,.5,6.4,,1.1,78.9,.8,7.05,6.3
133,措傈,2018-03-10,4.1,-1.2,11.5,,1.8,69.8,8.3,19.81,2.4
133,措傈,2018-03-11,7.7,2.2,14.8,,1.2,65.1,8.5,19.7,3.3
133,措傈,2018-03-12,8.6,.1,17.6,,1.3,59.8,10.3,20.14,0
133,措傈,2018-03-13,12.4,2.9,20.8,,1.6,64.9,8.9,18.92,3.6
133,措傈,2018-03-14,16.3,7.9,24.2,,1.4,64.1,10.8,21.29,2.4
133,措傈,2018-03-15,13.7,10.6,15.8,16.6,.9,95.3,0,2.3,10
133,措傈,2018-03-16,6.6,3.1,10.8,.1,3.3,71.8,4.1,14.85,6.1
133,措傈,2018-03-17,7.6,.4,14.8,,2.1,60.6,10.8,22.24,3.3
133,措傈,2018-03-18,7.8,3,11.4,8,.7,84.3,0,6.47,8.9
133,措傈,2018-03-19,8.3,5.5,11.1,22,2.7,89.6,0,2.91,10
133,措傈,2018-03-20,5.9,2.8,10.3,,5.7,52.5,3.5,15.09,9.3
133,措傈,2018-03-21,1.2,-.3,2.9,13.5,1.7,94.5,0,4.75,10
133,措傈,2018-03-22,5.2,.5,12.2,.6,1.5,76.4,10,22.38,3
133,措傈,2018-03-23,6.3,-1,13.9,,1.4,65.8,10.8,23.25,1.5
133,措傈,2018-03-24,8.4,1.7,15.1,,1.6,68.5,7.5,18.5,.6
133,措傈,2018-03-25,10.9,4.4,19.5,,1.2,70.8,8.5,21.53,3.8
133,措傈,2018-03-26,12.4,3.9,20.5,,1.2,69.9,10.5,23.01,.6
133,措傈,2018-03-27,13.9,6.3,21.5,,1.9,67.4,10.2,21.9,0
133,措傈,2018-03-28,15.1,8.3,22,,1.8,66.4,10.1,22.37,1.4
133,措傈,2018-03-29,16,10.7,21.5,,1.1,72.6,2.4,15.09,6.3
133,措傈,2018-03-30,15.6,10.4,21.6,,2.9,53.4,8.7,18.5,1.4
133,措傈,2018-03-31,15.9,9.2,23.1,,1.5,58.6,9.7,14.39,1.4
133,措傈,2018-04-01,16,10.3,20.6,,1.3,72.6,.5,4.3,7.1
133,措傈,2018-04-02,18.3,11.5,25.1,,1.4,70.4,10.3,14.24,.5
133,措傈,2018-04-03,19.1,13.2,25.7,,1.2,69.9,7.1,10.89,5
133,措傈,2018-04-04,13.2,9.4,18.2,21.1,2.4,88.6,.5,2.33,10
133,措傈,2018-04-05,8.2,7.4,9.4,18.6,3.3,95.4,0,.98,10
133,措傈,2018-04-06,7.8,3.5,13.4,18.8,2.3,75.4,6.3,19.76,8.1
133,措傈,2018-04-07,5,2.6,9.4,,3.4,45.6,9.2,21.08,4.9
133,措傈,2018-04-08,8.2,.8,13.4,,2.8,58.3,7.9,21.28,4.6
133,措傈,2018-04-09,11.9,5.5,18.7,,1.3,57.3,10.9,25.58,2.8
133,措傈,2018-04-10,16.2,5.3,24.2,.3,3.4,58.9,9.2,23.04,4.9
133,措傈,2018-04-11,15.6,10.5,21.4,14.6,2.6,52.1,11.3,26.93,3.4
133,措傈,2018-04-12,13.9,6,22.2,,1.7,42.8,11.9,25.78,2.6
133,措傈,2018-04-13,13.2,5.9,18.6,0,2.9,41.8,.9,11.75,8.4
133,措傈,2018-04-14,9,7.2,13,36.7,2.1,87.8,0,2.84,9.1
133,措傈,2018-04-15,10.2,5.8,16.5,,2,70.5,9.2,21.88,3.3
133,措傈,2018-04-16,11.6,3.3,18.9,,1.3,63.6,10.9,26.77,4.1
133,措傈,2018-04-17,14.1,8.1,20.8,,1.2,55.9,10.1,25.44,3.4
133,措傈,2018-04-18,13.6,6,22,,1.4,53.5,11.9,27.85,0
133,措傈,2018-04-19,14.6,5.1,23.3,,1.8,46.5,11.8,27.44,0
133,措傈,2018-04-20,19.2,9.1,29.9,,1.3,49.4,11.4,22.08,0
133,措傈,2018-04-21,19.7,11,30,,1.5,50.3,11.8,18.41,1.9
133,措傈,2018-04-22,16.3,12.9,21.6,2.7,2.4,75.6,1.5,3.98,9.3
133,措傈,2018-04-23,11.4,10.7,15.1,38.9,3,94.4,0,1.07,10
133,措傈,2018-04-24,12.1,10.4,13.8,3.6,1.8,83.4,0,6.13,9.4
133,措傈,2018-04-25,14.1,5.4,22.5,,1.1,51.8,12.6,29.7,0
133,措傈,2018-04-26,15.5,7.2,23.9,,1.3,57.6,11.1,25.05,3.5
133,措傈,2018-04-27,16.2,9.2,23.3,,1.7,60.6,11.4,22.65,0
133,措傈,2018-04-28,15.9,9.6,23.1,,1.8,57.1,12.3,20.25,0
133,措傈,2018-04-29,16.4,6.3,25.4,,1.6,51.3,12.1,17.7,3.8
133,措傈,2018-04-30,20.3,13.4,27,,1.2,67,9.9,16.7,6
133,措傈,2018-05-01,21.5,17.2,26.5,,1.1,75.1,4.7,17.99,9.4
133,措傈,2018-05-02,17.8,11.3,23.4,7,1.6,83.6,1.2,10.35,9.5
133,措傈,2018-05-03,12.5,9,17.1,,2.9,62.4,9.6,24.18,3.1
133,措傈,2018-05-04,15.3,7.8,22.3,,2.9,45.3,12.6,30.76,0
133,措傈,2018-05-05,19.5,12.4,25.3,,2.6,42.1,10.2,23.95,5.9
133,措傈,2018-05-06,16.3,14.9,20,20.5,.9,96.6,0,3.73,10
133,措傈,2018-05-07,17.4,14.8,21.7,4,1,89.5,2.5,11.07,6.9
133,措傈,2018-05-08,16.5,12.7,22.2,,3.5,69.8,7.1,23.37,5.5
133,措傈,2018-05-09,16.1,9.4,22.5,,1.8,60.3,12.1,30.29,.3
133,措傈,2018-05-10,16.7,11.2,23.6,,2,66,11.4,28.58,1.1
133,措傈,2018-05-11,17.3,11.2,23.9,,1.4,58.8,9.6,28.97,7.8
133,措傈,2018-05-12,15.5,12.6,18,23.4,.9,95,0,2.93,10
133,措傈,2018-05-13,17.8,14.9,22.4,2.3,1.5,85.5,5.6,18.36,5.3
133,措傈,2018-05-14,19.6,13.6,26.6,,1.3,74.3,8.7,25.33,4.5
133,措傈,2018-05-15,23.1,15.2,29.5,0,.9,71.8,6.9,22.21,7.4
133,措傈,2018-05-16,25.3,22.6,27.1,0,2.4,82.3,0,4.96,9.8
133,措傈,2018-05-17,26.3,24.6,31,.2,1.6,79.1,2.3,14.78,9.5
133,措傈,2018-05-18,20.1,15.7,25,9.9,1.8,94.9,.1,6.48,10
133,措傈,2018-05-19,17.6,13.9,21.5,,3.5,65.5,11.7,31.72,3.4
133,措傈,2018-05-20,16.8,10.8,22.6,,3.2,51,7.9,21.91,3.6
133,措傈,2018-05-21,17.5,12.1,22.4,,3.1,68.9,10,27.26,4.8
133,措傈,2018-05-22,18.8,13.8,24.9,6.2,1,80.3,5.9,18.58,7.6
133,措傈,2018-05-23,18.9,14.7,23.6,22.4,1.8,62.9,11.6,31.52,2.8
133,措傈,2018-05-24,18.9,10.8,26.4,,1.9,54.6,12.3,30.62,1.3
133,措傈,2018-05-25,19.6,11.4,26.3,,1.1,55,9.3,26.32,5.6
133,措傈,2018-05-26,21.8,12.9,30.5,,1.2,59.1,13,30.97,.9
133,措傈,2018-05-27,20.9,17.1,26,,1,66.1,.9,14.95,8.3
133,措傈,2018-05-28,23,15.5,30.5,,1.3,64.1,10.9,29.34,4.9
133,措傈,2018-05-29,23.6,18.5,28.9,,1.1,71.3,8.1,23.61,7
133,措傈,2018-05-30,22.4,18.3,27.5,0,1.4,77.3,7,18.86,6.6
133,措傈,2018-05-31,20.9,14.6,26.7,,1.3,66,13.2,31.62,1.6
133,措傈,2018-06-01,23.4,15.9,31.1,,1.2,58.4,13.5,31.31,0
133,措傈,2018-06-02,23.4,15.8,31.5,,1.3,50.1,13,31.34,2.6
133,措傈,2018-06-03,23.6,15.8,31.1,,1.2,48.1,11.8,29.59,3.5
133,措傈,2018-06-04,23.5,18.1,29.3,0,1.5,56.6,7.8,24.41,7.5
133,措傈,2018-06-05,23.9,19.3,28.7,.1,1.2,65,7.8,22.4,7.5
133,措傈,2018-06-06,24.6,18.7,30.7,,1.1,67.8,11.2,29.55,2
133,措傈,2018-06-07,24.6,20.5,30.6,,1,71,8.3,25.12,4
133,措傈,2018-06-08,22.5,19.5,27.7,,1.3,74.1,7,22.59,4.6
133,措傈,2018-06-09,23.1,17.6,29,.7,3,68.8,8.3,26.41,4.4
133,措傈,2018-06-10,21.6,18.5,25.8,0,3.6,66.8,8.5,25.36,8.3
133,措傈,2018-06-11,20.4,18.1,23.7,0,2.4,71.4,1.1,13.74,9.5
133,措傈,2018-06-12,21.2,18.3,25.2,.1,1.4,77.3,4.1,15.89,5.9
133,措傈,2018-06-13,22.8,16.5,28.7,,1.8,69.9,7.1,22.09,5
133,措傈,2018-06-14,22.6,19.1,27.9,0,3.5,66.9,5.1,20.97,7.1
133,措傈,2018-06-15,21.5,17,26.4,,3.6,59.8,12.9,31.65,2.8
133,措傈,2018-06-16,22.3,15.9,28.3,,2.8,59.6,13.8,32.63,.4
133,措傈,2018-06-17,23.5,17.4,29.9,,1.2,68.3,6.4,21.09,7.1
133,措傈,2018-06-18,25.7,20.3,32.2,,1.1,64.1,10.3,26.28,5.4
133,措傈,2018-06-19,21.3,19.1,24.7,2.3,1.1,83.3,0,7.52,9.4
133,措傈,2018-06-20,23.4,18.6,29.3,,1.3,74.9,9.4,23.79,6.4
133,措傈,2018-06-21,23.7,18.9,30.1,,1.5,59.4,10.5,28.73,3.5
133,措傈,2018-06-22,25,17.2,32.3,,1.2,53.3,9.1,26.71,7.3
133,措傈,2018-06-23,24.5,20.1,30.4,,1.8,57.4,8.7,24.97,4.9
133,措傈,2018-06-24,26.2,19.4,33.8,,1.5,64.4,11.6,29.14,.6
133,措傈,2018-06-25,26.6,19.3,32.9,,1.1,55.8,5.8,19.9,6.6
133,措傈,2018-06-26,24,21.3,26.9,30.3,1.8,87.6,0,2.61,10
133,措傈,2018-06-27,25.4,22.9,29.9,50.4,2.2,84,8.3,25.92,7
133,措傈,2018-06-28,24.4,23.3,26.4,.3,1.6,88.9,.1,7.41,9.9
133,措傈,2018-06-29,25.5,19.8,30.8,9.2,1.6,80.1,9.9,25.21,6
133,措傈,2018-06-30,24.9,22.5,28.6,22.4,1.4,87.5,.9,9.43,9.3
133,措傈,2018-07-01,22,20.5,25.4,119.9,1.5,96.4,0,5.6,9.9
133,措傈,2018-07-02,22.8,21,24.4,43.9,1,97.6,.2,5.7,9.9
133,措傈,2018-07-03,25.5,22.4,28.6,0,2,84.9,3.8,16.04,7
133,措傈,2018-07-04,26.6,23.4,30.6,,1.6,82,8.1,21.51,6.4
133,措傈,2018-07-05,25.5,23.2,30.7,19.4,1.2,88,3.7,15.04,8.8
133,措傈,2018-07-06,22.2,20.6,24.5,6.8,2.4,87.1,1,10.21,8.6
133,措傈,2018-07-07,23,18.9,27.6,,3.2,69.9,11.3,30.23,4.1
133,措傈,2018-07-08,22.3,17.5,26,,3.2,73.3,5.4,22.25,7.5
133,措傈,2018-07-09,20.5,19.3,21.8,35.5,2.7,92.1,0,3.94,9.8
133,措傈,2018-07-10,26.2,20.5,31.6,,1.7,80,5.9,20.5,7.8
133,措傈,2018-07-11,28.4,24.4,32.9,.2,.9,81.9,5.3,21.62,6.9
133,措傈,2018-07-12,29,25.8,32.9,,1.4,77.3,10.2,24.32,7
133,措傈,2018-07-13,28.8,26.1,32.5,,1.1,76.3,7.5,19.03,5.5
133,措傈,2018-07-14,28.7,25.4,32.9,,1.2,74.6,10,24.65,4.3
133,措傈,2018-07-15,29.4,24.7,34.4,,1,73.3,13.4,29.86,2
133,措傈,2018-07-16,29.7,25.7,34.3,,1.1,71,11.5,26.1,4.4
133,措傈,2018-07-17,29,25.4,33.5,,1.5,70.1,11.2,25.84,1.8
133,措傈,2018-07-18,29,24.8,33,,.9,75.1,9.1,22.79,2.6
133,措傈,2018-07-19,29.2,24.8,34.7,,1,70.6,11.1,27.28,1.9
133,措傈,2018-07-20,29.9,23.7,35.3,,.8,71.9,11.6,25.01,.8
133,措傈,2018-07-21,30.8,25.6,36.3,,.9,68.3,11.4,27.66,.6
133,措傈,2018-07-22,30.9,25.6,36.5,,.9,68.5,8.5,19.56,5.8
133,措傈,2018-07-23,30.8,26.5,35.3,,1,68.9,10.3,24.03,5.6
133,措傈,2018-07-24,31.3,26.2,36.3,,1.1,70.8,10.6,22.72,3.5
133,措傈,2018-07-25,30.6,27.5,34.4,,1.8,73,9.9,21.9,4.9
133,措傈,2018-07-26,30.7,26.2,35.5,,1.1,72.4,9.3,23.9,2.9
133,措傈,2018-07-27,31.2,26.2,37.3,,1.1,71.4,11.1,28.15,1.1
133,措傈,2018-07-28,29.5,26.4,37.3,1.2,1,80.9,8.3,22.65,3.9
133,措傈,2018-07-29,30.1,25.5,35.4,,1.7,69.5,11.5,24.27,2.5
133,措傈,2018-07-30,30.5,26,35.8,,2.4,66.5,10.2,23.95,3.9
133,措傈,2018-07-31,31.4,25.4,37.2,,2.1,62.5,13.4,29.89,.9
133,措傈,2018-08-01,32.9,26.3,38.9,,1.6,58.3,13.3,29.75,0
133,措傈,2018-08-02,33.4,27.6,38.6,,1.9,56.3,13,29.5,1.4
133,措傈,2018-08-03,32.8,27.5,37.8,0,1.4,61.5,8.5,22.12,2.6
133,措傈,2018-08-04,31.3,28,35.7,,1.4,69,7.8,20.93,3.8
133,措傈,2018-08-05,30.6,26.8,35,,1.6,73.3,8.6,22.71,4.9
133,措傈,2018-08-06,30.8,27,35.7,,1.2,74.5,7.1,20.51,6
133,措傈,2018-08-07,31.5,27.6,36.7,,1.8,72,8,21.92,4
133,措傈,2018-08-08,31.2,27.9,36.4,,1.3,67.1,9.7,23.62,5.8
133,措傈,2018-08-09,30.4,26.6,35.7,0,.9,74.4,7.4,19.77,5.1
133,措傈,2018-08-10,30.9,27.5,36.3,,1.7,72.6,7.3,21.19,6
133,措傈,2018-08-11,30,26.9,34.7,,3.4,68.8,7.9,21.23,4.6
133,措傈,2018-08-12,30.1,25.9,35.3,.1,2.4,72.8,7.9,20.8,4.9
133,措傈,2018-08-13,31.2,26.2,38,0,1.2,73.3,9.1,21.87,4.9
133,措傈,2018-08-14,32.3,27.4,38.1,0,1.1,65.1,11.3,24.43,5.9
133,措傈,2018-08-15,32.9,26.8,39.4,,2,57.6,12.4,27.69,4.9
133,措傈,2018-08-16,30,25.8,36.8,,3.4,63.3,9.5,23.42,7.4
133,措傈,2018-08-17,27,23.2,32.5,,4.5,53.6,12.8,27.97,1.1
133,措傈,2018-08-18,26.7,20.4,32.5,,2.1,54.6,12,27.7,1.9
133,措傈,2018-08-19,28.2,21.4,34.7,,1.2,58.6,11.4,26.44,4.6
133,措傈,2018-08-20,29.4,24.2,35.3,,2,61.1,7.7,20.17,4.9
133,措傈,2018-08-21,27.7,25.8,30.7,,1.9,70.1,1.9,11.67,7.1
133,措傈,2018-08-22,30.8,23.7,38.7,,2.9,64.9,9.6,24.78,5.3
133,措傈,2018-08-23,28.8,26.4,32,1.1,4,74.3,.8,8.14,9.8
133,措傈,2018-08-24,25.2,23.7,26.7,20.3,2,90.1,.3,6.25,8.5
133,措傈,2018-08-25,25.1,23.4,27.8,0,1.7,78.1,1,11.46,8.8
133,措傈,2018-08-26,21.3,20.1,24.4,78.2,1.3,92.6,.1,6.33,10
133,措傈,2018-08-27,23.6,20.4,25.6,53,1.2,97.9,0,4,9.9
133,措傈,2018-08-28,26.1,23.9,29.3,140,1.4,92.4,1.3,8.97,8.6
133,措傈,2018-08-29,27.7,23.9,32.2,,1.6,80.8,7.5,23.05,6.9
133,措傈,2018-08-30,25.9,24.4,28.8,73.3,1.4,93.9,2.4,11.41,9.3
133,措傈,2018-08-31,22.2,19.5,25.7,42.6,1,93.8,2.9,9.79,8.4
133,措傈,2018-09-01,24.4,20.6,29.5,,2.4,77.9,10.7,22.97,3
133,措傈,2018-09-02,24,19.2,29,,2.7,75,6.1,17.34,7.1
133,措傈,2018-09-03,24.4,22.6,29.8,89.8,1.6,89.6,1.6,10.93,9.8
133,措傈,2018-09-04,23.9,21,28.2,18.9,1.8,80.9,9.5,22.59,3.6
133,措傈,2018-09-05,23.9,19.2,28.6,,1.8,68.9,11.8,24.19,1.4
133,措傈,2018-09-06,23.7,20.8,27,0,1.8,76.8,1.6,12.19,8.4
133,措傈,2018-09-07,22,18.9,25.7,.9,1.8,76.5,4.6,14.62,8.5
133,措傈,2018-09-08,20.8,14.6,26.7,,1.2,68.9,11.1,25.04,1.4
133,措傈,2018-09-09,21.9,15.8,28.2,,.9,68.8,11.9,23.25,.5
133,措傈,2018-09-10,22.1,17.6,27.5,,2.4,64,11.2,21.6,1.6
133,措傈,2018-09-11,20.7,15.9,24.9,,2.7,64.9,6.7,18.65,5
133,措傈,2018-09-12,22.3,15.5,28,,1.7,71.9,10.1,22.46,4.3
133,措傈,2018-09-13,21.6,20.3,24.4,.1,2,82.5,.7,7.15,8.9
133,措傈,2018-09-14,21.9,20.1,23.1,6.4,1.2,90.5,0,5.41,9
133,措傈,2018-09-15,22.6,21.1,24.2,.2,1.3,90.3,0,6.03,9.9
133,措傈,2018-09-16,22.6,20.8,25.5,,.5,88.4,.3,7.48,9.6
133,措傈,2018-09-17,22.7,19.3,27.7,,.8,76.9,9.6,21.01,5.6
133,措傈,2018-09-18,21.8,16.5,28.1,,1,66.6,10.8,22.75,2.9
133,措傈,2018-09-19,21.4,17.1,25.3,,.6,74,.3,10.24,9.3
133,措傈,2018-09-20,21,19.1,22,.2,1.8,85.4,0,4,9.9
133,措傈,2018-09-21,19.7,18.9,20.8,32.9,1.1,95.6,0,4.81,9.6
133,措傈,2018-09-22,20.9,16.3,26.1,,1.3,78.1,9.9,20.65,4.1
133,措傈,2018-09-23,18.9,14.9,25.3,,1.2,73.5,7.8,16.29,5.8
133,措傈,2018-09-24,16.9,13,22.7,,1.1,70.8,8.6,18.86,4.9
133,措傈,2018-09-25,17.4,9.9,24.1,,1.6,69,11.4,23.3,2.4
133,措傈,2018-09-26,18.7,15.4,23.5,,2.1,67.9,5.7,15.25,4.9
133,措傈,2018-09-27,18.6,12.6,24.7,,1.7,65.8,11.4,22.29,.9
133,措傈,2018-09-28,17.6,13,21,0,1.5,75.8,2.1,8.93,6
133,措傈,2018-09-29,20,13.7,25.8,,1.7,72.5,10.6,22.11,3.9
133,措傈,2018-09-30,18.6,14.6,24.8,,1.9,64.6,10.6,19.74,2.3
133,措傈,2018-10-01,15.5,12,19.6,1.7,1.9,73.6,5.1,14.3,7
133,措傈,2018-10-02,15.8,10.6,22.1,,1,73.8,10,17.78,1.8
133,措傈,2018-10-03,16,10.1,22.9,,.9,75.4,11,21.58,1.3
133,措傈,2018-10-04,19.1,11.8,25.6,,2.2,70.8,9.6,19.11,5.8
133,措傈,2018-10-05,17.8,16.4,19.7,60,1.2,97.1,0,2.45,10
133,措傈,2018-10-06,17.9,17.1,20.5,35.5,2.8,94,1,5.61,8.5
133,措傈,2018-10-07,17.2,12.3,23.2,,1,77.1,10.2,18.18,1.1
133,措傈,2018-10-08,13.8,9,20.4,,.9,72.4,8.1,17.41,3.6
133,措傈,2018-10-09,14.8,10.2,19.6,,1.1,76.6,1.2,10.43,8.9
133,措傈,2018-10-10,13.9,8.4,17.6,0,2.3,64.8,7.6,16.24,5.6
133,措傈,2018-10-11,10.7,5.8,15.9,,1.4,66.6,8.1,15.65,4.3
133,措傈,2018-10-12,10.8,5.2,17.5,,.7,69.6,10.7,19.87,0
133,措傈,2018-10-13,11.7,4.9,19.6,,.9,74.8,10.5,19.2,.5
133,措傈,2018-10-14,13.2,6.9,19.7,,.8,73,9.8,17.7,4
133,措傈,2018-10-15,14.2,8.1,20.7,,.7,80.4,9,15.17,3
133,措傈,2018-10-16,13,10.3,17.4,,.6,84.8,1.1,8.1,7.6
133,措傈,2018-10-17,12.5,7.7,19.6,,1,70.5,10.1,17.76,0
133,措傈,2018-10-18,11.6,5.5,18.3,1,1.3,76.6,9.6,16.6,2.1
133,措傈,2018-10-19,12.2,7.5,18.6,,.9,74.3,10.3,18.59,.1
133,措傈,2018-10-20,12.1,5.6,20.7,,.8,72.1,10.3,18.01,1.5
133,措傈,2018-10-21,12.1,5.4,21,,.9,69.1,10.1,17.68,.9
133,措傈,2018-10-22,13.4,8.1,21,,.8,72.8,5.8,13.11,7
133,措傈,2018-10-23,12.7,8.4,19.6,.4,1.1,85.3,5.1,10.39,5.6
133,措傈,2018-10-24,12.6,7.6,19.3,,.8,76.5,9.9,17.37,.6
133,措傈,2018-10-25,12.8,6.7,21.5,,.8,74.5,7.7,15.56,3.6
133,措傈,2018-10-26,11.6,10.2,13.4,21.7,1,89.1,0,1.41,8.8
133,措傈,2018-10-27,10.3,6.1,14.2,.2,2.5,65.8,6.4,11.49,5.4
133,措傈,2018-10-28,9.4,6,16.3,13.2,1.8,85.4,4.1,6.2,3.4
133,措傈,2018-10-29,9.1,6.3,14,.2,1.2,82.4,3.2,7.29,5.9
133,措傈,2018-10-30,6.8,1.5,12.8,,1.2,69.5,10,16.86,.8
133,措傈,2018-10-31,8.1,3.8,14.5,0,1.2,71.1,8.6,15.93,2.3
133,措傈,2018-11-01,7.7,1.4,15.9,,1,71,9.9,15.88,0
133,措傈,2018-11-02,9.2,1.8,18.5,,.9,69.8,9.9,15.94,0
133,措傈,2018-11-03,10,3,19.1,,.8,68.6,9.7,15.1,1.4
133,措傈,2018-11-04,10.2,3.7,18.8,,.9,70.6,9.6,14.99,2.6
133,措傈,2018-11-05,10.5,4,17.8,,.8,72.5,9.3,13.12,3.5
133,措傈,2018-11-06,11.5,5.2,19.4,,.7,74.6,6.3,11.49,3.5
133,措傈,2018-11-07,12.6,11,14,1.2,.3,92.8,0,2.58,10
133,措傈,2018-11-08,14,12.5,16.5,37.1,1.6,96.4,0,1.04,9.9
133,措傈,2018-11-09,11.6,7.9,14.9,1,1.7,80.6,1.9,5.37,6.1
133,措傈,2018-11-10,11.1,6.3,17.4,,1,84.8,6.3,9.82,3.5
133,措傈,2018-11-11,9.5,6.7,11.6,0,.6,91.3,0,3.38,8.8
133,措傈,2018-11-12,8.8,4.6,14.7,,1,66.5,9.3,13.92,1.1
133,措傈,2018-11-13,8.3,3,15.5,,.9,74.8,6.3,11.77,3.5
133,措傈,2018-11-14,9,3.3,16.8,,.8,74.8,9.3,13.69,.5
133,措傈,2018-11-15,9.1,3.3,16.6,,.7,76.6,9,11.45,3.8
133,措傈,2018-11-16,9.7,6.2,14.2,,.8,76.3,1.1,6.39,8
133,措傈,2018-11-17,6.8,2.2,13,,1.2,59.9,9.1,13.4,3.4
133,措傈,2018-11-18,5.5,.8,11.3,,.7,66.5,3.2,6.9,6.6
133,措傈,2018-11-19,8.6,2.8,14.7,,1,64.1,8.4,12.78,4.3
133,措傈,2018-11-20,6.2,.5,14,,.9,50.1,9,12.88,.3
133,措傈,2018-11-21,4.6,1.8,11.1,.4,1.2,74.3,.9,4.65,9.3
133,措傈,2018-11-22,3.8,-.9,9.3,,1.5,59.8,9,13.43,1.1
133,措傈,2018-11-23,2.4,-2.3,8.2,,1.1,52.6,8.2,12.28,1.8
133,措傈,2018-11-24,3.9,0,6.7,10.1,.8,85.4,.2,3.11,8.8
133,措傈,2018-11-25,6.9,3.7,11.4,,.6,83.5,3.1,7.9,5.9
133,措傈,2018-11-26,6.1,1.2,14.4,,.7,82.5,5.7,10.48,2.5
133,措傈,2018-11-27,7.7,.4,14.2,,.9,82.6,6.1,8.62,3.9
133,措傈,2018-11-28,5.2,1.5,10.7,,.9,43.4,4,7.51,4.6
133,措傈,2018-11-29,4.7,-.7,9.4,,.8,55.5,3.6,5.95,4.9
133,措傈,2018-11-30,5.7,1.4,11.6,,.8,59.4,8.7,11.48,1.6
133,措傈,2018-12-01,5.2,1,12.1,,.8,69.3,4.9,8.55,6.3
133,措傈,2018-12-02,8,.6,15,,.8,73.6,6,8.59,6
133,措傈,2018-12-03,12.6,9.3,15,10.6,.8,94.4,0,1.92,9.9
133,措傈,2018-12-04,9.5,3.3,14.6,16.8,1.8,84.4,1.5,4.77,7.9
133,措傈,2018-12-05,1.5,-2.7,5.3,,1.2,59.5,5.6,9.22,6.1
133,措傈,2018-12-06,2.7,.5,5.7,1.3,1.2,78.3,2.3,5.56,9.3
133,措傈,2018-12-07,-3.7,-7.1,2.4,0,2.9,56.9,7.9,10.44,4.4
133,措傈,2018-12-08,-6.6,-9.9,-2.3,,1.4,58.1,7.6,9.22,1.8
133,措傈,2018-12-09,-5.8,-11,-.5,,1.2,44.5,8.5,12.5,2.3
133,措傈,2018-12-10,-2.8,-8.7,4.1,,.9,44.8,8.7,11.7,1.4
133,措傈,2018-12-11,-.8,-2.8,.4,3,.5,76.6,0,1.64,9
133,措傈,2018-12-12,-1.2,-4.5,4,,1.2,63.1,8.6,9.68,.8
133,措傈,2018-12-13,-.8,-5.6,6.1,.1,1.6,71.6,4,7.39,4.6
133,措傈,2018-12-14,-2.7,-6.5,2.6,,1.2,59.9,8.8,11.63,.5
133,措傈,2018-12-15,-2.5,-8.2,4.3,,.8,60.6,7.5,11.38,2.1
133,措傈,2018-12-16,.7,-3.6,6.3,0,.8,70.5,3,6.84,7.6
133,措傈,2018-12-17,3.6,.5,7.8,.1,1.6,68.1,7.2,10.18,3.5
133,措傈,2018-12-18,2.9,-2.3,8.9,,1,70.1,7,9.52,4
133,措傈,2018-12-19,6.7,1.6,12.2,1.8,1.2,69,7.1,9.35,6
133,措傈,2018-12-20,4.2,0,10,,.6,67.3,3.6,6.8,4.8
133,措傈,2018-12-21,4.6,-2.6,10,,.7,70,4.2,6.34,4.8
133,措傈,2018-12-22,6.6,.8,13.8,,.8,67.4,8,9.99,4.3
133,措傈,2018-12-23,5.4,-.7,10.6,0,2,51.1,8.3,11.08,2.5
133,措傈,2018-12-24,-.9,-4.9,4.2,,1,54.6,8.6,11.51,.5
133,措傈,2018-12-25,-.3,-5.7,4.7,,.7,66.9,1.8,5.68,7
133,措傈,2018-12-26,1.7,-1.5,5.9,0,1.8,51.3,7.4,10.06,6.5
133,措傈,2018-12-27,-5.9,-8.4,-1.5,,2.7,40.5,8.8,11.98,1.9
133,措傈,2018-12-28,-8.6,-11.1,-4,0,1.5,63.3,7.2,10.62,2.3
133,措傈,2018-12-29,-6.1,-10.7,-.7,0,1.7,54.6,8.7,11.7,1.5
133,措傈,2018-12-30,-5.4,-10.4,.2,0,.9,51.6,8.7,12.15,2.3
133,措傈,2018-12-31,-4.7,-10.7,2.5,,.9,56.4,8.8,11.98,1.6
133,措傈,2019-01-01,-2.7,-6.1,.7,.1,1.3,69.8,2.1,5.67,7.1
133,措傈,2019-01-02,-3.3,-8.4,2.9,,1.2,64.1,8.7,11.86,0
133,措傈,2019-01-03,-2.7,-8.5,4.3,,.8,55.8,8.8,11.97,0
133,措傈,2019-01-04,-1.6,-8.1,4.2,,.8,61.8,3.8,6.68,5.4
133,措傈,2019-01-05,-.7,-4.8,4.5,,1.2,52.8,7.8,10.48,3.8
133,措傈,2019-01-06,-1.9,-7.1,5.4,,1,52.5,7.8,11.22,2.6
133,措傈,2019-01-07,-1.2,-6.9,5.6,,1,66.6,7.9,10.43,3.6
133,措傈,2019-01-08,-1.5,-5,3.9,,1.9,54.1,8.5,11,2.8
133,措傈,2019-01-09,-3.4,-8.6,2.3,,1,41.9,6.9,9.84,4.1
133,措傈,2019-01-10,-1.1,-3.2,2,,.8,58.3,0,4.02,7.8
133,措傈,2019-01-11,2.8,-3,8.4,,.8,63.5,4.8,9.35,6.5
133,措傈,2019-01-12,4.5,1.8,8.8,.5,1,69.8,5.3,8.47,7.5
133,措傈,2019-01-13,1.8,-2.8,8.4,,.7,66.6,8.4,11.06,0
133,措傈,2019-01-14,1.7,-1.6,6.1,,.8,72.5,4.5,8.33,7.1
133,措傈,2019-01-15,-.1,-4.9,5.6,.3,1.9,72.5,3.4,5.83,6.6
133,措傈,2019-01-16,-3.8,-8.5,1.3,,1.3,56.8,7.8,12.48,3.5
133,措傈,2019-01-17,0,-2.5,4.5,0,1.4,72.9,2.6,5.17,5.4
133,措傈,2019-01-18,.8,-4.8,8,,.8,70.8,7.8,11.13,3.3
133,措傈,2019-01-19,3.2,-1.9,7.6,,.6,66.6,4,8.18,7.9
133,措傈,2019-01-20,1.3,-2.8,4.2,0,2.5,51.1,8.8,13.13,2.1
133,措傈,2019-01-21,.2,-6.2,6.8,,1.5,62.8,7.4,10.71,1.8
133,措傈,2019-01-22,3.3,-1.6,8.7,,1.3,65.8,8.5,11.78,1.8
133,措傈,2019-01-23,2.8,-1.5,9.5,,1.5,57.6,8.5,11.3,.3
133,措傈,2019-01-24,.9,-5.6,8.7,,1,42.9,9.3,13.73,0
133,措傈,2019-01-25,-.9,-4.5,5.3,,1.8,48.5,8,10.73,1.6
133,措傈,2019-01-26,-2.3,-6.4,4,,1.7,41.5,9.4,14.13,0
133,措傈,2019-01-27,-.4,-8.3,7.3,,1.2,59,9.4,14.29,1.8
133,措傈,2019-01-28,2.3,-2.3,6.6,.8,2.2,61.1,8.4,12.31,3
133,措傈,2019-01-29,.1,-6.9,8.3,,.8,50,9.4,14.34,1.6
133,措傈,2019-01-30,2.7,-4,9.1,,1.1,55.8,6.5,11.81,5.9
133,措傈,2019-01-31,.6,-4.7,3.6,0,1.7,55.4,2.8,5.96,7.1
133,措傈,2019-02-01,-1.2,-6.7,3.9,,1.4,65.6,7.3,12.23,3
133,措傈,2019-02-02,1.7,-4.9,8.8,0,.8,70.4,4.5,9.95,6.6
133,措傈,2019-02-03,5,3.2,8.7,27.1,1.3,93,0,.75,9.1
133,措傈,2019-02-04,1.3,-2.2,6.5,,1.4,51.5,9.1,14.83,1.6
133,措傈,2019-02-05,3.2,-4.3,12,,.8,50.4,8.3,13.63,3.9
133,措傈,2019-02-06,6.1,-1.2,13.5,,1.3,69,6.2,11.38,7.4
133,措傈,2019-02-07,1.8,-5.1,7.6,0,2.7,56,7,12.59,6.3
133,措傈,2019-02-08,-3.3,-7.5,2.1,,1.4,39.8,8.3,14.5,6.9
133,措傈,2019-02-09,-2.7,-5.3,1.7,,2.1,46.5,9.4,16.2,5.1
133,措傈,2019-02-10,-2.4,-7,2.2,,1.1,36.9,5.2,11.32,8.4
133,措傈,2019-02-11,-1.7,-6.1,4.1,,1.5,47.9,9.7,16.2,0
133,措傈,2019-02-12,-.3,-6.2,5.4,,1,54.6,6,12.18,6
133,措傈,2019-02-13,-.3,-3.9,4.9,,1.7,43.8,9.5,15.06,3
133,措傈,2019-02-14,1.5,-3.3,8.1,,.9,41.1,8.6,15.91,6.3
133,措傈,2019-02-15,1.7,-.6,4.7,0,1.4,59.8,.7,6.93,9.9
133,措傈,2019-02-16,-.7,-3.5,2.8,.1,2.1,64.5,7.6,13.63,5.5
133,措傈,2019-02-17,-.7,-6.5,6.8,,1.3,55.9,10,18.07,.8
133,措傈,2019-02-18,1.9,-4.5,6.8,.1,.8,52.8,4.3,10.72,8.3
133,措傈,2019-02-19,2.2,-.1,4.1,18.8,.9,94.1,0,2.55,8.6
133,措傈,2019-02-20,1.9,-.7,6.1,0,1.2,80.6,2.1,8.57,5.6
133,措傈,2019-02-21,2.1,-3.3,8.5,,.9,72.4,9.4,16.69,3.5
133,措傈,2019-02-22,3.6,-1.5,9.9,,.9,66.1,7.8,13.39,6.8
133,措傈,2019-02-23,5.5,-1.9,14.2,,1.1,58.9,9.1,16.9,3.4
133,措傈,2019-02-24,6.7,-.8,15.1,,1.3,63.4,10.3,17.67,1.8
133,措傈,2019-02-25,5.7,.9,12.9,,1.2,57.6,9.7,16.76,1.9
133,措傈,2019-02-26,5.3,-2.4,12.7,,1.1,46,10.2,18.56,3.6
133,措傈,2019-02-27,6.6,4.2,9.8,.2,.8,65.8,0,4.6,9.5
133,措傈,2019-02-28,6.7,.7,13.4,,1,67.4,6.9,14.96,5.8
133,措傈,2019-03-01,6.1,0,13.7,,1.1,59.5,8.5,17.35,4
133,措傈,2019-03-02,7.4,-.9,16,,1,51.5,7.3,15.8,4.8
133,措傈,2019-03-03,9,1.4,15.5,,.9,50.8,5.6,12.87,6
133,措傈,2019-03-04,10,5.5,16.4,,1.1,52.9,7.3,15.02,3.6
133,措傈,2019-03-05,8.7,2.8,14,,1.1,61.5,4.3,11.58,8.1
133,措傈,2019-03-06,9.7,5.8,15.4,,1.5,58.4,6.3,13.64,5.4
133,措傈,2019-03-07,7.1,3,13.2,,1.4,67.4,6,13.98,3.6
133,措傈,2019-03-08,7,-.6,15.5,,1.1,56.4,10.8,21.39,.6
133,措傈,2019-03-09,8.2,-1.4,17.3,,1.1,41.4,10.1,18.26,6.6
133,措傈,2019-03-10,7.9,3.7,11.3,.1,1.3,60.3,.1,4.39,7.5
133,措傈,2019-03-11,5.7,.6,9.8,.8,1.6,84.3,2.5,9.52,7.8
133,措傈,2019-03-12,4.5,-.3,11.1,.5,2.2,77.6,2.3,7.18,5.6
133,措傈,2019-03-13,3.7,-1.8,9.2,,2.6,44.3,10.7,19.23,1.1
133,措傈,2019-03-14,5.9,-2.6,12.2,,1.6,48.5,8.2,19.66,3.8
133,措傈,2019-03-15,6.9,2,12,1.1,2.4,70.8,6,12.37,6.8
133,措傈,2019-03-16,6,2.1,11.1,,1.5,67.6,7.7,15.29,6.9
133,措傈,2019-03-17,7.3,2.6,14.1,,1.5,55.8,10.4,22.01,2.8
133,措傈,2019-03-18,7.1,-.6,14.5,,1,46,5.9,15.73,7.9
133,措傈,2019-03-19,10.6,1.5,19.6,,1.3,54.5,10.7,19.29,1.1
133,措傈,2019-03-20,10.9,6.3,16.4,17.7,1.1,79.8,.1,6.38,9.3
133,措傈,2019-03-21,8.5,2.7,13.7,2.6,2.6,83.6,1.4,5.99,9.1
133,措傈,2019-03-22,4.4,.3,10.6,,1.9,55.6,10.7,23.89,2.9
133,措傈,2019-03-23,3.2,-1.2,9.7,6.2,2,65.8,9,16.9,2.6
133,措傈,2019-03-24,4.5,-1.9,11.2,,1.7,60.3,11.7,24.8,.6
133,措傈,2019-03-25,7.2,.2,14.4,,1.6,62.3,8.4,19.45,3.3
133,措傈,2019-03-26,11.9,4.3,19.5,,1.7,54.8,9.7,22.91,1.5
133,措傈,2019-03-27,14.3,10.4,21,,2.7,60.6,8.4,17.53,6
133,措傈,2019-03-28,12,7.3,18.1,,1.3,56.1,7.9,19.01,7.5
133,措傈,2019-03-29,11.6,6.2,18.4,,1.3,44.6,8.2,22.28,6.3
133,措傈,2019-03-30,6.1,4.2,10.3,4.7,2,72.5,2.9,8.38,8.1
133,措傈,2019-03-31,5.5,2.8,9.7,0,2.9,47.9,7.8,16.45,5.6
133,措傈,2019-04-01,6.1,.5,11.3,0,2.2,45.1,8.6,18.98,3.3
133,措傈,2019-04-02,6.6,-1.1,14.4,,1.9,40.3,12,26.05,.6
133,措傈,2019-04-03,7.6,-.2,14.9,,1.5,43.3,12.1,25.95,.3
133,措傈,2019-04-04,9.2,1.1,17.3,,2,46.3,11.8,26.02,1.3
133,措傈,2019-04-05,11.6,7.7,18.6,,2.5,53.5,6.9,16.28,3.1
133,措傈,2019-04-06,12.5,2.8,20.6,,1.1,39.8,6.6,18.36,3.6
133,措傈,2019-04-07,14.2,9.3,20.7,.8,1,38.8,5.3,16.57,7.6
133,措傈,2019-04-08,12.6,4.9,19.4,,1.8,34.1,11.1,24.93,2.9
133,措傈,2019-04-09,10.4,5,16.5,31.3,4.4,55.1,2.7,10.31,9.5
133,措傈,2019-04-10,7.9,4.9,10.6,4.9,2.2,76.8,0,8.31,9.6
133,措傈,2019-04-11,10.3,4.3,15.8,,1,65.6,5.7,17.34,6.9
133,措傈,2019-04-12,12.1,5.1,19,,1.5,53,11.7,25.49,2.3
133,措傈,2019-04-13,12.2,4.7,19.9,,1.3,44.8,10.3,25.55,5.8
133,措傈,2019-04-14,10.5,6.9,15.4,.5,1.6,58,3.9,11.18,5.9
133,措傈,2019-04-15,11.6,2.9,20.5,,1.3,50.1,12.3,27,0
133,措傈,2019-04-16,14.6,4,23.8,,1.1,38.8,10.3,23.79,4.8
133,措傈,2019-04-17,17.2,10,25,,1.5,41.8,11.7,27.41,2.1
133,措傈,2019-04-18,15.7,9.6,21.6,,1.9,65.6,7.9,19.18,5.9
133,措傈,2019-04-19,14.5,11.5,18.5,.2,2.3,75.6,3.1,13.68,7.5
133,措傈,2019-04-20,17.2,11.4,23.5,,1.6,61.9,10.4,25.9,5.8
133,措傈,2019-04-21,18.1,15.2,22.6,,.9,72.3,.8,12.13,8.4
133,措傈,2019-04-22,20.5,11.3,29.3,,1.4,60.5,11.5,27.2,3.5
133,措傈,2019-04-23,18.6,15.6,23.1,6.2,1.4,75.6,.5,9.08,9.5
133,措傈,2019-04-24,17.7,15.3,21.1,21.8,.8,90.9,1.4,8.67,8.1
133,措傈,2019-04-25,15.1,10.9,17.2,7.7,1.6,93.1,0,3.68,9.3
133,措傈,2019-04-26,10,8.5,12,1.2,1.4,87,.2,6.88,9.9
133,措傈,2019-04-27,12.2,5.1,18.1,,1.2,66.9,10.6,26.1,5.1
133,措傈,2019-04-28,12.9,10.3,17.4,.4,1.1,72.4,2.4,15.03,8.4
133,措傈,2019-04-29,11,8,15.1,16.6,.9,92.3,1.1,7.1,7.8
133,措傈,2019-04-30,16.1,9.6,22.4,,1,77.8,9.5,24.06,6.8
133,措傈,2019-05-01,15.9,10.3,23.3,,1.8,68.5,10.5,24.52,3.5
133,措傈,2019-05-02,15.9,8.9,25,,1.8,57.8,12.7,29.99,0
133,措傈,2019-05-03,18,7.4,28.4,,1.3,47.8,12.8,29.41,0
133,措傈,2019-05-04,19.2,10.2,27.4,,1,49.3,10.4,24.04,5.3
133,措傈,2019-05-05,19.8,12.2,28,,1.3,47,11.3,26.53,4
133,措傈,2019-05-06,14.5,9.4,20.3,0,2.2,42.1,13.1,31.08,.6
133,措傈,2019-05-07,14.9,5.6,23.2,,1.7,41.3,13.1,30.53,.1
133,措傈,2019-05-08,15.9,7.4,23.1,,1.9,42.6,11.6,26.59,5.9
133,措傈,2019-05-09,17.7,10.9,24.7,,1.6,44.3,12.7,28.57,4.5
133,措傈,2019-05-10,18.6,8.3,27.9,,1,46.1,12.2,29.15,3.6
133,措傈,2019-05-11,20.1,11.3,28.9,,,45.8,,,1
133,措傈,2019-05-12,21.5,13.1,29.3,,1.3,48.3,11.6,25.88,4.1
133,措傈,2019-05-13,20.1,13.3,28.3,0,1.4,52.8,8,21.85,7.4
133,措傈,2019-05-14,21.1,14,28.3,,1.3,59.4,12.1,28.61,2.6
133,措傈,2019-05-15,22,15.7,29,,1.1,63.5,10.1,23.9,4.9
133,措傈,2019-05-16,23.5,16.7,30.8,,1.1,57.9,9.2,26.17,5.4
133,措傈,2019-05-17,23.7,18.6,28.1,0,1.5,56.1,4,16.32,8
133,措傈,2019-05-18,19.1,16,23.7,14.3,3.6,83.3,.8,13.09,9.4
133,措傈,2019-05-19,21.1,18.5,24.7,.7,2.9,82.5,2,15.03,9.1
133,措傈,2019-05-20,17.1,12.2,20.8,6,1.9,64.8,8,24.19,4.8
133,措傈,2019-05-21,17.9,11.6,24.7,,2.7,56.6,13.5,32.24,0
133,措傈,2019-05-22,20.8,13.4,27.2,,2.5,48.5,13.4,31.93,0
133,措傈,2019-05-23,23,16,29.8,,2,50.6,13.3,31.08,.3
133,措傈,2019-05-24,24.4,16,32.7,,1.5,57,12.7,28.98,.9
133,措傈,2019-05-25,24,18.7,30.4,,1.5,50,8.4,24.2,7.4
133,措傈,2019-05-26,24.7,17.2,32.2,0,1.9,46.6,10.1,29.61,5.9
133,措傈,2019-05-27,17.9,14.2,23.6,14.4,2.2,91.4,0,4.12,9.9
133,措傈,2019-05-28,17.7,11.7,24,,1.7,63.3,9.5,23.5,4.9
133,措傈,2019-05-29,20.1,11.9,27.8,,1.7,53.4,13.6,31.81,.4
133,措傈,2019-05-30,20.2,14.6,27.2,.2,2.1,54.6,6.7,22.35,7
133,措傈,2019-05-31,19,15.2,24.3,0,1.5,65,10.4,24.62,4.5
133,措傈,2019-06-01,19.1,12.9,24.5,,1.1,69.5,10.1,22.5,6.3
133,措傈,2019-06-02,21.5,14.6,28.6,,1,57.9,13.1,29.54,2.4
133,措傈,2019-06-03,23.4,14.6,30.9,,1.2,50.5,12.5,29.65,0
133,措傈,2019-06-04,24.3,17.5,31.7,,1.3,55,12.4,29.62,1.6
133,措傈,2019-06-05,24.3,18.1,30.9,,1.5,65,11.4,28.92,2.5
133,措傈,2019-06-06,22,16.9,28.2,17.1,1.3,74.9,.6,11.38,8.9
133,措傈,2019-06-07,18.8,16.6,20.5,25.6,1.6,94.9,0,6.3,9.5
133,措傈,2019-06-08,21.3,16.1,27.2,,1.1,78.3,6.6,23.46,7.8
133,措傈,2019-06-09,22.1,17.9,28.1,9,1.5,73.5,6.5,24.43,7.9
133,措傈,2019-06-10,18.9,15.1,23.9,11.1,1.7,77.4,2.2,18.56,8
133,措傈,2019-06-11,21.1,16.1,26.2,,1.4,64.3,12.2,28.74,3.4
133,措傈,2019-06-12,21.4,15.7,27.9,,1.1,68.9,12.1,29.04,1.3
133,措傈,2019-06-13,23.4,16.5,30.1,,.8,64.5,11.6,29.92,3.4
133,措傈,2019-06-14,21.9,19.3,25.1,,.9,73,1,13.07,8.4
133,措傈,2019-06-15,21.9,16.7,27.4,,1.9,68.8,12.3,27.69,3.4
133,措傈,2019-06-16,21.9,15.9,28.2,,1.4,69.4,11.4,29.45,3.8
133,措傈,2019-06-17,22.2,17.9,27.6,,2.1,66.3,11.6,30.07,5.4
133,措傈,2019-06-18,21.7,17.5,25.8,.1,1.2,75.3,2.3,14.28,8.6
133,措傈,2019-06-19,22.7,19.9,27,,.9,77.3,4.4,16.68,7.9
133,措傈,2019-06-20,23.9,19.2,29.1,,.9,72.5,8.1,23.89,7.1
133,措傈,2019-06-21,23.8,19.8,29,,1.3,69.9,10.2,27.88,4.5
133,措傈,2019-06-22,23.9,19.2,29.7,0,1.2,72.1,8,22.16,5.5
133,措傈,2019-06-23,24.2,18.5,29.6,,1.2,61.1,13.5,30.33,2
133,措傈,2019-06-24,24.9,19.1,30.6,,1.3,63.9,11.9,27.58,2.8
133,措傈,2019-06-25,26.4,19,33.2,,1.2,59.1,12,30.59,3
133,措傈,2019-06-26,22.1,20.8,24.8,1.7,1.5,79.8,.1,8.31,9.3
133,措傈,2019-06-27,24.7,21.3,29.2,.6,.8,84,1.9,14.1,7.6
133,措傈,2019-06-28,25.4,22.1,29.9,0,1.5,76.3,5,20.19,8.3
133,措傈,2019-06-29,22.2,21.4,24,12.7,1.2,94.6,0,6.52,9.6
133,措傈,2019-06-30,24,21.1,28.1,,1.2,86,3.5,16.95,7.9
133,措傈,2019-07-01,23.7,20.7,27.3,,1.5,77.4,3.6,15,6.5
133,措傈,2019-07-02,23.8,17.2,29.9,,1.2,72.3,11.2,28,3.1
133,措傈,2019-07-03,24.4,20.2,28.8,,1,75.1,8.1,21.11,5.5
133,措傈,2019-07-04,25.6,19.2,32,,1,66.8,12.2,29.41,2.4
133,措傈,2019-07-05,27.7,20,35.1,,1.6,56.4,12.3,30.71,3.3
133,措傈,2019-07-06,27.5,20.7,33.3,,3,52.6,13.8,31.64,.1
133,措傈,2019-07-07,25.3,21.1,30.2,,3.2,58.9,7.9,23.4,6.4
133,措傈,2019-07-08,24.5,19.6,30.5,.6,2.4,63.3,8.6,23.87,5.9
133,措傈,2019-07-09,24.4,19.6,29.3,,2.9,62.8,9.1,22.17,4.5
133,措傈,2019-07-10,21.6,19.5,24,18.3,1.9,82.5,.3,6.26,9.5
133,措傈,2019-07-11,21.3,19.5,23.2,3.7,.4,95.4,0,6.37,9.9
133,措傈,2019-07-12,23.5,19.9,28.1,,1,79.1,6.5,20.61,6.9
133,措傈,2019-07-13,24.4,21.4,28.8,,.5,80.1,4.1,18.67,8.8
133,措傈,2019-07-14,25.9,21.4,31,,.9,76.8,8.7,23.49,6
133,措傈,2019-07-15,23.8,21.5,28.3,12.8,1.3,87.6,2.3,12.99,9.3
133,措傈,2019-07-16,24.8,20.2,30.6,23.3,1.3,83.4,7.9,24.24,6.5
133,措傈,2019-07-17,26,22.2,30,0,1.1,81.5,4.9,19.27,8.5
133,措傈,2019-07-18,25.6,22.8,28.7,4.1,1.4,84,1.7,14.57,9
133,措傈,2019-07-19,26.6,23.5,30,0,2.1,82.8,3.7,15.16,8.9
133,措傈,2019-07-20,25.6,23.8,28.5,18.7,3.2,90.9,.1,8.37,10
133,措傈,2019-07-21,24.8,22.3,27.3,26.8,1.8,93.3,.6,7.37,9.1
133,措傈,2019-07-22,27.9,25.4,32,0,1.7,80.6,8.2,21.55,6.6
133,措傈,2019-07-23,29,26.2,33.1,,1.2,78.3,7.6,22.13,7.5
133,措傈,2019-07-24,27.7,25.5,29.7,0,1.3,82.6,0,7.98,9.9
133,措傈,2019-07-25,26.4,25.6,27.8,46.5,.7,96.8,0,2.62,10
133,措傈,2019-07-26,27,25.7,29.8,15.4,1.2,93.8,.2,7.73,9.9
133,措傈,2019-07-27,27.9,25.1,31.4,9.2,1.1,89.4,5.5,18.2,8
133,措傈,2019-07-28,26.7,25.5,28.8,19.6,1.4,93.6,.7,8.93,8.3
133,措傈,2019-07-29,28.5,24.5,32.8,,1.6,77.8,12.6,26.98,5.4
133,措傈,2019-07-30,29.4,26.4,33.3,,2.3,77.3,8,22.21,6.4
133,措傈,2019-07-31,29.6,27.4,33,,2.1,76.1,11.3,25.05,6.1
133,措傈,2019-08-01,29.5,26.2,33.9,,1.5,76.9,10.1,23.7,3.9
133,措傈,2019-08-02,30,25.9,34.2,,.8,75.3,11.4,27.04,4.4
133,措傈,2019-08-03,29.9,26,35.6,,.9,78.4,8.8,20.51,6.8
133,措傈,2019-08-04,29.8,25.7,35.6,0,.5,79.6,10.4,23.73,3.9
133,措傈,2019-08-05,30.7,25.7,36,,1,74.3,10.3,24.33,2.9
133,措傈,2019-08-06,29.7,26.7,32.7,,1.9,67,6.5,18.73,7.6
133,措傈,2019-08-07,28.6,24.3,33.3,12.4,.9,81.3,9.9,25.48,5.6
133,措傈,2019-08-08,28.5,26,33.8,1.1,.6,82.9,5.1,17.58,7
133,措傈,2019-08-09,29.5,25.6,34,.2,.4,80.9,8.3,21.03,6
133,措傈,2019-08-10,30.2,26.3,34.5,,2.7,72.8,12,26.4,4.6
133,措傈,2019-08-11,29.7,26.4,33.9,0,4.4,67.9,7,20.35,6.8
133,措傈,2019-08-12,29,26.2,32.5,1.3,1.6,82.5,1.7,11.4,8.9
133,措傈,2019-08-13,29.8,25.7,34.3,0,.9,78.1,7.2,16.7,4
133,措傈,2019-08-14,30.1,26.5,34,,2.4,70.6,8.2,18.7,6
133,措傈,2019-08-15,25.8,24.7,29.3,12.7,1.3,92.9,.1,7.77,9.3
133,措傈,2019-08-16,26.9,24.8,30.7,.6,1.5,83.8,7.4,18.34,6.4
133,措傈,2019-08-17,26.3,23.5,29.8,2.1,2.2,81.6,8.2,18.4,5.6
133,措傈,2019-08-18,25.6,20.5,30.9,,.7,72.5,11.4,27.75,3.9
133,措傈,2019-08-19,26.5,21,31.9,,.9,73,9.9,24.06,4.6
133,措傈,2019-08-20,27.8,23.5,32.2,,2.1,70,10.5,23.73,4.4
133,措傈,2019-08-21,27.3,23.4,32,3.7,1.3,75.6,4.8,16.36,7.9
133,措傈,2019-08-22,26.5,23.5,29.7,19.9,1,81.3,4.6,15.86,8.3
133,措傈,2019-08-23,25.2,22.1,29.9,0,1.1,75.3,6.6,17.76,5.9
133,措傈,2019-08-24,23.6,20.6,27.1,,.7,78.4,1.6,12.09,6.5
133,措傈,2019-08-25,24.6,20.1,29.9,,.3,73.9,10.1,22.82,4.4
133,措傈,2019-08-26,25.9,19.3,31.5,,.5,72.1,10.2,22.82,3.9
133,措傈,2019-08-27,22.4,20.1,26.1,34.6,.7,92.6,0,6.42,9.3
133,措傈,2019-08-28,24.2,21.6,28.4,1,.7,86.8,3.1,14.12,7.6
133,措傈,2019-08-29,23.2,20.7,26.9,13.3,1.2,88.4,3,11.63,8.5
133,措傈,2019-08-30,23.2,19.4,27.8,1.4,1.4,76.6,11.1,24.33,3.9
133,措傈,2019-08-31,23.3,18.3,28.3,,.8,75.4,10.6,21.36,3.4
133,措傈,2019-09-01,23.5,18.9,28.3,,.7,79,5.1,16.64,7.4
133,措傈,2019-09-02,22.6,20.5,26.7,10.2,1.1,86,.2,10.34,9.5
133,措傈,2019-09-03,22.3,20.3,23.9,2,.9,95.1,0,6.82,9.9
133,措傈,2019-09-04,24.5,22.2,28.2,2.9,1.3,92,1,10.75,9.8
133,措傈,2019-09-05,24.4,22.8,28.2,24,.6,94.3,1.3,8.47,9.8
133,措傈,2019-09-06,25.6,22.6,27.6,.1,1.4,89.3,1.2,9.57,9.6
133,措傈,2019-09-07,26.2,23.9,29.9,1.5,5.5,81.4,.6,5.63,9.3
133,措傈,2019-09-08,25.3,23.3,29.1,.7,.7,87.5,.6,10.97,9.8
133,措傈,2019-09-09,24,22.3,25.3,12.1,.5,96.4,0,6.83,9.8
133,措傈,2019-09-10,27.2,23.4,31.5,0,1.3,78.6,8.7,19.56,6.8
133,措傈,2019-09-11,25.3,23.7,28.7,.5,2.2,84.1,1.9,10.38,7.8
133,措傈,2019-09-12,20.8,19.5,23.7,6.6,2.8,85.8,0,7.07,9.4
133,措傈,2019-09-13,22.9,17.2,28.2,,1.7,73.9,11.9,24.46,.9
133,措傈,2019-09-14,23.4,19.2,28.2,,.3,82.3,3.7,14.06,7.4
133,措傈,2019-09-15,25.3,21.4,30.5,,.6,79,8.4,21.03,5.5
133,措傈,2019-09-16,24.5,21,29.1,,.8,70.8,9.6,20.63,3.1
133,措傈,2019-09-17,23,17.2,28.5,,1.4,65.4,11.7,24.35,2.3
133,措傈,2019-09-18,21.9,15.6,28.7,,1.5,60.1,11.5,24.01,2.3
133,措傈,2019-09-19,20.2,13.2,26.9,,1.1,66.1,10.2,22.88,3.5
133,措傈,2019-09-20,20,17.4,23,,1.6,72.4,.8,9.38,9.1
133,措傈,2019-09-21,17.8,15.9,20.1,38.3,1.4,86.9,0,2.85,9.8
133,措傈,2019-09-22,16.4,15.6,17.4,68,1.7,95.8,0,1.65,10
133,措傈,2019-09-23,17.8,14.6,21.7,.1,1,81.9,4.2,14.12,6.3
133,措傈,2019-09-24,18.3,12.3,25.2,,.6,78.8,11.3,22.65,1.1
133,措傈,2019-09-25,18.8,13,24,,.8,81.4,7,15.08,6.8
133,措傈,2019-09-26,20.9,17.5,25.3,,1.5,80.9,4,13.21,6.9
133,措傈,2019-09-27,22.7,17.1,28.5,,.9,78.4,9.4,19.11,5.8
133,措傈,2019-09-28,24.2,20.3,29.2,,.8,79,7.8,17.24,6.9
133,措傈,2019-09-29,22.7,18.7,28.5,,.8,72.3,11,20.76,.8
133,措傈,2019-09-30,22.1,15.9,29.1,,.9,76.6,10.1,19.86,2
133,措傈,2019-10-01,22.1,18.6,25.8,,.8,86.4,0,7.03,9.3
133,措傈,2019-10-02,21.1,20.3,22.2,82.5,1.5,94.3,0,1.53,10
133,措傈,2019-10-03,22.2,19.5,26.9,11,1.9,87,5.7,13.32,5.6
133,措傈,2019-10-04,22.5,19.7,27.5,,1.1,84.1,6.2,15.62,6.9
133,措傈,2019-10-05,19.2,16.5,21.1,0,1.5,83.8,.8,5.15,7.5
133,措傈,2019-10-06,18.4,15.6,22.6,,2.9,68.4,7.8,17.16,6.6
133,措傈,2019-10-07,15.7,14.5,16.9,11.8,1,91.9,0,3.77,9.9
133,措傈,2019-10-08,15.6,9.9,21.8,,1.3,75.5,8.6,16.41,4.3
133,措傈,2019-10-09,13.2,6.5,20.2,,.6,71.1,10.6,19.58,1.5
133,措傈,2019-10-10,14.1,9.6,19.7,,.5,79.9,2.2,10.2,7.4
133,措傈,2019-10-11,17.4,11.8,24.6,,.7,74.1,7.6,16.66,3
133,措傈,2019-10-12,18.3,14,24.2,,1.5,63.5,10.3,18.33,1
133,措傈,2019-10-13,16.7,10.6,22.9,,1.2,68.8,10.5,18.9,1.5
133,措傈,2019-10-14,14.6,9.8,21.1,,1.1,75.5,7.9,13.38,4.9
133,措傈,2019-10-15,14.2,8.2,20.3,,1.4,73.1,8.5,15.99,3.4
133,措傈,2019-10-16,14.5,9,20.9,,.2,75.1,10.1,17.25,5
133,措傈,2019-10-17,15,11.3,20.5,,.9,77.6,4.5,12.28,7.3
133,措傈,2019-10-18,15.8,11,20.8,,1.7,81.3,1.6,9.06,7
133,措傈,2019-10-19,16.7,13,22.9,,.4,76.9,9.2,16.49,2
133,措傈,2019-10-20,15.4,10.8,22.4,,.2,76.1,9.9,17.42,0
133,措傈,2019-10-21,15.5,9.5,23.3,,.4,77.8,7.7,16.28,5
133,措傈,2019-10-22,16.9,11,23.5,,1.1,75.1,10,17.29,3.4
133,措傈,2019-10-23,16.5,12.9,18.6,0,1.5,74.1,.2,5.52,9.8
133,措傈,2019-10-24,18.9,15.4,23.6,,1.6,60.1,7.7,14.58,6.1
133,措傈,2019-10-25,17.3,12,23,,.9,68.8,6.3,13.76,5.9
133,措傈,2019-10-26,12.7,8.3,17.4,,1.7,66.3,9,16.24,4.9
133,措傈,2019-10-27,10.8,5.4,17.4,,.7,68.4,10,17,.5
133,措傈,2019-10-28,11.9,4.6,18.5,,1.1,69.4,8.8,15.67,2.9
133,措傈,2019-10-29,14.1,9.9,18.4,.8,1.6,71,6.1,11.8,3.3
133,措傈,2019-10-30,11.6,5.8,18.3,,.6,73.6,9.9,16.35,.5
133,措傈,2019-10-31,13.3,6,20.2,,.9,79.6,9.2,14.24,1.9
133,措傈,2019-11-01,14.6,10.1,22,,.7,73.9,8.4,14.21,3.4
133,措傈,2019-11-02,13.2,7.1,19.2,,.5,79.1,4.6,9.2,6
133,措傈,2019-11-03,14.4,10.2,20.2,,.5,76.4,7.7,13.25,4.6
133,措傈,2019-11-04,13.6,9.1,20.8,,.5,74,9.2,13.59,1.4
133,措傈,2019-11-05,12.1,6.4,19.6,,1.2,77.1,9.2,13.9,1.3
133,措傈,2019-11-06,11.8,5.9,18.5,,1,75.9,8.7,13.73,4
133,措傈,2019-11-07,10.8,5.3,17.8,,1.4,66.4,7.7,13.03,3.5
133,措傈,2019-11-08,6.8,1.2,14.6,,.7,61,9.6,15.07,0
133,措傈,2019-11-09,8.1,.6,17.2,,.7,62.5,9.5,14.5,0
133,措傈,2019-11-10,9.1,3.3,16.6,9.6,.6,75.5,4.4,8.37,8.3
133,措傈,2019-11-11,11.7,8.8,16.3,1.3,1.8,81.3,2.3,6.03,6.5
133,措傈,2019-11-12,9.6,5,16.1,,.7,78.9,8,11.52,1.8
133,措傈,2019-11-13,8.2,4.4,13.2,1.7,1,83.6,.6,3.18,7.9
133,措傈,2019-11-14,2.9,-.2,7.7,0,1.6,46.3,9.4,14.73,.8
133,措傈,2019-11-15,9.6,-1.3,17.1,0,1.4,69.8,7.1,10.22,4
133,措傈,2019-11-16,13,8.3,18.9,.4,.7,81.3,4.7,9.51,5.5
133,措傈,2019-11-17,9.8,6.3,12.9,65.2,.4,96,0,.96,9.5
133,措傈,2019-11-18,7.7,3.1,13.8,15.3,2.2,76.1,2.6,6.74,8.5
133,措傈,2019-11-19,2.6,-.2,5.8,0,1.2,73.5,5.1,8.76,4.3
133,措傈,2019-11-20,2,-2.4,8.4,,.4,60.9,9.1,14.42,.3
133,措傈,2019-11-21,4.3,-2.6,11,,.2,62.9,7.2,10.29,6
133,措傈,2019-11-22,9.9,3,18.1,,,62.8,9.1,12.97,1.1
133,措傈,2019-11-23,11.4,4.7,18.8,0,1,76.3,8.6,11.14,5.3
133,措傈,2019-11-24,12.8,7.3,21.2,.5,1.5,79.3,7.8,10.82,5.1
133,措傈,2019-11-25,3.6,1.7,9.4,,1.6,70.8,0,5.64,7.6
133,措傈,2019-11-26,7.7,.3,15.8,,.8,74.5,7,11.63,5
133,措傈,2019-11-27,5.8,1.6,8.8,0,1.3,56.8,4.3,8.05,8.3
133,措傈,2019-11-28,4.6,-1,12.7,,.7,68.6,8.1,11.94,1.8
133,措傈,2019-11-29,2.9,-1.6,9.7,,.8,60.6,8.9,13.17,.9
133,措傈,2019-11-30,4.9,-2.5,13,,.5,60.3,7,10.03,5.4
133,措傈,2019-12-01,6.4,4.7,8.2,12.3,.4,82.4,0,2.47,9.1
133,措傈,2019-12-02,2.7,-1.4,7.1,0,1.8,69.6,7.3,11.01,5.6
133,措傈,2019-12-03,2.3,-2.5,6.5,.1,1.1,76.3,3.9,7.2,6
133,措傈,2019-12-04,5.7,1.4,10.5,.1,1.3,63.1,7.4,11.54,4.3
133,措傈,2019-12-05,-.6,-5.5,4,,2.2,51.4,8.5,11.76,1.5
133,措傈,2019-12-06,-4.4,-9.6,1.9,,.9,50,8.8,12.54,0
133,措傈,2019-12-07,-.1,-7.2,6.6,,.3,67.9,3.5,7.34,6.4
133,措傈,2019-12-08,1.2,-2.7,7.7,,.4,74,8.2,11.9,.9
133,措傈,2019-12-09,3.3,-3.8,11.2,,.7,72.3,7.4,9.6,3.3
133,措傈,2019-12-10,7.8,3,13.9,,.7,78.3,3.6,6.8,5.6
133,措傈,2019-12-11,7.9,2.5,12.6,.2,2.1,70.8,2.1,3.56,6.1
133,措傈,2019-12-12,1,-2.8,6.5,,1.1,56.8,8.8,11.78,0
133,措傈,2019-12-13,.9,-4.8,7.4,,.6,58.5,8.5,9.63,4.3
133,措傈,2019-12-14,4.4,1.5,8.9,.6,1.3,63.8,8.2,10.78,5.5
133,措傈,2019-12-15,5.4,-2.2,13.5,,.9,67.1,8.3,10.56,3.1
133,措傈,2019-12-16,7.9,1.9,15.2,,.7,73.1,8.1,9.77,2.4
133,措傈,2019-12-17,7.7,5.3,10.5,1.9,1.1,90.3,0,1.46,9
133,措傈,2019-12-18,2.7,.1,6.3,,1.1,75,3.1,6.45,5.8
133,措傈,2019-12-19,.8,-2.7,6.1,,1.2,56.6,8.4,11.32,2.1
133,措傈,2019-12-20,.9,-2.3,5.5,.2,1.1,70.9,4.9,8.51,5.3
133,措傈,2019-12-21,.3,-4.5,6.5,,.9,73.3,4.6,7.92,3.4
133,措傈,2019-12-22,3.2,-1.1,10,,.8,74.6,4.7,7.95,6.1
133,措傈,2019-12-23,3.8,0,8.7,.1,1.4,75.8,2.9,6.74,4.6
133,措傈,2019-12-24,1.2,-2.4,7.8,,.8,76.1,6.1,10.3,2.5
133,措傈,2019-12-25,2.2,-3.6,8.9,,.8,66,2.4,6.83,6.6
133,措傈,2019-12-26,2.4,.5,4,3,1.3,74.8,0,1.5,9.5
133,措傈,2019-12-27,.1,-3.1,5.2,,1.3,62.8,8.6,11.23,.6
133,措傈,2019-12-28,.6,-5,8.2,,.8,64.3,8.6,11.06,0
133,措傈,2019-12-29,2,-2.3,6.3,7,1.1,76.6,0,3.27,9.1
133,措傈,2019-12-30,4.2,-.4,9.4,1.5,1.5,86.9,.7,3.84,8.5
133,措傈,2019-12-31,-4.7,-7.5,-.4,0,2.5,55,8.8,12.35,.9
133,措傈,2020-01-01,-.6,-7.7,5.1,0,.9,65.8,5.7,10.57,6.5
133,措傈,2020-01-02,1.3,-2.8,5.3,,.9,76.9,.2,3.96,6.3
133,措傈,2020-01-03,2,-1.7,7.7,,1.1,73.4,7.3,10.18,2.6
133,措傈,2020-01-04,.6,-3.9,7.7,,.9,78.1,5.4,7.51,1.8
133,措傈,2020-01-05,1.3,-4.7,8.1,,.8,63.5,8.2,12.49,3.1
133,措傈,2020-01-06,2.9,-.6,5,10.3,1.2,87.4,0,1.9,9.9
133,措傈,2020-01-07,8.6,4.9,14.2,57,1.3,95.9,0,1.03,10
133,措傈,2020-01-08,4.5,2.3,11.2,2.4,2.2,88.4,.2,1.9,9.9
133,措傈,2020-01-09,1.4,-2,5,,1.8,71,7.8,10.58,3.5
133,措傈,2020-01-10,.3,-3.9,6.4,,.9,74.5,8.5,11.83,3.6
133,措傈,2020-01-11,1.2,-3,7,,1.1,72.5,7.9,11.1,5.6
133,措傈,2020-01-12,1.4,-1.6,6.4,,1.4,64.8,6.6,10.18,5.3
133,措傈,2020-01-13,.2,-3.6,3.5,0,1.7,61.3,4.2,6.83,6
133,措傈,2020-01-14,-.1,-3,4.6,,1,60.5,7.1,10,5.1
133,措傈,2020-01-15,-.9,-4.1,4.2,,1.1,65.4,8.9,12.73,1.9
133,措傈,2020-01-16,-.6,-4.1,5.6,,1,56.5,7.9,12.08,5.6
133,措傈,2020-01-17,0,-2.8,5.8,,.7,56.5,5.3,9.46,4.4
133,措傈,2020-01-18,.5,-4.5,7.8,,1,55,8.7,12.87,2.1
133,措傈,2020-01-19,2.6,-2.5,8.7,,1.6,62.1,3.3,7.53,7
133,措傈,2020-01-20,3.4,-.9,8.1,0,2.2,57.3,6.9,11.72,4.5
133,措傈,2020-01-21,.5,-5.3,7.5,,1,45.3,9.3,13.78,1.9
133,措傈,2020-01-22,2.4,-.2,3.6,.7,.7,69.5,0,2.46,9.8
133,措傈,2020-01-23,6.1,2.7,13,.6,1,62.5,5.5,11.01,7.3
133,措傈,2020-01-24,4.4,-.7,11.3,,.8,65.6,8.7,12.37,5.1
133,措傈,2020-01-25,5.2,.5,10.5,,.7,75.6,1.8,7.26,8.3
133,措傈,2020-01-26,6.5,1,11.5,,2.6,71.1,4.7,10.18,8.6
133,措傈,2020-01-27,6,3.2,8.2,7.5,3.4,76.8,0,2.02,10
133,措傈,2020-01-28,6.3,2.8,10.5,0,.8,78.6,2,8.18,8.9
133,措傈,2020-01-29,6.7,4.2,10,,.9,64,.7,7.14,9.1
133,措傈,2020-01-30,6.1,3.2,10.6,,1,64.1,3.7,8.89,7
133,措傈,2020-01-31,3.7,.1,7.5,,1,72.3,1.5,6.26,5.4
133,措傈,2020-02-01,2.1,-2.5,7.3,,.9,79,.7,5.6,4.9
133,措傈,2020-02-02,1.8,-2.3,7.6,,.9,71.5,6.8,10.82,4.5
133,措傈,2020-02-03,1.5,-3.6,5.9,0,1.6,58,8.4,13.78,3.1
133,措傈,2020-02-04,.4,-5.8,7.2,.7,1.1,61.9,9.6,15.37,2.3
133,措傈,2020-02-05,-4.6,-8.2,.8,.1,2.4,47.8,9.7,16.62,0
133,措傈,2020-02-06,-5,-10.5,.8,,.9,45.9,7.8,13.04,3.4
133,措傈,2020-02-07,-1.2,-7.6,4.8,,1.1,54.5,7.1,13.21,6.6
133,措傈,2020-02-08,1.6,-2.1,6.5,,1.8,55.6,8,14.76,
133,措傈,2020-02-09,.5,-5.4,7.2,,1.2,57.9,9.9,16.41,.5
133,措傈,2020-02-10,5.1,-.2,12,,1.2,53.6,9.4,15.16,2
133,措傈,2020-02-11,6.6,-2.1,16,,.9,47.5,8.5,15.13,4.5
133,措傈,2020-02-12,7.7,5.3,9.8,15.8,1.2,91.3,0,1.76,9.9
133,措傈,2020-02-13,7.4,3.7,9.8,.1,1.3,91,0,5.86,7.8
133,措傈,2020-02-14,7.5,3.5,14.4,,.7,83.6,5.7,12.15,5.5
133,措傈,2020-02-15,9.9,3.2,16.8,1.5,1.3,78.8,5.4,10.14,6.9
133,措傈,2020-02-16,.8,-1.9,8.6,8.4,2.3,84,1.9,5.74,9.6
133,措傈,2020-02-17,-3.2,-5.4,0,.7,2.8,73,4.7,9.97,7.3
133,措傈,2020-02-18,-1.6,-7.2,5,.1,1.3,63.6,10,18.87,1
133,措傈,2020-02-19,2.1,-4,9.2,,1,66.9,6.4,14.68,7.5
133,措傈,2020-02-20,5.3,-1.2,13,,.9,67.5,9.7,16.31,2.1
133,措傈,2020-02-21,7.3,.2,14.9,2.3,.9,71,6,12.44,7
133,措傈,2020-02-22,6.3,1.6,10.4,1.2,2.7,59.1,8.9,16.34,3.1
133,措傈,2020-02-23,3.7,-1.9,9.8,,1.5,52.3,10.4,19.11,0
133,措傈,2020-02-24,7.4,-2.3,15.9,.4,1,53.8,9.9,18.12,4.1
133,措傈,2020-02-25,7,6.2,9.1,55.3,1.5,93.1,0,.98,9.8
133,措傈,2020-02-26,8,4.2,14.7,,1.4,76.1,7.5,16.04,2.4
133,措傈,2020-02-27,6.9,3.4,12.5,,1.3,66,8.3,17.62,2.9
133,措傈,2020-02-28,5.1,3.7,6.7,4.6,1,86.5,0,3.28,9.1
133,措傈,2020-02-29,7.4,3.8,12.9,,.7,82,4,11.67,5.8
133,措傈,2020-03-01,6.3,2.6,11.8,,1.4,81.8,2.6,11.69,6.8
133,措傈,2020-03-02,5.3,2.2,10.6,,2,55.8,10.2,20.18,3.5
133,措傈,2020-03-03,7.2,.1,15,,1.3,64.5,8.8,17.6,6.1
133,措傈,2020-03-04,4.2,.2,8.8,0,2.6,55.4,9.8,20.57,6.1
133,措傈,2020-03-05,3,-1.9,9.3,,1.6,51.3,10.4,21.24,1.8
133,措傈,2020-03-06,4.5,-3.6,12.3,,1.1,48.8,10.9,21.43,4.1
133,措傈,2020-03-07,6,2.5,10.6,0,.7,59,.1,6.14,6.8
133,措傈,2020-03-08,8.7,-.2,18.6,,1,60.9,10.8,21.19,.3
133,措傈,2020-03-09,10,3,16.1,1.6,1,68.4,4.8,11.24,8.3
133,措傈,2020-03-10,6.8,3.3,9.2,8.8,1.8,86.3,0,2.33,7.5
133,措傈,2020-03-11,4.8,.7,10.2,,2.3,47.4,11.1,23.29,0
133,措傈,2020-03-12,7,-1.6,16.2,,1.4,48,10.9,22.01,.3
133,措傈,2020-03-13,6.6,.9,12.4,,1.7,48.6,7.1,16.62,5.5
133,措傈,2020-03-14,4.7,-2.2,11.7,,1.7,50.5,11.3,22.83,1.1
133,措傈,2020-03-15,5.4,.8,12.4,0,3.1,51.6,9.6,17.45,4
133,措傈,2020-03-16,4.4,-1.8,11.2,,1.6,48.4,11.3,23.58,.6
133,措傈,2020-03-17,7.8,2.6,12.8,,2.2,72.6,5.6,10.39,3.1
133,措傈,2020-03-18,10.4,2.5,19.2,,1.1,56.1,9.3,22.8,.9
133,措傈,2020-03-19,10.4,6.6,15.4,,3.2,51.9,8.1,16.02,3.4
133,措傈,2020-03-20,9.6,3.4,15.8,,2.2,43.9,11.2,23.34,.1
133,措傈,2020-03-21,14.6,5.6,23.1,,1.8,55.4,9.6,20.26,2.1
133,措傈,2020-03-22,13.2,7.4,19.9,,2,47.4,11.2,24.67,2
133,措傈,2020-03-23,10.2,2.9,18.2,,1.7,52.3,11.6,23.65,0
133,措傈,2020-03-24,11.4,3.3,19.4,,1.1,53,11.3,23.46,0
133,措傈,2020-03-25,13.6,4.2,22.6,,1,48.4,11,23.11,2.6
133,措傈,2020-03-26,14.2,9.4,19.4,1.4,1,74.4,.7,8.13,9.4
133,措傈,2020-03-27,11.9,5.6,14.8,12.6,1.4,82.1,2.3,5.99,7.3
133,措傈,2020-03-28,7.5,4.1,12.4,,1.5,38,5.2,16.02,7
133,措傈,2020-03-29,8.9,.4,16.7,,1.4,49.5,9.5,24.24,4.1
133,措傈,2020-03-30,12.2,5.7,19.3,,1.2,48.6,11.5,25.67,2.9
133,措傈,2020-03-31,12.6,3.7,20.9,,1.2,43.3,10.2,23.65,4.6
133,措傈,2020-04-01,11.6,6,20.3,,1.8,40.3,7.5,19.45,4.6
133,措傈,2020-04-02,10.1,2.7,18,,1.2,49,11,22.38,3
133,措傈,2020-04-03,11,3.3,18.9,,1.7,44.3,11.7,25.8,.3
133,措傈,2020-04-04,9.5,4.3,16.6,,2.9,48.9,11.2,22.69,.8
133,措傈,2020-04-05,8,.6,16.5,,1.4,35,12.2,27.6,0
133,措傈,2020-04-06,9.7,.9,18.3,,1.3,47.4,10.7,25.16,3.5
133,措傈,2020-04-07,11.5,4.5,19.2,,2.1,58.1,11.3,23.24,1
133,措傈,2020-04-08,10.1,5.1,16.3,,2.3,40.5,12.2,28.28,0
133,措傈,2020-04-09,9.6,2.4,16.7,,1.5,44.5,11.1,25.21,3.8
133,措傈,2020-04-10,10.9,5.4,17.9,,1.6,50.9,10.8,23.86,4.5
133,措傈,2020-04-11,8.9,4.6,14.7,,1.5,61.1,4.8,16.73,6.8
133,措傈,2020-04-12,8.6,2.5,17.3,1.3,1.9,70.8,7.5,18.1,4.3
133,措傈,2020-04-13,10.7,4.7,18.5,,2.2,43.1,10.2,26.75,2.6
133,措傈,2020-04-14,12.9,4.3,21.9,,1.5,42.8,12.4,28.06,.9
133,措傈,2020-04-15,12.8,4,21.4,,1,40.5,8.4,21.37,6.8
133,措傈,2020-04-16,16,6,24.1,,2.3,44.8,11.5,25.86,3.6
133,措傈,2020-04-17,14.3,9.7,20.5,4,2.6,70.1,5.8,15.41,6.6
133,措傈,2020-04-18,14.2,10.4,21.2,.1,1.8,67.8,9.8,24.28,6.3
133,措傈,2020-04-19,11.3,9.2,14.7,12.4,2.2,85.1,0,5.36,9
133,措傈,2020-04-20,11,7.8,16.2,0,1.7,78.8,3.1,13.08,7
133,措傈,2020-04-21,9,5.1,14.3,,2.9,49.8,12.3,29.98,4
133,措傈,2020-04-22,7.3,4,11.6,0,3.3,42.6,9.3,21.67,4
133,措傈,2020-04-23,9.1,4,15.1,,2.7,43.1,12.7,27.18,2.4
133,措傈,2020-04-24,10.7,4.4,16.7,,2.4,42.8,12.8,29.65,0
133,措傈,2020-04-25,14.9,9,22.6,,2.7,47.8,11.4,26.32,2
133,措傈,2020-04-26,12.8,6.6,19.3,,2.1,44.8,12.2,29.61,1.6
133,措傈,2020-04-27,12.1,5.5,18.6,0,1.6,45.3,9.3,20.92,2
133,措傈,2020-04-28,13.5,5.1,21.2,,2.1,54,12.9,29.17,0
133,措傈,2020-04-29,16.2,8.3,24.5,,1.8,44.1,12.7,29.06,0
133,措傈,2020-04-30,17.7,6.7,26.9,,1.5,58.4,12.5,29.12,0
133,措傈,2020-05-01,22.4,16.4,29.3,,2.3,69,11.2,27.35,2.3
133,措傈,2020-05-02,22.5,19.5,26.9,0,1.6,62.3,5.7,18.51,8.8
133,措傈,2020-05-03,19.2,16.9,22.5,6.5,1.2,86.9,1.4,11.22,8
133,措傈,2020-05-04,20.6,14,27.4,,1.6,73.1,8.6,21.53,6.1
133,措傈,2020-05-05,15.6,11.8,22.2,1.4,1,88.3,4.5,11.02,6.8
133,措傈,2020-05-06,19.7,13.8,27.8,,1.6,61.9,10.9,28.98,2.8
133,措傈,2020-05-07,19.6,12.3,25.9,,3.8,36.6,12.1,30.28,4.8
133,措傈,2020-05-08,19.4,12.3,26.2,7.4,2.3,43.3,8.7,25.31,6.1
133,措傈,2020-05-09,15.9,13.3,18.5,17.9,2.2,95.6,0,3.24,10
133,措傈,2020-05-10,14.7,13.2,18.3,.1,2.2,91.8,1.9,10.29,7.6
133,措傈,2020-05-11,18.5,14,24.4,0,2.2,63,10.6,27.85,5.4
133,措傈,2020-05-12,16.5,12.1,21.1,.2,2.1,63.3,13.2,27.56,2.1
133,措傈,2020-05-13,16.3,9.2,22.6,,1.8,50.3,13,31.37,.8
133,措傈,2020-05-14,19.9,11.8,27.8,,.9,45.3,8.7,24.66,7.8
133,措傈,2020-05-15,16.7,15.2,19.9,24.9,1.8,87.1,0,3.59,9.9
133,措傈,2020-05-16,17.9,15.9,20.8,0,1.5,87.4,2.8,16.77,9.5
133,措傈,2020-05-17,21.2,15.9,28.5,,1.2,73.6,8.5,25.72,6.9
133,措傈,2020-05-18,20.2,13.9,27.3,7.6,2.6,80.3,8,22.43,7.9
133,措傈,2020-05-19,13.5,11.7,16.7,3.3,1.7,85.5,2,10.8,8.1
133,措傈,2020-05-20,14.5,8.6,20.7,,1.1,70.5,8.9,26.16,3.4
133,措傈,2020-05-21,17.5,10.1,23.5,,1,70.4,10.8,26.39,3
133,措傈,2020-05-22,19.1,14.5,25.7,8.3,1.9,76.6,8.7,26,6.6
133,措傈,2020-05-23,20.6,14.6,26.3,,1.6,71.5,12.5,30.2,2
133,措傈,2020-05-24,19.8,16.2,24,2.8,1.4,80.4,7.5,20.04,7
133,措傈,2020-05-25,17.8,14.4,22.2,,.9,81.3,2.8,15.39,8.8
133,措傈,2020-05-26,19.6,14.9,24.9,0,1,71,8.3,22.47,7.8
133,措傈,2020-05-27,19.1,13.4,25.2,0,1.4,60.3,12.9,30.79,4.8
133,措傈,2020-05-28,19.1,12.7,25.3,,1.4,70.1,11,28.33,4
133,措傈,2020-05-29,21.5,16.1,27.6,,1,64.4,11.2,29.43,5.1
133,措傈,2020-05-30,22.7,15.8,29.1,,1.4,62.6,8.9,24.32,5.3
133,措傈,2020-05-31,21.9,16.7,27.3,,1,67.4,4.6,19.69,8.5
133,措傈,2020-06-01,21.1,16.3,26.5,.6,2.1,60.3,11.6,31.05,4.3
133,措傈,2020-06-02,20.1,15,23.2,0,1.2,60.4,1.8,13.39,9.1
133,措傈,2020-06-03,23.3,19.3,28.8,0,1.4,75.3,,,7.8
133,措傈,2020-06-04,25.3,21.9,30.9,,2.2,72.1,12.1,29.64,4.5
133,措傈,2020-06-05,25.4,22,30.8,,1.8,73,9,24.66,7.3
133,措傈,2020-06-06,24.7,20,31.3,3.4,1.9,74.5,9.2,25.14,5.3
133,措傈,2020-06-07,24,20.3,30.1,0,1.2,72.8,9,25.57,3.5
133,措傈,2020-06-08,26.2,19.4,32.7,,1.1,62.4,12.8,29.28,1.5
133,措傈,2020-06-09,27.3,20.3,34.3,,1.2,59.3,12.2,29.24,2.4
133,措傈,2020-06-10,26.1,21.6,34.2,58.7,1,72.6,8.9,23.69,7.9
133,措傈,2020-06-11,25.4,20.9,30.8,27.7,.9,80.8,7.9,22.05,6.6
133,措傈,2020-06-12,24.4,22,26.6,3.6,.8,88.4,1.1,8.08,9.3
133,措傈,2020-06-13,24.4,21.1,29.9,19.6,1.1,90,4.8,17.54,9.1
133,措傈,2020-06-14,24.4,21.3,28.3,.8,1.5,82.1,5.7,17.54,6.3
133,措傈,2020-06-15,23.3,18.7,29,,1.8,71.3,12.4,28.35,5
133,措傈,2020-06-16,24.2,18.7,29.5,,1.4,70.1,9.5,27.74,6.3
133,措傈,2020-06-17,23.5,20.5,27.8,,1.3,72,6.1,20.4,8.6
133,措傈,2020-06-18,20.9,19.9,22.2,.7,1.5,82.3,.1,8.22,9.6
133,措傈,2020-06-19,24,18.8,29.2,0,1.1,70.8,11.1,27.91,4.3
133,措傈,2020-06-20,24.8,20.2,29.4,.1,1.1,77.5,10.3,24.64,5.3
133,措傈,2020-06-21,26.2,20.4,32.2,,1.1,72.1,12.4,29.56,2.5
133,措傈,2020-06-22,27.2,20.7,33.8,,1.4,66.1,13.4,30.93,.6
133,措傈,2020-06-23,27,21.8,31.6,,1.2,71.4,6.4,21.97,7
133,措傈,2020-06-24,23,21.3,26.2,7.3,2.1,84,0,5.68,9.9
133,措傈,2020-06-25,21.8,20.2,22.8,3.9,1.8,91.8,0,6.68,9.9
133,措傈,2020-06-26,23.2,19.7,27.6,.1,1.6,81.5,6.1,19.91,5.6
133,措傈,2020-06-27,24.6,20,30.3,0,.7,79.3,6.9,22.1,5.8
133,措傈,2020-06-28,24.8,19.7,30,,1,75,8.5,23.1,3.6
133,措傈,2020-06-29,22.4,20.3,27.6,41.5,2.4,89.9,.4,10.18,8.5
133,措傈,2020-06-30,20.3,18.3,21.5,24.5,1.6,96.9,0,5.13,10
133,措傈,2020-07-01,20.9,17.3,24.3,.2,1.1,84.1,2.3,12.69,7.5
133,措傈,2020-07-02,23.5,17.7,28.8,,1.1,76.8,7.5,23.46,6.8
133,措傈,2020-07-03,22,19.1,24.6,1,1.9,80.9,0,9.31,9.4
133,措傈,2020-07-04,21.7,18.8,26.6,0,1.4,82.8,2.8,17.09,9
133,措傈,2020-07-05,23.5,20.2,27,,.5,81.1,4,17.37,7.1
133,措傈,2020-07-06,24.3,19.9,29.5,.2,1.1,84.8,5,19.73,8.4
133,措傈,2020-07-07,24.7,22.5,28.7,.2,1.1,83.1,3.8,14.64,7
133,措傈,2020-07-08,25.2,20.2,30.2,,.8,79.9,8.1,24.22,5.5
133,措傈,2020-07-09,26.6,21.3,31.6,,2.1,76.1,10,26.7,5.4
133,措傈,2020-07-10,25.4,22.1,29.2,9.5,1.9,85.5,4.8,18.04,8.1
133,措傈,2020-07-11,26.2,23.5,29.4,,1.1,78.3,4.3,19.14,8.3
133,措傈,2020-07-12,22.2,18.9,25.7,43.8,3.1,89.3,0,6.03,9.8
133,措傈,2020-07-13,18.8,17.7,19.7,117.9,3.5,97,0,3.26,10
133,措傈,2020-07-14,19.9,18.9,21.6,6.1,1.4,94.8,0,8.89,10
133,措傈,2020-07-15,21.1,19,25.1,9.3,.6,92.6,1.4,11.67,7.8
133,措傈,2020-07-16,23.2,19.2,28.2,,.6,84.4,6.9,20.78,4.9
133,措傈,2020-07-17,25,19.9,30.9,,.8,81.1,9.9,25.94,4.4
133,措傈,2020-07-18,25,21.8,29.1,,1.7,75.1,6.1,20.07,6.6
133,措傈,2020-07-19,25.6,21,29.9,7.2,2.6,85,2.1,14.26,9.3
133,措傈,2020-07-20,24.5,22.5,29.3,20.2,2.1,92.9,.2,4.44,10
133,措傈,2020-07-21,25.9,22,30,,.6,79.3,10.3,25.87,7.5
133,措傈,2020-07-22,23.5,21.8,25.2,25.1,.9,94.9,0,6.15,10
133,措傈,2020-07-23,21.7,20.8,22.9,52.8,2.3,97,0,3.15,9.6
133,措傈,2020-07-24,21.6,20.1,24.2,13.5,1.6,96.3,.4,9,9.8
133,措傈,2020-07-25,22.7,20.9,25.3,2.6,.8,94.9,.5,9.85,9.5
133,措傈,2020-07-26,24,22,27.4,.4,.6,93.5,1.6,11.65,9.5
133,措傈,2020-07-27,24.4,22.3,27.2,2.6,1.1,90.3,.3,11.05,9.9
133,措傈,2020-07-28,24,21.7,26.9,6.6,1,95.9,0,9.09,10
133,措傈,2020-07-29,24.7,22.5,26.2,67.9,.7,97,0,4.65,10
133,措傈,2020-07-30,25,23.2,27,141.3,1.4,96,.4,6.07,9.1
133,措傈,2020-07-31,25.9,23.7,30,16.5,.7,93.5,3.2,14.25,8.9
133,措傈,2020-08-01,25.8,23.7,30.4,17.5,1.2,92,3.5,13.07,9.5
133,措傈,2020-08-02,27.7,23.8,30.6,5.4,2.3,86,3.8,15.44,9
133,措傈,2020-08-03,27,25,30.6,1.4,1.9,86.6,1.7,10.42,8.9
133,措傈,2020-08-04,27.5,25.2,32.3,18.5,1.4,88.5,4.4,17.45,7.9
133,措傈,2020-08-05,26.4,25,29.8,24.4,1.1,95.5,2.9,9.77,9.1
133,措傈,2020-08-06,25.5,23.4,27.1,24,2.6,95.6,.1,4.1,9.5
133,措傈,2020-08-07,23.5,23,24.2,34.9,.7,96.9,0,3.25,10
133,措傈,2020-08-08,23.8,22.8,25,42.9,.8,97,0,2.63,10
133,措傈,2020-08-09,26.2,23.8,30.1,32.1,1.5,91.5,1.3,9.47,8
133,措傈,2020-08-10,26.2,24.5,29.7,17.5,1.2,95.5,2,9.21,9
133,措傈,2020-08-11,26,24.7,27.9,59.3,1.2,95.3,.3,7.34,9.6
133,措傈,2020-08-12,27.3,24.8,29.6,17.5,.8,95.1,1.7,10.77,9.6
133,措傈,2020-08-13,28.7,25.4,32.2,,1.4,86.1,7.1,17.57,5.3
133,措傈,2020-08-14,28.5,25.7,31.2,.6,1.8,86.9,7.5,16.61,6.6
133,措傈,2020-08-15,29.2,26.3,32.6,,1.9,81.4,11.2,24.47,4.8
133,措傈,2020-08-16,28.7,24.9,33.3,,1.9,79.4,10.3,24.21,3.9
133,措傈,2020-08-17,28.6,25,33.6,,.7,82.6,8.5,20.75,4.4
133,措傈,2020-08-18,29.1,25.4,33.6,,.9,80.1,11.3,26.25,3.1
133,措傈,2020-08-19,28.9,25.3,34.2,,1,80.4,10.7,25.83,2.9
133,措傈,2020-08-20,29.1,24.8,34.6,,.8,76.5,11,26.42,2.9
133,措傈,2020-08-21,29,25.1,33.7,,.6,79.8,8.4,20.53,5.8
133,措傈,2020-08-22,25.8,23.7,31.1,11.8,1.6,91.5,1.9,10.54,8.6
133,措傈,2020-08-23,27.1,23.1,32.1,,.7,80.6,9.3,23.15,4.8
133,措傈,2020-08-24,28.5,23.1,33.2,,1,79.4,11.5,24.02,1.9
133,措傈,2020-08-25,29.9,24.8,35.4,,1.4,75.8,10.9,24.09,2.9
133,措傈,2020-08-26,29.3,25.6,33.8,1.6,3.9,78.8,6.9,17.29,7.1
133,措傈,2020-08-27,29.5,25.3,32.7,1,3.5,77.4,7,17.29,7.4
133,措傈,2020-08-28,29.3,25.1,35,27.4,1.2,81,7,20.24,7.4
133,措傈,2020-08-29,27.2,25,32.8,15.3,1.1,90.6,3.8,14.11,8.5
133,措傈,2020-08-30,27.9,25.6,31.8,8.4,.8,91.6,4.6,13.6,8.1
133,措傈,2020-08-31,26.7,24.2,31.1,.1,2.7,85,6.2,18.31,6.4
133,措傈,2020-09-01,26.9,22.4,31.4,0,2.4,79.5,9.3,21.67,5.6
133,措傈,2020-09-02,24.6,22.9,26.5,26.2,1.8,96.3,0,4.98,10
133,措傈,2020-09-03,23.1,20.9,26,61.8,3.2,86.3,5.2,14.5,7
133,措傈,2020-09-04,24.3,20.6,28.8,,1.6,74,10.8,24.94,4.8
133,措傈,2020-09-05,22.2,20.3,25.3,,.9,83.1,.4,7.67,9.6
133,措傈,2020-09-06,21.1,17.9,25.2,22.8,1.5,90,.9,7.73,9.9
133,措傈,2020-09-07,19.3,16.3,22.3,29,3.1,95.4,0,3.96,9.8
133,措傈,2020-09-08,24.3,21.9,28.2,.2,2,78.5,11,23.34,3.6
133,措傈,2020-09-09,22.2,18.7,26.5,9.9,1.5,85.1,7.1,18.06,6.4
133,措傈,2020-09-10,23.2,20,28.2,,.9,81.9,6.6,15.15,6.1
133,措傈,2020-09-11,21.7,19.4,24.7,3,1.2,91,0,7.79,9.8
133,措傈,2020-09-12,19.3,17.8,20.6,11.7,1,95.9,.1,6.29,9.8
133,措傈,2020-09-13,21.6,18.3,27.1,,.8,81.8,10.1,24.2,4
133,措傈,2020-09-14,21.9,16.8,27.5,,1,80,10.8,21.57,3.6
133,措傈,2020-09-15,23.4,18.5,29.4,.1,1,79.4,8.4,21.04,6.6
133,措傈,2020-09-16,21.6,20,23.7,4.8,.7,94.3,0,6.14,9.4
133,措傈,2020-09-17,21.7,19.9,23.8,0,.9,90.8,0,6.82,9.4
133,措傈,2020-09-18,21.2,18,25.2,,1.5,73,8.9,17.68,5.4
133,措傈,2020-09-19,20,15.7,26.6,4.1,1.5,77.3,9.4,20.06,2.9
133,措傈,2020-09-20,18.9,14.2,25.6,,1.2,72.3,11.4,21.96,.6
133,措傈,2020-09-21,18,12.3,24.4,,1,72.3,11.4,19.87,4.3
133,措傈,2020-09-22,19.1,14.9,24.5,,2.1,70.8,7.9,19.69,6.1
133,措傈,2020-09-23,19,14.4,23.6,,1.9,70,3.4,12.73,8.5
133,措傈,2020-09-24,20.8,15.7,26.4,,2.1,70.3,9.5,19.87,3.1
133,措傈,2020-09-25,20,14.8,25.9,,1.2,72.4,6.6,16.43,4.6
133,措傈,2020-09-26,19.4,15,25.5,,1.2,69.1,7.9,19.91,3.8
133,措傈,2020-09-27,19.8,14.3,26.6,,1.1,74.3,10.7,21.47,1.5
133,措傈,2020-09-28,18.9,13.4,25.8,,1.1,72.3,11.3,20.77,2
133,措傈,2020-09-29,18.5,12.7,24.6,,.9,75,7.9,16.98,5.5
133,措傈,2020-09-30,19.5,14,26.4,,.8,78.6,9.3,18.04,3.5
133,措傈,2020-10-01,20.4,15.7,25.5,,1.3,76.3,9.7,17.64,5.3
133,措傈,2020-10-02,21,17,25.4,0,1.3,72.6,8.6,16.23,7.5
133,措傈,2020-10-03,20,17.5,23.6,2.1,.8,89.5,.9,8.64,10
133,措傈,2020-10-04,18,12.8,21,.7,1.4,77.3,.5,7.14,9
133,措傈,2020-10-05,13.6,7.6,20.3,,1.5,64.8,10.6,18.54,3.1
133,措傈,2020-10-06,14.2,8.6,20.8,,1,66.1,,,2.9
133,措傈,2020-10-07,16.8,11.1,22.9,,1.9,67.3,8.3,16.9,5.6
133,措傈,2020-10-08,17.4,12.6,23.2,,2.7,59,10.9,18.87,.6
133,措傈,2020-10-09,18,12.6,23.4,,3.1,58,10.7,16.54,3.1
133,措傈,2020-10-10,17.5,12,23.7,,1.4,65.6,9.7,17.78,4.9
133,措傈,2020-10-11,17.3,12.1,22.3,0,1.4,73.8,5.3,10.63,5.3
133,措傈,2020-10-12,17.1,13.5,23.2,.4,1.2,78.8,5.6,12.18,5.8
133,措傈,2020-10-13,12.9,8.6,18.2,,1.1,70,6.6,11.89,4.9
133,措傈,2020-10-14,12.2,8,19.8,0,1,72.5,3.8,8.95,4.6
133,措傈,2020-10-15,11.4,5.6,18.2,,1,57.9,7.2,15.39,5.6
133,措傈,2020-10-16,11.4,6.8,15.9,,.7,78.9,1,6.84,7.5
133,措傈,2020-10-17,12.6,7.9,19.4,,1,74,8.4,13.97,2.4
133,措傈,2020-10-18,12.2,5,20.2,,1,72.4,10.3,16.62,1.6
133,措傈,2020-10-19,13.4,7,21.6,,.8,73.8,9.7,15.23,2.1
133,措傈,2020-10-20,14,7.3,22.8,,.9,74.4,9.9,15.62,1.1
133,措傈,2020-10-21,13.2,9.9,16.3,0,.7,83.9,.1,4.62,8.8
133,措傈,2020-10-22,13,9,19.3,,1.3,77.1,4.9,9.13,4.5
133,措傈,2020-10-23,10.2,6.5,15.7,,1.9,59.4,9.1,16.07,2.1
133,措傈,2020-10-24,9.3,3.9,15.6,,1.8,59.1,10.1,16.37,.9
133,措傈,2020-10-25,11.7,4.7,19.5,,1.1,71,9.4,14,3.5
133,措傈,2020-10-26,11.8,5.7,19.8,,.9,73.8,9.6,13.77,1.3
133,措傈,2020-10-27,13,6,21.4,,.9,74.1,8.9,13.25,2.5
133,措傈,2020-10-28,13.6,8.1,20.7,,1.1,66.4,6.2,11.3,5.3
133,措傈,2020-10-29,10,3.8,17.4,,1,57.5,9.5,12.89,3.8
133,措傈,2020-10-30,10.9,3.4,19.9,,1,68.1,9.8,14.21,.3
133,措傈,2020-10-31,12.6,5.7,20.3,,1,68,8.8,12.84,5
133,措傈,2020-11-01,12.6,11.9,13.3,3.7,1.2,88.9,0,1.77,9.8
133,措傈,2020-11-02,11.3,5.8,17.9,,1.3,65.1,8,13.36,2.8
133,措傈,2020-11-03,6.5,2.2,11,.3,2.1,56.8,8.5,10.86,4
133,措傈,2020-11-04,4.9,-.6,12.2,,1.3,57.1,9.9,14.76,.3
133,措傈,2020-11-05,8.1,-.4,16.9,,.8,63.5,8.3,12.17,4.9
133,措傈,2020-11-06,11.7,8.7,14.9,.3,.7,77.3,0,3.72,8.8
133,措傈,2020-11-07,13.4,9.3,20.5,,1.3,69.4,8.7,11.34,2.3
133,措傈,2020-11-08,9.6,4.7,15.6,,2,53.4,9.2,13.86,1.1
133,措傈,2020-11-09,7.2,0,12.5,0,1.4,47.6,9.2,13.13,3.4
133,措傈,2020-11-10,8.4,3,14.9,,1.4,54.9,9.6,13.39,.9
133,措傈,2020-11-11,8.7,1.6,17.7,,.9,59.9,9.5,12.96,0
133,措傈,2020-11-12,9.6,2,19.1,,.9,62.8,9.4,12.65,.4
133,措傈,2020-11-13,10,3.3,18,,.9,75,9,10.94,.8
133,措傈,2020-11-14,11.3,5.1,20.1,,.7,73.6,6.7,11.26,4.4
133,措傈,2020-11-15,11.6,5.1,19.8,,.9,75.3,8.7,11.62,2
133,措傈,2020-11-16,11.3,6,18.6,,.7,79.5,6.8,9.26,3.5
133,措傈,2020-11-17,15.4,10.4,20.2,1,1.6,80.4,3.1,5.67,7.4
133,措傈,2020-11-18,15.4,12.3,18.5,3.6,.8,95.5,,,9.4
133,措傈,2020-11-19,16.1,10.8,22.1,28.5,2.5,88,.1,1.2,9.5
133,措傈,2020-11-20,6.6,4.6,10.8,0,2.4,77.1,0,,9.3
133,措傈,2020-11-21,8.3,.9,15,,2.1,69.9,8.7,11.91,3.9
133,措傈,2020-11-22,7.9,4.2,10.1,4.4,1.7,82.3,0,2.24,8
133,措傈,2020-11-23,3.9,.8,8.8,,1.5,65.1,7.7,10.93,2.8
133,措傈,2020-11-24,4.7,.7,10.3,,.9,51.8,4.7,9.42,6.8
133,措傈,2020-11-25,5.3,-.7,12.1,,1.1,65.8,8.9,11.26,1.9
133,措傈,2020-11-26,6.9,2.9,12.8,,1,66,7.4,10.1,6.8
133,措傈,2020-11-27,5.9,2.9,9.2,,1.9,63.6,1.3,4.36,7.4
133,措傈,2020-11-28,2.9,.8,6.4,,2,54,,,6.8
133,措傈,2020-11-29,2,-.4,5,,1,69.5,1,4.39,7.4
133,措傈,2020-11-30,1.2,-2.7,7.4,,1.3,70.4,8.9,11.15,0
133,措傈,2020-12-01,1.5,-3.5,7.4,,1.1,54.8,8.8,11.15,3.8
133,措傈,2020-12-02,3.4,-.1,9.5,,1.1,48.5,6,9.51,4.4
133,措傈,2020-12-03,1.5,-1.5,7.3,,1.5,60,7.7,10.16,4.3
133,措傈,2020-12-04,.4,-4,6.3,,1.1,64.3,8.7,10.71,2.3
133,措傈,2020-12-05,1.3,-2.9,7.5,0,.9,78.5,2.9,5.77,7.1
133,措傈,2020-12-06,3.3,-1.7,10.5,,.8,77.9,7.9,10.01,2
133,措傈,2020-12-07,2.8,-.2,7.4,,1.3,73.6,.3,3.53,5.9
133,措傈,2020-12-08,.6,-2.9,6,,1.1,59.8,8.6,10.05,1.5
133,措傈,2020-12-09,1.5,-5.2,7.8,,1,58.8,7.5,10,3.5
133,措傈,2020-12-10,6.1,2.7,12.3,,.6,63.4,2.5,6.31,7.1
133,措傈,2020-12-11,6.8,3.9,11.3,,.7,71,4.3,6.9,8.1
133,措傈,2020-12-12,4.2,-.5,9.1,,1.5,48.1,8.5,10.08,2.1
133,措傈,2020-12-13,1.1,-2.6,6.9,1.6,1.7,68.6,.9,3.12,8.1
133,措傈,2020-12-14,-4.7,-7.9,-1.4,,2.4,53.6,8.8,11.16,2.3
133,措傈,2020-12-15,-5.9,-10.9,-1,,1.8,49.3,8.8,11.02,1.5
133,措傈,2020-12-16,-5.6,-10.4,.2,0,1.5,56.8,8.8,10.62,.1
133,措傈,2020-12-17,-3.7,-9.1,2.7,,1,58.9,7.9,10.77,2
133,措傈,2020-12-18,.1,-3.5,4,0,1.8,64.8,3.7,4.71,5.1
133,措傈,2020-12-19,-3.7,-8.4,1.3,,1.5,44.1,8.6,11.35,2.9
133,措傈,2020-12-20,-2.4,-6.9,4.1,,1.1,52.6,8.5,10.4,.8
133,措傈,2020-12-21,.4,-5,5.7,0,.8,69.6,4.2,7.04,6.6
133,措傈,2020-12-22,1.9,-2.8,8.4,,.8,75,8.3,9.31,3.9
133,措傈,2020-12-23,3.8,-2.1,9,,.9,76.3,2.3,5.52,6.1
133,措傈,2020-12-24,4.4,.7,9.9,,2.1,61,8,9.34,2.8
133,措傈,2020-12-25,.3,-2.5,5.4,0,1.3,65.5,7.5,8.47,1.8
133,措傈,2020-12-26,1.4,-4.1,7.3,0,.7,75.3,3.3,4.77,5.4
133,措傈,2020-12-27,3,-2,8.8,,.6,78.4,2.8,6.02,6.8
133,措傈,2020-12-28,5.4,-.2,13.4,,.8,73.4,7,9.55,3.6
133,措傈,2020-12-29,1.3,-2.2,6.3,2.5,1.5,84.4,,,8.4
133,措傈,2020-12-30,-7.5,-10.5,-2.2,0,3.1,63.5,5.7,7.59,5.3
133,措傈,2020-12-31,-7.7,-13.2,-.9,0,1,71.1,7.7,10.39,1.9
133,措傈,2021-01-01,-4.6,-9.7,-1.2,2.1,.5,88.8,2.7,4.73,5.9
133,措傈,2021-01-02,-3.5,-7.1,1.4,0,1.2,67.5,8.5,10.89,1.5
133,措傈,2021-01-03,-4.1,-8.5,0,,.8,63.8,4.9,7.63,5.6
133,措傈,2021-01-04,-2.8,-8.4,2.5,,.7,67.6,5.7,8.09,4
133,措傈,2021-01-05,-2.8,-7.6,.3,.1,1.8,61.1,8,9.51,3.6
133,措傈,2021-01-06,-5.3,-10.6,-1.4,2.2,1.3,66.5,8.6,10.59,2.5
133,措傈,2021-01-07,-11.2,-15.6,-3.4,1.5,2.9,57.8,8.2,11.14,2.8
133,措傈,2021-01-08,-13.5,-17.5,-8.3,,1.2,57.8,8.9,11.82,1.6
133,措傈,2021-01-09,-11.4,-17,-6,,1.1,65.5,8.5,11.16,.9
133,措傈,2021-01-10,-8,-14.7,-2,,.9,63.6,6.8,9.56,3
133,措傈,2021-01-11,-6,-9.8,-2.4,,.6,70.8,.3,4.91,8.1
133,措傈,2021-01-12,-1.4,-7,4.2,1.3,1,77.6,6.7,10.03,6.8
133,措傈,2021-01-13,3.7,-3.8,10.8,0,1.1,81,7.8,9.64,1.4
133,措傈,2021-01-14,3.3,-2.6,11.7,,.9,58.1,8.7,11.02,0
133,措傈,2021-01-15,6.1,-.8,13.7,,1.7,69.5,.8,4.64,8.8
133,措傈,2021-01-16,-1.1,-4.8,3.4,,2.5,58.6,6.2,9.82,5.6
133,措傈,2021-01-17,-3.3,-8.4,2,0,1.6,61.9,8.5,11.98,3.4
133,措傈,2021-01-18,-1.5,-4.8,4.6,3.3,2.3,74.6,2.3,5.97,5.5
133,措傈,2021-01-19,-4.8,-10.2,.8,0,1.1,45.6,9.1,12.65,.1
133,措傈,2021-01-20,-.6,-8.7,9.3,,.7,52.4,9,11.98,1.3
133,措傈,2021-01-21,4.9,-1.2,9.3,4.6,.6,72.8,3.5,5.51,8.5
133,措傈,2021-01-22,7.4,5.6,9.9,2.9,.6,94.6,0,3.86,10
133,措傈,2021-01-23,8,4.3,11.7,,1.9,82.4,0,3.69,9.4
133,措傈,2021-01-24,8.2,2.9,14.5,,1.6,66.6,9.1,12.18,3.1
133,措傈,2021-01-25,8.3,3.1,14.4,,2,64.5,8.3,10.81,6.8
133,措傈,2021-01-26,6.2,4.3,8,4,1.4,84.1,0,2.68,9.6
133,措傈,2021-01-27,2.9,-.6,7.9,,1.5,52.3,7.2,11.98,6.3
133,措傈,2021-01-28,-1.6,-6.6,5.6,1.6,2.6,66,3.8,5.55,6.5
133,措傈,2021-01-29,-6,-9.6,-.5,0,1.9,55.4,,,1.8
133,措傈,2021-01-30,.2,-7.6,9.2,0,1.2,61,5.5,7.75,4.5
133,措傈,2021-01-31,3.8,-4.5,12.5,,.9,63.3,7.9,11.45,3.8
133,措傈,2021-02-01,7.3,2.6,11,8.1,1.7,82,3.1,7.52,8.4
133,措傈,2021-02-02,-2.4,-4.4,2.6,0,2.5,46.9,9.6,14.5,1
133,措傈,2021-02-03,-1.4,-8.2,4.1,.1,1.6,56,9.6,14.32,1.6
133,措傈,2021-02-04,-.5,-3.7,4.1,.5,1.8,49.3,9.6,14.92,1.4
133,措傈,2021-02-05,1.2,-5.6,7.9,,1.1,54.3,5.5,10.6,5.5
133,措傈,2021-02-06,6,-1.1,9.3,0,1.7,78.6,1.6,4.33,8
133,措傈,2021-02-07,5.8,-.4,11.4,0,1.5,65.5,7.6,9.99,4
133,措傈,2021-02-08,-1.7,-4.1,2.5,,2.4,46.8,9.8,15.57,0
133,措傈,2021-02-09,0,-6.3,7.4,,1.3,51.8,9.9,15.37,0
133,措傈,2021-02-10,2.6,-4.2,10,,.9,68.9,7.6,12.06,3.5
133,措傈,2021-02-11,5.3,-.2,12.5,,.8,68,6.7,11.77,7.8
133,措傈,2021-02-12,6.9,.3,16.3,,.8,56,8.2,13.84,3.6
133,措傈,2021-02-13,7.6,-.5,17.4,,.7,47.8,9.7,14.77,.8
133,措傈,2021-02-14,9.1,4.2,15.2,1,.8,66,.9,6.41,9.3
133,措傈,2021-02-15,3,-2,9,.5,2.6,65.6,4.7,7.48,7.3
133,措傈,2021-02-16,-2.7,-5.7,2.7,3.4,1.7,66.8,5.1,9.75,3.3
133,措傈,2021-02-17,-6.1,-7.5,-3.6,.1,3.4,56.1,9.3,14.57,4.3
133,措傈,2021-02-18,-4.3,-8.9,.9,.4,2,61.6,9.3,14.36,3.5
133,措傈,2021-02-19,2.6,-7,9.8,,1.7,66.3,10.1,16.29,0
133,措傈,2021-02-20,11.2,6.3,17.2,,2.2,64.9,8.6,14.06,.8
133,措傈,2021-02-21,14.3,5.6,22.6,,2,53.3,10,16.01,0
133,措傈,2021-02-22,11.7,1.6,19.9,,2.2,46.9,10.1,14.94,.8
133,措傈,2021-02-23,1.9,-2.4,8.6,,1.7,38.3,10.4,15.96,2.4
133,措傈,2021-02-24,4.5,-1.4,12.1,,.8,34.3,8.4,14.32,6.1
133,措傈,2021-02-25,4.7,-.1,8.9,0,.8,59,.1,4.65,9
133,措傈,2021-02-26,8.9,1.9,15.4,,2.5,49.8,8.6,15.45,6.8
133,措傈,2021-02-27,8.7,5.1,12.9,,4.3,52.5,9.7,16.12,5.1
133,措傈,2021-02-28,7.4,1.5,12.4,0,1.5,69.6,1.6,6.92,8.1
133,措傈,2021-03-01,8.2,2,12.7,50.8,1.5,95.3,,,10
133,措傈,2021-03-02,3,.7,6.7,.2,1.6,81,2.5,8.27,6.4
133,措傈,2021-03-03,4.3,-1.8,10.2,,.8,67.4,7.9,14.84,5.4
133,措傈,2021-03-04,5.7,1.5,10.5,3,.7,79.5,.1,5.9,8
133,措傈,2021-03-05,8.5,2.4,16.9,,1.1,75.8,7.1,16.14,4.4
133,措傈,2021-03-06,7.5,4,14.3,,2.7,74.5,6.7,14.02,6.8
133,措傈,2021-03-07,6.7,4.1,11.1,,2.3,71.5,2.5,9.85,7.6
133,措傈,2021-03-08,8,1.8,15.3,,1,65,9.7,18.52,4.3
133,措傈,2021-03-09,7.5,2.9,13.7,,1.1,58.3,6.1,14.01,6.9
133,措傈,2021-03-10,9.6,.3,18.4,,1.3,50.9,10.7,19.19,0
133,措傈,2021-03-11,11,2.7,19.5,,1.1,49.1,8,17.54,6.1
133,措傈,2021-03-12,8.3,7.1,10.8,12.2,1.3,88,0,3.53,9
133,措傈,2021-03-13,9,3.4,15.6,,.9,75.1,5.3,14.73,6.1
133,措傈,2021-03-14,9.4,3.9,15.1,,1.1,72,6.8,13.99,4.6
133,措傈,2021-03-15,11.8,3.5,18.4,0,1.4,64,8.6,16.61,6.4
133,措傈,2021-03-16,11.1,4.6,16.6,0,2.2,50.4,10.3,21.22,2.6
133,措傈,2021-03-17,10,1.1,19.3,,1,49.3,10.8,20.56,1.1
133,措傈,2021-03-18,12.5,4.1,20.8,,1.2,55.5,10.1,19.37,3
133,措傈,2021-03-19,13.7,9.7,18.8,,3.6,55.9,7.5,16.28,8.3
133,措傈,2021-03-20,9,7.5,11.9,6.7,1.7,87.9,.1,2.76,9.8
133,措傈,2021-03-21,6.4,4.2,10.5,0,2.5,67.3,5.9,11.43,6.5
133,措傈,2021-03-22,7.1,2,13.1,,2.2,51.5,11.2,20.01,1.1
133,措傈,2021-03-23,9.9,2.9,17.2,,2.2,63.1,10.7,20.86,.9
133,措傈,2021-03-24,10.8,3.3,18.4,,1.3,53.5,9.7,19.79,3.9
133,措傈,2021-03-25,13,4.7,22.1,,1.2,58.3,11.1,21.51,.3
133,措傈,2021-03-26,14.4,5.2,22.5,,1,50.3,8.4,16.79,5.5
133,措傈,2021-03-27,12.2,7.9,16.3,20.5,1.3,78,.1,5.19,9.6
133,措傈,2021-03-28,10.3,9.1,14.9,1.8,2.2,94.4,.1,3.61,9.5
133,措傈,2021-03-29,12.2,8.3,17.9,0,1.8,56.9,7.9,17.36,4.1
133,措傈,2021-03-30,12.6,5.8,20,,1.3,39.3,11.5,23.29,1.3
133,措傈,2021-03-31,14.3,4,24.4,,1,38.6,11.1,22.36,3.3
133,措傈,2021-04-01,15.8,11.1,21.6,,3.7,41,,,6.9
133,措傈,2021-04-02,17.6,12.2,23.5,,3.2,50.5,5,16.67,7.3
133,措傈,2021-04-03,16.4,14.5,18.2,22,1.6,84.4,0,3.55,10
133,措傈,2021-04-04,11.7,9.4,14.4,6.8,1.8,89.8,1,8.5,7.5
133,措傈,2021-04-05,11.6,4.4,18.2,,1.4,55.9,12.2,25.14,.6
133,措傈,2021-04-06,13.2,5.8,21.2,,1.7,50.6,10.6,22.95,2
133,措傈,2021-04-07,14.3,6.3,22.9,,1.4,46.4,11.8,24.49,1.5
133,措傈,2021-04-08,13.1,6.8,20.2,,1.7,39.9,11.4,24.77,1.1
133,措傈,2021-04-09,12.3,4.7,20,,2.6,51.4,11.1,23.73,1.5
133,措傈,2021-04-10,13,6.8,19.8,,2,50.8,11.5,22.33,1
133,措傈,2021-04-11,15.6,6.1,23.5,,1.3,50.3,11.5,23.28,2.6
133,措傈,2021-04-12,13.6,12.4,16.5,15.3,2.3,72.3,0,5.55,10
133,措傈,2021-04-13,11.3,5.1,17.3,1.8,2.3,73.4,8.1,18.08,5.1
133,措傈,2021-04-14,9.6,3.2,16.8,,1.9,48.8,12.2,26.48,1.3
133,措傈,2021-04-15,11.6,2.3,19.6,,1.1,49,11.6,23.47,4.3
133,措傈,2021-04-16,11.8,9.3,15.8,0,1.5,76.3,1,5.01,8.5
133,措傈,2021-04-17,10.7,6.9,16.6,,2,60.3,8.9,19.02,4.9
133,措傈,2021-04-18,11.1,6.8,17.5,,2.3,55.6,9.6,22.53,3.4
133,措傈,2021-04-19,13.5,4.4,22,,1.7,58.3,12.5,25.96,0
133,措傈,2021-04-20,15.8,6.3,25.1,,1.2,53,11.2,24.49,3.8
133,措傈,2021-04-21,19.6,9.6,29.7,,1,43.5,10.7,22.09,6.5
133,措傈,2021-04-22,21.8,15.1,29.9,0,2.1,35.4,6,18.87,8.4
133,措傈,2021-04-23,19,16,22.2,.1,3.4,34.9,.5,11.34,9.4
133,措傈,2021-04-24,17.9,13.4,24.7,,1.7,39.3,6.6,19.09,6
133,措傈,2021-04-25,17.9,10.3,24.9,,2,52,12.2,26.13,1.1
133,措傈,2021-04-26,17,10.3,23.2,,1.9,45.3,11.5,24.8,5.9
133,措傈,2021-04-27,16.6,12.6,22.2,0,1.1,59,1.3,11.42,9.1
133,措傈,2021-04-28,16.9,13.3,21.1,.1,1.4,58.6,4.2,15.11,8.5
133,措傈,2021-04-29,16.2,11.9,20.3,.7,1.9,58.9,9,21.59,7.1
133,措傈,2021-04-30,13.1,10.5,17.6,.6,2.4,70.9,5.5,16.69,8.4
133,措傈,2021-05-01,10.5,9.4,13.3,1.4,1.7,79.3,1.1,7.48,8
133,措傈,2021-05-02,13,7.9,19.6,2.6,1.6,69,,,4.5
133,措傈,2021-05-03,15.1,6.6,23.3,,1.5,56.4,11.3,26.95,4
133,措傈,2021-05-04,17.2,11.8,23,5.2,1.4,76.6,.1,8.68,9.8
133,措傈,2021-05-05,15.2,10.7,20.9,2.3,2.2,57.8,12.9,28.39,1.3
133,措傈,2021-05-06,15.8,6,23.2,,1.3,49.1,9.3,20.6,5.9
133,措傈,2021-05-07,15.2,10.9,21.2,2.6,2,61.9,7.4,15.19,3.6
133,措傈,2021-05-08,16.3,8.9,23.6,,2.4,60,11.1,25.38,.5
133,措傈,2021-05-09,16.8,10,23.6,,2.3,50.9,13.2,28.94,.8
133,措傈,2021-05-10,12.5,11.1,14.3,11.1,1.1,86,.5,4.57,9.6
133,措傈,2021-05-11,15.8,12.2,20,2.9,3.5,70.1,2.6,12.56,8.3
133,措傈,2021-05-12,20.1,12.6,26.2,,2.5,50.6,12.4,26.6,2.5
133,措傈,2021-05-13,22.3,14,29.8,,1,61.9,13.1,26.61,3.1
133,措傈,2021-05-14,23.9,16.5,31.8,,1.5,67.4,10.5,24.16,6.8
133,措傈,2021-05-15,23,19.5,27.3,1.7,1.2,86.4,2,12.25,9.9
133,措傈,2021-05-16,21.3,18.4,23.3,43.7,1.2,97,0,3.58,9.9
133,措傈,2021-05-17,16.4,15.3,18.4,3.3,1.7,97,0,5.66,10
133,措傈,2021-05-18,18.8,15.2,24.7,,.9,82,7.7,20.86,6
133,措傈,2021-05-19,20.9,14.8,27.6,,1.2,63.3,10.4,27.43,5.1
133,措傈,2021-05-20,16.9,15.4,19.2,13,1.4,89.5,0,3.63,9.9
133,措傈,2021-05-21,15.3,14.2,16.9,.1,1.6,92.9,0,4.38,9
133,措傈,2021-05-22,18.6,11.9,25.5,,1.2,77.3,13,26.58,1
133,措傈,2021-05-23,20.3,13.3,26.6,,.8,72.9,7.2,19.24,7
133,措傈,2021-05-24,20.2,16.6,25.6,0,1.5,58.5,7.9,22.54,5.5
133,措傈,2021-05-25,16.8,13,22,1.5,2.2,66.8,9.6,22.54,3.4
133,措傈,2021-05-26,17.9,12.9,23.6,,1.3,63,1.4,11.4,9
133,措傈,2021-05-27,17,14.2,21.1,1,2,80.9,5.5,11.87,5.8
133,措傈,2021-05-28,15,11.8,19.7,30.2,1.5,87.1,4.8,9.43,6.5
133,措傈,2021-05-29,18.5,13.4,24.3,,1.8,69.8,11,24.26,2.9
133,措傈,2021-05-30,20.9,12.1,28.8,4.5,1,70.6,12.1,27.24,4.3
133,措傈,2021-05-31,20.7,16.2,26.7,7.1,1.1,76.9,5,17.04,7
133,措傈,2021-06-01,22.5,16.3,28,,1.4,69.5,10.2,23.7,6.9
133,措傈,2021-06-02,24.4,18,30.6,,1,61.5,1,2.86,4
133,措傈,2021-06-03,19.2,17.7,21.7,24.2,.7,91.6,0,4.03,8.8
133,措傈,2021-06-04,18.6,13.3,24.4,1.2,1.7,74.1,12.3,28.01,2.6
133,措傈,2021-06-05,21.5,16.1,26.1,,2.3,71.5,11.4,19.77,3.6
133,措傈,2021-06-06,23.4,18.6,28.5,,1.8,67.3,11.8,25.86,1.8
133,措傈,2021-06-07,23.3,16.9,29.5,,1.2,62.3,9.9,21.91,5
133,措傈,2021-06-08,24.8,18.7,31.2,,.8,66.9,11,24.52,6
133,措傈,2021-06-09,26.9,20.1,32.9,,1.2,65,12.5,26.68,3.6
133,措傈,2021-06-10,25.7,21.2,31.6,1.6,2,68.4,5.9,17.69,8.8
133,措傈,2021-06-11,23.5,19.9,28.7,12.6,1.6,84.1,7.2,18.31,7.1
133,措傈,2021-06-12,25.3,19.7,30.7,,.9,78.3,8.6,24.39,7.3
133,措傈,2021-06-13,25.2,21.9,31,,1.2,80.6,7.3,21.25,5.4
133,措傈,2021-06-14,24.9,20.9,30.5,0,1.3,83.3,4.5,17.98,8.3
133,措傈,2021-06-15,22.6,21.1,24.1,1.9,2.4,84.5,0,7.15,10
133,措傈,2021-06-16,23.6,21.3,27.2,,3.6,71.4,5.6,16.1,6.1
133,措傈,2021-06-17,22.1,19.6,25.4,.1,1.7,80,.8,9.84,9.5
133,措傈,2021-06-18,21.2,19.7,23.5,1.4,1.2,92.6,.1,7.1,8.6
133,措傈,2021-06-19,23.5,18.2,29.1,,1.2,72.8,11.7,27.18,3.3
133,措傈,2021-06-20,24.4,17.5,31,,1.7,67.6,12.5,27.44,4.1
133,措傈,2021-06-21,24.8,19.5,30.7,,1.5,63.8,12.5,26.49,2.8
133,措傈,2021-06-22,23.6,18.5,28.6,,1.1,67.4,5.4,17.35,6.6
133,措傈,2021-06-23,20.9,19.2,25.1,6.7,1.7,91.3,2.6,8.04,6.8
133,措傈,2021-06-24,23.2,18.6,27.8,,1.1,79.4,6.5,19.43,7.1
133,措傈,2021-06-25,24.4,18.7,30.5,5.2,1.1,77.3,10.7,25.74,6.1
133,措傈,2021-06-26,22.6,20.2,26.5,22,.8,88.5,5.9,15.41,7.8
133,措傈,2021-06-27,25,19.5,30.3,.5,1.3,76,8.4,22.5,5.3
133,措傈,2021-06-28,25.6,21.7,30.2,0,1.9,72.9,7.8,21.43,6
133,措傈,2021-06-29,23.5,20.7,29.4,24.2,1.2,86.6,7.3,17.92,5.4
133,措傈,2021-06-30,24.8,21.1,30.1,4.3,.9,83.8,6.3,19.34,6.4
133,措傈,2021-07-01,26.7,21.3,32,,1.1,77.9,12.2,24.69,3.9
133,措傈,2021-07-02,27,23,31.5,,2.1,63.8,8.8,23.36,4
133,措傈,2021-07-03,23.2,21.1,26.2,42.2,4.2,87.3,,,9.3
133,措傈,2021-07-04,22.7,21.5,24.4,13.7,2.5,94.9,1.5,10.78,9.1
133,措傈,2021-07-05,22.5,20.6,25.4,5.6,1.1,90.8,0,9.83,9.6
133,措傈,2021-07-06,23.6,21.3,26.2,15.6,.8,95.1,0,8.22,9.9
133,措傈,2021-07-07,26,23.5,28.5,2.5,1.1,94.5,.3,9.16,10
133,措傈,2021-07-08,26.4,22.7,30.7,38.6,1.2,84.8,8.6,21.2,8.5
133,措傈,2021-07-09,26.2,23.1,30.4,4.2,1.1,83,7.5,18.65,6.4
133,措傈,2021-07-10,27,24.2,31.1,10,1.6,84.8,7.1,20.49,7.6
133,措傈,2021-07-11,27.2,23.4,31.1,.2,1.4,86.1,5.5,17.45,8
133,措傈,2021-07-12,28.7,24.4,33.3,0,.9,84,6.1,19.5,6.9
133,措傈,2021-07-13,29.8,25.4,34.2,,1.3,77,9.5,21.72,6
133,措傈,2021-07-14,29.5,25.1,33.2,,1.2,77.9,8.5,20.88,7.3
133,措傈,2021-07-15,29.3,25.4,35.3,0,1.2,76.8,8.8,21.46,5.4
133,措傈,2021-07-16,28.4,24.1,34,1.3,1.4,79.8,10.4,25.27,5.5
133,措傈,2021-07-17,27.1,23.1,32.1,,2.2,81.1,10.1,21.64,6
133,措傈,2021-07-18,27.3,23.6,32.5,16.5,1.5,79.1,10,21.52,6.4
133,措傈,2021-07-19,26.7,23.4,32,0,.8,86.9,2,15.35,8.1
133,措傈,2021-07-20,27.6,24.5,31.2,,.9,87.5,1,12.95,9.1
133,措傈,2021-07-21,29.5,23.7,34.4,,1.9,70,12.9,27.21,4.9
133,措傈,2021-07-22,29.2,24,33.7,,2.5,70.1,12.7,27.42,3.4
133,措傈,2021-07-23,29.7,24.6,34.9,,1.8,70.6,11.5,27.1,3.9
133,措傈,2021-07-24,30.2,26.3,34.7,,1.9,69.9,12.1,24.24,6.6
133,措傈,2021-07-25,29.7,25.6,33.4,,2.7,70.9,11.2,22.5,6.6
133,措傈,2021-07-26,29.9,25.1,34.7,,2.4,66.3,13.3,25.86,1.8
133,措傈,2021-07-27,30.1,23.9,35.4,,1.7,66.8,,,1.8
133,措傈,2021-07-28,30.6,26.2,36.1,,1.3,65.9,10.1,25.25,2.9
133,措傈,2021-07-29,30.2,26,35.6,,1.3,73.4,9.4,20.61,7.3
133,措傈,2021-07-30,30.8,26.5,36.1,0,1.3,68.1,11.3,22.56,6.5
133,措傈,2021-07-31,30.2,26.4,35.7,1.4,1.1,74.3,9.7,23.27,5
133,措傈,2021-08-01,27.3,24.9,32.2,19.8,1,89,3.2,11.98,8.4
133,措傈,2021-08-02,26,24.8,28.6,34,.8,95.5,1.3,7.89,9.3
133,措傈,2021-08-03,28,24.6,32.2,5.1,1.2,84.9,6.1,16.7,8.1
133,措傈,2021-08-04,29.7,25.1,34.2,.1,1.1,76.9,12.8,26,4.9
133,措傈,2021-08-05,29.8,25.9,35.3,.7,1,76.1,10.1,21.3,4.5
133,措傈,2021-08-06,27.7,23.8,34.5,11.1,1.2,87.1,7.4,18.15,6.9
133,措傈,2021-08-07,27.7,23,33.1,,1,78.4,9,22,6.1
133,措傈,2021-08-08,26.6,24.5,29.4,,1.1,85.4,.5,8.63,9
133,措傈,2021-08-09,28.1,22.7,32.9,,1.2,70.9,12.1,23.87,3.9
133,措傈,2021-08-10,27.3,23.9,32.9,7.8,1.8,78,8.4,19.73,5.4
133,措傈,2021-08-11,27.4,22.6,33,,1,75.4,,,4
133,措傈,2021-08-12,27.6,23.7,32.3,,1.1,76.5,6.7,18.66,7.4
133,措傈,2021-08-13,26.7,23.5,30.3,0,1.3,80,3,13.25,8.8
133,措傈,2021-08-14,25.7,23.4,29.5,.3,1.5,78.4,4.4,12.62,8.1
133,措傈,2021-08-15,26.7,22.5,31.7,,2.3,73.9,11.3,22.47,5
133,措傈,2021-08-16,26.2,22.5,30.5,,2.6,71.5,10.8,21.14,5.8
133,措傈,2021-08-17,25.5,22.2,29.8,.1,1.5,72.3,7.4,18.23,7.8
133,措傈,2021-08-18,24.7,21.6,30.1,1.1,2,77.6,4.9,14.61,7
133,措傈,2021-08-19,24.3,21.3,29.4,3.2,1.4,83.9,5.9,18.23,6.9
133,措傈,2021-08-20,26,20.5,31.3,,1.6,75.3,8.8,18.45,4.8
133,措傈,2021-08-21,24.5,22.3,26.6,44.9,2.4,90.8,.8,4.62,8.5
133,措傈,2021-08-22,25.5,22.5,29.3,.7,1.2,84.9,4.9,15.09,8.9
133,措傈,2021-08-23,22.8,21.4,24,65,.9,97,0,2.9,10
133,措傈,2021-08-24,24.3,21.5,27.7,25.2,1.6,94.5,.8,5.19,9.8
133,措傈,2021-08-25,23.7,22.5,25,22.7,.7,97,.1,3.23,10
133,措傈,2021-08-26,25.7,22.3,29.3,,1.3,86.4,4.3,14.61,8
133,措傈,2021-08-27,21.8,20.5,25,16.6,1,96.9,0,,9.8
133,措傈,2021-08-28,22.8,19.4,26.3,0,.6,90,3.1,13.15,9.4
133,措傈,2021-08-29,22.4,19.4,26.7,28.3,.9,92.5,2.7,10.94,8.8
133,措傈,2021-08-30,22.9,20.3,25.3,.1,.5,93.8,.3,6.76,9.5
133,措傈,2021-08-31,23.4,21.8,27.4,2.4,.9,90.9,1.6,11.12,9.6
133,措傈,2021-09-01,23.1,21.2,25.1,52.4,1.6,97,.1,4.15,9.9
133,措傈,2021-09-02,22.7,20.5,25.2,0,2.4,85.5,3.1,11.53,8.4
133,措傈,2021-09-03,23.7,19.9,28.1,,2.3,75.1,10.2,19.45,5
133,措傈,2021-09-04,23.2,18.1,28.5,,1.5,75.4,9.6,19.84,6.3
133,措傈,2021-09-05,21.7,18.4,24.8,.3,1.4,85.4,.7,8.46,8.5
133,措傈,2021-09-06,20.7,18.8,23.4,32.2,2.1,92.9,.1,5.93,9.8
133,措傈,2021-09-07,21,18.7,24.1,6.7,1.9,96.5,.2,3.51,10
133,措傈,2021-09-08,22.2,19.4,27,.1,1.1,87.4,4.4,13.2,5.5
133,措傈,2021-09-09,22.4,17.5,28.2,,.7,85,6.2,16.1,7.9
133,措傈,2021-09-10,23.6,20.2,28.3,,1,86.8,5.8,14.83,6.9
133,措傈,2021-09-11,24.3,20.3,30.8,,.9,82.3,,,2.5
133,措傈,2021-09-12,24.1,20,29.4,,.8,85.3,7.9,16.67,7
133,措傈,2021-09-13,23.9,21.5,28.2,,3,75,6.7,15.41,8.6
133,措傈,2021-09-14,23,20.1,26.2,,3,70.4,4.4,13.72,6.4
133,措傈,2021-09-15,23.9,20.5,28.5,,3.9,62.1,11.8,21.29,.4
133,措傈,2021-09-16,22.8,17.1,27,0,2.4,73,8.8,16.95,6.3
133,措傈,2021-09-17,20.7,18.7,22.9,5,1.9,89.4,.7,8.04,8.4
133,措傈,2021-09-18,22.4,17,28.5,,1.3,78.9,10.4,20.89,1.5
133,措傈,2021-09-19,22.9,18,28.2,,1.3,75.5,11.5,20.29,.8
133,措傈,2021-09-20,23.6,18.9,28.2,,3.4,75,11.2,20.43,3.1
133,措傈,2021-09-21,22.6,20.6,26.2,34.3,2,88.3,4.2,10.16,6.5
133,措傈,2021-09-22,22.5,18.1,27.8,10.2,1.8,78.4,9,17.53,3.8
133,措傈,2021-09-23,21.1,16.8,26.8,,1.4,74.6,10.7,19.29,2.6
133,措傈,2021-09-24,21.3,15.2,27.1,,1.7,75,10,18.12,1.5
133,措傈,2021-09-25,21,18.2,24.2,0,1.6,81.1,2,8.26,7.9
133,措傈,2021-09-26,21.3,17.1,25.9,,1.6,76,3.5,13.57,7.9
133,措傈,2021-09-27,22.2,18.8,27.2,.2,2.2,71.9,4.3,13.49,8.5
133,措傈,2021-09-28,22,19.8,25.8,.7,1.6,82.9,.9,8.64,9.9
133,措傈,2021-09-29,21.5,19.5,23.7,19.1,1,97,0,2.82,10
133,措傈,2021-09-30,21.9,18.3,27.6,,1,83.6,9.1,18.57,3
133,措傈,2021-10-01,21.6,16.6,28.4,,1,81.5,7.3,15.82,3.3
133,措傈,2021-10-02,21.4,16.4,27.9,.2,1,79.5,9.6,16.43,1.3
133,措傈,2021-10-03,22.6,16.4,31.2,,1.1,72.9,10.5,17.89,2.6
133,措傈,2021-10-04,22.9,16.8,29,,1.1,81,4.9,10.92,4.9
133,措傈,2021-10-05,23.4,19.3,29.5,,1.1,80.9,9.7,16.95,3.3
133,措傈,2021-10-06,22.6,18.5,28.2,,1.9,81,8.4,15.61,4.3
133,措傈,2021-10-07,20.6,18.8,24.8,3.4,.9,91.8,2,5.76,7.8
133,措傈,2021-10-08,20.3,18.6,22.4,0,.7,95.1,.1,4.13,9.6
133,措傈,2021-10-09,23.2,19.9,28.3,0,1.1,85.9,5.6,12.58,4.9
133,措傈,2021-10-10,22.9,16.9,29.2,5.1,1.4,83.4,7.2,14.08,6.6
133,措傈,2021-10-11,15.4,12.6,17.5,13.5,1,92.8,0,4.55,9.5
133,措傈,2021-10-12,16.2,15.9,17,.5,1.6,90.1,0,2.68,9.8
133,措傈,2021-10-13,19.6,16.1,24.6,,2.8,78.4,,,4.8
133,措傈,2021-10-14,19.9,15.3,26.4,,1.1,79,10.3,16.2,2
133,措傈,2021-10-15,18.6,16.8,21.7,9.7,.7,91.8,.2,6.17,9.3
133,措傈,2021-10-16,12.2,5.4,17.6,4.8,2.1,68,.3,6.95,9.5
133,措傈,2021-10-17,6,.4,12.9,,1.5,55,10.5,18.18,0
133,措傈,2021-10-18,9.6,1.3,17.7,,.9,70,10.5,16.91,2
133,措傈,2021-10-19,10.9,6.7,16.7,3.6,1.1,83.3,6.7,11.49,4.8
133,措傈,2021-10-20,9.3,3.5,17,,.9,74.5,10.3,16.49,.8
133,措傈,2021-10-21,9.5,4.1,16.6,,1,79.1,9.5,13.93,2.3
133,措傈,2021-10-22,10,3.8,17.3,,1.2,73.8,10,15.36,.3
133,措傈,2021-10-23,11.1,4,20,,.8,72.5,10.1,16.02,.5
133,措傈,2021-10-24,11.3,5,19.2,,.8,75.1,9.7,15.67,2.6
133,措傈,2021-10-25,10.8,5.4,18.4,,.9,77,9.8,15.13,.6
133,措傈,2021-10-26,11.8,4.9,19.1,,.8,79.4,9.5,13.86,4.4
133,措傈,2021-10-27,12.9,8.2,20.5,,1.1,71.9,8.1,13.22,1.1
133,措傈,2021-10-28,11.4,4.6,20.1,,1,69.6,10,15.57,0
133,措傈,2021-10-29,13.4,7.5,21,,1.7,69.5,9.9,13.7,3.9
133,措傈,2021-10-30,12.4,8.7,18,,.7,81,1.3,7.49,5.5
133,措傈,2021-10-31,13.3,6.7,21.2,,.8,81.3,9,13.33,1.5
133,措傈,2021-11-01,13.4,9.7,19.7,,1.1,79,7,10.54,4.1
133,措傈,2021-11-02,12.3,8.4,17.6,,.9,75.4,6.9,10.93,5.6
133,措傈,2021-11-03,11.2,5.3,18.7,,.9,79,8.9,13.26,2.8
133,措傈,2021-11-04,13.7,8.3,20.4,.5,.8,79.3,8.6,12.53,4.1
133,措傈,2021-11-05,13,7.5,20.4,,1.2,77.6,6.5,10.57,2.6
133,措傈,2021-11-06,13.9,7.8,21.8,,1.3,72.3,9.2,12.92,.8
133,措傈,2021-11-07,15.4,8.3,21.9,,2.7,68.4,8.6,13.03,4.8
133,措傈,2021-11-08,10.3,6.1,15.5,10.3,2,81.3,1.2,3.1,9.8
133,措傈,2021-11-09,7.7,6.1,10.3,2.8,1.8,81.5,1.7,5.09,8.3
133,措傈,2021-11-10,5.9,3.5,7.7,3,1,93.5,.5,3.17,7.8
133,措傈,2021-11-11,6.7,2.9,10.3,0,1.4,79.3,4.6,6.92,4.5
133,措傈,2021-11-12,5.7,2.8,9.3,.6,1.2,80.4,6,7.79,4.8
133,措傈,2021-11-13,7.2,1,15.2,,.8,81.8,,,2
133,措傈,2021-11-14,10.2,3.9,17.6,,1,75.3,8.6,10.43,2.1
133,措傈,2021-11-15,10.1,4.7,16.8,,.7,80.3,8.2,10.84,1.4
133,措傈,2021-11-16,8.7,3.9,16.4,,.9,68.1,8.8,11.61,0
133,措傈,2021-11-17,8.3,1.5,15.6,,.9,67.4,9.1,12.47,2
133,措傈,2021-11-18,10.3,3.6,16.5,,1.2,82,6.3,8.57,4.5
133,措傈,2021-11-19,12,7,18.3,,1.1,86.9,6.8,8.68,4.5
133,措傈,2021-11-20,11.8,8.2,17.3,,.7,83.1,5,8.3,5.1
133,措傈,2021-11-21,10.8,6.8,15.1,,.9,83.5,.3,4.34,9
133,措傈,2021-11-22,5.3,1.8,12.6,3.6,2.5,78.8,4.7,7.37,7.1
133,措傈,2021-11-23,1.8,-1.5,3.8,.2,1.5,76.6,3.7,5.68,5
133,措傈,2021-11-24,6.1,-.1,12.4,0,1.6,66,8.6,10.72,3.1
133,措傈,2021-11-25,8.7,3.9,15.8,,1.6,66.5,8.3,10.66,.8
133,措傈,2021-11-26,5.4,-.3,11.7,,1.1,62.5,8.7,11.44,.4
133,措傈,2021-11-27,4,-.7,11.6,,.8,58.9,9,11.72,0
133,措傈,2021-11-28,4.9,-2.3,14.5,,.9,57.1,7.4,10.49,2.8
133,措傈,2021-11-29,6.3,-.6,13.2,,.7,73,6.6,9.07,3.3
133,措傈,2021-11-30,6.1,3.3,9.9,20.7,2,86.8,.2,1.49,9.4
133,措傈,2021-12-01,.9,-2.6,3.8,0,2.8,59.9,7.1,8.13,4.9
133,措傈,2021-12-02,2.6,-4.2,8.4,.1,1.2,69.5,7.3,10.66,4.3
133,措傈,2021-12-03,4.5,.1,8.7,1.6,2.3,68.4,8.2,10.52,4.8
133,措傈,2021-12-04,.6,-2.5,3.6,.1,.8,74.8,2.3,2.96,2.4
133,措傈,2021-12-05,2.1,-3.3,10.5,,.8,78.9,6.2,9.89,1.3
133,措傈,2021-12-06,4.4,-1,12.3,,.7,78.9,4.4,6.75,4.4
133,措傈,2021-12-07,5.4,-.2,12.7,,.9,77.6,8.5,9.43,0
133,措傈,2021-12-08,5.6,.1,13.3,,.7,80.5,8.6,10.52,1
133,措傈,2021-12-09,5.6,.1,11.5,,.7,81.3,3.8,6.56,6
133,措傈,2021-12-10,6.6,3.4,10.5,1.5,.5,95.6,1.4,2.72,8.4
133,措傈,2021-12-11,7.3,4.3,11.1,,.7,86.6,2.3,5.91,8.9
133,措傈,2021-12-12,3.9,-2.5,8.9,,2.1,66.4,5.4,8.01,4.1
133,措傈,2021-12-13,-1.6,-5.7,4.5,,1.2,52.5,8.8,11.29,0
133,措傈,2021-12-14,3.4,-3.9,8.9,0,1.1,69.3,,,8.3
133,措傈,2021-12-15,8.3,5.1,12.8,.1,1.1,81.9,2.8,4.61,6.8
133,措傈,2021-12-16,6.7,4.8,11.2,,.8,83.8,1.8,4.85,8.9
133,措傈,2021-12-17,-2,-8.4,6.1,0,3.6,60.9,6.9,8.7,6.1
133,措傈,2021-12-18,-3.8,-11.3,3.3,.1,1.4,66.4,7.9,10.57,3.6
133,措傈,2021-12-19,1.5,-2.4,6.2,.4,1.4,72.5,8.5,10.42,2
133,措傈,2021-12-20,6.7,-.8,11.9,,1.3,72.9,3.8,5.55,4.9
133,措傈,2021-12-21,7.9,1.7,14.1,,1.4,72.9,7.2,8.47,2.6
133,措傈,2021-12-22,2.9,-2.5,10.6,,.8,55.5,8.6,10.34,0
133,措傈,2021-12-23,2.7,-3.1,10.5,,.8,61.1,8.3,9.39,.9
133,措傈,2021-12-24,1.8,-2.5,9.4,,2.2,67.9,2.3,5.76,7.1
133,措傈,2021-12-25,-7.1,-10.3,-2.5,0,3.6,53.1,8.4,11.26,2.4
133,措傈,2021-12-26,-9.5,-14.5,-3.5,0,2,53.9,8.6,11.27,.3
133,措傈,2021-12-27,-4.4,-12.2,1.3,0,1.5,59.6,6.4,9.16,5.1
133,措傈,2021-12-28,-.5,-3.2,3.5,0,.7,83.4,.2,3.65,6.5
133,措傈,2021-12-29,2.4,-2.1,7.2,0,1.7,70.8,2.2,5.26,6.5
133,措傈,2021-12-30,-1.4,-4.5,3,.5,2.5,59.8,5.2,7.11,5.5
133,措傈,2021-12-31,-5,-8.3,.5,0,2.3,51.6,8.7,11.56,0
133,措傈,2022-01-01,-4.4,-10,2.3,,1.2,54.5,8.6,10.74,2.9
133,措傈,2022-01-02,-1.2,-6.2,6.3,0,1.7,58.5,5.2,7.68,3.9
133,措傈,2022-01-03,-1.7,-7.9,4.2,,1.5,63.6,8.5,10.56,2.6
133,措傈,2022-01-04,.1,-4.2,5.4,0,2.2,48.5,8.7,11.35,1.4
133,措傈,2022-01-05,-1.4,-5.7,2.6,,1,53.1,.4,5.52,9.4
133,措傈,2022-01-06,-.7,-5.4,6.2,,1.6,48.4,8.7,11.29,0
133,措傈,2022-01-07,-1.5,-7.5,6.9,,1.2,50.8,8.7,11.28,0
133,措傈,2022-01-08,.7,-7,7.1,,1.4,56.5,8.4,10.6,3
133,措傈,2022-01-09,2.5,-1.9,8,,1.2,63.5,6.1,8.14,5.1
133,措傈,2022-01-10,.7,-4.6,7,0,1.3,62.9,5.4,8.6,6.6
133,措傈,2022-01-11,-3.8,-7.3,.7,.3,3.4,55.5,7.8,11.46,4.8
133,措傈,2022-01-12,-5.1,-10.8,1.6,0,2.3,49.4,8.8,11.94,1.1
133,措傈,2022-01-13,-4.5,-6.8,-.3,.4,3.1,51.9,7.2,11.24,2.9
133,措傈,2022-01-14,-4,-10.4,3.5,,1.4,46,8.8,12.36,1.3
133,措傈,2022-01-15,.6,-6.2,6.3,,1,45,4.3,8.88,8
133,措傈,2022-01-16,.7,-4.3,4.2,0,3.3,53,8.1,12.05,2.8
133,措傈,2022-01-17,-3.1,-7.2,2.3,0,2.2,59.3,4.1,8.59,4.5
133,措傈,2022-01-18,-4.4,-9.7,2.6,,1.7,40.5,9,12.66,0
133,措傈,2022-01-19,-3.2,-9.5,4.1,0,1.9,59.6,4.6,8.13,5
133,措傈,2022-01-20,-4,-9.4,3.2,,1.5,56.5,8.9,12.28,0
133,措傈,2022-01-21,-1.9,-9.1,6.8,,1,50.6,9,12.91,1.3
133,措傈,2022-01-22,3.6,-2.8,9.3,0,1,47.1,2.1,7.13,8.4
133,措傈,2022-01-23,4.6,.5,10.2,,1.4,50.5,2.3,7.35,5.3
133,措傈,2022-01-24,4.1,-2.4,9.9,,3.1,55.6,5.7,10.13,4.9
133,措傈,2022-01-25,3.4,1.3,4.8,.2,1.8,76,0,1.27,8
133,措傈,2022-01-26,2.7,-.5,6.6,,2.1,56.5,3.3,7.97,7.4
133,措傈,2022-01-27,.3,-3.4,6.5,,1.6,49.9,8.9,12.45,2.6
133,措傈,2022-01-28,-1,-5.1,5.2,,1.7,49.3,9.1,13.65,2.8
133,措傈,2022-01-29,-2,-5.9,4.6,,1.8,45.1,8.9,13.74,3.4
133,措傈,2022-01-30,-2,-7.1,4.7,,1.6,44.3,9.1,12.68,2.1
133,措傈,2022-01-31,-.5,-7.6,7.2,.3,1.5,54.4,9.4,13.68,1.5
133,措傈,2022-02-01,.4,-.9,2.2,0,2.4,64.5,1.5,5.82,7.4
133,措傈,2022-02-02,-.2,-3.9,4,,2.6,44.9,7.8,13.39,4.9
133,措傈,2022-02-03,-1.7,-5.2,4.3,,2.4,44.1,9.4,14.7,1.4
133,措傈,2022-02-04,-2.4,-5,2.6,0,2.6,53,6.1,12.42,7.5
133,措傈,2022-02-05,-4.9,-9.1,.2,0,2.5,59.6,6.1,11.3,2.9
133,措傈,2022-02-06,-3,-8.6,2.9,0,2.2,61.9,5.4,10.73,1.5
133,措傈,2022-02-07,-2.1,-7.5,2.7,,1.8,47.3,4.1,9.62,5.3
133,措傈,2022-02-08,-.1,-5.7,7,,1.5,47.9,6.8,11.87,2.4
133,措傈,2022-02-09,1.5,-6,8.9,,1,45.4,8.4,13.6,5.4
133,措傈,2022-02-10,2.9,-1.3,9.4,,1.7,39.6,9.2,14.88,2.1
133,措傈,2022-02-11,2.8,-4.7,10.7,,1.6,45.9,9.5,14.67,2.8
133,措傈,2022-02-12,4.3,-1.9,12.5,,1.4,44.8,9.4,14.64,3.3
133,措傈,2022-02-13,5,-.4,11.7,,1.3,48.3,4.4,10.63,4.6
133,措傈,2022-02-14,4.1,-2,12.3,0,2,55.5,7.6,13.23,5.5
133,措傈,2022-02-15,-2.3,-6.1,1,0,3.5,53.5,2.4,9.49,6
133,措傈,2022-02-16,-5.6,-8.7,-1.7,0,3.4,55.3,6.9,13.5,3.3
133,措傈,2022-02-17,-5.5,-10.6,.4,,2.1,43.9,9.8,16.93,.8
133,措傈,2022-02-18,-.9,-9.5,8.1,,1.2,39.4,9.6,16.87,5
133,措傈,2022-02-19,.5,-3.4,5.2,0,2.4,45.1,2.6,9.34,8.9
133,措傈,2022-02-20,-3.2,-6.6,1.3,0,3.4,40.9,10,18.04,1.4
133,措傈,2022-02-21,-.7,-7.5,5.5,0,2.5,50.3,7.1,13.57,3
133,措傈,2022-02-22,-2.2,-7.1,3,0,3,44.9,8.8,16.12,3
133,措傈,2022-02-23,-4.1,-8.6,2.5,,2.6,34.9,9.8,17.32,2.6
133,措傈,2022-02-24,-1.6,-9.3,5.9,,2,41.9,10.4,18.53,0
133,措傈,2022-02-25,2.9,-5.2,10.1,,1.7,63.1,7.6,14.68,1.5
133,措傈,2022-02-26,6.8,2,12.7,1.4,3.1,62.1,8.1,15.23,3.4
133,措傈,2022-02-27,5,-1.3,12.2,,2.3,46.9,10.4,18.87,0
133,措傈,2022-02-28,6.9,-1.1,14.1,,1.5,44.3,8.2,14.49,6.4
133,措傈,2022-03-01,6.7,1.2,12.7,.6,2.1,64.9,1.8,8.76,6.1
133,措傈,2022-03-02,3.8,-2.9,11.6,,2,52.9,10.7,18.95,0
133,措傈,2022-03-03,7,-.5,14.6,,2.1,49.5,10.4,18.78,0
133,措傈,2022-03-04,8.6,-.3,16.8,0,2.4,48.6,6.8,15.04,4.9
133,措傈,2022-03-05,3.9,-.7,9,,4.2,36,10.7,20.12,.3
133,措傈,2022-03-06,2.2,-2.9,9.6,,2.3,32.3,10.8,20.91,.5
133,措傈,2022-03-07,4.3,-2.9,12.1,,1.4,36.3,9.7,17.93,4.5
133,措傈,2022-03-08,6.1,-2.1,15.3,,1.4,48.9,10.4,18.36,1.9
133,措傈,2022-03-09,7.8,-.3,16.7,,1.2,51.9,8.2,18.31,1.1
133,措傈,2022-03-10,9.6,.9,18.3,,1.4,39.9,8,14.65,4.9
133,措傈,2022-03-11,11,3.8,17.6,,1,55.1,1,8.96,6.9
133,措傈,2022-03-12,15.3,9,21.6,,1.6,64.1,2.8,11.74,7.1
133,措傈,2022-03-13,14.4,13,16.7,24.6,1.7,88.3,0,1.5,9.9
133,措傈,2022-03-14,11.3,6,15.5,3.2,1.7,85.8,.2,2.98,8.6
133,措傈,2022-03-15,9.4,3.5,16.3,,1.6,65.1,8.6,18.95,4.4
133,措傈,2022-03-16,11.3,3.1,19.4,,1.7,58,8.4,18.24,4.1
133,措傈,2022-03-17,9.1,6.4,11.1,5.8,2.3,79.1,0,3.09,10
133,措傈,2022-03-18,6.4,5,8.5,3.9,3.6,76,0,4.57,9.8
133,措傈,2022-03-19,4.1,2.9,6.2,12.9,2,82.8,.2,3.93,9.4
133,措傈,2022-03-20,5.1,2,10.4,0,1.9,68.9,2.1,10.64,8.4
133,措傈,2022-03-21,5.8,-1.1,12.4,,1.7,48.6,8.7,17.26,7.9
133,措傈,2022-03-22,6.9,1,13.6,,1.7,44.3,9.5,20.33,4.6
133,措傈,2022-03-23,5.8,3.1,9.6,0,1.5,60.3,.7,7.82,6.3
133,措傈,2022-03-24,8.7,1.2,15.6,,1.7,61.4,5,15.16,5.5
133,措傈,2022-03-25,12.6,5.3,19,9.1,2.1,66.6,2.4,13.32,9.5
133,措傈,2022-03-26,11,7.9,14.7,13.7,2.5,89.6,0,3.45,8.3
133,措傈,2022-03-27,8.4,2.9,16.6,,3,53.3,11.1,21.32,2.3
133,措傈,2022-03-28,7.7,-.5,16.1,,1.4,44.1,11,23,1.5
133,措傈,2022-03-29,10.7,1.6,18.9,,1.5,49.8,11.5,23.51,0
133,措傈,2022-03-30,12.4,4.8,18.3,.2,1.4,69,2.1,9.16,7.5
133,措傈,2022-03-31,11.4,8,15,0,2.1,69.4,.1,8.62,9.3
133,措傈,2022-04-01,9.7,4.3,15.9,,2.1,47.4,10.5,22.55,4
133,措傈,2022-04-02,8.1,1.4,15.7,,2,47.3,11.5,24.71,0
133,措傈,2022-04-03,9.6,1.1,17.9,,1.8,45,11.8,24.46,0
133,措傈,2022-04-04,10.8,2.7,19.7,,1.7,41.8,11.8,24.35,0
133,措傈,2022-04-05,10.3,2.7,17.8,,1.8,38.6,6.8,18.65,6.1
133,措傈,2022-04-06,12.5,5,20.9,,1.8,36.8,11.1,23.47,1.3
133,措傈,2022-04-07,11.9,7.6,18.9,.7,1.9,47.9,8.5,21.23,3.8
133,措傈,2022-04-08,13.9,3.2,23,,1.7,35.1,12,25.09,0
133,措傈,2022-04-09,18.2,9.8,25.9,,2.2,39.8,11.2,23,.3
133,措傈,2022-04-10,18.6,10,27.6,,1.7,43.3,9.6,23.36,3.8
133,措傈,2022-04-11,20.6,12.1,28.3,,1.6,54.1,11.9,24.42,1.5
133,措傈,2022-04-12,20.7,14.8,27.2,,2.1,66.3,10.7,23.65,3
133,措傈,2022-04-13,14,9.1,17.9,29,2.3,87.5,0,1.69,9.8
133,措傈,2022-04-14,10.7,8.7,14.1,2.2,2.6,74,.5,8.75,8.8
133,措傈,2022-04-15,12.6,6.4,19.5,,2.4,54.3,11.5,24.04,2.5
133,措傈,2022-04-16,13.1,6.1,20.5,,2,44.4,12.3,25.98,1.6
133,措傈,2022-04-17,13.9,4.7,22.5,,1.8,40.3,12.1,26.44,2.3
133,措傈,2022-04-18,15,9.2,23.3,,1.7,43,7.9,19.83,7.5
133,措傈,2022-04-19,15.7,7.1,24.7,,1.7,38.9,12.2,25.34,2.1
133,措傈,2022-04-20,15.2,6.3,23,,1.9,41.1,12.4,26.95,.1
133,措傈,2022-04-21,14.6,7.5,21.3,,1.6,50.1,5,15.82,3.8
133,措傈,2022-04-22,16.7,10.8,23.6,,2.3,64.1,6.3,16.66,4.1
133,措傈,2022-04-23,18.9,12.7,26.1,,1.4,55.3,6.6,20.53,8.3
133,措傈,2022-04-24,19.7,14.1,26.9,,1.8,64.5,9.4,24.41,3.9
133,措傈,2022-04-25,20.1,15,26.1,6.7,1.2,66,2.3,13.49,9.9
133,措傈,2022-04-26,18.8,15.9,24.1,21.3,1.8,79.1,2,12.3,7.5
133,措傈,2022-04-27,17.2,10.4,24.2,,1.7,40.3,12,25.71,2.4
133,措傈,2022-04-28,17.8,10.4,26.4,,2,49.5,7.5,21.48,5.5
133,措傈,2022-04-29,13.1,9.3,16.5,9.8,2.9,67.1,1.5,13.01,8.9
133,措傈,2022-04-30,13.7,10,18.1,,2.2,60.3,1.4,13.41,7.4
133,措傈,2022-05-01,13.4,6.9,20.1,,2.1,51.5,12.2,26.84,1.6
133,措傈,2022-05-02,13.9,8.5,20.1,,2.4,49.6,10.9,25.19,1.6
133,措傈,2022-05-03,14.1,5.5,21.4,,1.9,45.3,12.7,27.85,0
133,措傈,2022-05-04,16.7,7.4,25,,2.1,44.9,12.5,27.56,0
133,措傈,2022-05-05,18.5,8.9,26.7,,1.6,49.8,13,28.81,0
133,措傈,2022-05-06,19.6,11.9,28.3,,1.5,64.3,8,22.93,2.1
133,措傈,2022-05-07,18.3,13,24.8,,2.2,56.1,7.8,22.24,5.8
133,措傈,2022-05-08,17.1,11.5,23.7,.9,2.8,49.8,6.3,21.28,7.4
133,措傈,2022-05-09,17.3,10.6,23.7,2.7,2.5,55.6,9.8,25.98,6.3
133,措傈,2022-05-10,19.2,11.5,26.3,,2.5,36.5,11,28.69,5.4
133,措傈,2022-05-11,20,14.8,26.1,,1.3,48.3,4.7,20.02,8.3
133,措傈,2022-05-12,21,15.2,28.3,,1.2,52.4,4,18.04,8.8
133,措傈,2022-05-13,19,15.1,22.1,0,1.8,56.1,.6,9.97,7.1
133,措傈,2022-05-14,15.7,10.1,22.8,,2.7,41.5,11.2,26.32,4.5
133,措傈,2022-05-15,15.5,8.9,22.2,,2.1,38.9,11.9,29.16,2.8
133,措傈,2022-05-16,16.6,7.4,24.6,,2.1,39.6,13.4,29.3,0
133,措傈,2022-05-17,20.4,10.9,28.4,,2.2,43,13.1,28.3,.4
133,措傈,2022-05-18,22.4,16.7,28.4,,2.5,35.4,12.5,25.78,1.1
133,措傈,2022-05-19,20.7,16.9,25.8,,2.2,31.4,3.1,17.41,7.8
133,措傈,2022-05-20,20.7,13.8,28.1,,1.5,51.6,9.1,24.49,3.8
133,措傈,2022-05-21,20.8,14.2,28.7,,2,64,11.7,26.58,1
133,措傈,2022-05-22,21.1,15.6,27.8,,3,67,13,27.77,.8
133,措傈,2022-05-23,22.6,15.9,30.3,,2.2,62.8,10.6,25.03,2.9
133,措傈,2022-05-24,23.1,14.9,31.4,,1.9,49.6,13.1,28.75,0
133,措傈,2022-05-25,22.3,15.6,29.6,,1.9,54.1,9.9,24.93,5
133,措傈,2022-05-26,19.4,13.6,26.1,4.5,2.2,55.9,12.6,28.96,1.9
133,措傈,2022-05-27,21.5,15.8,28.5,,2.9,51.8,12.7,29.26,.4
133,措傈,2022-05-28,23.1,16.5,29.9,,2.5,42.8,13.3,24.45,3.8
133,措傈,2022-05-29,23.4,15,31.6,,1.6,50.3,12.9,27.92,2.8
133,措傈,2022-05-30,21.4,18.1,25.4,0,2.1,66.1,.2,11.04,8.6
133,措傈,2022-05-31,21.4,13,28.7,,1.9,39.5,13.1,29.47,2.3
133,措傈,2022-06-01,23.2,15,31.8,,2.1,33.6,13.6,30.03,1.6
133,措傈,2022-06-02,22.5,14.5,29.7,,2.1,58,13.3,29.17,.6
133,措傈,2022-06-03,24.8,17.6,33.1,,1.9,58.6,10.5,27.21,2.6
133,措傈,2022-06-04,25.1,18.8,30.6,,3.4,49,7.6,21.68,7.1
133,措傈,2022-06-05,18.6,16.9,24.7,6.2,3.1,78.8,0,5.28,9.8
133,措傈,2022-06-06,19.4,16.6,23.7,2.8,2,78.3,3.8,13.09,5.9
133,措傈,2022-06-07,17.3,14.8,20.5,0,2.4,77.6,1.6,8,7.8
133,措傈,2022-06-08,20.7,15.4,27.9,.2,2.5,64.5,7.3,25,7
133,措傈,2022-06-09,22.4,18.5,27.7,,1.6,66.3,5.7,20.99,6.6
133,措傈,2022-06-10,23.6,17.1,30.1,,1.5,61.4,6.7,21.54,5.3
133,措傈,2022-06-11,24.3,19,31.5,,2.1,57.8,8.1,23.43,5.3
133,措傈,2022-06-12,24.3,19.3,29.6,0,2.8,56,7.9,21.95,5.4
133,措傈,2022-06-13,23.1,19.7,27.8,0,3.6,54.3,9.8,25.13,7.8
133,措傈,2022-06-14,17.9,15.9,20.7,6.3,3.4,76,0,7.39,9.6
133,措傈,2022-06-15,19.8,15.4,26.2,36.5,1.8,80.1,3.7,14.49,8
133,措傈,2022-06-16,22,18.8,27.7,0,1.8,61.6,7.9,24.17,4.1
133,措傈,2022-06-17,23.4,17.1,29.5,0,1.3,69.8,6.9,18.5,6.5
133,措傈,2022-06-18,25.2,21.7,29.6,0,1.6,69.3,5.6,18.14,5.9
133,措傈,2022-06-19,25.1,21.6,29.2,,1.4,71.5,1.2,14.56,8.3
133,措傈,2022-06-20,26.8,22.2,33,,1.4,67.1,8.3,24.21,4.3
133,措傈,2022-06-21,28.1,21.9,35.7,,1.5,61.8,12.2,27.06,1.1
133,措傈,2022-06-22,27.5,22.1,33.9,,2,61,10.9,26.95,2.5
133,措傈,2022-06-23,25.1,22.8,29.9,29.6,2.2,83.3,1.1,7.06,8.5
133,措傈,2022-06-24,25,23.1,29.1,10.7,2.7,77.8,6.5,22.56,6.4
133,措傈,2022-06-25,27.8,22.8,32.9,,2.4,68.1,8.8,24.87,2.9
133,措傈,2022-06-26,27.4,24.9,31.1,.2,2.5,72.8,2.2,11.14,7.9
133,措傈,2022-06-27,28,25.3,31.1,3.6,3.2,71.8,.4,11.59,9.6
133,措傈,2022-06-28,29.4,27.4,32,,5.2,60.1,3.5,17.57,8.9
133,措傈,2022-06-29,26.7,23.9,29.8,18.6,3.3,79.3,0,7.26,9.5
133,措傈,2022-06-30,27.2,24.5,31.6,2.9,2.5,78.5,2.6,16.29,7.4
133,措傈,2022-07-01,28.6,22.6,34.5,,1.5,69,11.3,25.27,3.9
133,措傈,2022-07-02,29.6,23.6,35.3,,1.3,65.9,12.5,28.12,2.6
133,措傈,2022-07-03,28.1,23.2,34.7,38.7,1.4,73.1,7.2,20.23,6.1
133,措傈,2022-07-04,27.6,23.4,33.5,0,1.2,76.5,4.9,17.32,6.4
133,措傈,2022-07-05,28.2,24.6,33.7,0,1.3,77.3,3.2,17.9,7.4
133,措傈,2022-07-06,30.1,25.5,35.4,,2.1,69.3,4.1,20.32,8.5
133,措傈,2022-07-07,29.5,26.3,34.1,3.2,3,67.6,5.4,18.04,7.6
133,措傈,2022-07-08,27.6,24.4,31.9,.9,1.8,74.6,3.5,13.92,5.6
133,措傈,2022-07-09,26.5,23.2,30,,1,75.6,1.2,11.83,7.1
133,措傈,2022-07-10,28.7,24,35.1,7.8,1.3,71.6,6.3,22.56,6.1
133,措傈,2022-07-11,25.1,23.1,28.2,16.3,1.2,87.9,.3,9.27,7.4
133,措傈,2022-07-12,27,23.1,30.4,0,1.4,78.1,.8,12.17,8
133,措傈,2022-07-13,24.8,23.8,26.4,10.6,2.6,85.1,0,4.12,10
133,措傈,2022-07-14,26,24,30,.5,2,81.3,2.6,13.23,8.6
133,措傈,2022-07-15,26.1,22,31.5,,1.7,70.1,10.5,25.68,3.4
133,措傈,2022-07-16,26.2,22.5,31.4,,2.1,68.9,9.7,24.64,4.9
133,措傈,2022-07-17,26,21.7,30.9,,1.8,71.1,4.2,19.77,7.4
133,措傈,2022-07-18,22.3,21.1,25.5,57.4,1.8,91.6,0,4.3,9.3
133,措傈,2022-07-19,25,20.9,30.3,,1.5,81.3,4.1,19.12,8.1
133,措傈,2022-07-20,27.6,22.9,32.7,0,1.3,70.4,7.6,24.2,7.6
133,措傈,2022-07-21,23.8,22.7,26.3,13.7,2.3,86.1,1.5,6.22,9.4
133,措傈,2022-07-22,25.7,22.1,30.5,,1.6,69.8,5.8,19.66,6.6
133,措傈,2022-07-23,24.8,21.6,29.1,17.6,1.7,77.6,2.9,14.37,8.4
133,措傈,2022-07-24,24.7,22.1,27.4,2.3,1.6,86.9,.1,9.71,9.1
133,措傈,2022-07-25,27.2,23.5,32.6,.4,1.6,73.9,8.3,23.38,4.6
133,措傈,2022-07-26,28.4,22.9,34.2,,1.4,71.1,9.9,23.13,3.1
133,措傈,2022-07-27,27.6,24.5,31.8,,3.2,65.9,9.7,24.63,4.5
133,措傈,2022-07-28,28.2,23.3,33.3,,3.2,69.3,9.5,23.13,3.3
133,措傈,2022-07-29,30.3,25.3,35,,2.8,65.3,10,24.03,2.1
133,措傈,2022-07-30,28.8,26.3,32.5,0,3.6,67.8,5.1,16.21,5.8
133,措傈,2022-07-31,25.9,24.7,27.8,25.6,2,87.6,0,5.74,10
133,措傈,2022-08-01,27.6,24.6,32.3,4.4,2.9,82,3.7,18,9.3
133,措傈,2022-08-02,27.9,25.4,31.7,1.1,2.3,78.9,3.2,16.1,7.8
133,措傈,2022-08-03,29.3,26.5,33.4,0,2.1,72.8,7,20.37,5.8
133,措傈,2022-08-04,29.2,25.5,34.1,,1.7,74.5,7.5,20.8,4.9
133,措傈,2022-08-05,28.7,25.7,33.3,3.5,1.8,78.1,5.4,17.91,7.3
133,措傈,2022-08-06,29.9,26,34.3,,1.8,71.8,7.8,21.04,4.8
133,措傈,2022-08-07,29.9,27,34.3,,2.3,74,5.1,19.7,7.4
133,措傈,2022-08-08,28.6,27.7,29.8,0,3.1,71.4,.1,7.38,9.9
133,措傈,2022-08-09,28,25.1,31.4,1.4,3.1,74.5,.5,10.1,10
133,措傈,2022-08-10,25.3,23.9,28.1,192.9,2.2,92.3,0,2.5,10
133,措傈,2022-08-11,24.4,24,26.2,58.2,2.3,93.6,0,1.73,10
133,措傈,2022-08-12,27.3,23.5,32.7,.1,1.2,78.1,8.2,22.51,6
133,措傈,2022-08-13,26,24,29.5,24,1.3,84.9,.3,7.01,8.6
133,措傈,2022-08-14,26.7,24.1,30.4,6.5,1.6,86.5,.4,6.63,9.4
133,措傈,2022-08-15,28.1,25.4,31.3,7,3.5,74.8,.7,12.85,9.3
133,措傈,2022-08-16,25.8,23.3,30,32.9,2.1,84.3,4.4,13.64,7.3
133,措傈,2022-08-17,25.6,22.6,30.4,8.2,1.2,82.3,2.4,12.15,7.5
133,措傈,2022-08-18,25.1,20.3,30.6,,1.1,75.8,7.4,21.78,3.5
133,措傈,2022-08-19,26.4,21.4,29.7,0,2,79.6,1.2,10.81,8.3
133,措傈,2022-08-20,27,24.9,31.1,83.6,2,82.3,1.9,9.64,7.5
133,措傈,2022-08-21,27.5,23.6,32.8,,1.5,72.3,10.2,23.41,3.5
133,措傈,2022-08-22,27.3,23.6,31.7,,1.4,73,5.3,17.7,7.1
133,措傈,2022-08-23,23.8,22.3,26,30.2,1,89.9,0,2.57,9.8
133,措傈,2022-08-24,22.7,20.6,25,.2,3,77.9,.5,10.03,9.1
133,措傈,2022-08-25,22.3,18.8,28.5,0,1.6,79.4,1.3,12.76,8.8
133,措傈,2022-08-26,22.9,16.7,29.1,,1.4,70.6,10.5,23.1,2.4
133,措傈,2022-08-27,21.6,17.2,26.5,,2.1,62.4,8.9,23.09,4.8
133,措傈,2022-08-28,22.1,15.4,28.2,,1.9,60.8,11.8,25.27,4.9
133,措傈,2022-08-29,19.6,17.7,21.8,4.5,2.1,79.3,0,4.19,9.9
133,措傈,2022-08-30,19.1,17.4,20.6,30.2,1.1,92.9,0,3.2,10
133,措傈,2022-08-31,21,19.7,23.3,7.2,1,90.3,0,6.25,9.3
133,措傈,2022-09-01,22.4,19.7,27.8,,1.4,80.1,5,16.29,6.9
133,措傈,2022-09-02,22.6,18.1,27.3,,3.2,72,3.2,14.7,5.1
133,措傈,2022-09-03,23.4,20.7,26.7,0,3.6,70.3,4.1,15.07,7.6
133,措傈,2022-09-04,24.5,21.4,28.1,.1,2.9,78.9,.1,8.81,9.4
133,措傈,2022-09-05,22.6,18.7,25.4,46.5,1.6,93.4,0,3.94,10
133,措傈,2022-09-06,20.2,17.1,25.8,41.7,3.6,79.8,4.5,13.05,5.4
133,措傈,2022-09-07,20.9,15.8,28.2,,1.3,66,10.4,23.39,2.5
133,措傈,2022-09-08,22,14.3,29.9,,1.2,66.3,11.8,23.95,2.9
133,措傈,2022-09-09,22.9,17.4,29.2,,2,63.3,10,22.94,5.4
133,措傈,2022-09-10,22,18,26.3,,2.5,62.1,4,16.36,8.1
133,措傈,2022-09-11,24,20,28.9,0,2,64.4,5.1,17.43,8.5
133,措傈,2022-09-12,22.9,20.5,26,1.6,1.2,83.5,0,8.2,9.6
133,措傈,2022-09-13,24.5,21.2,28.5,0,2.1,69.4,.7,10.85,10
133,措傈,2022-09-14,25,22.2,29.1,0,4,47,4.9,15.41,7
133,措傈,2022-09-15,25.2,21.6,29.8,,4.1,62.8,8.5,19.23,6.1
133,措傈,2022-09-16,25.4,21.1,31.3,.3,3.6,71.8,7.3,18.16,7.5
133,措傈,2022-09-17,27.2,23.2,33,,1.4,73.1,9.5,19.95,5.9
133,措傈,2022-09-18,27.3,23.8,33.1,,2.1,71.9,4.5,15.57,7.6
133,措傈,2022-09-19,24.5,17.7,29.6,,4.1,61.5,8.1,18.7,4.3
133,措傈,2022-09-20,19.2,15.1,24.7,,2.2,60.1,5.5,16.07,2.8
133,措傈,2022-09-21,18.8,12.9,24.7,,2.5,59.3,11.5,22.59,.1
133,措傈,2022-09-22,18.4,12.9,24,,1.9,58.9,8.5,18.06,7.1
133,措傈,2022-09-23,17.7,12.6,24.5,0,2.2,67,9.4,18.59,2.6
133,措傈,2022-09-24,17.5,11.3,23.8,,1.6,60.6,10,20.81,5
133,措傈,2022-09-25,18.5,14.4,24.8,,1.1,66.9,3.2,14.12,8.6
133,措傈,2022-09-26,18.7,14.9,25.8,,1.1,67.6,3.4,12.82,7.8
133,措傈,2022-09-27,19.4,12.8,28.1,,1.4,66.9,10.6,20.83,.8
133,措傈,2022-09-28,19.2,14.2,25.4,,1,73.9,5.2,12.93,4.4
133,措傈,2022-09-29,18.8,14,26.4,,1.2,74.9,7.6,17.79,1.8
133,措傈,2022-09-30,19.4,13,29.2,,1.1,67.3,8.1,18.67,1.8
133,措傈,2022-10-01,20.1,13.1,28.3,,1.1,63.9,8.7,17.43,5.4
133,措傈,2022-10-02,21.1,16.9,27.6,1,1.5,71,2.6,11.39,9.5
133,措傈,2022-10-03,22.8,18.1,26.3,26.3,2.2,84.6,.8,6.07,10
133,措傈,2022-10-04,20,15.3,24.1,43.5,2.9,78.9,1.9,9.55,9
133,措傈,2022-10-05,16.2,13.7,21.9,0,1.4,67,6,14.28,7.6
133,措傈,2022-10-06,16.5,14,21.4,0,1.2,73.4,2,10.38,8.3
133,措傈,2022-10-07,15.8,12.4,20.5,0,2,65.1,7.3,15.39,6.1
133,措傈,2022-10-08,15.8,9.7,22,,2.9,61.5,10.3,18.69,2.1
133,措傈,2022-10-09,13,10.9,14.8,17.1,1.9,82.8,0,3.69,9.8
133,措傈,2022-10-10,10.9,8.6,14,1.4,2.9,66.1,4.2,11.9,8.1
133,措傈,2022-10-11,12,8.4,18.6,0,2,67.6,8.5,17.78,2
133,措傈,2022-10-12,13,5.6,21.7,,1.6,73.6,9.5,18.2,2.3
133,措傈,2022-10-13,15.1,9,22.9,,1.5,74,9.6,18.04,1.3
133,措傈,2022-10-14,15.9,10.4,23.1,,1.3,74.5,6.2,15.57,6.5
133,措傈,2022-10-15,18.2,13.2,24.9,,1,72.1,6.6,15.1,7.3
133,措傈,2022-10-16,17.7,14.6,23.3,,1.4,76.4,1.8,10.5,8.6
133,措傈,2022-10-17,12.4,6.5,16.8,,3,51.3,8.6,17.65,2.5
133,措傈,2022-10-18,8.8,4.1,15.4,,1.6,56.5,10.4,18.04,0
133,措傈,2022-10-19,9.2,2.2,17.4,,1.4,60.6,10.4,17.56,0
133,措傈,2022-10-20,11,3.2,19.8,,1.3,65.6,10.2,17.34,2.1
133,措傈,2022-10-21,12.2,6.2,18.8,,1.1,68,2.9,9.26,8.3
133,措傈,2022-10-22,14.4,8.3,22,0,1.4,70.8,9.7,16.29,.8
133,措傈,2022-10-23,13.1,8.3,19.6,,1.7,64.9,7.9,14.4,2.8
133,措傈,2022-10-24,9.7,5.6,15.9,,1.9,55.4,8,15.58,1.1
133,措傈,2022-10-25,9.6,2.5,17.2,,1.4,60.8,10.1,16.19,0
133,措傈,2022-10-26,11.1,4,18.7,,1.1,63.9,8.2,14.24,4.5
133,措傈,2022-10-27,12.5,6.3,20.5,,1.3,67.1,9.7,14.73,1.1
133,措傈,2022-10-28,13.2,7.5,21.2,,1,69.1,6.7,13.16,2.5
133,措傈,2022-10-29,13.5,7.8,21.4,,1.2,68.5,9.2,14.48,1.5
133,措傈,2022-10-30,13.9,7.8,21.5,,1.6,65.3,9,14.77,.4
133,措傈,2022-10-31,14.1,9.4,21,,1.7,63.9,8.6,14.59,2.6
133,措傈,2022-11-01,12.5,8.1,19.4,,1.5,73.5,6.2,11.37,3.8
133,措傈,2022-11-02,10.9,5,19.8,,1.4,60.5,8.3,14.9,0
133,措傈,2022-11-03,9.4,3.8,16.7,,1.5,60.3,1.9,8.58,6.5
133,措傈,2022-11-04,5.9,1.6,11.7,,2.4,49.4,9.7,15.21,.9
133,措傈,2022-11-05,6.1,-1.4,14.3,,1.5,54,9.6,15.08,0
133,措傈,2022-11-06,8,.9,16.6,,1.1,65.1,9,13.76,1.8
133,措傈,2022-11-07,9.6,2.4,17.4,,.9,61.9,6.5,10.89,4.3
133,措傈,2022-11-08,12,6.3,19.9,,.9,64,7.4,12.8,4.3
133,措傈,2022-11-09,10.3,6.2,17.3,,1.1,75.5,4.4,9.6,4.5
133,措傈,2022-11-10,11.7,4.7,19.9,,1.1,67.5,8.8,12.09,1.9
133,措傈,2022-11-11,13.9,6.8,23.1,,1,64.4,8.3,11.9,1.3
133,措傈,2022-11-12,16.6,8.4,25.3,3.3,1.8,72,4.9,10.71,6.3
133,措傈,2022-11-13,11.6,9.3,18.4,2.5,2.3,76.3,.2,4.67,9.3
133,措傈,2022-11-14,9.5,5.5,14.3,,1.4,73,1.6,6.15,5.8
133,措傈,2022-11-15,8.3,2.2,14.8,1.7,1.6,69.4,6.7,10.94,3.6
133,措傈,2022-11-16,8.9,4.4,15.1,1.3,1.5,67.9,7.1,11,4.1
133,措傈,2022-11-17,8.9,3.6,16.6,,1.3,60.8,8.6,12.4,2.1
133,措傈,2022-11-18,9.1,2.3,19.1,,1.2,61.3,9,12.49,0
133,措傈,2022-11-19,11.1,3.1,19.6,,1.6,61.6,8.7,11.78,3.8
133,措傈,2022-11-20,12.4,8.5,19.6,,1,63,3.6,9.38,4.5
133,措傈,2022-11-21,11.7,5.1,20.1,,1.2,63,8.5,10.93,3
133,措傈,2022-11-22,10.8,8.1,14.3,.2,.8,80,0,3.86,9.5
133,措傈,2022-11-23,10.6,5.1,17.3,,1.6,62.1,6.5,10.37,3.4
133,措傈,2022-11-24,7.8,3.3,15.4,,1.1,62.8,5.1,9.18,3.4
133,措傈,2022-11-25,9.5,2.1,17.7,,1.3,59.6,8.6,10.22,3
133,措傈,2022-11-26,9.3,1.8,15,0,2.2,53.3,7.9,10.34,1.4
133,措傈,2022-11-27,6,-1.1,14.8,,1.1,49.3,8,10.97,2.1
133,措傈,2022-11-28,7.3,2.2,11,30.1,1.1,83.3,1.4,2.63,7.3
133,措傈,2022-11-29,8.5,1.3,12.3,6.7,3,62,0,4.23,9.3
133,措傈,2022-11-30,-2.9,-5.5,1.3,0,3.7,48.4,7.4,10.71,5.4
133,措傈,2022-12-01,-3.3,-7.4,1.4,,2,37.5,7.7,10.9,6.4
133,措傈,2022-12-02,-1.6,-6.1,4,,1.2,53.3,8.9,11.72,1.1
133,措傈,2022-12-03,2.7,-2.3,6.8,0,1.2,66.9,.1,3.27,8.6
133,措傈,2022-12-04,-1.4,-3.3,3.8,,2.7,38,.8,5.25,8.1
133,措傈,2022-12-05,-2.2,-4.6,3.6,,2,33,6.2,9.97,4.3
133,措傈,2022-12-06,.8,-5.5,6.7,.3,1.5,65.6,4,5.9,6.9
133,措傈,2022-12-07,4.4,.4,9,,1.8,59.4,1.5,5.32,4
133,措傈,2022-12-08,3.5,-1.7,11.1,,.9,60.8,8.3,10.87,1.6
133,措傈,2022-12-09,4,-1.8,12.5,,1.1,66.9,6.3,7.89,2
133,措傈,2022-12-10,1.7,-2.1,5.3,0,1,69.9,.1,3.52,6.4
133,措傈,2022-12-11,1.8,-3,8.9,,1.4,52.8,8.5,10.41,.9
133,措傈,2022-12-12,1.6,-4.1,7,0,1.4,64,4.2,6.82,6.5
133,措傈,2022-12-13,1.7,-2.7,4.4,4.9,2.9,75.3,.2,3.68,6.6
133,措傈,2022-12-14,-7.3,-10.2,-2.5,0,2.4,62.6,7.2,10.36,.8
133,措傈,2022-12-15,-1.4,-9.2,5.5,1.6,1.8,70.9,6.6,9.47,6.3
133,措傈,2022-12-16,-4.3,-7.1,-1.4,,1.4,53.6,4.4,7.6,7
133,措傈,2022-12-17,-6,-9.8,-2.4,.9,1.8,62.1,2.4,6.28,3.9
133,措傈,2022-12-18,-8.4,-11.4,-3.7,,1.5,51.3,8.2,10.72,2.1
133,措傈,2022-12-19,-5.5,-11.7,.6,,1.4,57.1,8.1,10.6,1.9
133,措傈,2022-12-20,-2.3,-8.7,4.3,,1.1,62.6,8.4,10.95,3
133,措傈,2022-12-21,.2,-2.1,1.8,5.8,1,89.3,0,1.03,9.1
133,措傈,2022-12-22,-5.1,-9.5,-.2,1.1,3,73.4,2.1,6.28,7.4
133,措傈,2022-12-23,-8,-10.8,-4.5,.1,4,62.8,4.1,7.98,7.8
133,措傈,2022-12-24,-8.7,-13.5,-3.2,0,1.3,56.5,8.6,11.11,.8
133,措傈,2022-12-25,-4.8,-11,2.8,,1.4,65,8.5,11.09,.9
133,措傈,2022-12-26,-3.6,-8.4,1.7,,.9,68.9,6.1,8.18,2.5
133,措傈,2022-12-27,-2.3,-8.4,4.9,,1.1,67.5,8.5,11.2,1.4
133,措傈,2022-12-28,-2.3,-4.9,2.8,0,1.7,65.6,4.9,8.25,2.4
133,措傈,2022-12-29,-3.2,-8,2.3,,1.1,61.8,6,9.14,3.1
133,措傈,2022-12-30,-1.1,-3.7,3.2,0,1.2,67.3,1,5.45,6.8
133,措傈,2022-12-31,-1.1,-4.8,4.3,0,.9,65.8,1.6,5.53,4
133,措傈,2023-01-01,-.8,-5.2,7,,1.7,54,6.5,9.63,2.3
133,措傈,2023-01-02,-3,-6.5,2.4,,1.8,41,8.5,11.46,1
133,措傈,2023-01-03,-3.5,-9,3.4,,1.6,55,8.8,11.56,0
133,措傈,2023-01-04,-1.5,-7.1,5.5,,1.4,53,6.8,9.88,1.4
133,措傈,2023-01-05,-1.1,-5.6,5.6,,1,66.1,5.4,8.37,3.8
133,措傈,2023-01-06,1.1,-4.1,7.7,2.1,1.2,72.4,6.4,9.18,4.4
133,措傈,2023-01-07,2.6,-2.1,6.9,.7,2.5,62.1,6,8.82,3.1
133,措傈,2023-01-08,1.2,-4.5,8.6,,.8,62.4,8.1,10.82,.5
133,措傈,2023-01-09,1.9,-2.2,9.6,0,1.4,62.5,3.3,6.14,4.4
133,措傈,2023-01-10,1.2,-5.4,10.4,,.9,55.8,8.6,11.86,1.9
133,措傈,2023-01-11,2.2,-4,11.3,,1,55,8.6,11.09,0
133,措傈,2023-01-12,5.1,-3.5,15.6,0,.9,52.6,8.8,11.42,2.4
133,措傈,2023-01-13,9,5.1,12.8,21.6,1.7,94.4,0,2.23,8.9
133,措傈,2023-01-14,7.3,5.6,9,2.6,1.3,93,0,1.15,9.6
133,措傈,2023-01-15,.4,-3.2,5.8,.5,2.3,81,0,1.12,8.6
133,措傈,2023-01-16,-3.1,-6.3,1.2,0,2.1,58.5,7.7,12.1,3.8
133,措傈,2023-01-17,-2.4,-6.9,2.8,,1.2,55.1,6.1,10.48,5.9
133,措傈,2023-01-18,-.8,-3.6,4,0,1.3,61.6,4.3,8.3,4.8
133,措傈,2023-01-19,.6,-5.1,6.1,0,1.5,56.3,7.7,11.46,3.9
133,措傈,2023-01-20,-1,-6.7,3.8,.2,3.4,43.1,7.1,11.97,1.5
133,措傈,2023-01-21,-3.3,-8.9,2.7,,1.3,51,9.1,13.14,1.5
133,措傈,2023-01-22,-.5,-3.9,3.8,,1,58.1,0,5.25,8.6
133,措傈,2023-01-23,.6,-3.8,8.4,,2.1,61.5,6.8,10.85,5.5
133,措傈,2023-01-24,-10.9,-14.5,-2.9,0,4.4,50.8,6.4,11.25,4.5
133,措傈,2023-01-25,-11.4,-17.7,-4.7,0,1.4,42.9,9.3,14.04,0
133,措傈,2023-01-26,-5.8,-11.2,-3.1,.7,.9,70.1,.8,2.81,8.4
133,措傈,2023-01-27,-6,-9.3,-2.1,0,2.9,55.1,8.5,13.65,.9
133,措傈,2023-01-28,-5.8,-11.9,.4,0,1.4,60.4,8.4,11.73,1.8
133,措傈,2023-01-29,-1.1,-8.5,5.3,0,1.9,63.4,6.2,12.58,3.4
133,措傈,2023-01-30,-.4,-5,5.5,,1.7,42.8,9.4,14.24,0
133,措傈,2023-01-31,2.3,-6.7,10.5,,1.5,54.8,8.9,13.1,.9
133,措傈,2023-02-01,3.1,-3.3,8.3,,3,53.9,8.7,12.7,2.8
133,措傈,2023-02-02,-1.5,-4.9,4,,1.5,42.8,6.6,11.35,5.9
133,措傈,2023-02-03,-.8,-3.9,5.6,,1.2,41.4,6.4,12.05,4.5
133,措傈,2023-02-04,-.6,-6.4,6.6,,1.2,53.8,9.1,13.36,.1
133,措傈,2023-02-05,.7,-6.1,8.6,,.9,57.6,9.4,13.9,0
133,措傈,2023-02-06,2.1,-4.9,10.9,,.8,52.8,6.2,11.59,4.1
133,措傈,2023-02-07,2.9,-3,11.2,,.9,52.5,5.5,11.42,2.4
133,措傈,2023-02-08,1.8,-3.7,9.8,,1.5,53.4,9.1,14.08,.6
133,措傈,2023-02-09,3.5,-4.3,11.7,1.1,2.8,54.4,6,11.09,6.6
133,措傈,2023-02-10,2.9,-.4,7.5,3,1.2,83.1,.5,5.08,6.4
133,措傈,2023-02-11,.9,-2.5,5.6,,1,83.6,.2,6.29,4.8
133,措傈,2023-02-12,1.9,-2.3,5.2,,.7,79.3,0,5.7,9.4
133,措傈,2023-02-13,6.3,3.5,10.3,,1,62.3,.4,6.84,8.1
133,措傈,2023-02-14,2.4,-1.7,8.6,,1.3,53,9.4,15.42,2.9
133,措傈,2023-02-15,3.4,-1.6,8.3,,2.7,55.6,3.9,11.37,6.8
133,措傈,2023-02-16,2.7,-1.2,6.7,0,2,63.6,1.3,6.01,5.4
133,措傈,2023-02-17,4.2,-2.2,11.6,,.9,51,5.5,12.72,6.6
133,措傈,2023-02-18,6.4,4.6,9,.8,.6,55.6,0,2.18,9.4
133,措傈,2023-02-19,3.6,-1.1,8.3,.5,2.5,59.6,5.2,11.47,4.8
133,措傈,2023-02-20,-.1,-3.8,5.8,,2.5,43.4,7.3,15.94,1.1
133,措傈,2023-02-21,-1.1,-6.2,5.1,,1.3,35.6,10.2,17.83,.8
133,措傈,2023-02-22,2.1,-6.3,9.4,,1.3,48.9,8.3,15.75,4.9
133,措傈,2023-02-23,3.4,-2.7,10.1,,1.3,48.4,9.2,15.96,4.6
133,措傈,2023-02-24,2.9,-1.5,10.6,,2.1,49.3,7.2,14.68,1.9
133,措傈,2023-02-25,.7,-3.1,7,,1.9,41.5,10.2,18.25,0
133,措傈,2023-02-26,1.9,-5.8,11,,1.2,37,10.5,18.7,0
133,措傈,2023-02-27,4.4,-4.4,14.7,,.9,38.5,10.5,18.96,0
133,措傈,2023-02-28,5.8,-3.1,13.9,,1.2,54.3,10.5,18.94,2.4
133,措傈,2023-03-01,6.6,2.1,11.6,,2.1,52.5,2.2,9.38,5.4
133,措傈,2023-03-02,2.3,-1.6,7.7,,2.8,25.9,10.6,19.5,0
133,措傈,2023-03-03,4.2,-4.1,13.3,,1.5,45.9,10.6,18.59,.3
133,措傈,2023-03-04,6.4,-.5,14.2,,1,53.3,6.5,12.48,4.4
133,措傈,2023-03-05,7.9,-.6,17.2,,1,41,9.7,17.31,.1
133,措傈,2023-03-06,8.3,-.5,17.5,,1.5,38.6,10.5,19.25,.3
133,措傈,2023-03-07,11.9,3.4,21.1,,1.9,41.6,9.3,16.42,1.4
133,措傈,2023-03-08,14.5,7.8,21.2,,1.7,34.9,9.9,17.91,.6
133,措傈,2023-03-09,13.9,9.1,20.2,,1.8,57.3,8.6,17.08,1.8
133,措傈,2023-03-10,14.3,4.2,24.2,,1,48.4,9.8,17.68,0
133,措傈,2023-03-11,16.4,7.5,25.1,,1.1,33,8.8,17.26,4.8
133,措傈,2023-03-12,6.8,.3,14.4,12.4,2.3,62.1,.3,2.11,7.1
133,措傈,2023-03-13,3.5,-2.3,9.7,,2.5,31.6,10.9,21.29,2.1
133,措傈,2023-03-14,9.4,-.1,18.1,,1.6,38.4,11,21.17,1.1
133,措傈,2023-03-15,11.5,3.2,19.6,,2.4,56.4,8.1,17.64,3.6
133,措傈,2023-03-16,6.1,.9,12.3,,2.4,24.4,7.4,16.92,6.6
133,措傈,2023-03-17,7.3,2.1,12.4,,.9,35.4,.9,9.24,8.9
133,措傈,2023-03-18,9.3,4.9,16.6,,1.9,32,9.4,19.11,4.3
133,措傈,2023-03-19,8.7,.3,17.1,,1.2,41.4,11.1,21.24,.3
133,措傈,2023-03-20,10.6,1.8,19.6,,1.5,37.8,10.1,20.84,4.3
133,措傈,2023-03-21,14,3.7,23.8,,1.1,32.5,10.8,22.02,1.3
133,措傈,2023-03-22,17,6.9,25.8,,1.2,44.9,7.2,18.32,5.3
133,措傈,2023-03-23,15,11.9,20.8,11.4,1.3,77,1.4,7.78,8
133,措傈,2023-03-24,12.4,7,18.1,,1.7,55,5.7,16.11,6.6
133,措傈,2023-03-25,10.8,9.1,13.1,,2.5,65.5,0,5.55,8.6
133,措傈,2023-03-26,9.7,4.2,16.8,,2.2,36,10.8,22.34,1.8
133,措傈,2023-03-27,7.4,-.3,15.5,,1.3,35.5,11.2,23.38,0
133,措傈,2023-03-28,8.7,.6,16.9,,1.1,47.1,8.4,17.37,1.9
133,措傈,2023-03-29,11.8,1.8,21.5,,1.3,43.5,11.1,22.34,1.1
133,措傈,2023-03-30,14.2,4.4,23.1,,1.2,30.3,9.6,20.56,4
133,措傈,2023-03-31,14.7,4.9,24,,1.1,31,11.5,22.7,0
133,措傈,2023-04-01,16.8,6.4,26,,1.3,30.9,11.3,22.78,0
133,措傈,2023-04-02,16.9,9.6,22.8,,3.8,26.8,11.6,23.72,0
133,措傈,2023-04-03,16.8,8.7,23.3,,3.7,25.8,11.1,23.32,2.8
133,措傈,2023-04-04,15.2,11.1,22.3,7.6,3,50.9,3.7,13.96,8.6
133,措傈,2023-04-05,12.1,7.9,16,18.5,2.5,91,0,3.56,10
133,措傈,2023-04-06,8.7,7.1,10.1,4.2,2,88.5,0,2.57,10
133,措傈,2023-04-07,9,3.2,15.9,.3,2.4,60,10.6,23.01,2.1
133,措傈,2023-04-08,8.6,1.7,16,,2.8,44.4,11.6,24.68,.9
133,措傈,2023-04-09,10.1,2,18.6,,1.5,47,12.1,25.69,.8
133,措傈,2023-04-10,12.6,2.5,21.3,,1.2,45.1,11.3,23.51,1.3
133,措傈,2023-04-11,14.7,10.2,20.8,0,2.6,65.5,.3,4.19,8
133,措傈,2023-04-12,10.9,4,18.1,,2,30.1,11.4,25.6,0
133,措傈,2023-04-13,13.5,3.1,23.2,,.6,28.8,9.7,21.98,3.6
133,措傈,2023-04-14,15.1,7.1,22,,.5,35.8,4.2,15.16,8.4
133,措傈,2023-04-15,12.5,8.2,15.4,13.2,1,74.5,2.1,7.13,5.5
133,措傈,2023-04-16,10.9,6.9,17,0,1.8,64.5,5.2,16.62,4.4
133,措傈,2023-04-17,13.6,4.8,20.8,,1.1,51.3,10.8,23.73,2.6
133,措傈,2023-04-18,13.8,12.4,15.5,1.3,.8,78.3,0,2.81,9.8
133,措傈,2023-04-19,20.2,13.2,28,,1.4,65,9.8,25.67,3.3
133,措傈,2023-04-20,19.9,15.1,25.7,,1.3,69.5,2.9,14.88,5.1
133,措傈,2023-04-21,17.5,13,23.2,0,1.8,61,5.3,17.4,5.6
133,措傈,2023-04-22,16.2,11,21.5,,3.5,30.4,7.8,22.52,6.4
133,措傈,2023-04-23,15.9,11.4,21.3,,2,36.4,4.7,18.17,7.8
133,措傈,2023-04-24,15,11.4,19.8,,3.3,41.9,4.1,17.15,6
133,措傈,2023-04-25,9.3,7.9,11.5,1.8,1.4,74.6,0,4.06,9.4
133,措傈,2023-04-26,9.5,5.1,16.3,,2.4,66.8,7.8,22.68,2.1
133,措傈,2023-04-27,12.7,2.5,22.6,,1.4,51.5,12.3,27.03,.8
133,措傈,2023-04-28,16.2,5.8,23.7,,1.5,53.6,8.6,24.28,3.5
133,措傈,2023-04-29,14,8.9,18.3,7.6,1.9,81,0,3.11,9.5
133,措傈,2023-04-30,13.5,7.1,19.8,,2.8,57.4,12.2,27.24,2
133,措傈,2023-05-01,14.7,9.3,21.4,,2.1,49.6,11.1,24.82,1.3
133,措傈,2023-05-02,17,6.7,26,,1,42.1,10.2,25.5,4.4
133,措傈,2023-05-03,19.1,12,26.2,,1.5,46.4,8.4,23.6,7.5
133,措傈,2023-05-04,20.1,14.9,27.3,1.8,2.4,63,5.6,21.45,8.3
133,措傈,2023-05-05,19,16.3,20.8,83.3,.9,92.6,0,3.53,10
133,措傈,2023-05-06,15.1,12.1,19.7,38.6,2,89.3,0,3.06,9.8
133,措傈,2023-05-07,12,7.7,15.7,.2,1.8,66.5,.2,8.29,7.5
133,措傈,2023-05-08,13.7,5.1,22.8,,1.2,59.3,11.2,26.74,3.1
133,措傈,2023-05-09,16.5,7.2,25.4,,1.3,54.8,12.9,28.07,.9
133,措傈,2023-05-10,17.3,9.4,25.8,,.7,51.9,10.2,25.41,4.1
133,措傈,2023-05-11,18.9,10.1,27.2,,.8,45,12.8,27.43,4
133,措傈,2023-05-12,18.5,11.7,25.3,,1.2,46.4,4.5,19.14,8.4
133,措傈,2023-05-13,18.2,12.7,24.6,,1.3,54.3,11.8,25.58,2
133,措傈,2023-05-14,17.8,9.8,25.9,,.7,51.3,11.8,26.92,1.8
133,措傈,2023-05-15,20.5,10.5,28.7,,.9,50.9,12.7,27.74,2.1
133,措傈,2023-05-16,23.5,14.8,31.1,,1.2,41.9,12.1,27.98,1.3
133,措傈,2023-05-17,23.6,15.6,31.4,,1.3,44.8,11.8,25.15,3.4
133,措傈,2023-05-18,19.2,17.9,22.1,0,2.2,68,0,6.49,9.4
133,措傈,2023-05-19,20.8,16.1,25.7,,2,61.9,4.5,16.87,5
133,措傈,2023-05-20,20.6,14.5,27.9,,1.7,66.6,12.1,27.17,2.5
133,措傈,2023-05-21,18.3,15.5,23.9,,2.1,69.1,6.3,20.18,5.9
133,措傈,2023-05-22,17.5,13.7,22.5,5.7,.4,67.8,3.4,13.64,6.8
133,措傈,2023-05-23,18.5,11.7,25.4,,.7,62.5,10.4,27.52,1.6
133,措傈,2023-05-24,19.9,12.4,27.1,,.6,54.8,5.5,20.41,6.8
133,措傈,2023-05-25,21.3,15.3,27.6,,.9,45,7.2,24.86,6.4
133,措傈,2023-05-26,21.8,16.2,26.8,0,.7,52.9,9,23.88,7.5
133,措傈,2023-05-27,20.8,18.9,23.1,.6,.2,79,.3,5.99,9.9
133,措傈,2023-05-28,20.2,18.5,21.3,34.7,1,91.8,0,2.77,10
133,措傈,2023-05-29,20.4,18.4,22.6,28,.9,89.3,.2,6.18,8
133,措傈,2023-05-30,21.6,16.5,26.5,,2.3,73,7,22.34,5.3
133,措傈,2023-05-31,22.3,16.5,28.3,,2.3,53.6,13.1,29.7,3.1
133,措傈,2023-06-01,22.4,17.5,28,,1,63.9,3.2,18.45,8.6
133,措傈,2023-06-02,21.9,18.1,27.2,0,1.7,67.8,7.8,24.31,4.9
133,措傈,2023-06-03,21.9,15.6,28.1,,1.8,51.6,11.9,28.77,2.5
133,措傈,2023-06-04,22.6,17.1,28.7,,2.1,50.1,11.4,28.18,5.8
133,措傈,2023-06-05,21.5,17.5,26.7,,1.9,59.3,9.4,23.26,5.6
133,措傈,2023-06-06,21.4,15.6,28.4,,1.2,62.1,12.2,28.84,2.6
133,措傈,2023-06-07,21.7,16.6,26.4,,1.6,68,7.2,20.7,7.4
133,措傈,2023-06-08,22.3,18.5,28.4,.3,1.4,69.6,7,22.93,5.4
133,措傈,2023-06-09,23.2,18.4,29.2,.3,.9,56.8,9.6,27.23,3.3
133,措傈,2023-06-10,23.3,18.8,31.7,1.3,1.3,63.1,6,22.38,6.8
133,措傈,2023-06-11,23.5,17.5,30,0,1.1,67.5,9,25.61,4.4
133,措傈,2023-06-12,23.3,17.6,29.9,,.8,65,8.6,26.75,4.8
133,措傈,2023-06-13,22.8,18.7,28.7,,1.3,64,8.4,20.56,3.8
133,措傈,2023-06-14,22.6,17.2,28.6,,1.1,60.8,9.4,23.4,5.3
133,措傈,2023-06-15,22.3,16.6,28.5,,1.3,63.9,9.5,24.02,3.1
133,措傈,2023-06-16,24.4,17,31.9,,1.1,57.3,13,29.54,.3
133,措傈,2023-06-17,25,18.8,32.5,,.9,54.3,10.3,26.39,5.9
133,措傈,2023-06-18,26.1,19.6,33.1,,.9,50.4,11.3,27.95,3.6
133,措傈,2023-06-19,27,19.8,33.5,,2.7,51.6,11.2,26.78,4.3
133,措傈,2023-06-20,23.7,20.2,27.7,2.9,3.9,61,3.1,14.33,7.9
133,措傈,2023-06-21,21.3,19.5,24.4,1.6,1.3,87.1,.2,5.7,9.1
133,措傈,2023-06-22,22.9,19.1,28.4,,2.1,69.3,5.6,20.68,6.5
133,措傈,2023-06-23,25.7,20.2,31.8,,.9,61.3,12.6,29.1,3.5
133,措傈,2023-06-24,27.1,22.1,33.5,,1.4,59.9,10.5,25.72,4
133,措傈,2023-06-25,26.7,21.3,32.8,0,2.8,58,7.8,21.44,6.6
133,措傈,2023-06-26,23.8,20.8,26.1,54.5,2,89.8,0,5.04,10
133,措傈,2023-06-27,26.1,22,31.4,25.3,2.3,70.8,10.2,28.07,6.3
133,措傈,2023-06-28,24.1,19.5,27.1,5.7,1.5,78.8,2.7,11.81,8.6
133,措傈,2023-06-29,24.6,23.2,25.8,50.8,1.6,88.1,0,2.68,9.9
133,措傈,2023-06-30,24.2,22.9,26.1,4.8,1.1,90.5,.4,8.72,10
133,措傈,2023-07-01,27.3,23,33.1,,.5,75.6,8.3,23.35,5.1
133,措傈,2023-07-02,27.5,23.3,31.3,,.6,73.5,5.9,21.26,7
133,措傈,2023-07-03,28.4,24,33.4,,1.5,71,6.4,21.03,6
133,措傈,2023-07-04,24.7,22.9,26.9,80.2,1.7,87.3,0,4.86,9.5
133,措傈,2023-07-05,24.3,22,28.7,27.7,2.1,77.8,5.7,17.26,5
133,措傈,2023-07-06,26.4,20.8,32.4,,1.3,59.8,8.1,24.5,7.5
133,措傈,2023-07-07,21.6,18.8,26.3,68.7,1.1,87.6,0,3.93,9.6
133,措傈,2023-07-08,23.9,18.8,29.3,2.6,.7,85.6,2.1,15.73,8.1
133,措傈,2023-07-09,26.4,22.8,30.2,.1,1.2,81.6,2.9,11.09,7.3
133,措傈,2023-07-10,26.5,21.3,31.5,36.2,1.8,74.8,8.3,22.11,7
133,措傈,2023-07-11,23.6,22.1,26,39.6,.9,89,.1,6.51,9.3
133,措傈,2023-07-12,26.7,23.5,31,7.8,1.2,81.4,5.7,19.77,7.5
133,措傈,2023-07-13,25.2,23.9,26.4,9.5,1.3,90,0,3.73,9.9
133,措傈,2023-07-14,24.2,23.2,24.9,221.8,2.7,94.5,0,1.75,10
133,措傈,2023-07-15,23.2,21.3,25,105.6,2.3,93,0,1.76,10
133,措傈,2023-07-16,24.3,21.6,28.5,1.5,.7,88.5,1.7,10.4,8.9
133,措傈,2023-07-17,25.4,23.1,31.4,30.9,1.1,87,3.8,17.49,9.4
133,措傈,2023-07-18,23,22,24.3,73,.9,94.4,.6,3.89,9.3
133,措傈,2023-07-19,26,22,31.7,,.9,78,9.5,25.51,3.3
133,措傈,2023-07-20,26.8,22.3,31.6,,1.3,75.8,8.7,22.46,4.9
133,措傈,2023-07-21,27.6,23.6,34.2,,1.1,75,7.9,22.44,4.1
133,措傈,2023-07-22,25.3,23.5,30,1,2.4,78.4,4.9,12.66,6.3
133,措傈,2023-07-23,24.8,23.7,27,20.2,.7,89.4,0,3.53,10
133,措傈,2023-07-24,26.1,23.8,30.1,5.1,.9,82.3,3.9,14.9,8.4
133,措傈,2023-07-25,25.1,22.7,29.1,9.1,1.2,88,1.1,10.3,9.3
133,措傈,2023-07-26,25.9,22.6,32.7,3.7,1,83.8,7.7,19.45,7.6
133,措傈,2023-07-27,27.5,22.6,33.6,.3,.4,76.8,7.5,23.02,5.5
133,措傈,2023-07-28,28.4,23.4,33.7,.1,.3,76.1,9,20.79,4
133,措傈,2023-07-29,29.5,24.6,35,,1.4,70.3,11.9,27.91,1.3
133,措傈,2023-07-30,27.4,23.2,33.9,31.6,1.2,80.3,7.1,18.74,4.8
133,措傈,2023-07-31,27.8,23.7,32.2,,.9,77.4,9.1,21.85,5.3
133,措傈,2023-08-01,29.5,24.8,34.6,,.4,70.4,10.1,22.9,4.5
133,措傈,2023-08-02,29.1,25.3,33.8,0,.7,72.6,7.3,18.44,4.8
133,措傈,2023-08-03,29.2,23.7,34.4,,.8,67.5,10.3,21.99,2.9
133,措傈,2023-08-04,29.6,25.2,34.8,,.6,70.3,8.5,20.4,5.1
133,措傈,2023-08-05,30,25.9,35.3,,1,67.1,11.3,25.69,2.9
133,措傈,2023-08-06,29.5,24.8,35.7,6.3,.9,71.4,10.6,23.72,4.8
133,措傈,2023-08-07,29.7,24.9,35.4,,1.9,70.4,8.3,22.87,3.8
133,措傈,2023-08-08,30.1,25.9,34.9,,2.5,66.6,10.4,24,3.6
133,措傈,2023-08-09,26.4,23,29.6,45.4,2.4,79.5,.5,8.76,8.9
133,措傈,2023-08-10,21.3,20.6,23.2,143.3,4.6,93.8,0,3.05,10
133,措傈,2023-08-11,25.3,21,30,8,2.3,80.4,3,16.52,9.5
133,措傈,2023-08-12,24.2,19.2,28.8,3.7,.8,83.6,1.2,10.43,9.1
133,措傈,2023-08-13,26.8,22.5,32,,.6,78.9,4.1,18.69,7.1
133,措傈,2023-08-14,28.1,23.8,33.6,,.7,74,9.2,23.99,3.3
133,措傈,2023-08-15,28.1,24.3,33.1,,.7,73.1,8.9,23.94,5.3
133,措傈,2023-08-16,27.7,24.8,32.7,,.6,72,6.1,17.65,5.5
133,措傈,2023-08-17,26.1,22.4,31.5,1.5,.8,80.5,4.5,16.7,5.4
133,措傈,2023-08-18,28.3,23.9,33,.2,1.5,72.9,10,24.01,5.8
133,措傈,2023-08-19,28.2,24.1,33.4,,.9,72.4,7.7,19.37,4
133,措傈,2023-08-20,28.1,24.6,33.3,,1.2,71.1,7.3,21.62,5.6
133,措傈,2023-08-21,29.2,25,34.1,,1.3,69.6,8,19.76,3.6
133,措傈,2023-08-22,27.6,23.9,33.7,1.5,1.3,73.3,5.6,16.68,4.6
133,措傈,2023-08-23,26.7,23.9,32.6,22.8,.9,83,2.4,13.83,9.5
133,措傈,2023-08-24,25.5,23.1,30.3,44.3,.1,89.1,.6,8.54,9.6
133,措傈,2023-08-25,26.2,22.7,31.2,,1.4,70.3,10.2,24.08,3.8
133,措傈,2023-08-26,25,20.4,31,,.7,74.8,9.9,22.41,6
133,措傈,2023-08-27,26.2,21.6,31.3,,1.1,71.8,5,16.6,6.5
133,措傈,2023-08-28,26.1,23.6,29,,4,73.5,1.1,11.02,9
133,措傈,2023-08-29,24.8,21.6,28,5.5,1.6,86.3,0,4.92,9.9
133,措傈,2023-08-30,21.1,19.8,22.7,44.4,.6,93.9,0,4.21,10
133,措傈,2023-08-31,22.5,19.8,27.1,,.7,81.3,4.3,15.62,6.1
133,措傈,2023-09-01,23.1,18.2,29.4,,1.1,72.8,8.9,22.09,2.9
133,措傈,2023-09-02,24.6,17.9,31.3,0,1.5,70.8,8.8,21.69,4
133,措傈,2023-09-03,27,22.3,32.5,,1.5,74.5,6.3,19.64,6.5
133,措傈,2023-09-04,27.4,24,31.5,,1.2,75.3,2.6,15.27,7.8
133,措傈,2023-09-05,26.9,23.8,31.2,,1.6,66.8,6.1,18.25,6.6
133,措傈,2023-09-06,26,21,31.3,,1.2,67.6,9,19.48,2.3
133,措傈,2023-09-07,25,19.8,30.1,,2.3,60,12,24.37,0
133,措傈,2023-09-08,23.3,17.6,29.4,,1.4,61.3,12,24.19,0
133,措傈,2023-09-09,24.1,17.7,31,,.9,67.6,11.7,23.3,1.9
133,措傈,2023-09-10,24.9,19.4,31.4,,.9,68.6,9.4,22.29,4.3
133,措傈,2023-09-11,25.2,21.3,30.6,,.8,68.8,6.6,16.71,7.3
133,措傈,2023-09-12,24.5,20.9,29.5,,.6,71.4,5.4,15.72,7.5
133,措傈,2023-09-13,21,18.9,23.2,27.5,.8,91.8,0,4.08,10
133,措傈,2023-09-14,22.1,19.2,26.1,5.9,.9,87.1,.3,8.01,9.8
133,措傈,2023-09-15,21.9,20.7,24.2,15.1,.8,93.5,0,5.01,10
133,措傈,2023-09-16,22.5,21,26.5,58.9,1,93.8,.5,5.81,9.6
133,措傈,2023-09-17,24.4,21.3,28.6,0,.8,83.4,3.2,14.29,8.6
133,措傈,2023-09-18,24.5,21.3,30.1,2.2,1.2,79.6,7.4,19.23,4.1
133,措傈,2023-09-19,23.6,20.1,28.3,,.8,78.8,5.7,15.78,7.8
133,措傈,2023-09-20,20.9,19.2,22.9,152.7,1.9,93.1,0,1.93,10
133,措傈,2023-09-21,18.4,16.2,21.5,3,1.6,89.3,0,6.85,8.5
133,措傈,2023-09-22,18.6,14.9,24.9,,1,79.8,6.8,16.7,4
133,措傈,2023-09-23,19.5,14.3,25.4,,1.6,72.9,6,15.04,6
133,措傈,2023-09-24,21.1,16.2,25.4,,3,58.4,9.7,19.95,4.9
133,措傈,2023-09-25,21.4,18,26.9,4,1.6,74,2.9,13.23,9.1
133,措傈,2023-09-26,20.4,19,22.2,35.2,1.3,94,0,2.54,10
133,措傈,2023-09-27,21.5,20.4,23.9,1.4,1.4,89,.3,5.25,9.5
133,措傈,2023-09-28,22.2,18.3,27,,1.4,74.5,8.7,18.26,3.8
133,措傈,2023-09-29,20.2,17.5,24.9,,1,74.3,1.4,12.76,8.9
133,措傈,2023-09-30,18.6,14.2,24,4.3,1.4,77.3,5.8,15.4,6.1
133,措傈,2023-10-01,17.8,13.4,23.3,,1.8,60.9,10.9,20.81,.9
133,措傈,2023-10-02,16.7,10.9,23.6,,1.3,65.5,11,20.12,3
133,措傈,2023-10-03,15.2,11.1,20.8,,.8,79.5,1.6,7.92,5.3
133,措傈,2023-10-04,17.8,10.9,24.1,,1.5,71.4,8.2,17.26,6.3
133,措傈,2023-10-05,14.5,11.3,19.7,,2.9,42.6,10.7,20.32,3.3
133,措傈,2023-10-06,15,9.3,21.2,,1.2,57,9.4,18.28,6.4
133,措傈,2023-10-07,15.7,10.6,20.4,,1.4,70.9,2.5,10.49,8.9
133,措傈,2023-10-08,17.2,14.8,21.3,,1.8,64.8,1.3,8.89,8.4
133,措傈,2023-10-09,17.3,12.9,22.2,,1.2,70,3.2,12.39,7.9
133,措傈,2023-10-10,16.5,12,22.4,,1.2,72.3,9.4,17.68,2.4
133,措傈,2023-10-11,16.6,11.1,23.8,,1.5,65.4,10.6,18.11,2
133,措傈,2023-10-12,16.1,9.8,23.8,,1,64.9,10.4,17.36,4.3
133,措傈,2023-10-13,16.4,12,22.9,,1,69.9,4.9,12.57,8.3
133,措傈,2023-10-14,15.3,10.8,21.7,0,1.3,75.5,5.1,13.25,6.6
133,措傈,2023-10-15,15.1,10.5,21.1,,1.5,75.6,7,13.53,2.4
133,措傈,2023-10-16,14.7,8.9,20.7,,1.7,64.5,8.9,15.47,1.5
133,措傈,2023-10-17,13.3,6.1,21.4,,.8,63.8,10.4,18.04,0
133,措傈,2023-10-18,14.8,7.5,23.5,,1.3,65.6,10.2,16.86,2.9
133,措傈,2023-10-19,15.2,12,19.5,11.1,1.3,85.9,.1,4.06,9.3
133,措傈,2023-10-20,11.8,7.4,16.2,1.1,2.8,60.5,7.9,14.51,5.3
133,措傈,2023-10-21,10.6,3.9,18.2,0,1.9,59.8,8.6,14.23,1.4
133,措傈,2023-10-22,11.8,4.7,19.4,,1,68.5,7.7,15.07,4.8
133,措傈,2023-10-23,13.7,8.1,21.3,,.8,75.5,7.3,12.92,1.6
133,措傈,2023-10-24,14,8.3,20.6,0,1,77.1,6.2,12.63,5.1
133,措傈,2023-10-25,15.7,10.4,22.8,,.9,74.9,9.8,15.18,1.5
133,措傈,2023-10-26,16.6,11.2,22.4,,1.7,77.5,6.9,12.63,4.5
133,措傈,2023-10-27,14.3,10.6,18.9,,1.2,71.1,3.6,8.89,2.8
133,措傈,2023-10-28,13.3,7.9,20.4,,1,74.1,7.5,12.91,2.4
133,措傈,2023-10-29,13.3,7,21.4,,.9,70.8,9.7,15.05,0
133,措傈,2023-10-30,14.1,8,22,,.9,72.1,9.6,14.52,1.3
133,措傈,2023-10-31,14.8,9.8,23,,1.2,67.6,7.2,13.53,2.3
133,措傈,2023-11-01,18.1,11.7,24.1,,1.8,68.8,3.3,7,6.3
133,措傈,2023-11-02,19.6,13.9,26.3,,1.8,59.1,9.4,14.46,0
133,措傈,2023-11-03,19.3,13.9,24.1,,1.7,69.4,5,10.66,7
133,措傈,2023-11-04,18.8,17.1,21.8,0,1.8,81,.2,4.63,8.4
133,措傈,2023-11-05,19.3,16.4,25.8,7.5,3.1,75.4,2.4,8.7,8.5
133,措傈,2023-11-06,15.5,9.9,20,11.5,3.3,64.9,3.1,7.65,7.9
133,措傈,2023-11-07,8.3,3.8,13.3,0,2.8,55.1,8.1,14.53,2.8
133,措傈,2023-11-08,8.4,1.4,18.3,,1,60.4,9.4,14.21,1.8
133,措傈,2023-11-09,11.5,4.1,18,8.3,1,73.8,2.5,7,6.8
133,措傈,2023-11-10,5.7,.8,11,.3,2.5,49.8,8.4,13.57,3.3
133,措傈,2023-11-11,1.7,-1.3,6.1,,1.4,54.4,4.7,7.13,4
133,措傈,2023-11-12,1.7,-1.5,5.9,,1.3,61.5,2.8,8.01,3.8
133,措傈,2023-11-13,2.4,-2.7,9.2,,1.7,58.3,9.4,13.97,0
133,措傈,2023-11-14,5.5,-1,12.3,,1.1,67,4.4,10.59,5
133,措傈,2023-11-15,7,2.1,13.2,,1.3,68.5,8.1,11.74,2.9
133,措傈,2023-11-16,5.3,3.2,7,7.5,1,88.1,0,1.82,8.3
133,措傈,2023-11-17,2.5,-1.3,7.1,1,2.4,71.8,3.4,6.25,6.1
133,措傈,2023-11-18,1.6,-3.5,7.6,.8,2.4,67.6,3.1,7.9,4.8
133,措傈,2023-11-19,7.8,1,13.2,,1.8,67.6,5.2,9.09,3.4
133,措傈,2023-11-20,6,.1,13.8,,1.2,58.4,9.2,12.87,0
133,措傈,2023-11-21,6.2,-1.4,16.2,,.9,58.4,9.1,12.96,0
133,措傈,2023-11-22,7.9,0,15.4,,1.2,72.6,9,12.28,2.6
133,措傈,2023-11-23,12.8,6.2,18.1,,2.5,59,7.8,10.75,3.6
133,措傈,2023-11-24,1.2,-2.8,6.2,,3.5,47.3,7.4,11.25,1.3
133,措傈,2023-11-25,-1.2,-5.7,5,,1.4,38,9,12.73,0
133,措傈,2023-11-26,4.2,-2.6,9.5,.4,.9,49.9,4.4,8.54,7.1
133,措傈,2023-11-27,7,4.6,11.7,3,1.5,82.1,.8,3.19,6.6
133,措傈,2023-11-28,3.4,-.6,7.2,,2.6,59,6.8,10.42,4.1
133,措傈,2023-11-29,2.4,-1.1,6.8,,1.9,67,3.2,7.34,6.9
133,措傈,2023-11-30,-2.1,-6.4,2.1,0,2.4,49.8,8.1,12.04,2.1
133,措傈,2023-12-01,-1.7,-5.9,3.8,,1.9,58.8,8.7,11.66,1.3
133,措傈,2023-12-02,2.8,-4,8.4,0,1.3,61.4,2.2,6.8,6.5
133,措傈,2023-12-03,2.7,-1.9,8.5,,1.5,49.4,8.8,11.49,.5
133,措傈,2023-12-04,2.3,-4.2,9.8,,1,60.4,8.7,11.41,2.8
133,措傈,2023-12-05,3.6,-1.8,12,,.8,65.6,6.5,9.24,3
133,措傈,2023-12-06,6,-.5,12.8,5.3,1.7,73.6,.1,4.6,6.8
133,措傈,2023-12-07,6.3,1,11.7,,2,55.6,8,10.58,.3
133,措傈,2023-12-08,10.6,.6,19.2,,1.9,62.5,8.2,10.17,0
133,措傈,2023-12-09,13.3,8.6,19.8,,1.5,71,8.2,9.6,1.9
133,措傈,2023-12-10,13.9,9.1,19.4,,1.5,71.4,4.2,8.2,8
133,措傈,2023-12-11,11.9,9.3,13.8,37,2.4,82.6,0,.85,9.8
133,措傈,2023-12-12,7.6,5.8,10.5,.5,2.1,75.6,.3,4.42,8.3
133,措傈,2023-12-13,9.5,6.3,13.6,,1.9,66.5,4.1,8.33,6.8
133,措傈,2023-12-14,9.6,8.8,10.8,26.6,3.7,79,0,1.44,9.6
133,措傈,2023-12-15,8.9,5.7,12.6,47,1.6,93.4,0,.5,10
133,措傈,2023-12-16,-1.8,-7.2,5.6,2.8,3.9,75.8,1.8,5,8.3
133,措傈,2023-12-17,-8.5,-11.9,-4.4,0,2.2,61.5,8.6,11.46,.6
133,措傈,2023-12-18,-5.6,-10.2,-1.8,,1.2,53.9,5.8,8.85,6.5
133,措傈,2023-12-19,-2.5,-6.8,1.1,,.6,59.8,.5,4.07,8.6
133,措傈,2023-12-20,-5.5,-9.9,-1.6,.5,2.8,70.5,2.6,6.21,6.1
133,措傈,2023-12-21,-9.7,-12.3,-5.4,0,1.9,64.8,7.1,9.92,1.3
133,措傈,2023-12-22,-9.5,-13.7,-4.6,0,1.8,57.5,8.6,11.31,0
133,措傈,2023-12-23,-5.6,-11.7,.4,,1,57.1,8.1,10.86,3.4
133,措傈,2023-12-24,-1.5,-4.3,3.2,.7,1,75.3,5.9,9.33,6.8
133,措傈,2023-12-25,-.4,-3.3,4.5,0,1.3,79.6,4.2,7.91,5.6
133,措傈,2023-12-26,2.2,-1.6,8.2,,1,72.3,5.5,9.78,5.3
133,措傈,2023-12-27,2.6,-1.1,9.6,,.8,73.6,8,10.08,3.3
133,措傈,2023-12-28,1.2,-3.1,6.8,,1,78.3,4.2,8.16,4.1
133,措傈,2023-12-29,1.9,-1.1,7.7,,1,74.6,2.1,7.59,5.3
133,措傈,2023-12-30,.8,-3,3.3,1.9,.7,89.3,.1,2.77,7.3
133,措傈,2023-12-31,3.8,2.7,5.6,1.8,1.7,85,0,.95,9.3
133,措傈,2024-01-01,3.8,-.2,9,,.8,75.3,4.4,8.62,5.8
133,措傈,2024-01-02,4,1.5,6.4,,1.3,72.3,0,2.9,8.6
133,措傈,2024-01-03,1.9,-1.2,5.9,.2,1.3,75.3,1,4.71,6.1
133,措傈,2024-01-04,1,-3.7,7.2,,1.1,73.3,8.3,10.73,
133,措傈,2024-01-05,5.6,.6,9.2,,1.7,74.1,.1,2.91,6
133,措傈,2024-01-06,1.4,-2.7,6.8,.3,1.9,66,8.7,11.41,.8
133,措傈,2024-01-07,-2.2,-6,1.9,0,2.8,52.4,7.6,11.02,2.5
133,措傈,2024-01-08,-3.8,-8.9,2.5,,1,51,8.7,11.94,1.3
133,措傈,2024-01-09,.8,-3.9,6.9,2.8,1,69.5,.7,4.94,9.6
133,措傈,2024-01-10,-1.3,-4.2,.4,.6,1.6,85.1,0,3.75,6
133,措傈,2024-01-11,.6,-4.7,4,,1.4,77,1.1,6.4,7.3
133,措傈,2024-01-12,2.9,-1.5,8.8,,2.2,56.8,8.4,11.33,2
133,措傈,2024-01-13,.4,-4.5,6.9,,1.2,53.5,8.8,11.9,0
133,措傈,2024-01-14,1.2,-4.6,9.4,3.5,1.4,77.4,3.3,4.71,5.8
133,措傈,2024-01-15,-2.1,-6,3.7,,1.8,50.4,9,12.61,.3
133,措傈,2024-01-16,-1.9,-7.2,5,,.8,53.3,8.5,10.75,2.9
133,措傈,2024-01-17,.8,-2.9,2.8,12.7,.5,81.1,0,2.06,9.4
133,措傈,2024-01-18,4.3,2.6,6.5,15.2,1.3,90,0,2.78,8.8
133,措傈,2024-01-19,5.9,4.5,9.3,,3.5,66.6,3.1,7.58,7
133,措傈,2024-01-20,4.4,2.1,6,12.2,3.3,80.5,0,1.25,9.6
133,措傈,2024-01-21,2.7,-.2,9,.2,2,82.3,1.5,5.96,9.3
133,措傈,2024-01-22,-5.4,-8.8,-.2,0,4,62.6,1.7,6.36,8.5
133,措傈,2024-01-23,-9.2,-12.3,-6,.1,3.1,65.3,4.1,8.68,5.3
133,措傈,2024-01-24,-6.9,-11.6,-2.6,0,2.3,62.8,7.3,11.45,2.9
133,措傈,2024-01-25,-4.3,-9.9,2.4,,1.7,51.4,9.3,13.43,0
133,措傈,2024-01-26,-1.9,-7.1,3.9,,1.2,66.3,3,8.53,4
133,措傈,2024-01-27,.1,-4.4,6.1,,1.3,61.8,9,13.75,1.6
133,措傈,2024-01-28,-.3,-4,4.5,,1.3,64,4.7,9.22,3.4
133,措傈,2024-01-29,-1,-5.8,5.2,,1.2,63.4,7.5,12.44,1.5
133,措傈,2024-01-30,1.3,-5.4,10.2,,.8,54.6,9.2,13.5,2.6
133,措傈,2024-01-31,5.9,.1,13,0,1.2,46.3,5.4,10.94,5.9
133,措傈,2024-02-01,4,2.4,6.2,,1.6,62.4,0,5.5,8.9
133,措傈,2024-02-02,4.1,.4,9.5,,2,60.5,7.7,12.59,4
133,措傈,2024-02-03,4.6,-.3,9.6,.4,1.7,71,.3,5.85,9.1
133,措傈,2024-02-04,6.2,3.5,10.3,1.3,2.5,72.9,1.1,7.4,9.1
133,措傈,2024-02-05,4.1,1.6,6.1,12.3,2.9,83.3,0,3.26,10
133,措傈,2024-02-06,1.7,-.2,4.2,1.1,1.2,87.4,0,3.31,9.1
133,措傈,2024-02-07,.3,-2,5.2,,1.5,63.8,2.6,10.41,6
133,措傈,2024-02-08,.6,-4.1,6.8,,1,66.4,9.1,15.11,1.8
133,措傈,2024-02-09,1.2,-4,7.4,,1.5,61.6,8.9,15.05,.9
133,措傈,2024-02-10,1.3,-3.7,7.7,0,1.2,67.3,5.5,10.84,2.1
133,措傈,2024-02-11,.8,-4.1,7.3,0,1.4,64.9,4.2,9.06,2.5
133,措傈,2024-02-12,3.6,-3.7,12.2,,1.3,54.9,9.6,16.11,0
133,措傈,2024-02-13,8.4,.1,16.3,,1.6,59.5,8.4,14.96,5
133,措傈,2024-02-14,13.2,9,19,0,1.3,72.8,2.8,8.34,6.9
133,措傈,2024-02-15,5.9,-.3,13.3,2,2.1,83,.3,1.55,8.9
133,措傈,2024-02-16,3.1,-2,10.1,,1.3,63.1,8.7,16.2,1.1
133,措傈,2024-02-17,5.5,-2.1,14.5,,1.1,62.3,10,16.98,0
133,措傈,2024-02-18,5.5,-.7,9.8,28.4,.9,81.8,.1,3.99,7.3
133,措傈,2024-02-19,9.8,5.1,13.5,16.6,1.9,94.5,0,2.2,9.9
133,措傈,2024-02-20,5.3,3.3,7.1,5,1.9,89.4,0,1.86,9.9
133,措傈,2024-02-21,4,2.8,5.6,17.9,3.5,87.5,0,1.67,10
133,措傈,2024-02-22,2.1,1.1,3.6,3.7,2.5,80.1,0,3.13,10
133,措傈,2024-02-23,3,.7,6.8,0,3.1,66.8,3.2,11.67,9
133,措傈,2024-02-24,2.9,.2,7.2,3.3,4.2,65.3,2.6,9.43,9.4
133,措傈,2024-02-25,2.3,0,4.7,1.7,1,86.8,0,4.71,8.3
133,措傈,2024-02-26,3.7,-2,9.4,,1.3,68,7.3,15.85,3.3
133,措傈,2024-02-27,5.3,1.4,10.6,,3.3,48.4,7.3,15.28,6.1
133,措傈,2024-02-28,6.3,2.4,11.8,,2.1,50.5,3.7,11.49,7
133,措傈,2024-02-29,5.1,2.4,7,.2,1.2,66.4,0,3.85,8
133,措傈,2024-03-01,-2.2,-5.8,2.5,,4.1,37.6,10.2,18.95,0
133,措傈,2024-03-02,-.9,-7.9,4.3,0,2.2,52.1,9.9,18.46,1.5
133,措傈,2024-03-03,5.3,1.2,10.8,1.2,2,72.4,5.1,11.49,4.9
133,措傈,2024-03-04,6.7,-.3,13.1,,1,59.4,5.7,13.26,6.8
133,措傈,2024-03-05,5.9,4.6,8.1,2.5,2,81.1,0,2.03,9.4
133,措傈,2024-03-06,7,2,12.2,,1.8,62.1,5.8,13.63,4.1
133,措傈,2024-03-07,4.6,.6,8.6,0,3.1,51.3,6.7,15.02,3.9
133,措傈,2024-03-08,2.9,-.7,8.7,,3.5,44.5,10.2,19.28,2.4
133,措傈,2024-03-09,2.3,-3.2,9.1,,1.9,43.9,10.9,20.6,0
133,措傈,2024-03-10,4.6,-3.2,13,,1.4,43.3,11,20.42,1
133,措傈,2024-03-11,6.4,-.4,12,,1.3,56.4,4.4,11.04,5.4
133,措傈,2024-03-12,5.6,2.7,10.6,2,1.4,76.6,.9,6.09,7.6
133,措傈,2024-03-13,6.6,.2,13.3,,2.2,54.8,10.8,20.89,0
133,措傈,2024-03-14,8.4,1.8,16.5,,2.1,56,10.8,20.81,0
133,措傈,2024-03-15,9.5,.7,18.5,,1.8,48.1,11,21.42,0
133,措傈,2024-03-16,11.4,1.8,21.4,0,1.6,41.8,8.8,19.29,3.6
133,措傈,2024-03-17,9.7,3.9,14.2,0,3,51.8,6.8,16.58,5.9
133,措傈,2024-03-18,7.9,.1,15.6,,1.5,34.6,10.2,21.43,3.4
133,措傈,2024-03-19,7.2,4.2,12.4,0,3.2,53,3.2,10.12,8.1
133,措傈,2024-03-20,4.6,1.1,9.6,,3.6,43.1,9.9,20.73,1
133,措傈,2024-03-21,5.2,-1.6,11.7,,1.9,48.3,11,21.87,2.1
133,措傈,2024-03-22,10.1,2.3,18.2,4.1,2.6,58.1,5.9,14.49,7.1
133,措傈,2024-03-23,14.9,10.1,21.3,.3,1.7,53.9,9.3,21.6,5
133,措傈,2024-03-24,14.1,10.7,19.4,,3.4,47.8,3.6,12.9,6.9
133,措傈,2024-03-25,9.4,6.6,13.4,6.8,3.7,72.1,0,5.04,9.6
133,措傈,2024-03-26,6.7,3.3,11.7,19.5,2.1,80.5,3,13.88,6.1
133,措傈,2024-03-27,10.2,2.2,17.7,,1.2,65.8,9,18.96,5.8
133,措傈,2024-03-28,9,8.3,10.3,21.3,1,90.9,0,2.63,8.6
133,措傈,2024-03-29,9.3,5.8,13.8,.2,2.5,77.6,2.5,9.66,3.8
133,措傈,2024-03-30,10,1.8,16.5,0,1.7,66.1,4.4,11.23,4.3
133,措傈,2024-03-31,10.9,2.3,18.8,,1.5,44.9,11.2,22.02,3.3
133,措傈,2024-04-01,13.1,3.7,22.1,,1.4,41,11.6,23.63,.3
133,措傈,2024-04-02,16.1,5.9,26.1,0,1.4,46.5,8.6,19.57,7.8
133,措傈,2024-04-03,13.2,12.1,14.2,16,1.3,92.4,0,3.57,10
133,措傈,2024-04-04,13.4,11.5,16.9,0,2.5,71.6,.2,7.07,9.5
133,措傈,2024-04-05,13.3,9.9,19.2,0,2.4,59.4,6.1,18.29,6.1
133,措傈,2024-04-06,13.2,7.7,20.2,,1.1,58.6,5.3,15,4.5
133,措傈,2024-04-07,15.9,7.1,24.7,,1.4,43.4,11.4,24.17,2.9
133,措傈,2024-04-08,16.5,8.4,23.7,,1.5,41,5.6,16.25,6.9
133,措傈,2024-04-09,15.3,9.2,21.4,,2.8,43.8,11.3,24.48,1.9
133,措傈,2024-04-10,14.5,9.2,20.6,,2.3,51.1,9.3,20.51,7
133,措傈,2024-04-11,16.1,11.1,23.2,,1.3,60,6.7,18.75,5.4
133,措傈,2024-04-12,17.5,10,25.5,,1.4,55.6,11.5,23.79,2.5
133,措傈,2024-04-13,19.3,10.3,28.4,,1.4,46.9,11.9,25.29,0
133,措傈,2024-04-14,20.3,11.2,29.3,,1.4,45.3,10.5,22.88,5.3
133,措傈,2024-04-15,16.2,12.5,19.6,7.5,2.4,80.1,0,3.29,8.4
133,措傈,2024-04-16,14.3,11.6,20.6,.5,2.5,75.1,8,20.94,4
133,措傈,2024-04-17,15.6,9,23,,1.7,57.4,9.7,23.98,4.5
133,措傈,2024-04-18,17.3,8.7,26.1,,1.6,48.5,11.5,25.27,0
133,措傈,2024-04-19,18.2,9,26.4,,1.4,45.4,11,24.38,4
133,措傈,2024-04-20,14.1,13.2,16.4,3.5,2,78.6,0,3.06,9.6
133,措傈,2024-04-21,16.2,13.7,18.1,.1,2.7,72,0,3.65,9.5
133,措傈,2024-04-22,17.4,14.2,23,0,2.8,56.3,6.2,19.42,5.1
133,措傈,2024-04-23,16.4,10.6,23,0,3.3,55.8,7.8,21.05,7.1
133,措傈,2024-04-24,13.8,10.9,17.8,4.3,2.3,75.4,4.1,16.34,6.8
133,措傈,2024-04-25,15.6,9.6,23.3,,1.4,67.5,8.8,24.01,3.3
133,措傈,2024-04-26,17.8,9.9,27.2,,1.3,62.5,10,22.69,4.9
133,措傈,2024-04-27,18.7,10.7,27.6,,1.6,49.3,12.5,27.88,0
133,措傈,2024-04-28,19.9,9.5,29.4,,1.2,50,11.3,23.42,6.3
133,措傈,2024-04-29,17.2,15.5,19.2,.8,2.5,71.6,0,6.96,10
133,措傈,2024-04-30,16.6,13.3,20.8,0,1.7,70.8,.4,10.61,8.9
133,措傈,2024-05-01,16.5,11.8,21.6,,3.3,50.8,8.8,23.18,4.8
133,措傈,2024-05-02,17,9.6,24.8,,2,50.5,12.5,27.22,.1
133,措傈,2024-05-03,18.4,8.8,27.5,,1.3,45,12.6,28.79,0
133,措傈,2024-05-04,21.1,10.9,28.9,0,1.4,48,12.2,28.03,3.6
133,措傈,2024-05-05,18.1,16.8,21.7,55.4,1.6,90.9,0,3.27,10
133,措傈,2024-05-06,14.4,13.3,16.8,2,2.3,86.5,.3,7.16,10
133,措傈,2024-05-07,12.9,10.7,16.3,14.1,2.5,90.8,0,5.6,10
133,措傈,2024-05-08,14.4,9.7,20.1,1.8,1.8,63.6,10.5,25.24,3.5
133,措傈,2024-05-09,15.6,8.1,22.8,,1.9,55.4,12.8,27.81,0
133,措傈,2024-05-10,17.9,9.6,25.4,,1.8,51.1,12.5,28.19,2.1
133,措傈,2024-05-11,18.9,12.6,25.3,8.5,2.9,69.3,5.9,17.27,8
133,措傈,2024-05-12,16.6,11.3,22.8,3.1,2.1,61.5,11.3,27.77,5.9
133,措傈,2024-05-13,17.6,9.3,25.6,,1.7,52.6,13.4,29.96,0
133,措傈,2024-05-14,18.5,10.1,25.8,,1.7,49.5,13.3,29.41,0
133,措傈,2024-05-15,13.7,8.1,23.1,8.7,2.4,70.8,8.1,20.94,4.6
133,措傈,2024-05-16,14.2,7,20.7,3,3,63.6,12.7,29.86,1.9
133,措傈,2024-05-17,19.2,13.5,25.6,,2.1,53.3,11.6,26.94,3.1
133,措傈,2024-05-18,20.4,12.1,27.6,,1.5,57,12.9,28.93,0
133,措傈,2024-05-19,21.6,14.2,29.3,,1.5,58.3,12.8,28.78,.1
133,措傈,2024-05-20,19.3,13,25.4,,1.4,67.5,4.7,19.61,5
133,措傈,2024-05-21,20.5,15.5,26.5,,1.7,70.9,7.7,22.45,3.3
133,措傈,2024-05-22,21.5,15.2,28.1,,1.5,69.6,11.1,26.75,5.3
133,措傈,2024-05-23,22.2,15.7,29.4,,1.6,64.3,11.6,28.74,.8
133,措傈,2024-05-24,21.2,14.3,28.1,,1.4,68.9,9.4,24.8,4.6
133,措傈,2024-05-25,19.4,17.3,22.3,,3.4,54.8,0,11.02,8.1
133,措傈,2024-05-26,20.4,14.3,27,30.2,1.7,74,5.5,17.12,7.1
133,措傈,2024-05-27,18.5,13.7,23.2,,2.2,59.5,10.9,24.38,7.1
133,措傈,2024-05-28,18.8,12.1,25.2,,2,58.6,11.3,28.26,4.3
133,措傈,2024-05-29,20.9,12.7,28.4,,1.4,56.3,13.3,29.06,2.3
133,措傈,2024-05-30,21.1,16.1,25.6,,1.1,58.4,.9,13.82,9.1
133,措傈,2024-05-31,21.4,16.3,27.4,,2,50.9,12.9,30.28,3.1
133,措傈,2024-06-01,20,16.6,25.3,0,2.6,58.3,8.3,24.1,3.8
133,措傈,2024-06-02,20.1,13.9,27.1,,2,54.5,13.2,29.41,2.1
133,措傈,2024-06-03,20.8,13.5,27.5,,1.8,54.9,12.8,29.53,2
133,措傈,2024-06-04,21.6,15.3,28,,1.8,49.5,13.7,31.04,0
133,措傈,2024-06-05,22.5,16.3,28.9,,1.9,60.1,9.8,24.56,5.5
133,措傈,2024-06-06,22.8,17.5,29.3,,1.6,57,10.1,25.74,5
133,措傈,2024-06-07,22.8,16,28.9,0,1.4,56.8,7.1,21.56,8.8
133,措傈,2024-06-08,20.5,17.4,26.1,4.7,1.5,83.5,2.7,13.18,6.9
133,措傈,2024-06-09,23.9,18.8,30.2,,1.3,66.4,10.8,27.85,4.3
133,措傈,2024-06-10,24.7,17.3,31.5,,2.1,59.9,10.8,27.56,1.6
133,措傈,2024-06-11,25.8,21.5,32.2,,2.2,54.8,12.8,28.44,2
133,措傈,2024-06-12,25.3,18.3,33.4,,1.7,48.8,12.8,30.07,2
133,措傈,2024-06-13,25.9,17.7,33.8,,1.5,45.3,13,29.78,1
133,措傈,2024-06-14,26.6,20.1,33.1,0,1.5,52.9,12.6,26.91,5.5
133,措傈,2024-06-15,24.3,21.5,29,2.8,1.5,73.8,4,17.89,5.9
133,措傈,2024-06-16,24.4,19.1,30.2,,2.1,59.4,12.5,29.15,3.3
133,措傈,2024-06-17,23.4,17.3,29,,1.3,59.4,7.5,20.53,7
133,措傈,2024-06-18,25.4,16.5,34.1,,1.7,53.1,13.7,30.07,0
133,措傈,2024-06-19,27.5,19.2,36.6,,1.6,49.3,12.4,27.86,4.8
133,措傈,2024-06-20,25.7,20,32.5,,2.2,48.8,6.3,19.14,5.9
133,措傈,2024-06-21,26.4,18.7,33.2,,1.4,55.5,10.9,26.83,5.5
133,措傈,2024-06-22,23.5,22.4,25.3,13.2,1.5,89.8,0,3.56,10
133,措傈,2024-06-23,24.2,22.1,28.1,1.1,2,83.8,3.1,11.83,8.5
133,措傈,2024-06-24,25.3,20.3,30,,2.3,66.4,8.1,24.9,5.6
133,措傈,2024-06-25,22.9,18.1,28.5,,1.8,60.6,7.9,21.03,6.8
133,措傈,2024-06-26,24.3,17.8,30.6,,1.3,60.6,12.5,28.45,4.1
133,措傈,2024-06-27,23.7,19.2,28.4,,1.4,63.5,2.1,14.89,5.5
133,措傈,2024-06-28,25.7,18.3,32.3,,1.4,58.5,13.2,29.25,2.1
133,措傈,2024-06-29,25.3,22,30.2,45.1,2.1,74.6,4.4,13.52,8.6
133,措傈,2024-06-30,24.2,22.3,26.2,10,2.6,88.8,1.1,8.39,8.9
133,措傈,2024-07-01,26.2,21.5,31.9,,1.2,72.4,8.7,24.37,4.9
133,措傈,2024-07-02,24,20.8,26.5,57,1.7,90.5,0,4.09,10
133,措傈,2024-07-03,25.7,23.1,29.9,31.9,1.9,79.8,3.8,17.78,7.3
133,措傈,2024-07-04,28.1,23.3,32.2,,2.5,68.9,10,26.52,4.4
133,措傈,2024-07-05,25.8,23.2,29.2,3.9,2.3,70,7.9,23.09,6.1
133,措傈,2024-07-06,27.5,23.5,31.4,.1,2.1,74.5,.4,10.85,9.4
133,措傈,2024-07-07,25.5,22.5,27.6,36.2,1.8,91.6,0,3.15,10
133,措傈,2024-07-08,23.9,22.3,25.9,137.5,1.6,96.6,0,3.05,10
133,措傈,2024-07-09,23.1,22,24.3,15.3,1.4,94.6,0,4.86,9.9
133,措傈,2024-07-10,23.4,21.1,26.8,88.6,1.9,89.8,1.8,11.3,9
133,措傈,2024-07-11,24.4,22.1,27.1,2.4,1.2,84.8,.2,11.45,8.4
133,措傈,2024-07-12,26,22.3,31.4,,1.1,77,7.1,21.88,5.9
133,措傈,2024-07-13,26.3,22.7,31.1,4.9,1.3,75.5,6.4,18.98,3.8
133,措傈,2024-07-14,26.2,23.5,29.9,,3.4,75.9,5.3,20.07,6.9
133,措傈,2024-07-15,26.6,23.7,31.2,.2,2.7,76.9,7,20.76,6.4
133,措傈,2024-07-16,24.6,22,27.3,45.6,1.5,89.3,.9,6.74,9
133,措傈,2024-07-17,26.7,22.2,29.8,.8,2,81.5,1.3,12.91,9.6
133,措傈,2024-07-18,25.9,23.8,27.6,28.8,3,84.4,0,2.42,10
133,措傈,2024-07-19,25.1,23.2,28.6,1.4,1.6,88.8,1.6,9.54,7.9
133,措傈,2024-07-20,26,22.6,31.3,15.2,1.9,87,3.7,12.86,7.8
133,措傈,2024-07-21,27.8,24.9,31.9,1.5,2.1,79.3,5,16.67,7.9
133,措傈,2024-07-22,28.9,26,31.7,,2.7,72.8,2.8,15.38,7.9
133,措傈,2024-07-23,27.2,26.1,28.5,3.9,2.2,83.3,0,4.96,8.8
133,措傈,2024-07-24,28.6,25.3,33.4,2.5,1.5,79.3,7,20.85,5
133,措傈,2024-07-25,28.1,24.7,34.7,.1,1.1,81,7.6,20.36,5.8
133,措傈,2024-07-26,28.4,25.1,34,1.3,2,81.1,5.1,17.2,7.5
133,措傈,2024-07-27,28.2,26,32.4,6,1.4,83.6,1.8,12.97,8.8
133,措傈,2024-07-28,29.7,25.8,34.1,,2.1,71.8,9.1,24.69,6
133,措傈,2024-07-29,28.6,26.4,32.2,,2,73.8,5.6,18.2,5.8
133,措傈,2024-07-30,28.7,26.3,32.8,,2.1,73.4,7.4,20.92,5.8
133,措傈,2024-07-31,29.5,26.1,34.3,,1.8,74,6.6,21.64,5.5
133,措傈,2024-08-01,30,26.9,34.2,,1.7,73,5.9,19.67,5.5
133,措傈,2024-08-02,30.3,27.3,34.3,,2.2,76,8.7,23.42,4.4
133,措傈,2024-08-03,30.7,27.4,35.6,,1.2,74.5,7.6,21.62,5.4
133,措傈,2024-08-04,29.1,26.2,35.5,.9,1.3,80.1,6,19.12,4.5
133,措傈,2024-08-05,27.4,24,34.3,34.3,1.5,87.1,5.4,15.35,6.3
133,措傈,2024-08-06,28.6,23.4,33.9,,1.3,78,9.1,24.5,4.5
133,措傈,2024-08-07,28.9,25.4,34.6,1,1.1,78.3,8.1,21.77,3.9
133,措傈,2024-08-08,27.3,25.4,29.6,0,1.2,81.9,1.6,10.31,7.8
133,措傈,2024-08-09,28.4,24.6,33.9,,1,74.6,9.3,23.6,2.5
133,措傈,2024-08-10,28.7,24.6,33.8,,1.1,76.5,5.8,15.75,4.6
133,措傈,2024-08-11,29.6,25.2,34,,1.6,72.5,7.2,17.87,2.5
133,措傈,2024-08-12,30.5,26,35.6,,1.2,72,11.1,24.7,3.6
133,措傈,2024-08-13,29.2,24.9,35,19.3,1.9,71.1,11,25.37,4.3
133,措傈,2024-08-14,29.5,24.6,34.6,,1.9,64.3,12.4,26.45,2.3
133,措傈,2024-08-15,29.5,25.6,34.1,,2.2,66.4,11.1,23.24,1.5
133,措傈,2024-08-16,29.7,25.5,34.2,,2.3,66.1,12,24.91,3.3
133,措傈,2024-08-17,29.5,25.7,34.7,,1.6,67,10.7,24.69,4.9
133,措傈,2024-08-18,29.5,25.9,35,,1.6,68.6,10.1,22.96,3.6
133,措傈,2024-08-19,29.9,25.2,34.8,.1,1.7,68.1,9,21.04,3.9
133,措傈,2024-08-20,29.7,27.1,35.1,17,1.9,77.6,6.6,16.91,6.9
133,措傈,2024-08-21,28.6,26.5,31.5,3.8,2.3,83.5,2.3,10.05,8.9
133,措傈,2024-08-22,28.5,25.8,33,.5,2.6,78.1,4.7,13.87,5.4
133,措傈,2024-08-23,28.3,24.1,32.8,,1.9,76,10.4,22.71,2.5
133,措傈,2024-08-24,28.1,25.4,32.9,6.8,1.2,79.3,5.3,17.18,5.8
133,措傈,2024-08-25,28,24.4,32.8,.5,1,79.5,6.2,17.71,2.9
133,措傈,2024-08-26,27.9,24.7,32.2,,1.2,81.6,2.6,13.01,7.9
133,措傈,2024-08-27,26.3,24,28.3,.1,1.7,83.3,0,6.72,7.6
133,措傈,2024-08-28,27,22.1,31,,2.6,67.3,8.7,19.7,2
133,措傈,2024-08-29,27,22.9,32.4,3,2.3,70.1,8.8,19.49,1.9
133,措傈,2024-08-30,27.3,22.3,33.6,,1.9,69.9,12,24.91,1.1
133,措傈,2024-08-31,26.6,22,32.2,,1.5,70.3,11.3,24.28,2
133,措傈,2024-09-01,26.9,23.3,32.4,,1.3,69.1,8,20.1,4.3
133,措傈,2024-09-02,24.8,21.9,27.4,0,1,75,1.5,8.26,6.9
133,措傈,2024-09-03,27.1,23.1,32,,3.2,61.3,9.2,21.44,4.1
133,措傈,2024-09-04,26.8,21.6,33.3,,2.5,57.8,11.6,23.99,1.8
133,措傈,2024-09-05,27.2,22.9,32.4,0,1.6,70.3,6.8,18.91,4.4
133,措傈,2024-09-06,25.6,23.6,29.1,.5,1.3,82.6,0,5.59,9.9
133,措傈,2024-09-07,26.6,23.4,31.5,,1.4,75.9,3.4,14.47,6.5
133,措傈,2024-09-08,27.6,22.8,34.3,,1.1,67.5,10.4,22.2,3.4
133,措傈,2024-09-09,29,24.2,34.9,,1.4,67.9,6.5,18.6,3.8
133,措傈,2024-09-10,29.5,24.8,36,,2.1,62.8,11.4,22.12,1.1
133,措傈,2024-09-11,28.1,25.2,35.3,21.2,1.2,79.8,2.5,12.91,7.8
133,措傈,2024-09-12,26.5,24.9,30.9,4.1,1,89.9,0,8.28,8.9
133,措傈,2024-09-13,28,24.2,33.4,,1.6,77,7.6,19.33,6.3
133,措傈,2024-09-14,28.8,25.3,34.6,,1.6,74.4,8.7,19.45,4.6
133,措傈,2024-09-15,29.3,25.1,34.5,,2.6,70.3,9.7,20.81,3.4
133,措傈,2024-09-16,28,24.9,32.1,0,3,70.4,4.1,14.55,5.9
133,措傈,2024-09-17,29.7,25,35.7,,1.3,72,10.8,21.87,4.8
133,措傈,2024-09-18,28.2,24.4,33.6,2,1.3,81.8,3.2,12.83,7
133,措傈,2024-09-19,28.5,23.9,34,,1,76,4.9,16.45,6.8
133,措傈,2024-09-20,25.5,24.2,27.6,45.6,.9,93.5,0,2.62,9.5
133,措傈,2024-09-21,21.4,19.5,25.4,131.2,2.3,95.9,0,1.84,10
133,措傈,2024-09-22,21.3,16.9,26.7,,2.2,75.1,3.5,13.8,6
133,措傈,2024-09-23,21,17.3,25.8,,3,59.6,11.3,22.27,1.3
133,措傈,2024-09-24,20.9,15.4,27.2,,1.7,64.3,10.2,21.13,3.1
133,措傈,2024-09-25,23.2,18.4,28.5,,1.3,72,8.6,16.24,5.3
133,措傈,2024-09-26,24.1,20.6,29.4,,1,74.3,5.6,15.14,6.1
133,措傈,2024-09-27,23,19.7,28.6,,1.3,72.8,9,18.44,2.6
133,措傈,2024-09-28,22.7,18.7,28.1,,2.8,71.9,7.2,15.47,2.6
133,措傈,2024-09-29,22.8,18.7,27.8,,2.3,64.4,8.9,16.77,2.1
133,措傈,2024-09-30,21,15.4,27.9,,1.4,64.6,11,19.94,2.3
133,措傈,2024-10-01,17,12.9,21.9,2,1.5,81,1.1,3.98,7.5
133,措傈,2024-10-02,14.9,10.8,21.2,,1.5,59.6,8.6,19.18,3.9
133,措傈,2024-10-03,12.9,10,15.5,4,1.2,87.3,.2,4.46,7.3
133,措傈,2024-10-04,16.2,11.2,24,,1.1,80.5,7.1,17.45,3.1
133,措傈,2024-10-05,17.2,11,23.9,,1.3,74.1,9.6,17.74,3.9
133,措傈,2024-10-06,16.6,13.8,19.1,.2,.8,88,0,5.1,9
133,措傈,2024-10-07,17,13.7,20.5,2.3,.8,85.3,1,8.24,9.4
133,措傈,2024-10-08,16.7,13.3,22.7,,1,81.8,6,13.93,3.1
133,措傈,2024-10-09,18.5,12.6,24.8,,2,70.4,10,17.34,3.8
133,措傈,2024-10-10,17.7,13.6,23.8,0,1.5,72.4,5.9,12.93,2.9
133,措傈,2024-10-11,17.6,12.5,24.2,,1.1,75.9,9.9,17.32,.4
133,措傈,2024-10-12,17.2,12,24.5,,1,73.3,10,17.85,.1
133,措傈,2024-10-13,17.7,10.9,24.4,,1.4,73.8,6.2,12.77,5.8
133,措傈,2024-10-14,17.7,16.3,19.4,8.3,1.2,91.5,0,3.57,9.9
133,措傈,2024-10-15,18.3,16.8,20.1,33.5,.4,96.9,0,2.77,9.5
133,措傈,2024-10-16,18.9,15.9,24.5,,1,86.5,3.8,12.86,7.1
133,措傈,2024-10-17,19.1,15.2,25.3,,1.7,78.6,6.3,13.99,6.4
133,措傈,2024-10-18,20,17.5,23,41.6,2.4,89.4,0,3.24,9.6
133,措傈,2024-10-19,17.6,13.2,22.9,1.9,2.8,84.4,0,3.66,9
133,措傈,2024-10-20,13.3,9.8,18,,4.2,60.6,5.9,13.2,3.8
133,措傈,2024-10-21,13.9,8.5,18.9,.4,1.1,85,.7,6.66,8.1
133,措傈,2024-10-22,16.6,14.8,18.6,13.1,1.1,97.4,0,2.8,10
133,措傈,2024-10-23,13.7,9.1,18.6,1.2,2.4,72.3,5.1,12.53,4.5
133,措傈,2024-10-24,12,6.4,19.2,,1.3,76,10,16.32,.1
133,措傈,2024-10-25,14.5,7.2,22.2,,1.3,78,7.6,13.81,5
133,措傈,2024-10-26,17.2,10.5,24.2,,2.1,74.4,9.8,16.37,.8
133,措傈,2024-10-27,15.2,12.6,18.1,.7,.9,86.4,.2,4.5,9.4
133,措傈,2024-10-28,14.8,12.1,17.5,0,1.9,81.3,.4,5.37,7.5
133,措傈,2024-10-29,14.9,11.8,20.5,0,1.7,70.5,3.1,10.22,5.4
133,措傈,2024-10-30,14.7,9.7,21.6,,1.2,76.8,9.6,14.96,.3
133,措傈,2024-10-31,14.5,8.9,23.5,,.9,75.6,8.9,14.89,2.4
133,措傈,2024-11-01,13.3,11.4,15.4,1.6,1.2,88.1,0,2.11,9.1
133,措傈,2024-11-02,16.9,13.3,23.6,.1,1.4,77.9,6,11.96,4.5
133,措傈,2024-11-03,16.2,10.8,23.7,,1,76.4,8.8,14.25,1
133,措傈,2024-11-04,14.5,9.2,21.8,,2.1,69.3,4.6,9.85,4.6
133,措傈,2024-11-05,9.8,5.3,15.7,,1.9,56.4,7.7,14.02,2.9
133,措傈,2024-11-06,7.3,2.3,14.2,,1.5,54.9,9.6,14.96,0
133,措傈,2024-11-07,7.7,.6,16.8,,1.1,66.9,9.5,14.73,.3
133,措傈,2024-11-08,10.5,3.4,19.6,,1,73,7.6,12.52,3.3
133,措傈,2024-11-09,12.4,6.7,19.9,,.9,76.9,6.4,12.08,3.8
133,措傈,2024-11-10,13.3,9.4,21,,.8,78,5,9.91,5.1
133,措傈,2024-11-11,13.3,6.9,21.6,,.9,74.8,9.1,12.95,.5
133,措傈,2024-11-12,13.7,9.1,20.6,,1.3,67.5,8.5,13.15,1.9
133,措傈,2024-11-13,13.1,6,21.8,,1,71.9,9.2,13.02,2.3
133,措傈,2024-11-14,13.8,9.3,20.1,.1,1.1,78.4,2.2,7.25,7.6
133,措傈,2024-11-15,14.8,12,20.2,5.5,1.5,78.6,5.5,10.26,5.4
133,措傈,2024-11-16,16.8,11.2,23.7,.1,1.4,74.4,8.6,12.48,5
133,措傈,2024-11-17,9.1,2.9,15.4,0,2.8,51.6,.3,4.44,5.8
133,措傈,2024-11-18,2.6,-.7,8.1,,2.1,34.4,9.2,13.99,.5
133,措傈,2024-11-19,5.4,-2,13.8,,1,59.3,6.9,10.95,4
133,措傈,2024-11-20,6.7,.3,12.7,,1.1,67,5.4,9.12,6.5
133,措傈,2024-11-21,9.8,4.4,14.4,0,1.4,69.4,4.2,7.55,4.4
133,措傈,2024-11-22,7.2,2.2,12.8,,2,54.1,8.9,12.67,0
133,措傈,2024-11-23,5.3,-.4,13.2,,.9,62,8,11.91,1.9
133,措傈,2024-11-24,6.6,.5,14.9,,.9,67,8.8,12.3,.8
133,措傈,2024-11-25,9.7,1.3,17.2,.3,2.5,66.8,7.5,10.98,4.8
133,措傈,2024-11-26,7.6,4.1,11.2,18,2.7,72.4,1.5,4.78,8.9
133,措傈,2024-11-27,2.3,0,6,3.8,2.6,75.5,1.4,4.88,8.8
133,措傈,2024-11-28,3.2,.3,9,4.7,2.1,79.6,2.6,5.02,9
133,措傈,2024-11-29,2.2,-1.1,5.2,.4,1.3,81.1,4.1,7.09,7
133,措傈,2024-11-30,5.3,-.7,9.9,,1.4,73.3,4.1,7.22,3
133,措傈,2024-12-01,7.6,2.4,13,0,.7,80,3.5,6.66,6
133,措傈,2024-12-02,8.3,2.9,15.9,0,1.5,75.6,5.1,7.75,2.3
133,措傈,2024-12-03,2.1,-1.1,7.1,,1.8,48.5,6.7,10.94,5
133,措傈,2024-12-04,3.6,.6,8.7,0,1.5,48.5,8.3,11.53,3.6
133,措傈,2024-12-05,4.5,0,9.9,0,1.8,69.5,3.7,7.45,7.3
133,措傈,2024-12-06,4,.9,8.6,0,1.9,65,5.8,9.93,3.8
133,措傈,2024-12-07,1.4,-2.6,5.5,0,1.8,66.3,2.6,6.1,4.4
133,措傈,2024-12-08,.5,-2.9,5.8,0,1.7,58,8.1,11.7,2.3
133,措傈,2024-12-09,2,-4.2,7.8,,1,63.4,5.7,8.68,4.8
133,措傈,2024-12-10,3.9,.8,9.1,,1.4,58.6,8.5,11.25,4.5
133,措傈,2024-12-11,2.5,-.4,8.2,,1,62.6,5,7.89,3.8
133,措傈,2024-12-12,1.2,-3.4,6.9,,1.3,54.8,6.7,10.24,4.4
133,措傈,2024-12-13,.6,-1.4,3.9,0,1.3,59.5,.3,4.35,6.9
133,措傈,2024-12-14,.5,-3.7,4.9,0,1.8,59.1,7.5,10.65,2.3
133,措傈,2024-12-15,1.7,-.3,4.9,1.4,1.7,81.5,.8,2.13,8
133,措傈,2024-12-16,2.7,-1.7,7.9,.1,1.5,61.4,6.8,10.22,7.4
133,措傈,2024-12-17,1.6,-2,7,,2,54.8,6.6,10.66,3.9
133,措傈,2024-12-18,-2,-5.3,2.8,,2,50.4,8.2,11.06,1.6
133,措傈,2024-12-19,-1.9,-7.5,4.9,,1,54.1,8.5,11.11,2.8
133,措傈,2024-12-20,.7,-3.8,4.5,.2,.9,67.4,1.4,4.54,9
133,措傈,2024-12-21,.6,-2.9,3.6,1.9,2.5,75.1,1.9,4.67,6.6
133,措傈,2024-12-22,-2.5,-6.8,2.9,,1.8,55.9,8.6,11.75,0
133,措傈,2024-12-23,-.4,-6.2,5.8,0,1,73.9,4.2,6.87,2.5
133,措傈,2024-12-24,.6,-4,6.9,,1.4,65.5,8.6,11.29,1.9
133,措傈,2024-12-25,2.5,-2.5,6.8,0,1.1,67,1.6,5.78,8.3
133,措傈,2024-12-26,2.4,-1.5,6.2,0,3,59.3,7,9.86,3.3
133,措傈,2024-12-27,-1.4,-5.1,2.2,.1,1.4,61.4,6.9,8.99,6.5
133,措傈,2024-12-28,-2,-6.1,.9,0,2,62,5.3,7.72,5.4
133,措傈,2024-12-29,2.1,-2.8,6.9,0,1.5,67.8,2.7,6.02,5.6
133,措傈,2024-12-30,6.7,.7,11.3,0,1.4,65.3,2.1,5.55,7
133,措傈,2024-12-31,2.3,-2.1,7,,2.5,44.1,8.6,11.91,.4
133,措傈,2025-01-01,2.6,-3.8,10.4,,1.1,60.5,8.5,10.87,.3
133,措傈,2025-01-02,1.8,-2.7,8.4,,1.6,53.3,8.4,11.47,0
133,措傈,2025-01-03,.3,-4.1,5.5,0,1.8,50.8,8.1,11.18,3.9
133,措傈,2025-01-04,.6,-3.6,7,,1.1,57.3,7.5,10.9,1.6
133,措傈,2025-01-05,2.2,-2.6,6.3,.3,1.1,80.5,.1,2.74,8.4
133,措傈,2025-01-06,2,-1.9,5.9,1.8,2.4,75.5,1.2,4.69,7.6
133,措傈,2025-01-07,-1.5,-4.6,3.1,.5,1.6,66.6,6.5,8.97,3.9
133,措傈,2025-01-08,-1.7,-4.4,.8,.6,1.7,82.8,1.8,4.46,6.6
133,措傈,2025-01-09,-8.1,-12.4,-4.3,0,3.4,47.8,4.8,7.9,4.4
133,措傈,2025-01-10,-6.6,-12.9,-.5,0,1.4,55.6,8.8,12.19,2.3
133,措傈,2025-01-11,-3,-6.1,.5,0,1.2,64.8,3.5,7.92,7.5
133,措傈,2025-01-12,-1.9,-7.5,4.2,0,1.1,68.3,6.5,10.3,3.5
133,措傈,2025-01-13,1.1,-5.6,6.3,,1.4,65.5,7.8,11.61,3.9
133,措傈,2025-01-14,4.9,1.5,10.7,.1,2.2,56.4,6,9.41,6.8
133,措傈,2025-01-15,-1.8,-4.2,2.1,,3,45.5,8.8,12.06,1
133,措傈,2025-01-16,.9,-4.6,6.7,0,1.6,57,3.3,8.17,7.4
133,措傈,2025-01-17,1.3,-2.8,7.5,,1.2,58.6,8.6,11.71,0
133,措傈,2025-01-18,1,-5.2,9.1,,1,50.8,7.5,11.07,2.6
133,措傈,2025-01-19,1.7,-4.8,10.1,,.9,62.3,5.6,9.6,3
133,措傈,2025-01-20,2.8,-1.4,8.5,,1.1,71.8,3,7.09,7.5
133,措傈,2025-01-21,2.5,-2.8,9.4,,.9,70.6,8.2,10.9,0
133,措傈,2025-01-22,3.4,-1.9,9.4,,1.1,71.3,5.6,9.03,4.8
133,措傈,2025-01-23,2.9,-2.4,10.7,,1.2,51.4,8.5,12.15,0
133,措傈,2025-01-24,2.6,-4.1,10.4,,1.1,45,9.2,12.78,.3
133,措傈,2025-01-25,4.3,-2.7,11.6,,2.3,53.5,7.5,11.82,1.9
133,措傈,2025-01-26,5.2,1.7,8.7,0,2,50.9,2.9,7.58,7.9
133,措傈,2025-01-27,.3,-2.4,3.8,4.5,1.8,82.8,2.3,6.15,7.5
133,措傈,2025-01-28,-1.4,-2.7,1.8,4.4,2.2,79.8,1.3,6.54,8.6
133,措傈,2025-01-29,-2.6,-5.5,.6,.3,2.5,71.5,2.7,8.67,5.4
133,措傈,2025-01-30,-1.8,-6.5,3.9,0,1,68.3,6.9,12.5,5.3
133,措傈,2025-01-31,1.9,-3,8.4,0,.7,70.6,1.3,7.44,9
133,措傈,2025-02-01,3.5,1.2,7.8,.2,1.1,84.5,.7,4.78,7.3
133,措傈,2025-02-02,2.4,-1.3,9.1,,1.1,78,3.4,9.41,7.4
133,措傈,2025-02-03,-1.4,-6,1.9,.2,3.6,50,9,15.17,3.8
133,措傈,2025-02-04,-6.2,-8.2,-2.3,0,2.9,58.1,6.7,13.25,4.8
133,措傈,2025-02-05,-6.4,-10.6,-1.6,0,2.1,56.1,9.1,14.39,1.6
133,措傈,2025-02-06,-4.1,-10.2,2.2,.7,1.7,61.9,8.9,14.14,4.3
133,措傈,2025-02-07,-6.4,-9.8,-.5,1.3,3.7,73.6,3.9,9.79,8.1
133,措傈,2025-02-08,-6.6,-11.3,-1,0,2.1,64.4,7.9,15.08,4.4
133,措傈,2025-02-09,-3.9,-9.8,2.6,0,1.6,64.1,8.6,16.06,3.3
133,措傈,2025-02-10,-2.6,-7.6,3,0,1.4,71.5,5.1,10.56,1.9
133,措傈,2025-02-11,.3,-7.1,9.3,,1,55,9.7,16.23,1.4
133,措傈,2025-02-12,1.1,-1.6,4.4,8.3,2,82.1,0,1.78,8.4
133,措傈,2025-02-13,1.1,-4.4,7.4,,2.1,47.4,9.9,16.89,0
133,措傈,2025-02-14,3.5,-3.1,11.1,,1.4,63.5,9.7,15.5,2.1
133,措傈,2025-02-15,2.9,-2.9,8.6,,1,64.8,2.3,8.72,5.8
133,措傈,2025-02-16,5.1,-.7,11.9,,1.7,67.3,7.6,13.24,4.9
133,措傈,2025-02-17,1.3,-2.2,6.8,,3.5,34,10,17.69,.8
133,措傈,2025-02-18,-.9,-4.5,4.5,,3.1,39.9,10.1,17.94,.1
133,措傈,2025-02-19,-1.6,-6.6,4,,2.7,42.6,10.1,18.03,.1
133,措傈,2025-02-20,-1.9,-6.8,4.2,,2.4,44.4,10.1,18,0
133,措傈,2025-02-21,-1.5,-6.5,4.3,,2.5,42.3,10.1,18.2,1.9
133,措傈,2025-02-22,-1,-5.4,4.1,.4,2.2,54.6,10,18.78,2.1
133,措傈,2025-02-23,-2.7,-6.8,2.1,0,3,47.5,6.7,13.29,2.6
133,措傈,2025-02-24,-.7,-7.2,6.4,,2.2,41.3,10.3,19.21,0
133,措傈,2025-02-25,1.7,-5.3,7.6,,1.8,58.8,8,14.36,5.5
133,措傈,2025-02-26,5.3,.4,11.8,0,2.3,44.4,10.1,18.51,0
133,措傈,2025-02-27,6.6,-3.5,17,0,1,28.1,10,18.64,3.3
133,措傈,2025-02-28,9.8,5.4,17,0,1.2,55.8,5.9,15.03,5.3
133,措傈,2025-03-01,6.3,1.7,8.7,2.6,.7,88.3,1.5,3.5,7.9
133,措傈,2025-03-02,9.7,5,17.4,5.7,2.5,84.5,.5,6.53,10
133,措傈,2025-03-03,3.5,1.1,7,23,4.9,71.4,1,10.1,9.3
133,措傈,2025-03-04,3.4,1.6,5.7,.9,4.1,70.4,.8,6.16,9.6
133,措傈,2025-03-05,5.5,3.4,9.1,0,1.6,66.1,0,6.22,9.6
133,措傈,2025-03-06,5.1,.6,11,,1.6,56.3,6.9,14.83,3.1
133,措傈,2025-03-07,5.6,-1.6,12.7,,1.3,49.5,8.8,17.42,4.6
133,措傈,2025-03-08,6.2,3,11.1,0,1.6,54,4,12.67,4.4
133,措傈,2025-03-09,6.8,-.7,15,,1.2,57.3,10.5,20.26,1
133,措傈,2025-03-10,8.2,.7,16.8,,1.3,46.9,10.8,17.64,2.4
133,措傈,2025-03-11,9.8,1,18.6,,1.3,45.8,10.7,20.29,2.3
133,措傈,2025-03-12,9.6,4.5,16,,1.8,62.1,3.3,10.44,6.3
133,措傈,2025-03-13,10.3,4.6,17.3,,1.6,48.6,7.6,16.87,6.9
133,措傈,2025-03-14,12.9,3.7,21.5,,2.2,31.8,10.6,20.67,3.3
133,措傈,2025-03-15,9.8,7.1,14.2,,5,52.5,4.4,15.43,7.4
133,措傈,2025-03-16,4.5,.5,7.5,.9,2.8,59.4,3.3,8.22,7.3
133,措傈,2025-03-17,3.8,-.9,9.6,,2.5,35.4,11.1,21.51,1.5
133,措傈,2025-03-18,1.2,-.2,3.3,3.9,2.4,77.4,.5,5.57,8.9
133,措傈,2025-03-19,3.2,-2.1,9.1,,1.9,47,10.2,20.67,.6
133,措傈,2025-03-20,7.6,-1.2,15.6,,2.3,61.4,10.3,20.84,.3
133,措傈,2025-03-21,12.8,8,21.3,,3.4,51.1,11.1,22,0
133,措傈,2025-03-22,14.9,7.5,22.8,,3.4,42.8,11.2,21.64,0
133,措傈,2025-03-23,16.6,6.9,26.4,,1.9,40.1,8.9,20.21,3.4
133,措傈,2025-03-24,16.6,12.2,22.2,0,2.8,53.4,8.3,19.25,3.9
133,措傈,2025-03-25,15.4,10.5,25.8,,3,54.4,7.5,18.15,2.5
133,措傈,2025-03-26,18.5,6,29.3,,1.8,36,10.6,22.03,1.5
133,措傈,2025-03-27,16.1,7.2,21.5,.7,2.6,68.3,0,4.38,9.4
133,措傈,2025-03-28,7.5,4.5,12.8,0,3.1,42.1,7.8,20.32,7
133,措傈,2025-03-29,3.9,.3,9.1,0,2.8,42.6,6.8,15.95,5.9
133,措傈,2025-03-30,4.4,-1.5,9.7,,2.2,43.9,9.5,21.15,2.6
133,措傈,2025-03-31,8.1,1.3,14.6,,2,52.4,8.8,21.06,2.3
133,措傈,2025-04-01,10.3,1.9,18.9,,1.4,46.9,11.5,24.31,0
133,措傈,2025-04-02,9.6,3,18,,1.7,47.9,7.3,17.68,4
133,措傈,2025-04-03,10.3,3.3,18.3,,1.8,57.8,11.1,24.33,3
133,措傈,2025-04-04,11.7,7,18.9,.4,1.9,55.8,9.8,22.88,4
133,措傈,2025-04-05,9.4,7.3,14.7,11.7,1.8,79.1,1.7,5.19,8.6
133,措傈,2025-04-06,10.7,4.7,18.5,,2.4,53.6,11.6,24.95,0
133,措傈,2025-04-07,13.8,3.2,21.8,,2,43,11.6,24.59,.9
133,措傈,2025-04-08,15.6,9.8,21.6,,2.9,41.4,10.4,23.97,2
133,措傈,2025-04-09,13.9,5.6,21.7,0,1.4,42.4,7.4,16.82,5.9
133,措傈,2025-04-10,14,10,19,0,1.6,53.1,3.8,13.75,5.8
133,措傈,2025-04-11,16.2,5.8,26.1,,1.5,47,11.5,25.78,2
133,措傈,2025-04-12,14.7,3.2,24,13,2.6,57,3.3,10.88,8.4
133,措傈,2025-04-13,5.8,1.9,10.3,5.2,2.5,68.1,4.3,13.26,5
133,措傈,2025-04-14,5.1,3.5,9.2,6.2,2,81.6,.9,9.1,8.8
133,措傈,2025-04-15,8.8,2.8,15.6,0,2,66.9,10.4,22.95,1.4
133,措傈,2025-04-16,16,4.5,25.4,,1.8,50.9,10.8,23.98,3.3
133,措傈,2025-04-17,21.8,13.7,28.3,,2.1,54.1,9.1,20.79,3.8
133,措傈,2025-04-18,21.4,17.4,26.4,,2.6,63.5,10,22.56,.9
133,措傈,2025-04-19,20.8,15.6,27,4.2,2.4,70.5,6,16.71,8.1
133,措傈,2025-04-20,17.6,13.7,23.9,.9,1.9,78.9,4.3,15.43,6
133,措傈,2025-04-21,21.5,15.1,27.7,,2.1,62.4,8.1,23.31,6.1
133,措傈,2025-04-22,17.7,16.5,20.2,25.6,1.1,91.5,0,4.73,9.5
133,措傈,2025-04-23,17.5,13,24.6,,1.7,77.1,4.4,18.25,6.5
133,措傈,2025-04-24,15,9.7,22.6,,2.3,55.1,11,24.22,3.5
133,措傈,2025-04-25,12.7,5.8,19.5,,2.4,33.1,12.5,27.94,1.1
133,措傈,2025-04-26,14.4,4.8,23.3,,2.3,37.4,12.6,27.79,.8
133,措傈,2025-04-27,17.2,9.6,25.1,,2.3,26.9,7.6,21.61,7.4
133,措傈,2025-04-28,15.3,9,22.7,,2.5,39.6,12.7,28.33,1
133,措傈,2025-04-29,14.7,6,22.5,,2,42.5,12.5,28,0
133,措傈,2025-04-30,18.6,7.9,28.4,,1.6,40.8,12.6,28.32,0
133,措傈,2025-05-01,14.8,10.6,21.4,35.9,1.5,77,1.6,5.62,6.6
133,措傈,2025-05-02,13.6,8.1,19.8,,2.3,55.8,8.4,23.54,4.6
133,措傈,2025-05-03,10.5,8.5,14.8,22.1,1.6,83.5,.7,7.31,7.1
133,措傈,2025-05-04,14.3,6,21.4,,2.4,48.1,12.7,28.91,0
133,措傈,2025-05-05,11.9,6.2,16.3,.1,1.2,60.4,.7,7.92,7.3
133,措傈,2025-05-06,13.1,8,17.7,,1.3,66.5,2.1,12.74,4.4
133,措傈,2025-05-07,14.7,6.7,22.4,,1.5,61.9,10.6,26.59,3.1
133,措傈,2025-05-08,18.2,9.1,26.5,,1.1,55.4,10.3,25.6,6.1
133,措傈,2025-05-09,15.4,12.7,17.8,11,2.7,85.1,0,4.21,9.6
133,措傈,2025-05-10,12.6,12,16.7,4.4,2.5,90.1,0,3.1,10
133,措傈,2025-05-11,15.4,11.7,21.4,,2.7,69.1,6.5,21.57,5.9
133,措傈,2025-05-12,17.7,10.2,24.6,,2.1,59.4,13,28.78,0
133,措傈,2025-05-13,19.3,11.1,27.4,,1.5,53.5,10.3,24.9,5.8
133,措傈,2025-05-14,21,11.5,28.7,,1.3,51.8,11.4,26.39,3.4
133,措傈,2025-05-15,21.6,19,24,4.2,1.8,81.3,.4,10.29,9.5
133,措傈,2025-05-16,20.5,17.2,24.3,14.3,1.3,88.8,0,5.5,9.8
133,措傈,2025-05-17,19.4,15.9,25.6,.5,2,81.3,5.5,20.95,7.4
133,措傈,2025-05-18,16.2,12,22.5,,1.6,56.6,9,24.21,6.9
133,措傈,2025-05-19,18.8,10.8,23.7,,1.9,65.1,4.3,15.54,6.3
133,措傈,2025-05-20,25.4,20,31.5,,2,71.6,7.9,22.85,3.5
133,措傈,2025-05-21,25.5,20.9,29.8,,1.2,72.4,5.1,18.83,6.8
133,措傈,2025-05-22,21.2,18.1,23.9,.3,2,80.3,0,5.78,7.1
133,措傈,2025-05-23,19.9,17.2,24.5,0,4,43.5,2.2,15.99,9
133,措傈,2025-05-24,16,13.6,18.9,.6,2.6,60.5,0,6.85,10
133,措傈,2025-05-25,17.8,11.2,24.9,,1.7,64.9,13.4,28.92,1.5
133,措傈,2025-05-26,19.7,12,26.9,,1.6,54.1,,,3
133,措傈,2025-05-27,20.5,12.9,27,,2.1,52.6,12.8,27.79,0
133,措傈,2025-05-28,20.7,14,27.6,,1.7,56.3,11.6,25.77,1
133,措傈,2025-05-29,20.6,13.9,28,0,1.5,58.5,10.7,26.58,2.6
133,措傈,2025-05-30,20.4,14.1,26.8,,1.5,52.8,12.9,26.9,0
133,措傈,2025-05-31,20.4,13.3,26.1,,1.4,58.8,10,22.56,4.9
133,措傈,2025-06-01,22.4,14.9,29.8,,1.3,56.8,11.9,27.5,3.4
133,措傈,2025-06-02,20.4,18.1,24.4,0,1.1,65.6,0,9.34,9.9
133,措傈,2025-06-03,21.1,16.5,27.3,,2.2,53.9,11.1,26.15,3.6
133,措傈,2025-06-04,20.8,15.5,27.8,,3,48.9,13.8,30.25,.4
133,措傈,2025-06-05,21.2,13.1,27.8,,1.8,47.3,12.5,28.74,3.5
133,措傈,2025-06-06,23.7,18.1,30.1,,1.9,40.8,7.2,22.82,5.5
133,措傈,2025-06-07,24.3,16.4,31,,1.5,53.1,11.2,26.97,5
133,措傈,2025-06-08,25.5,21.5,31.5,,1.6,65.9,6.8,22.24,5.8
133,措傈,2025-06-09,25.5,20.3,31.9,,1.7,62.9,9.9,26.19,5.1
133,措傈,2025-06-10,23.6,19,29.6,,2.1,66.6,7,22.17,6.1
133,措傈,2025-06-11,23.1,16.2,30.5,,2,48.8,12,28.99,4.9
133,措傈,2025-06-12,25.1,17.5,32.6,,1.5,43.6,9.6,25.4,6.5
133,措傈,2025-06-13,21.3,18.8,26.2,39.9,1.3,73.9,0,6.7,9.5
133,措傈,2025-06-14,23.8,19.5,29.6,44.7,1.3,84.8,4.3,14.86,7.8
133,措傈,2025-06-15,26.3,20.9,32.9,37.4,1.9,73.4,10,25.84,6.8
133,措傈,2025-06-16,24.2,21.8,27.2,26.3,2.2,83.1,3.8,12.91,8
133,措傈,2025-06-17,25,20.3,30,3.6,1.8,74.6,8.4,22.57,6.6
133,措傈,2025-06-18,25.8,20.7,31.5,,2,62.8,12.1,27.49,.8
133,措傈,2025-06-19,27.2,19.9,32.5,0,1.5,63.6,7.6,19.48,6
133,措傈,2025-06-20,24.9,22.7,27.6,49.4,3.4,85.5,0,3.46,9.9
133,措傈,2025-06-21,21.1,17.9,23.6,78.3,1.7,94.9,0,2.9,10
133,措傈,2025-06-22,23.3,17.8,29,,1.5,71.1,11.6,28.48,3.6
133,措傈,2025-06-23,25.1,17.3,31.4,,1.3,65.5,13.5,29,.4
133,措傈,2025-06-24,21.9,19,27.7,19.1,1.9,76.5,.4,9.04,8.9
133,措傈,2025-06-25,21.2,19.4,22.7,1.3,1.9,84.8,0,5.3,9.3
133,措傈,2025-06-26,22.9,20,27,.1,1.4,80.6,.8,11.68,8.1
133,措傈,2025-06-27,25.3,20.6,30.8,,1.1,75.5,7.1,20.32,6.3
133,措傈,2025-06-28,27.5,23.6,32.8,0,1.2,79.1,3.8,18.57,6.3
133,措傈,2025-06-29,28.7,25.2,33.4,,1.7,71.9,10.8,27.57,2.9
133,措傈,2025-06-30,29.1,23.8,33.8,,1.6,69.8,11.7,28.75,3.6
133,措傈,2025-07-01,29,25.4,33.7,0,1.7,73.9,7.4,20.89,3.4
133,措傈,2025-07-02,29.4,25,34.2,0,1.6,71.3,8.6,21.43,6.3
133,措傈,2025-07-03,28.6,25.3,32.6,,2,69.1,9,23.25,5
133,措傈,2025-07-04,27.9,24.6,31.4,,2.2,72.1,8.3,21.32,5.9
133,措傈,2025-07-05,28.6,24.8,33.1,,2.1,71.1,9.6,25.24,4.6
133,措傈,2025-07-06,29,25.6,33.6,,2.2,72.3,8.1,22.78,6.4
133,措傈,2025-07-07,30,26.5,35.1,,1.7,74.5,8.6,24.07,4.3
133,措傈,2025-07-08,31.4,26.6,36.3,,2.4,65.9,10.7,24.86,1.1
133,措傈,2025-07-09,31,26.7,35.5,,3,48.1,13.8,28.9,.4
133,措傈,2025-07-10,29.8,24.6,34.5,,3.4,42.4,13.5,28.5,.9
133,措傈,2025-07-11,29,24.3,34.5,,3.5,44.9,13.6,28.42,.1
133,措傈,2025-07-12,28.6,22.7,34.1,,2.9,54.4,13.9,28.35,3.9
133,措傈,2025-07-13,25.3,21.5,30.4,2.3,1,78.9,2.1,9.91,8.8
133,措傈,2025-07-14,23.4,20.3,31,20.9,1.3,83.3,4,16.43,6.6
133,措傈,2025-07-15,22.9,20.3,25.5,2,1.8,84.8,.1,9.45,8.5
133,措傈,2025-07-16,22.6,21.4,24.5,66.1,1.7,90.8,0,2.54,9.8
133,措傈,2025-07-17,22,21.3,22.9,168.4,2.5,96.6,0,.55,10
133,措傈,2025-07-18,24.3,21.1,28.5,.1,1.2,90.3,.4,8.3,9.4
133,措傈,2025-07-19,24.6,22.8,28,33.5,1.9,93.1,0,4.37,8.5
133,措傈,2025-07-20,27.9,22.7,32.8,,1.2,77.3,7.1,18,6.1
133,措傈,2025-07-21,28.4,23.9,33.7,,1.5,76.1,9.1,23.59,3.5
133,措傈,2025-07-22,28.6,24.5,34.2,7.5,1.3,78,10.9,26.37,4.3
133,措傈,2025-07-23,28.9,24.3,33.8,,1.2,75,11.2,26.16,2.9
133,措傈,2025-07-24,29.9,24.9,35.1,,1.2,70.1,11.7,26.28,3.1
133,措傈,2025-07-25,30.4,24.9,35.8,,1.6,68,,28,.3
133,措傈,2025-07-26,30.6,24.9,35.3,,2.1,66.8,,26.72,1.8
133,措傈,2025-07-27,31.6,26.6,36,,2.4,61.5,,27.33,1.3
133,措傈,2025-07-28,30.9,27.1,36.1,,1.5,66.3,,20.76,1.5
133,措傈,2025-07-29,31.2,25.7,36.7,,1.5,62.6,13.3,27.88,1.1
133,措傈,2025-07-30,30.9,26.1,35.9,,2,59.6,10.5,,5.1
133,措傈,2025-07-31,29.9,26.4,34.7,0,1.5,61.9,7.1,20.88,6.4
133,措傈,2025-08-01,30.4,25.1,35.8,,1.3,64.5,12.2,26.26,4.3
133,措傈,2025-08-02,31.2,26.2,35.8,,1.2,65.3,10.2,23.37,6.5
133,措傈,2025-08-03,27.4,22.3,31.3,46.7,1.4,80.8,0,6.5,9.9
133,措傈,2025-08-04,28.4,23.4,33.3,11.4,2,81,6.2,20.96,6.6
133,措傈,2025-08-05,29.3,24.7,33.8,0,1.9,71,10.2,24.02,5.3
133,措傈,2025-08-06,28,26.1,31.1,1.9,2.1,84.3,.8,8.83,9
133,措傈,2025-08-07,27.5,23.9,32.6,,1.9,74.5,6,18.37,6
133,措傈,2025-08-08,26.1,22.4,30.8,,1.2,75,5.6,17.94,8.5
133,措傈,2025-08-09,24.3,23.1,26.3,.8,1,89.6,0,4.79,9.3
133,措傈,2025-08-10,26.2,21.4,32,,1.3,73.5,11.8,25.49,3.3
133,措傈,2025-08-11,24.3,21.8,28.2,2.3,1,86.4,.3,7.51,8.5
133,措傈,2025-08-12,24.3,20.4,29.5,.2,2.1,82.8,1.9,13.35,8.5
133,措傈,2025-08-13,26.8,23.3,31.9,5.4,1.4,86,2.2,12.9,8.5
133,措傈,2025-08-14,28.5,25.7,31.8,0,2.1,74.5,7.9,20.19,5.5
133,措傈,2025-08-15,28.9,25.4,33.7,,1.1,78.6,6,18.45,5
133,措傈,2025-08-16,28.6,25.2,33.6,,1.2,74.6,8.3,20.54,4.4
133,措傈,2025-08-17,28.2,23.3,33.5,,1.2,76.3,7.7,19.62,5.8
133,措傈,2025-08-18,29.2,25.4,33.8,,1.8,70.9,8.6,22.31,5.8
133,措傈,2025-08-19,29,25.7,33.5,0,2.1,73,8.5,21.8,4.1
133,措傈,2025-08-20,29.5,25.3,34.5,,1.7,70.9,10.4,23.7,3.3
133,措傈,2025-08-21,29.9,25.8,35,,1.3,70.3,9.1,22.13,4.1
133,措傈,2025-08-22,29.8,25.9,35,,1.2,70.1,8.2,19.96,3.8
133,措傈,2025-08-23,29.2,24.1,34.1,,1.1,73.1,9.1,20.14,3.5
133,措傈,2025-08-24,30.6,26.9,35.9,,1.6,65.3,10.6,24.06,3.9
133,措傈,2025-08-25,30.3,26.8,35.3,0,2.3,70,8.6,22.17,4.6
133,措傈,2025-08-26,26.2,23.9,29.3,36.8,2.4,87,2.6,8.08,7.4
133,措傈,2025-08-27,26.9,23,32.5,,1.2,76.9,7.1,19.29,5.4
133,措傈,2025-08-28,28.1,23.3,33.2,,1.7,72.8,8.2,20.75,5.6
133,措傈,2025-08-29,29.3,25.9,33.8,,2.1,74.4,9.7,21.97,4.4
133,措傈,2025-08-30,29.4,25.9,34.6,,1.7,72,8.8,19.09,3.8
133,措傈,2025-08-31,27.9,25,33.5,0,1.6,76.9,6.9,17.34,6.6
133,措傈,2025-09-01,26.8,24.4,33.4,7.4,2.4,82.4,5.6,16.24,7.9
133,措傈,2025-09-02,25.4,21.6,30.8,.1,1.1,79.5,5.3,14.83,5.9
133,措傈,2025-09-03,26,20.5,32.6,8.8,1.5,79.4,8.6,19.69,5.3
133,措傈,2025-09-04,26.1,23.1,31.1,.4,1.4,82.1,4,11.25,5.5
133,措傈,2025-09-05,28.1,23.1,33.6,,1.3,72.3,7.9,18.32,2.6
133,措傈,2025-09-06,28,22.6,32.4,23.3,2.4,76.3,6.5,17.12,6.4
133,措傈,2025-09-07,24.4,20.9,28.6,41.1,1.6,90.5,.4,8.67,8.1
133,措傈,2025-09-08,22.2,19.2,25.1,0,1,85.5,.1,7.38,9.1
133,措傈,2025-09-09,20.4,19.7,21.5,8.4,1.1,85.6,.1,4.39,9.5
133,措傈,2025-09-10,23.8,20.1,29.2,,1.2,78.4,5.4,16.7,4.8
133,措傈,2025-09-11,24.9,19.3,29.9,,2.4,69.6,9.3,20.72,3.5
133,措傈,2025-09-12,22.8,21.4,26.2,24.4,1.8,83.3,.1,6.24,9.6
133,措傈,2025-09-13,25.1,21.7,30.1,20.1,1.6,83,3.8,14.59,8.1
133,措傈,2025-09-14,25.3,22.7,29.5,0,1.2,78.4,1.7,12.64,8.6
133,措傈,2025-09-15,25.3,21.7,29.6,,.7,81,2.4,13.39,7.5
133,措傈,2025-09-16,25.8,23.3,31.5,65.3,1.1,88,2.7,12,8.3
133,措傈,2025-09-17,23.5,21.2,27,48.7,1.9,93.3,.3,4.35,9.5
133,措傈,2025-09-18,21.9,20.4,26.1,0,2,80.5,4.3,11.71,6.5
133,措傈,2025-09-19,20.3,18.1,23,6,2.7,77.8,0,6,9.6
133,措傈,2025-09-20,20.1,17.6,23.2,53.6,1.4,90.6,.9,7.31,7.3
133,措傈,2025-09-21,21.6,17.8,27.1,,1.6,75.3,6.6,17.25,5.8
133,措傈,2025-09-22,21.2,17.9,23.9,,3.1,66.5,2.1,12.18,8.4
133,措傈,2025-09-23,22.3,18.4,26.9,0,3,60.8,8,19.27,5.6
133,措傈,2025-09-24,22.9,18.5,27.7,11.5,1.8,81.3,1.9,8.54,8.4
133,措傈,2025-09-25,22.2,21.1,23.7,14.8,.7,96.4,0,3.67,10
133,措傈,2025-09-26,21.3,18.3,26.1,,.9,83.5,6.4,16.24,6.6
133,措傈,2025-09-27,23.1,17.7,28.8,0,1.4,78.3,7.2,16.86,6.3
133,措傈,2025-09-28,20.4,18.7,22.7,27.2,1.3,95.3,0,2.77,9.5
133,措傈,2025-09-29,19.9,16.9,24.4,0,.9,80,4.7,13.08,5.8
133,措傈,2025-09-30,19.3,15.7,25,,1,79.8,6.3,14.53,4.4
133,措傈,2025-10-01,20.3,14.8,26.8,,1,75.9,10.4,18.46,4
133,措傈,2025-10-02,20.5,16.9,25.8,0,.9,80.3,2.6,10.59,8.5
133,措傈,2025-10-03,18.5,17.8,19.4,13.7,2.1,93.6,0,4.98,10
133,措傈,2025-10-04,20.7,18.1,22.8,1.5,.5,94.6,0,6.28,8.9
133,措傈,2025-10-05,21.7,20.5,24.9,.9,.6,94.5,.1,5.82,8.8
133,措傈,2025-10-06,19.9,18.1,21.6,31.2,2.1,95.5,0,2.73,9.6
133,措傈,2025-10-07,19.9,18,21.8,12.9,1.7,95.8,0,4.02,10
133,措傈,2025-10-08,21.2,19.3,26.2,1.3,1,91.6,1.7,9.18,6.5
133,措傈,2025-10-09,21.1,18.3,25.8,,3.2,76,5.3,14.53,5.4
133,措傈,2025-10-10,21.5,18.8,26.3,,2.5,73.5,2.4,11.11,8.4
133,措傈,2025-10-11,23.1,18.4,28.1,,1.7,72.9,9.2,16.35,3.3
133,措傈,2025-10-12,20.9,18.7,23,.8,1.5,88.3,.1,3.95,10
133,措傈,2025-10-13,18.6,16.7,20.1,58.3,1.4,93.1,0,1.58,10
133,措傈,2025-10-14,18.3,16.3,21.1,5.7,1.2,88.8,0,5.48,8.1
133,措傈,2025-10-15,20.3,17.3,25.3,14.1,3.4,79.8,5.7,12.83,7.5
133,措傈,2025-10-16,19.4,17.3,22.3,30.6,1.3,88.8,0,6.6,7
133,措傈,2025-10-17,19.8,15.5,25.1,20.9,2.5,81.8,6.1,13.48,6.4
133,措傈,2025-10-18,16.6,14.1,18.5,19.3,1.4,92.3,0,3.84,9.8
133,措傈,2025-10-19,16.3,10.7,22.3,,1.6,79,4.5,12.11,6.5
133,措傈,2025-10-20,11.5,6.3,16.9,,1.7,71.8,9.7,15.82,4.3
133,措傈,2025-10-21,11.3,8.6,15.9,,1.5,73.3,.5,8.55,7.9
133,措傈,2025-10-22,13.4,7.1,19.9,,1.5,78,6.3,13.02,2.6
133,措傈,2025-10-23,15.8,10.6,22.4,,1.4,76.6,9.6,16.01,2.9
133,措傈,2025-10-24,15.7,10.8,21.3,,2.3,76.4,8.7,15.11,3.4
133,措傈,2025-10-25,14.3,11.1,19.9,,1.2,77.1,2.4,8.64,7.3
133,措傈,2025-10-26,13.2,10.9,18.1,0,1.3,74.9,1.3,6.94,8.6
133,措傈,2025-10-27,9.5,6.3,13.6,,2.7,53.4,9.9,16.69,1.4
133,措傈,2025-10-28,8.5,3.4,14.7,,1.5,63.3,10,16.04,0
133,措傈,2025-10-29,9.6,3.2,17.8,,1.4,67.5,9.7,15.18,0
133,措傈,2025-10-30,10.2,4.1,17,,1,75.3,6.6,10.51,4.5
133,措傈,2025-10-31,12.6,7.1,20.8,0,1.2,75.9,7.5,13.6,4.8
133,措傈,2025-11-01,13.6,10.3,18.2,.6,2.3,69,7.6,12.23,5.3
133,措傈,2025-11-02,9.4,4.4,14.2,2.1,2.7,65.3,6.7,11.74,2.4
133,措傈,2025-11-03,7,0,14.7,,1.3,64.6,9.7,14.94,1
133,措傈,2025-11-04,10.5,4.4,18.2,,1,72.6,8,12.72,1.4
133,措傈,2025-11-05,10.4,4.9,18.5,,.8,78.1,7.3,11.83,2.6
133,措傈,2025-11-06,11.3,5,20.3,,.9,79.4,6.4,11.62,2.5
133,措傈,2025-11-07,13.3,7.6,21.3,,1,73.6,6.3,12.37,2.4
133,措傈,2025-11-08,13.7,8.6,18.7,.4,1.4,77.8,.4,5.85,7.8
133,措傈,2025-11-09,13.7,10.2,19.5,0,1.8,66.3,6.8,11.73,2.3
133,措傈,2025-11-10,8.9,3.5,15,,2.4,42,9.6,14.54,1
133,措傈,2025-11-11,8.2,2.4,15.6,,1.3,58.8,8,13.01,3.8
133,措傈,2025-11-12,8.8,2.7,15.6,,.9,70.6,6.6,10.95,3.8
133,措傈,2025-11-13,9.3,2.8,18.4,,1.2,70,8.1,11.2,.4
133,措傈,2025-11-14,8.5,2.3,16.2,,1.4,66,9.2,13.49,0
133,措傈,2025-11-15,8.8,3,17.2,,.9,63,8.9,12.81,2.1
133,措傈,2025-11-16,11.2,3.9,20.4,.9,1.3,64.5,7.3,10.92,4.9
133,措傈,2025-11-17,5.6,2.6,11.6,,2.9,52.8,8.3,11.08,5.8
133,措傈,2025-11-18,3,-1.9,8.2,,2.1,52.5,8.6,12.55,4
133,措傈,2025-11-19,4.4,.5,9.6,,1.5,55.3,8.8,12.33,1.6
133,措傈,2025-11-20,8.5,.8,15,,1.7,61.9,5.3,10.38,4.9
133,措傈,2025-11-21,7,1.4,13.2,,1.7,56.1,9,12.73,1.1
133,措傈,2025-11-22,7.6,1.7,15.6,,1.1,67.8,8.4,11.7,1.5
133,措傈,2025-11-23,8.8,2.9,15.6,,1,71.6,3.8,8.33,6.6
133,措傈,2025-11-24,12,7.2,18.4,,1.4,72.4,6.5,9.68,2.5
133,措傈,2025-11-25,8,6.6,10.7,7,2.3,75.9,2.1,5.32,8.5
133,措傈,2025-11-26,7.2,2.9,12.6,,1.4,64,8.4,11.95,2.6
133,措傈,2025-11-27,5.2,1.2,8.8,6.1,2.2,76.5,.8,3.41,7.3
133,措傈,2025-11-28,3.7,-.4,9,,1.7,50,8.8,12.08,.8
133,措傈,2025-11-29,6.6,-2.5,15.5,,1.4,62.9,8.5,11.34,1.6
133,措傈,2025-11-30,13.9,9.3,18.4,,1.9,70.4,7.9,10.41,2
133,措傈,2025-12-01,7.9,2.5,13.2,,2.3,49.9,8.6,11.82,1.6
133,措傈,2025-12-02,2.2,-1.6,7.2,,2.2,43.9,8.2,10.51,4.6
133,措傈,2025-12-03,-3.2,-6.5,1,0,2.6,49.4,8.4,11.18,3.8
133,措傈,2025-12-04,-1.6,-8.2,4.1,1.1,1.8,61.1,8.7,11.56,1.6
133,措傈,2025-12-05,-1.1,-5.6,4.8,,1.5,54.3,8.7,11.12,.1
133,措傈,2025-12-06,4.3,-5.3,10.8,,1.4,64,5.6,8.93,3.5
133,措傈,2025-12-07,10.4,4.6,14.1,,1.9,74.3,5.1,7.25,4.9
133,措傈,2025-12-08,4.9,-.7,9.8,,2.3,33.8,8.6,11.61,1.4
133,措傈,2025-12-09,2.2,-3.4,9.2,,1.2,58.3,8.7,11.3,.9
133,措傈,2025-12-10,5.1,-.7,12.5,,.9,66.5,6.6,9.17,5.4
133,措傈,2025-12-11,5,-1.3,11.2,6.9,1.9,71.9,2.5,5.01,4.9
133,措傈,2025-12-12,3.1,-3.7,10.2,,2,58.8,8.4,10.72,1.5
133,措傈,2025-12-13,3.6,1.3,7.1,10,2,82.4,0,2.58,9
133,措傈,2025-12-14,1.1,-.6,3.9,0,1.4,78,.3,3.63,7.3
133,措傈,2025-12-15,1.8,-2.4,7,,1,77.9,1.6,6.82,4.8
133,措傈,2025-12-16,5.7,1.1,9.5,,.8,79.1,0,2.91,7.4
133,措傈,2025-12-17,5.2,0,9.9,,1.8,68.4,5.9,8.74,2.9
133,措傈,2025-12-18,2.4,-2.7,9.9,,1.1,62.8,8.5,10.85,0
133,措傈,2025-12-19,4.7,-1.9,13.1,,.8,68.4,2.5,6.47,3.8
133,措傈,2025-12-20,7.7,3.8,12.5,2.8,1.4,82.3,0,2.04,9.1
133,措傈,2025-12-21,-.1,-3.3,4.9,,2.7,45,7.2,9.96,2.6
133,措傈,2025-12-22,-.5,-6.4,7.6,,1,55.6,8.1,10.9,.3
133,措傈,2025-12-23,1.7,-3.2,5.8,10.9,.9,76.9,0,2.72,7.3
133,措傈,2025-12-24,2.6,-.3,4,3.1,1.6,88.4,0,1.95,8.5
133,措傈,2025-12-25,-1.7,-6.1,3,,3.3,63.8,5.5,8.14,5.3
133,措傈,2025-12-26,-6.2,-9.7,-1.2,0,2.7,41.9,8.6,11.52,0
133,措傈,2025-12-27,-2.2,-8.3,2.1,.1,1.1,69.3,2.1,5.23,6.9
133,措傈,2025-12-28,3.6,-.8,9.6,,1,77.5,2.5,6.69,6.8
133,措傈,2025-12-29,5.3,1,11.5,1,1.6,79.4,2.6,5.33,4.3
133,措傈,2025-12-30,.4,-2.9,5.8,,1.7,46.9,8.7,11.4,.4
133,措傈,2025-12-31,-3.4,-7.3,.4,,2.7,44.8,8.5,11.68,1.9
133,措傈,2026-01-01,-6.2,-10.6,-.7,,2.3,42,6.7,9.16,2.6
226,焊篮,2016-01-01,-1.5,-7.7,6.7,,.6,79,3.4,,
226,焊篮,2016-01-02,3.7,-1.7,13.1,,.7,75.4,6.5,,
226,焊篮,2016-01-03,4.7,-.5,13.8,,.7,78.4,6.3,,
226,焊篮,2016-01-04,3.7,-3.3,8.6,,2,56.6,6.3,,
226,焊篮,2016-01-05,-1.6,-6,3,,1.5,44.8,4.4,,
226,焊篮,2016-01-06,-1.7,-8.8,4.7,,1.6,61.4,4.7,,
226,焊篮,2016-01-07,-1.5,-5.8,2.6,,2.5,55,6,,
226,焊篮,2016-01-08,-2.5,-6.5,2.8,,1.7,58.5,7.1,,
226,焊篮,2016-01-09,.1,-5.6,4.9,,1.5,57.9,4.2,,
226,焊篮,2016-01-10,-.7,-4.7,4.3,,1.2,63.4,.4,,
226,焊篮,2016-01-11,-3.6,-8.4,3,,1.3,52.3,7.8,,
226,焊篮,2016-01-12,-5.1,-11.2,2,,1.4,57.6,7.8,,
226,焊篮,2016-01-13,-2.4,-7.6,1.9,0,1.5,73,3.5,,
226,焊篮,2016-01-14,-3.4,-8.7,2.4,0,1.5,55.4,7.4,,
226,焊篮,2016-01-15,-2.6,-8.7,5.7,,.6,70.6,5.4,,
226,焊篮,2016-01-16,-1.8,-8.1,7.5,,.6,70.8,4.9,,
226,焊篮,2016-01-17,.1,-3.9,5.2,4.5,.6,84.1,0,,
226,焊篮,2016-01-18,-4.2,-10.3,.9,2,3.1,77.1,1.5,,
226,焊篮,2016-01-19,-10,-12.3,-7.2,0,4.3,62.1,6.1,,
226,焊篮,2016-01-20,-11,-16.4,-6.2,,1.2,65.5,5.8,,
226,焊篮,2016-01-21,-8.4,-13.7,-2,,1.2,61,4.6,,
226,焊篮,2016-01-22,-8,-15.8,-.8,,1.1,56,6.8,,
226,焊篮,2016-01-23,-9,-12.7,-5.9,,3.4,47.1,6.1,,
226,焊篮,2016-01-24,-13.6,-18.2,-9.9,0,2.5,57.4,7.4,,
226,焊篮,2016-01-25,-9.4,-16.8,-3.3,,1.5,65.6,7.5,,
226,焊篮,2016-01-26,-3.8,-7.7,1.9,0,.9,75.5,1.4,,
226,焊篮,2016-01-27,-3.2,-9.4,5.1,,.9,70.5,8.3,,
226,焊篮,2016-01-28,-2,-8.7,2.2,.2,.8,69.4,0,,
226,焊篮,2016-01-29,1.5,-.8,4.2,2.5,.8,82.3,0,,
226,焊篮,2016-01-30,2.1,-2.7,7.5,.5,.8,81.1,3.4,,
226,焊篮,2016-01-31,-2.7,-5.7,1.6,,1.9,58.3,7.8,,
226,焊篮,2016-02-01,-5.3,-9.9,.2,,2,51.5,9,,
226,焊篮,2016-02-02,-6.4,-13.3,1.7,,1,56.5,8.8,,
226,焊篮,2016-02-03,-5.1,-12.9,3.6,,1,64,8.7,,
226,焊篮,2016-02-04,-2.2,-9.3,4.6,,1.6,55.8,6,,
226,焊篮,2016-02-05,-2.8,-9.9,3.8,,1.8,50.5,8.8,,
226,焊篮,2016-02-06,-3.6,-9,2.4,,1.8,50.6,8.7,,
226,焊篮,2016-02-07,-5.3,-13.3,4.2,,.9,55,9,,
226,焊篮,2016-02-08,.8,-9.1,7.6,,2,53.6,7,,
226,焊篮,2016-02-09,.8,-4.9,6.6,,3.3,44.9,9.3,,
226,焊篮,2016-02-10,.4,-8.4,12.2,,.8,52.3,9.3,,
226,焊篮,2016-02-11,4.9,-5.7,12.1,0,2.1,48.5,3.3,,
226,焊篮,2016-02-12,9.2,7.3,11,15,2.7,85.6,0,,
226,焊篮,2016-02-13,10.7,6.1,16.7,6,1.7,93.8,.6,,
226,焊篮,2016-02-14,-.9,-4.9,10.2,1,4,73,.3,,
226,焊篮,2016-02-15,-4.6,-7.8,-1.4,0,3.5,57.3,7.4,,
226,焊篮,2016-02-16,-1.3,-4.5,2.8,.5,1.9,70.6,1.3,,
226,焊篮,2016-02-17,-.9,-8,5.6,,1.5,57.6,9.3,,
226,焊篮,2016-02-18,1,-5.8,9.2,,.9,65,5.7,,
226,焊篮,2016-02-19,2.1,-3.4,5.3,,.7,62.9,.5,,
226,焊篮,2016-02-20,1.9,-2.8,8.2,,2.2,50.3,7.6,,
226,焊篮,2016-02-21,-.8,-7.3,4.9,,2.2,41.3,8.9,,
226,焊篮,2016-02-22,1.4,-3,6.7,,.7,44,2,,
226,焊篮,2016-02-23,1.5,-4.1,6.9,.1,2.6,50.1,4.5,,
226,焊篮,2016-02-24,-2.7,-8.6,3.5,,1.9,49.5,9.1,,
226,焊篮,2016-02-25,-1.5,-8.6,5.3,,1.4,57.3,7.8,,
226,焊篮,2016-02-26,1.3,-2.2,4.9,3.5,.9,87,0,,
226,焊篮,2016-02-27,3.7,.5,9.7,4.5,1.3,70.4,7.5,,
226,焊篮,2016-02-28,1.2,-2.4,5.5,9,.8,85.3,0,,
226,焊篮,2016-02-29,-4,-8.2,-.9,.2,1.9,69.4,3.3,,
226,焊篮,2016-03-01,-4.1,-11.7,2.7,,1.5,63.3,10.1,,
226,焊篮,2016-03-02,1.1,-6.7,10,,1,63.5,9.7,,
226,焊篮,2016-03-03,4.6,-4,16,,.6,68.5,7.1,,
226,焊篮,2016-03-04,7.8,.2,13.3,5,1.1,81,.3,,
226,焊篮,2016-03-05,11.7,6.5,14.6,35,2.6,89.3,1.4,,
226,焊篮,2016-03-06,9.6,3.4,14.9,.5,1.4,69.4,6.6,,
226,焊篮,2016-03-07,7.7,.9,15.5,,1.2,64.9,3,,
226,焊篮,2016-03-08,4.1,1.3,7.6,,2.1,45.9,0,,
226,焊篮,2016-03-09,2.1,-.7,8.6,,2.8,43,8.1,,
226,焊篮,2016-03-10,-.2,-3.7,4.9,,2.7,40.6,9.9,,
226,焊篮,2016-03-11,-.8,-6.6,5.5,,1.8,48.3,10.6,,
226,焊篮,2016-03-12,.6,-7.5,9,,.9,53.6,9.9,,
226,焊篮,2016-03-13,2.2,-1.7,8,,.8,59.5,.4,,
226,焊篮,2016-03-14,2.6,-2.3,9,,1.5,64.1,4.1,,
226,焊篮,2016-03-15,4.3,-6,13.5,,.9,50.6,8.6,,
226,焊篮,2016-03-16,7.5,1.2,16.5,,1.4,41,8.6,,
226,焊篮,2016-03-17,8.3,-3.5,19.5,,1,43.6,8.3,,
226,焊篮,2016-03-18,9.5,6.3,13.7,5,.6,85.4,.4,,
226,焊篮,2016-03-19,9.1,3.8,17.8,,.9,70.9,7.3,,
226,焊篮,2016-03-20,7.8,-.1,15.9,,1.4,65.9,7.2,,
226,焊篮,2016-03-21,7.9,-.5,17.3,,1.1,59.4,10.3,,
226,焊篮,2016-03-22,8.2,-1.7,17.5,,1.5,50.1,9.9,,
226,焊篮,2016-03-23,7,.9,13.6,,1.9,48,8.6,,
226,焊篮,2016-03-24,5.7,-1.5,13,,1.3,48.9,8.8,,
226,焊篮,2016-03-25,5.4,-.8,12.8,,1.2,52.9,4.1,,
226,焊篮,2016-03-26,5.1,-3.4,12.9,,1.3,47.8,10.6,,
226,焊篮,2016-03-27,5.5,-3.4,14.5,,1.8,45.4,11,,
226,焊篮,2016-03-28,7.2,-3.9,17.6,,1.1,40.5,11.2,,
226,焊篮,2016-03-29,10.1,.7,19.8,,1.5,52.5,5.5,,
226,焊篮,2016-03-30,12.5,5.5,20.6,,1.8,47.1,10.6,,
226,焊篮,2016-03-31,10.4,.1,21.4,,.9,40,6.4,,
226,焊篮,2016-04-01,13.1,.5,25.6,,1.1,37,10.5,,
226,焊篮,2016-04-02,14.5,2.5,24.2,,1.6,39,10.4,,
226,焊篮,2016-04-03,11.8,7.1,17.4,4,1,68.1,.4,,
226,焊篮,2016-04-04,11.1,8.2,16.2,.5,1.7,77.3,3.3,,
226,焊篮,2016-04-05,11,1.5,20.4,,1.5,47.9,10.8,,
226,焊篮,2016-04-06,11.9,1.9,22.3,6,1.8,49.3,5.2,,
226,焊篮,2016-04-07,11.8,7.4,18.3,21.5,1.3,78.1,2.8,,
226,焊篮,2016-04-08,12.8,4,22.3,,1.3,65.3,9,,
226,焊篮,2016-04-09,14.8,6.4,23.9,,1.4,63.8,7.2,,
226,焊篮,2016-04-10,16.5,10.5,24.9,0,1.6,54.8,8,,
226,焊篮,2016-04-11,10.9,7.7,16.5,,2.9,53.4,7.9,,
226,焊篮,2016-04-12,11.5,4.6,19.1,,2,50.8,6.9,,
226,焊篮,2016-04-13,12.5,8.8,17,25,.7,92.9,.6,,
226,焊篮,2016-04-14,14.7,7.3,20.8,,1.7,65.8,8,,
226,焊篮,2016-04-15,13.1,3,23.5,,1.3,60,11.6,,
226,焊篮,2016-04-16,13.5,5.5,20.2,18,2.5,70,2.7,,
226,焊篮,2016-04-17,12.2,9.6,15.9,17,4.2,51.3,6.7,,
226,焊篮,2016-04-18,11.4,3.7,19,3,2.2,57.1,8.9,,
226,焊篮,2016-04-19,11.3,6.2,19.2,,1.5,55.9,9.7,,
226,焊篮,2016-04-20,12,3.7,18.9,.2,.6,60.4,1,,
226,焊篮,2016-04-21,13,9.6,16.3,37,.8,90.6,0,,
226,焊篮,2016-04-22,17.9,12.9,25.5,,2,62.6,8.9,,
226,焊篮,2016-04-23,14.2,8,22,,1.3,50.8,2.9,,
226,焊篮,2016-04-24,13,3.5,23.2,,1.2,44.5,10.7,,
226,焊篮,2016-04-25,15.6,4.7,26.7,,1.2,49.8,11.6,,
226,焊篮,2016-04-26,18.4,7.1,27.6,,1.7,45.6,8.9,,
226,焊篮,2016-04-27,11.9,10.1,17.8,16.5,1.5,77.6,0,,
226,焊篮,2016-04-28,14,9.2,19.9,.5,1,68,4,,
226,焊篮,2016-04-29,14.2,7.8,22.6,0,1.4,53.8,9,,
226,焊篮,2016-04-30,14.8,5.1,24.9,,1.4,58.1,10.4,,
226,焊篮,2016-05-01,17.2,7.4,27.8,,1.1,54.3,9.5,,
226,焊篮,2016-05-02,18.5,8.8,28.2,4,1.8,62.1,8.4,,
226,焊篮,2016-05-03,14.3,9.7,18.3,27.5,3.8,79.4,0,,
226,焊篮,2016-05-04,16.7,11.8,22.6,,4.2,34,12.4,,
226,焊篮,2016-05-05,17.9,5.6,27.6,,1.4,43.3,10.7,,
226,焊篮,2016-05-06,18.7,12.7,25.9,0,1.8,64.1,1.4,,
226,焊篮,2016-05-07,15.7,9.9,23.5,,2.1,53.1,10.7,,
226,焊篮,2016-05-08,17.1,6.2,26.5,,1.4,53.9,10.2,,
226,焊篮,2016-05-09,18.8,11.7,25.5,,1.1,50.8,2.5,,
226,焊篮,2016-05-10,13.5,11.9,17.4,22,.9,86,0,,
226,焊篮,2016-05-11,16.1,11,22.9,2.5,1.2,72,11,,
226,焊篮,2016-05-12,17.7,10.5,26.3,,1.4,66,9.8,,
226,焊篮,2016-05-13,16.8,13.6,22.8,,1.8,60.8,5.7,,
226,焊篮,2016-05-14,17.5,8.1,25.2,,1.8,54.5,11.4,,
226,焊篮,2016-05-15,18.7,11.6,26,9,2.6,69,6.6,,
226,焊篮,2016-05-16,14.1,7.9,21.8,5,2.6,58.3,10.1,,
226,焊篮,2016-05-17,17,6.2,27.2,,1.2,58.3,12.5,,
226,焊篮,2016-05-18,19.5,8.8,30,,1,53.9,12.4,,
226,焊篮,2016-05-19,20,10.4,30.3,,1.1,49.8,12.6,,
226,焊篮,2016-05-20,20,9.1,29.6,,1.5,43.6,12,,
226,焊篮,2016-05-21,19.5,9,27.7,,1.6,43,11.8,,
226,焊篮,2016-05-22,18.8,8.8,28.6,,1.5,49.3,12.3,,
226,焊篮,2016-05-23,20.2,9.6,29.2,,1.1,49.8,10.4,,
226,焊篮,2016-05-24,16.9,14.3,19.8,18.5,.9,85.1,.8,,
226,焊篮,2016-05-25,17.5,11.8,25.4,,.9,77.5,8.1,,
226,焊篮,2016-05-26,19.4,13.3,25.9,,1.2,75.8,4.9,,
226,焊篮,2016-05-27,21.4,15.3,28.5,,1,58.5,6.9,,
226,焊篮,2016-05-28,20,15.1,27.4,,.9,61.1,8.1,,
226,焊篮,2016-05-29,19.3,14,26.4,0,1.3,61,6.1,,
226,焊篮,2016-05-30,20.5,10.8,28.9,,1.2,59.9,12.2,,
226,焊篮,2016-05-31,21.1,13,28.5,,1.3,57.9,11.4,,
226,焊篮,2016-06-01,21,15.9,26.6,,1.9,47.6,12.3,,
226,焊篮,2016-06-02,20.3,9.9,29.1,,1.2,50.1,11.5,,
226,焊篮,2016-06-03,21.1,13.1,29.3,,1,57.9,10.1,,
226,焊篮,2016-06-04,18.7,14.8,22.9,.1,.8,71.1,0,,
226,焊篮,2016-06-05,21.3,12.6,29,,1.5,55.5,11.4,,
226,焊篮,2016-06-06,18.3,16.1,20.9,.5,1.5,73.5,0,,
226,焊篮,2016-06-07,20.7,17.1,26.9,2,.8,74.3,1.9,,
226,焊篮,2016-06-08,21.2,17.6,27.2,,1.1,67.3,3.9,,
226,焊篮,2016-06-09,22.3,15.1,29.9,,.9,62.9,9.1,,
226,焊篮,2016-06-10,24,16.3,31.2,,1.2,63.4,10.2,,
226,焊篮,2016-06-11,24.6,20.3,30.2,0,1.4,65.1,5.5,,
226,焊篮,2016-06-12,23.7,20.5,27,1.5,.8,79.5,.1,,
226,焊篮,2016-06-13,23.3,19.2,29.6,,1.1,69,10.2,,
226,焊篮,2016-06-14,23,16.7,30.1,0,1.3,68.8,5.4,,
226,焊篮,2016-06-15,20.9,19.1,24.7,4.5,1.4,84.4,.4,,
226,焊篮,2016-06-16,21.2,18.9,25.6,.5,1.7,72.9,2.9,,
226,焊篮,2016-06-17,22.1,14.9,30,,1.2,64.3,11.4,,
226,焊篮,2016-06-18,23.4,15.4,31.9,,1,64.3,9.6,,
226,焊篮,2016-06-19,24,18.3,30.5,,1.3,60.9,9.7,,
226,焊篮,2016-06-20,23,16.7,30.1,.5,1.1,69.1,5,,
226,焊篮,2016-06-21,24.4,18.7,30.6,.1,1.6,69.1,7.5,,
226,焊篮,2016-06-22,23.8,19.5,29.1,.1,1.8,72.4,3.1,,
226,焊篮,2016-06-23,25.4,17.9,32.3,,1.5,62,9.6,,
226,焊篮,2016-06-24,21.6,19.4,24.3,36,1.4,86,0,,
226,焊篮,2016-06-25,21.9,17.5,27.3,,2.1,62,8.8,,
226,焊篮,2016-06-26,21.9,14.7,30,,1.1,67,10.5,,
226,焊篮,2016-06-27,22.1,15.7,28.4,,.6,72.8,4,,
226,焊篮,2016-06-28,22.5,15.8,28.7,,1.4,67,6.9,,
226,焊篮,2016-06-29,23.1,17.8,27.5,,1.4,66.5,2.7,,
226,焊篮,2016-06-30,24.5,20.9,29.8,3,.8,76.5,3.8,,
226,焊篮,2016-07-01,23.9,22.3,28.7,56,1.7,86.5,.8,,
226,焊篮,2016-07-02,23.7,21.9,28,26,1.3,83,1.1,,
226,焊篮,2016-07-03,21.6,19.5,24.4,15.5,.6,85.9,0,,
226,焊篮,2016-07-04,20.5,19.2,22.6,196.5,.8,99.3,0,,
226,焊篮,2016-07-05,25.4,20.5,30.9,36,1.9,82.6,1.8,,
226,焊篮,2016-07-06,23.5,22,27,60.5,1.2,95.3,.4,,
226,焊篮,2016-07-07,25.4,22,29.8,1,.9,81.6,3.9,,
226,焊篮,2016-07-08,25.5,20.8,32.3,.2,1,76,10.1,,
226,焊篮,2016-07-09,25.7,19.6,33.1,,.7,72.6,9.5,,
226,焊篮,2016-07-10,25.2,19.3,32,,.4,75.8,6.6,,
226,焊篮,2016-07-11,25,21.2,31.5,8,1,79.8,3.3,,
226,焊篮,2016-07-12,24.3,21.7,28,1.5,.6,85.6,1,,
226,焊篮,2016-07-13,24.7,20.3,29.9,,1,77.6,4.8,,
226,焊篮,2016-07-14,23.3,19,29.8,,.8,79.9,2.2,,
226,焊篮,2016-07-15,23.9,18.9,29.2,,1.6,68.6,3.6,,
226,焊篮,2016-07-16,20.7,19.4,22.8,31.5,2.4,90.3,0,,
226,焊篮,2016-07-17,22.6,20.2,27.2,.5,1.4,79.4,1,,
226,焊篮,2016-07-18,22.6,19.1,28,,.9,78.5,2.1,,
226,焊篮,2016-07-19,24.8,17.4,31.7,,1.3,72.8,9.8,,
226,焊篮,2016-07-20,24.7,20.3,29.1,,1.8,72.3,9.3,,
226,焊篮,2016-07-21,23.8,19.3,29.2,,1.6,75.3,8.6,,
226,焊篮,2016-07-22,25.3,19.7,30.9,,1.7,71.3,12.2,,
226,焊篮,2016-07-23,26.7,22.3,32.1,,1.4,71.4,11,,
226,焊篮,2016-07-24,27.7,23.2,32.7,,.8,76.1,4,,
226,焊篮,2016-07-25,27.6,24.5,32.9,,.9,80,5,,
226,焊篮,2016-07-26,27,21.7,33.5,,1,74.8,8.2,,
226,焊篮,2016-07-27,27,21.6,31.7,,1,76.4,2.3,,
226,焊篮,2016-07-28,27.3,21.4,32.5,.2,1.3,71.1,8,,
226,焊篮,2016-07-29,26.1,20.6,31,1.5,1,79.5,2.8,,
226,焊篮,2016-07-30,26.5,23.6,32.2,60,.9,87,4.1,,
226,焊篮,2016-07-31,27.4,23.3,33.4,,1.1,80,7.7,,
226,焊篮,2016-08-01,27.1,22.8,32.2,,1,77.9,6.6,,
226,焊篮,2016-08-02,26.1,23.2,29.9,0,.9,80.4,.3,,
226,焊篮,2016-08-03,25.5,22,32.7,2.5,.9,80.3,7,,
226,焊篮,2016-08-04,26.7,21.7,33,,1.1,78.6,10,,
226,焊篮,2016-08-05,27.4,22.2,34.4,,.8,73.6,10.8,,
226,焊篮,2016-08-06,27.9,21.6,35,,.8,71.5,11.3,,
226,焊篮,2016-08-07,28.1,22.8,34.3,,1.1,73.5,10,,
226,焊篮,2016-08-08,27.9,23.1,34.4,,1.2,70.8,9.9,,
226,焊篮,2016-08-09,27.4,22.3,33.7,,1.2,73.8,9.3,,
226,焊篮,2016-08-10,28,23.5,33.8,,1,73.5,8.8,,
226,焊篮,2016-08-11,28.1,21.5,35.1,,1.1,69.3,12,,
226,焊篮,2016-08-12,28.3,22.6,35.3,,1,67.9,11.8,,
226,焊篮,2016-08-13,27.7,21.4,34.7,,1.2,69.6,11.8,,
226,焊篮,2016-08-14,27.6,22.4,33.6,,1.3,73.1,6.8,,
226,焊篮,2016-08-15,27.6,22.7,34.3,,1,68.5,7,,
226,焊篮,2016-08-16,28,23.5,33.8,,1,64.3,6.9,,
226,焊篮,2016-08-17,27.5,21.3,34,,1.2,64.4,10.9,,
226,焊篮,2016-08-18,27.8,22.3,34.2,,1.2,66.3,6.8,,
226,焊篮,2016-08-19,28,22.2,35.6,,1.2,62.1,9.6,,
226,焊篮,2016-08-20,28.6,22.8,34.6,,1.8,53.8,11.5,,
226,焊篮,2016-08-21,27.1,20,34.3,,1.1,56.3,8.7,,
226,焊篮,2016-08-22,27.7,19.8,34.7,,1.1,60.5,10.3,,
226,焊篮,2016-08-23,27.8,22.7,33.1,,1.8,59.3,8.7,,
226,焊篮,2016-08-24,27.5,21.6,34.9,,1.3,48.5,10.1,,
226,焊篮,2016-08-25,26.5,18.6,34.9,0,1.1,62,8,,
226,焊篮,2016-08-26,20.1,16.8,25.1,11.5,1.4,83.5,0,,
226,焊篮,2016-08-27,20.9,15,26.5,0,1.6,59.1,4.7,,
226,焊篮,2016-08-28,19.1,17.1,23.3,1.5,1.8,76.9,.3,,
226,焊篮,2016-08-29,19.4,15.1,25.6,.5,2.2,65.8,6.6,,
226,焊篮,2016-08-30,18.1,13.1,22,9,1.6,79.8,2.1,,
226,焊篮,2016-08-31,19.6,16.1,23.6,28,2.9,73.4,0,,
226,焊篮,2016-09-01,24,18.2,30.7,.2,2.4,66,7.4,,
226,焊篮,2016-09-02,20.4,19.2,22.7,12,1.9,82.5,.3,,
226,焊篮,2016-09-03,22.6,19.1,27.9,,1.5,80,6.2,,
226,焊篮,2016-09-04,24.8,20.8,30.5,.1,1.1,79.6,2.2,,
226,焊篮,2016-09-05,23.6,19.9,30.7,.5,.9,83.9,4.6,,
226,焊篮,2016-09-06,22.4,18.2,27.4,,.6,81.5,2.9,,
226,焊篮,2016-09-07,21.9,18.1,27.4,.5,.8,81.8,.4,,
226,焊篮,2016-09-08,21.9,16.8,29.2,0,1,78.3,5.4,,
226,焊篮,2016-09-09,22.4,18.6,28.9,,.9,76.6,6.4,,
226,焊篮,2016-09-10,21.4,15.5,28.2,,1.3,77.4,5.4,,
226,焊篮,2016-09-11,22.5,18.2,27.9,,1.3,75.5,4.7,,
226,焊篮,2016-09-12,21.1,17.1,26.4,1,1.3,79.5,3.8,,
226,焊篮,2016-09-13,21,15,29.1,,.9,75.8,8.8,,
226,焊篮,2016-09-14,22.1,16.6,28.7,,.9,76.3,5.3,,
226,焊篮,2016-09-15,21.5,16.2,28.8,,.6,76.1,6.3,,
226,焊篮,2016-09-16,20.7,18.1,25,3.5,.7,85.1,0,,
226,焊篮,2016-09-17,19.4,18.6,20.5,91.5,.8,99.1,0,,
226,焊篮,2016-09-18,18.2,17.1,19.4,13.5,1.1,94.8,0,,
226,焊篮,2016-09-19,19.1,15.4,23.8,,1.2,71.9,1,,
226,焊篮,2016-09-20,16.4,10.3,24.8,,.9,71.6,8.6,,
226,焊篮,2016-09-21,16,8.6,23.3,,1,74.3,6.4,,
226,焊篮,2016-09-22,17.8,13.8,24.5,,1.1,77.8,5.1,,
226,焊篮,2016-09-23,18.3,11.9,26.9,,.7,77.5,7.7,,
226,焊篮,2016-09-24,19.5,13.4,28,,.8,76.3,10.1,,
226,焊篮,2016-09-25,18.7,13.7,24.8,,.7,85.4,1.6,,
226,焊篮,2016-09-26,19.8,15.2,25.5,,.8,82.3,1.4,,
226,焊篮,2016-09-27,21.5,19.1,26.6,23.5,1,91.3,1,,
226,焊篮,2016-09-28,21.6,16.9,27.1,.1,1.1,79.3,5.7,,
226,焊篮,2016-09-29,18.2,15.8,20.5,.5,1.7,73.5,0,,
226,焊篮,2016-09-30,15.7,14.6,16.9,2.5,.7,94.5,0,,
226,焊篮,2016-10-01,17.2,14.4,21.2,.5,1,91.3,.1,,
226,焊篮,2016-10-02,20,16,23.5,2,1.8,82.9,.7,,
226,焊篮,2016-10-03,21.6,17.1,27.7,6.5,1,92,1.6,,
226,焊篮,2016-10-04,20.3,16.1,26.2,,1.9,76,7.5,,
226,焊篮,2016-10-05,17.8,14.4,21.5,32,1.4,91.5,.3,,
226,焊篮,2016-10-06,17,12.6,23.7,,.9,80.9,9.6,,
226,焊篮,2016-10-07,17.5,12.3,22.3,22.6,1.8,81.5,3.5,,
226,焊篮,2016-10-08,16.3,13.5,21.4,32,1.7,75,3.8,,
226,焊篮,2016-10-09,10.6,5.5,17,,1.7,62.9,9.8,,
226,焊篮,2016-10-10,11.3,5.6,19,,.8,79,4.8,,
226,焊篮,2016-10-11,12.6,7.9,20.8,,.8,80.6,5.5,,
226,焊篮,2016-10-12,12.8,8.5,20.8,,.7,77.8,6.4,,
226,焊篮,2016-10-13,12.3,7.9,20.3,,.6,75.6,3.9,,
226,焊篮,2016-10-14,12.8,5,23.4,,.5,78,9.5,,
226,焊篮,2016-10-15,14.4,7.3,24.8,,.8,78.6,6.6,,
226,焊篮,2016-10-16,15.1,11.6,19.5,8.5,1,90.6,.1,,
226,焊篮,2016-10-17,16.2,11.2,23.2,.5,1.1,86.1,7.1,,
226,焊篮,2016-10-18,14.4,10.6,22.2,,.7,92.3,4.3,,
226,焊篮,2016-10-19,14.8,10.6,23.3,,.7,86.3,5.2,,
226,焊篮,2016-10-20,15.2,8.8,23.5,,1.3,79.9,2.3,,
226,焊篮,2016-10-21,15.6,14.6,17.2,0,2.1,69,0,,
226,焊篮,2016-10-22,16,12.1,21.7,,1,74.4,4.2,,
226,焊篮,2016-10-23,13.4,10,16.6,2,1.9,76.1,0,,
226,焊篮,2016-10-24,13.3,6.4,18.6,.1,1.8,65.8,9.2,,
226,焊篮,2016-10-25,12.9,10.2,18.8,16.5,1.6,91.3,1.1,,
226,焊篮,2016-10-26,11.8,7.9,17.1,,.9,89.8,1,,
226,焊篮,2016-10-27,13.2,7.6,18,,1.7,78.4,.8,,
226,焊篮,2016-10-28,12.3,9,14.7,12.5,1.1,93.3,0,,
226,焊篮,2016-10-29,7.8,3.7,11.5,,.9,77.8,0,,
226,焊篮,2016-10-30,5.1,-1.8,14.7,,.8,64.6,9.5,,
226,焊篮,2016-10-31,6.4,1.8,10.5,,1.2,67.4,0,,
226,焊篮,2016-11-01,1.7,-3.4,8.4,,1.9,54.6,9.3,,
226,焊篮,2016-11-02,2,-5.7,11,,1.2,68.8,9.1,,
226,焊篮,2016-11-03,4.6,-.4,13.3,,.8,81.4,2.4,,
226,焊篮,2016-11-04,6.6,-1.8,17.4,,.8,78,8.5,,
226,焊篮,2016-11-05,10.8,4.9,19,,.9,82.6,2.3,,
226,焊篮,2016-11-06,11.2,6.8,15.9,,1.7,73.8,1.5,,
226,焊篮,2016-11-07,13.3,8,18.4,3.5,1.4,69,4.1,,
226,焊篮,2016-11-08,5.9,-.8,11.4,4,2.5,66.8,6.7,,
226,焊篮,2016-11-09,1.6,-4.6,10,,.9,62.9,8.6,,
226,焊篮,2016-11-10,5.4,0,11.2,6.5,1.1,82,.7,,
226,焊篮,2016-11-11,6.8,1.6,14.5,1,1.2,82.3,5.7,,
226,焊篮,2016-11-12,6.2,-1.2,18.3,,.7,79.3,6,,
226,焊篮,2016-11-13,9.2,1.4,18.1,,.8,77.9,3,,
226,焊篮,2016-11-14,14,6.5,21.7,,1,77.3,6.1,,
226,焊篮,2016-11-15,7.3,-1.2,14.1,,2,50.9,8.5,,
226,焊篮,2016-11-16,3.1,-3.9,13.4,,.8,63.1,6.9,,
226,焊篮,2016-11-17,5.8,-.9,15.8,,.7,63.5,7.7,,
226,焊篮,2016-11-18,7.2,-.4,14.7,11,.6,85.8,2.5,,
226,焊篮,2016-11-19,11.4,9.3,13.7,1.5,.5,99.5,0,,
226,焊篮,2016-11-20,10,3.2,17.5,,1.2,77.5,6.8,,
226,焊篮,2016-11-21,7.5,2.6,13.4,.5,.6,95.4,0,,
226,焊篮,2016-11-22,4.1,-.4,8.8,0,2.3,61.8,3.6,,
226,焊篮,2016-11-23,.3,-4.9,6,,1.8,43.3,7.4,,
226,焊篮,2016-11-24,-2.1,-7.2,3.8,,1.9,51.1,8.1,,
226,焊篮,2016-11-25,-1.5,-6.8,6.2,,1,68.3,5.6,,
226,焊篮,2016-11-26,-1.9,-6.6,1.5,2,.6,91,0,,
226,焊篮,2016-11-27,1.6,-.5,4.5,.5,.7,99,.1,,
226,焊篮,2016-11-28,2,-3.9,7.2,,1.8,68.6,7.4,,
226,焊篮,2016-11-29,-.7,-7.1,9.7,,.6,64.6,7.7,,
226,焊篮,2016-11-30,4.8,-3.9,11.8,3,.9,79.6,.2,,
226,焊篮,2016-12-01,4.4,-3.7,9.7,0,2.4,65.4,4.4,,
226,焊篮,2016-12-02,-.8,-7.1,8.2,,1.1,65.3,7.8,,
226,焊篮,2016-12-03,.8,-7,12.2,,.5,70,7,,
226,焊篮,2016-12-04,2.2,-3.4,9.4,,.5,72.1,.2,,
226,焊篮,2016-12-05,7.2,3.2,13.9,0,2,64,2.7,,
226,焊篮,2016-12-06,-.8,-6.6,5.3,,2.4,46.8,7.6,,
226,焊篮,2016-12-07,-2.1,-8.6,4.1,,.6,73.5,1.6,,
226,焊篮,2016-12-08,1.4,-4.9,8.2,2,.8,81.4,2.5,,
226,焊篮,2016-12-09,2.8,-4.1,7.1,.5,2.3,66.3,4.9,,
226,焊篮,2016-12-10,-2.6,-7.9,6.3,,.8,62.6,7.6,,
226,焊篮,2016-12-11,-3.3,-10,7,,.6,63.5,7.6,,
226,焊篮,2016-12-12,2,-6.7,12.3,.1,.5,61.5,4.7,,
226,焊篮,2016-12-13,3.9,-.8,10,0,1.2,73.1,4.3,,
226,焊篮,2016-12-14,-.7,-4.6,1.8,,1.1,75.6,0,,
226,焊篮,2016-12-15,-2.6,-8.4,1.8,,2.9,49.8,6.6,,
226,焊篮,2016-12-16,-4.5,-12.4,1,,1.5,51.5,7.6,,
226,焊篮,2016-12-17,1.4,-4.9,10.4,,.7,68.3,2.9,,
226,焊篮,2016-12-18,1.6,-5.9,9.7,0,.6,76.5,4.7,,
226,焊篮,2016-12-19,5.5,2.4,9.5,3.5,1,89.5,.3,,
226,焊篮,2016-12-20,5.5,.1,13.5,,.9,83.8,6.7,,
226,焊篮,2016-12-21,6.8,-1.3,13,15,1.9,87.5,2.5,,
226,焊篮,2016-12-22,7.3,3,13.7,11,2.8,85.6,0,,
226,焊篮,2016-12-23,.1,-2.1,3,1,3.1,71.3,0,,
226,焊篮,2016-12-24,-1.9,-3.7,1.1,,1.1,68.5,.6,,
226,焊篮,2016-12-25,.5,-6.8,9,,.7,81.4,5.4,,
226,焊篮,2016-12-26,2.3,.9,3.9,10,1,94.5,0,,
226,焊篮,2016-12-27,-.8,-6.8,2.3,.5,2.6,70.5,4.2,,
226,焊篮,2016-12-28,-3.9,-10.2,4.3,,.8,62.4,7.6,,
226,焊篮,2016-12-29,-4,-8,0,0,2.2,59.8,7.2,,
226,焊篮,2016-12-30,-4.7,-11.2,3.6,,.9,71.9,7.5,,
226,焊篮,2016-12-31,-1.3,-5.7,2.9,,.4,85.3,.1,,
226,焊篮,2017-01-01,.3,-3.3,8.8,,.4,88.8,3.5,,
226,焊篮,2017-01-02,2.8,-3.3,11.1,,.6,82.9,1.3,,
226,焊篮,2017-01-03,1,-3.7,8.5,,1,74.4,7.6,,
226,焊篮,2017-01-04,1.7,-4.2,10.1,,.7,75.6,4.8,,
226,焊篮,2017-01-05,2.9,-3.7,8,,1.1,70.4,0,,
226,焊篮,2017-01-06,3.5,-2.3,10.1,,1.5,69.6,7,,
226,焊篮,2017-01-07,1.6,-5.4,10.1,,.6,75.9,4.8,,
226,焊篮,2017-01-08,6.9,1.6,13.2,0,1.2,63.5,5.4,,
226,焊篮,2017-01-09,2.5,-4.7,7,.2,2.7,65.5,4.5,,
226,焊篮,2017-01-10,-1.6,-5.9,3.7,,2.7,57.3,6.1,,
226,焊篮,2017-01-11,-4,-10.2,1.9,,1.9,52.4,6.3,,
226,焊篮,2017-01-12,-2.4,-6.4,3.3,.2,1.5,71.1,.9,,
226,焊篮,2017-01-13,-5,-10.6,-.7,0,2,58.6,3.5,,
226,焊篮,2017-01-14,-7.2,-11.1,-3.7,,3.7,38.5,7.9,,
226,焊篮,2017-01-15,-8.2,-14.9,-.7,,1.4,48.4,8.1,,
226,焊篮,2017-01-16,-6.6,-14.3,3.7,,.7,56.8,8,,
226,焊篮,2017-01-17,-5.6,-13,4.9,,.6,58.3,5.4,,
226,焊篮,2017-01-18,-2.7,-8.9,4.1,,.8,67.3,3.2,,
226,焊篮,2017-01-19,-1.7,-7.6,7.4,,.7,68.3,5.5,,
226,焊篮,2017-01-20,-3.6,-6.2,-2.1,6.5,2.2,73.1,.7,,
226,焊篮,2017-01-21,-3.9,-10.3,2.7,.5,.9,73.8,5.2,,
226,焊篮,2017-01-22,-6.1,-9,-1.3,1,3.9,61.1,5.1,,
226,焊篮,2017-01-23,-9.6,-15.6,-3.2,,1.7,61.1,8.4,,
226,焊篮,2017-01-24,-8.9,-16,-.4,,1.1,61.1,8.4,,
226,焊篮,2017-01-25,-8.2,-16.9,1.6,,.9,63.4,8.5,,
226,焊篮,2017-01-26,-5.3,-15.6,5.6,,.6,59.4,7.1,,
226,焊篮,2017-01-27,-.9,-8.2,5,2,2.8,52,8.1,,
226,焊篮,2017-01-28,-2,-11.7,8.8,,.6,55.1,7.3,,
226,焊篮,2017-01-29,1.4,-.8,4.3,5,.5,84,.1,,
226,焊篮,2017-01-30,-3.8,-10,.7,1,2.9,72.1,4.9,,
226,焊篮,2017-01-31,-6.1,-12.5,1.6,,1,62.8,7.3,,
226,焊篮,2017-02-01,-4.1,-9.2,2.7,,1.9,54.8,7.5,,
226,焊篮,2017-02-02,-3.4,-11.9,3.8,,1.4,51,8.8,,
226,焊篮,2017-02-03,.4,-3.6,7.3,,1,62.6,6.3,,
226,焊篮,2017-02-04,1.3,-7,9,,.6,61.3,3.1,,
226,焊篮,2017-02-05,2.1,.4,5.6,.5,1.7,73.3,0,,
226,焊篮,2017-02-06,-.8,-5.9,3.3,,3,53.3,8.8,,
226,焊篮,2017-02-07,-2.1,-7.7,5.9,,.7,63.3,6,,
226,焊篮,2017-02-08,-1.6,-7.2,3.3,,1.3,61.1,1.7,,
226,焊篮,2017-02-09,-3.8,-6.9,-.1,0,3.9,50.9,7.3,,
226,焊篮,2017-02-10,-5.7,-7.8,-2.3,.5,3.6,54.6,8.9,,
226,焊篮,2017-02-11,-5.3,-12.7,.7,,2,58.5,5.9,,
226,焊篮,2017-02-12,-2.3,-9.3,4.2,,1.5,57.5,9.4,,
226,焊篮,2017-02-13,-1.4,-9.7,5.5,.5,.8,74.4,4.8,,
226,焊篮,2017-02-14,-.3,-5.3,6.6,,1.2,64.5,9.6,,
226,焊篮,2017-02-15,-.4,-8.8,10,,.8,55.8,9.1,,
226,焊篮,2017-02-16,4.6,-7.1,15.1,3,1,63.8,7.1,,
226,焊篮,2017-02-17,3.5,-3.6,11,2,2.8,60.1,5.5,,
226,焊篮,2017-02-18,-2.2,-8.2,4,,2.7,44.6,9.7,,
226,焊篮,2017-02-19,.9,-8.3,10.1,4,1.2,66.5,5.3,,
226,焊篮,2017-02-20,.3,-6.3,6.8,18.5,3.2,67.5,5.7,,
226,焊篮,2017-02-21,-1.1,-9.3,9.1,,1,57.6,9,,
226,焊篮,2017-02-22,2.6,-2.2,3.7,18,1.2,83.4,0,,
226,焊篮,2017-02-23,-.5,-4,3.5,,3.7,57.5,7,,
226,焊篮,2017-02-24,-1,-8.2,5.2,,1.9,50.9,10,,
226,焊篮,2017-02-25,1.3,-5.7,9,,1.2,59,8.6,,
226,焊篮,2017-02-26,2,-3.8,9.9,,1.1,58.8,9.8,,
226,焊篮,2017-02-27,1.6,-5.5,11.3,,.9,60,9.9,,
226,焊篮,2017-02-28,2.8,-6.4,13.1,,.8,53,10.1,,
226,焊篮,2017-03-01,4.7,-2.1,12.8,.2,1.2,53.8,3,,
226,焊篮,2017-03-02,1.8,-3.6,7.1,2,2.7,70.4,2.6,,
226,焊篮,2017-03-03,1.5,-6.8,11.5,,.9,59.6,10.2,,
226,焊篮,2017-03-04,3.6,-4.6,14.3,,.8,53.5,10.1,,
226,焊篮,2017-03-05,5.2,-3.2,14.5,,1.2,54.1,8,,
226,焊篮,2017-03-06,1.1,-3,5.7,.1,3.7,45.3,10,,
226,焊篮,2017-03-07,-1.1,-3.1,3.2,1,3.3,48,9.9,,
226,焊篮,2017-03-08,.1,-5.3,5.2,0,2.1,53.1,4.6,,
226,焊篮,2017-03-09,3.8,-4.1,11.1,,2.4,47.8,8.4,,
226,焊篮,2017-03-10,3.3,-5.4,12.4,,1.9,42.8,10.5,,
226,焊篮,2017-03-11,4.9,-6,16.9,,.9,40.1,10.3,,
226,焊篮,2017-03-12,6.4,-3.6,17.4,,1.3,44.3,6.9,,
226,焊篮,2017-03-13,6.6,.3,13.8,,1.5,50.5,8.9,,
226,焊篮,2017-03-14,3.7,-3.6,11.7,,1.8,51.1,10.5,,
226,焊篮,2017-03-15,3.2,-5.6,12.9,,1,48.1,10.6,,
226,焊篮,2017-03-16,4.3,-4.9,13.6,,1.3,44.4,9.7,,
226,焊篮,2017-03-17,5.6,-4.7,16,,1,39.6,10.6,,
226,焊篮,2017-03-18,6.6,-.4,17,,1.5,37.3,7,,
226,焊篮,2017-03-19,7.3,-3.4,19.3,,1,36.1,10.3,,
226,焊篮,2017-03-20,6.7,-1.8,13.9,0,1.4,53,2.5,,
226,焊篮,2017-03-21,6.4,.2,12.3,.1,2.1,53.4,9.9,,
226,焊篮,2017-03-22,5.5,-4.1,14.2,,1.2,42.1,7.9,,
226,焊篮,2017-03-23,7.5,.8,15.6,,1.6,33.9,7.9,,
226,焊篮,2017-03-24,7,-1.6,14.8,,1.2,47,6.1,,
226,焊篮,2017-03-25,5.2,4.2,7.2,5.5,1.1,81.4,0,,
226,焊篮,2017-03-26,5.4,2.6,9.2,.5,1.1,75.6,.7,,
226,焊篮,2017-03-27,4.5,.2,8.9,2.5,1.3,71.5,1.7,,
226,焊篮,2017-03-28,6,-2.3,13.6,0,1.3,59.9,5.8,,
226,焊篮,2017-03-29,8.3,3.1,16.7,.5,1.2,60,8.5,,
226,焊篮,2017-03-30,9.8,-1.9,19.5,,1.4,48.3,10.6,,
226,焊篮,2017-03-31,8.6,5.6,11.8,4.5,1.6,74.4,.5,,
226,焊篮,2017-04-01,6.6,2.8,12.6,1,1.4,75.8,4.4,,
226,焊篮,2017-04-02,7.1,-1,15.8,,1.8,53.4,10.9,,
226,焊篮,2017-04-03,9.4,-2.1,20.5,,1.6,45.3,11.4,,
226,焊篮,2017-04-04,12.1,-.5,22.7,,1.1,39.3,10.7,,
226,焊篮,2017-04-05,12.4,8.8,16.4,13.5,2,67.5,0,,
226,焊篮,2017-04-06,13.3,9.5,17.2,10,1.3,90.9,1.1,,
226,焊篮,2017-04-07,15,9.3,23.4,,1.7,62.4,9.5,,
226,焊篮,2017-04-08,15.5,7.2,24.7,,1.4,59.4,9.3,,
226,焊篮,2017-04-09,12.5,10.3,16.8,,2.1,54.5,.4,,
226,焊篮,2017-04-10,13,7.7,20.2,,2.8,33.1,10,,
226,焊篮,2017-04-11,11.5,6.7,19,13.5,2.4,63.5,7.1,,
226,焊篮,2017-04-12,10.6,1.9,17.2,,2.3,27.8,11.8,,
226,焊篮,2017-04-13,11.1,.1,20.8,,1.7,48.3,11.5,,
226,焊篮,2017-04-14,13,2.9,21.2,.1,1.8,53.1,4.6,,
226,焊篮,2017-04-15,16.3,7.7,25.9,,1.5,55.4,11.2,,
226,焊篮,2017-04-16,17.1,6.4,28.2,,.9,46.6,9.9,,
226,焊篮,2017-04-17,11.9,9.3,15,21,1.3,77.9,1.5,,
226,焊篮,2017-04-18,13.8,9,21.4,1,2.2,68,3.2,,
226,焊篮,2017-04-19,12,3.4,19.7,,2.4,47.4,11.8,,
226,焊篮,2017-04-20,10,5.8,15.5,.5,1,65.1,0,,
226,焊篮,2017-04-21,10.8,3.3,19.9,,1.3,62.8,6.4,,
226,焊篮,2017-04-22,12.7,4.2,21.1,,1.4,51.4,10.7,,
226,焊篮,2017-04-23,12.8,2.1,22.9,,1.3,48.8,12,,
226,焊篮,2017-04-24,13.5,2.5,23.7,,1.3,47.1,11.6,,
226,焊篮,2017-04-25,15.4,7,22.8,,1.5,55.3,5,,
226,焊篮,2017-04-26,14.5,8.4,20.9,.4,2.2,42.1,9.8,,
226,焊篮,2017-04-27,11,1.9,19.5,,2.4,41.5,11.5,,
226,焊篮,2017-04-28,13.7,2.2,23.8,,2.1,46.6,10.2,,
226,焊篮,2017-04-29,14.9,5.1,25.3,,1.4,48,11.8,,
226,焊篮,2017-04-30,19,8.2,28.1,,1.8,48.5,11.4,,
226,焊篮,2017-05-01,18.4,9.2,26.5,,1.7,45,11.6,,
226,焊篮,2017-05-02,16.6,7.4,25.7,,1.7,44.4,11.5,,
226,焊篮,2017-05-03,17.9,6.8,29.2,,1.1,46.4,12.2,,
226,焊篮,2017-05-04,19.2,9.5,27.8,,1.2,48.4,7.6,,
226,焊篮,2017-05-05,20.6,13.8,28,0,1.5,53.3,7.2,,
226,焊篮,2017-05-06,15.1,8.8,23.3,,2.6,37.8,11.8,,
226,焊篮,2017-05-07,15.4,5.7,25.3,,2.2,45.8,12,,
226,焊篮,2017-05-08,15.5,5.6,23.1,,1.1,53.9,5.3,,
226,焊篮,2017-05-09,14.2,12.7,17.9,8,1.5,77.1,.7,,
226,焊篮,2017-05-10,14.6,11.1,20.3,4.5,1.1,87.9,1.3,,
226,焊篮,2017-05-11,16.8,10.8,25.3,,.9,79.4,3.8,,
226,焊篮,2017-05-12,16.8,12.7,23.2,0,1,79.8,0,,
226,焊篮,2017-05-13,16.7,10.4,25.5,.5,1.8,72.1,6.6,,
226,焊篮,2017-05-14,14.7,7.9,22.2,,2.5,49.8,12.3,,
226,焊篮,2017-05-15,14.6,5.5,22.6,,2,55.4,7.9,,
226,焊篮,2017-05-16,15.6,9.5,21.9,,1.2,63.5,5.2,,
226,焊篮,2017-05-17,17,8.5,25.4,,1.3,58.4,11.3,,
226,焊篮,2017-05-18,17.9,8.2,26.9,,1.3,57.8,12.2,,
226,焊篮,2017-05-19,19.5,9.2,29.4,,1.7,47.4,12.5,,
226,焊篮,2017-05-20,19.2,9.8,28.2,,1.5,44.3,10.2,,
226,焊篮,2017-05-21,19.5,10.8,28,,1.2,48.9,11.7,,
226,焊篮,2017-05-22,19.8,10.3,29,,1.1,53.8,12.4,,
226,焊篮,2017-05-23,19,11.7,26.8,,1,62.4,2.9,,
226,焊篮,2017-05-24,19.4,14.6,26.1,14,1.1,73.1,6.1,,
226,焊篮,2017-05-25,18.2,11.4,27.5,,2.2,60.1,10.8,,
226,焊篮,2017-05-26,14.6,7.2,21.7,,1.9,52.4,12.2,,
226,焊篮,2017-05-27,17,7.1,25.9,,1.2,54.1,12.7,,
226,焊篮,2017-05-28,19.7,9.1,29.4,,1.5,52.6,10.5,,
226,焊篮,2017-05-29,22.3,13.2,31.8,,1.4,55.4,11.9,,
226,焊篮,2017-05-30,21.3,13,29.5,,1,56.8,9.3,,
226,焊篮,2017-05-31,19.6,13.7,29.1,1,.9,69.3,4.5,,
226,焊篮,2017-06-01,21.4,16.4,28.1,.5,2,60.8,7,,
226,焊篮,2017-06-02,18.7,9.6,26.7,,1.7,41.8,12.8,,
226,焊篮,2017-06-03,18.4,12,25.1,0,1.8,44.4,10.7,,
226,焊篮,2017-06-04,18.4,8.4,27.9,,1.7,46.5,12,,
226,焊篮,2017-06-05,20,9.1,28.6,,1.5,39.6,12,,
226,焊篮,2017-06-06,16.7,14.8,19.9,11,2.3,62.8,0,,
226,焊篮,2017-06-07,17.5,15.6,19.3,4,1.9,88.8,0,,
226,焊篮,2017-06-08,19.1,15,26,,1.9,67.4,6.4,,
226,焊篮,2017-06-09,20.6,12.3,28.5,,1.7,58.5,10.6,,
226,焊篮,2017-06-10,21.9,17,27,,1.6,56.9,4.7,,
226,焊篮,2017-06-11,20.4,10.3,29.3,,1.5,40.4,12.2,,
226,焊篮,2017-06-12,19.9,13.9,25.4,,2,47.3,9.1,,
226,焊篮,2017-06-13,19.6,13.1,26.8,,1.8,55.1,9.4,,
226,焊篮,2017-06-14,20.1,12.4,27.7,,1.7,59.1,9.2,,
226,焊篮,2017-06-15,21.7,12.5,30.2,,1.5,56.6,12.5,,
226,焊篮,2017-06-16,22.7,14.1,31.7,,1.3,55.6,11.8,,
226,焊篮,2017-06-17,23,14.1,32,,1.2,52,12.4,,
226,焊篮,2017-06-18,23.7,13.6,33.3,,1.3,46.3,12.9,,
226,焊篮,2017-06-19,24,13.8,33.4,,1.3,48.1,12.2,,
226,焊篮,2017-06-20,22.7,15.9,29.6,,1,52.4,2.8,,
226,焊篮,2017-06-21,23.5,16.4,31.2,,1.6,54.5,7.6,,
226,焊篮,2017-06-22,23.9,16.6,31.9,,1.5,57.3,10.6,,
226,焊篮,2017-06-23,25.9,16.6,34.2,,1.2,46.9,9.8,,
226,焊篮,2017-06-24,23.3,19,30.7,.5,1.4,65.4,2.8,,
226,焊篮,2017-06-25,23.1,19,31.1,23.5,1.3,74.5,6.2,,
226,焊篮,2017-06-26,22.2,19.2,26.3,.5,1.6,76.4,2.2,,
226,焊篮,2017-06-27,23.3,19.3,28.4,0,1.3,69.1,2.5,,
226,焊篮,2017-06-28,24.3,20.4,30.7,47.5,1.2,74.6,4.8,,
226,焊篮,2017-06-29,24.2,19.4,31,.1,.8,76.3,6.6,,
226,焊篮,2017-06-30,25.7,19.4,32.3,,1.1,65,7.5,,
226,焊篮,2017-07-01,23.1,21.3,25.3,24,.5,95.6,0,,
226,焊篮,2017-07-02,24.2,22.8,27.8,37,.6,100,0,,
226,焊篮,2017-07-03,24.5,22.7,28.7,91,1.5,95.4,0,,
226,焊篮,2017-07-04,24.8,22.2,30.1,64,1,90.3,2.4,,
226,焊篮,2017-07-05,26.3,21.9,32.6,,.8,75,10.1,,
226,焊篮,2017-07-06,25.7,21.2,32.5,1,1.2,81.4,6.2,,
226,焊篮,2017-07-07,25.8,22.3,28.6,2,1.1,87.9,.1,,
226,焊篮,2017-07-08,24.4,21.5,28.4,50.5,.9,94.8,.8,,
226,焊篮,2017-07-09,26.2,21.6,32.9,7,.9,82.4,5.3,,
226,焊篮,2017-07-10,25.5,23.3,29.2,17.5,1.4,93.1,0,,
226,焊篮,2017-07-11,26.2,23,31.7,14.5,1.5,77.9,4.5,,
226,焊篮,2017-07-12,26.8,23.1,32.2,,1,76.6,7.2,,
226,焊篮,2017-07-13,26.3,21.3,32.2,,1,77.5,9.2,,
226,焊篮,2017-07-14,24.2,21.4,33.7,18,.7,88.3,6.1,,
226,焊篮,2017-07-15,24.3,22.1,27.4,21,1.4,90.8,1.4,,
226,焊篮,2017-07-16,24.5,22.2,28.8,62,1,94.5,.1,,
226,焊篮,2017-07-17,24.3,21.5,29.4,9.5,1,91.4,.1,,
226,焊篮,2017-07-18,25,21.7,28.7,.5,.6,88.4,1.7,,
226,焊篮,2017-07-19,27,23.8,32.4,,.8,78.8,6.7,,
226,焊篮,2017-07-20,27.4,22.7,33.4,,.8,79.9,6.6,,
226,焊篮,2017-07-21,28.2,23.5,33.9,,.9,79.5,5.8,,
226,焊篮,2017-07-22,28,24.5,32.3,,.5,83.6,2.1,,
226,焊篮,2017-07-23,25.6,24.4,26.9,5,0,99,0,,
226,焊篮,2017-07-24,26.2,23.9,30.2,38,.5,97.6,0,,
226,焊篮,2017-07-25,26.8,23.4,32.3,18.5,1.6,83.5,7.1,,
226,焊篮,2017-07-26,24.9,20.4,30,,1.6,71.4,10.7,,
226,焊篮,2017-07-27,24.7,17.8,32.2,,1.1,71.4,10.7,,
226,焊篮,2017-07-28,26.5,22.6,31.2,12,.8,84.1,.9,,
226,焊篮,2017-07-29,24.7,23.1,28.1,25,1.6,85.1,.8,,
226,焊篮,2017-07-30,25.8,22.3,30.9,,1.4,81.8,4.6,,
226,焊篮,2017-07-31,23.5,21.4,25.8,54,.9,99.5,0,,
226,焊篮,2017-08-01,25.9,21.5,32.5,3.5,.7,85.1,7.8,,
226,焊篮,2017-08-02,27.1,23.2,32,,1.5,82.5,8.9,,
226,焊篮,2017-08-03,26,22.3,31.7,,1.8,72.3,11.1,,
226,焊篮,2017-08-04,27.5,20.9,33.7,,1.2,78.4,11.9,,
226,焊篮,2017-08-05,29.7,23.7,35.8,,1.1,68.9,12.3,,
226,焊篮,2017-08-06,29.2,22.4,35.4,25.5,1.4,71.3,10.3,,
226,焊篮,2017-08-07,26.7,22.4,32.9,10.5,1.2,78.8,8.8,,
226,焊篮,2017-08-08,25.9,21.6,31.3,,.8,84.6,1.4,,
226,焊篮,2017-08-09,23.7,21.7,25,28.5,.7,99.4,0,,
226,焊篮,2017-08-10,24.9,22.5,29,9.5,.8,92.8,.9,,
226,焊篮,2017-08-11,24.5,21.4,31.5,17.5,.7,87.1,6.2,,
226,焊篮,2017-08-12,24.7,19.7,30,,1.1,75.3,7.3,,
226,焊篮,2017-08-13,23.3,20.1,25.6,.3,1.7,75.3,.2,,
226,焊篮,2017-08-14,21.9,20.7,24,43,1.6,95.3,0,,
226,焊篮,2017-08-15,22.2,21.1,23.7,47.5,1.8,98.9,0,,
226,焊篮,2017-08-16,24.3,21.1,29,1,1.1,84.6,2.3,,
226,焊篮,2017-08-17,24.2,21.4,30.1,33.5,1.3,87,4.5,,
226,焊篮,2017-08-18,25,21.6,30.3,0,.8,81.8,6,,
226,焊篮,2017-08-19,24,20.5,29.9,3.4,.9,90.3,3.1,,
226,焊篮,2017-08-20,25.1,22.3,28,10.5,2.7,83,2.8,,
226,焊篮,2017-08-21,24.3,21.9,29.1,38.5,1.1,97,.9,,
226,焊篮,2017-08-22,26.4,23.2,31.9,.5,1,91.5,4.4,,
226,焊篮,2017-08-23,28.1,23.9,32.6,2.5,1.3,78.8,5.5,,
226,焊篮,2017-08-24,27,24.3,30.5,8.5,2.1,81.8,.8,,
226,焊篮,2017-08-25,24.5,18.2,31.4,,.9,72.9,10.2,,
226,焊篮,2017-08-26,21.1,15.6,28.8,,1.1,67.6,11.2,,
226,焊篮,2017-08-27,21.6,15.1,30.1,,.9,73.9,7.2,,
226,焊篮,2017-08-28,23,17.1,28.5,31,.9,80.3,2.2,,
226,焊篮,2017-08-29,20.7,16.3,25.9,.1,1.9,66.1,10.1,,
226,焊篮,2017-08-30,17.1,14.6,21.7,.5,1.1,73.1,.3,,
226,焊篮,2017-08-31,20,14.9,26.8,,1.3,72,11.2,,
226,焊篮,2017-09-01,19.5,12.3,27.7,,1.1,69.5,11.4,,
226,焊篮,2017-09-02,19,13.1,26.1,,1.1,74,9.8,,
226,焊篮,2017-09-03,19.4,12.3,27.6,,1.1,72.8,10.6,,
226,焊篮,2017-09-04,19.9,12.7,27.3,,1,73,9.1,,
226,焊篮,2017-09-05,19.5,15.2,23.4,1.5,.8,91.1,0,,
226,焊篮,2017-09-06,20,17.5,22.8,2.5,.8,94.5,0,,
226,焊篮,2017-09-07,20.4,16.4,26,.1,1,80,5.4,,
226,焊篮,2017-09-08,21,15.7,28.2,,.9,78.6,7.2,,
226,焊篮,2017-09-09,20.3,15.6,27.7,,.6,85.9,3.8,,
226,焊篮,2017-09-10,20.5,16.6,26.6,,.6,88.8,.8,,
226,焊篮,2017-09-11,19.6,17.5,22.2,68,1.3,92.9,.1,,
226,焊篮,2017-09-12,20.3,13.8,27.8,,1,82.3,7.4,,
226,焊篮,2017-09-13,18.1,10.6,27.1,,.9,74.9,11.2,,
226,焊篮,2017-09-14,18.1,10.3,26.8,,1.2,78.1,11.2,,
226,焊篮,2017-09-15,19.2,13.6,24.7,,1.7,68.1,8.4,,
226,焊篮,2017-09-16,19,15.2,23.7,,1.5,72,1.9,,
226,焊篮,2017-09-17,19.5,13.8,26.7,,1.4,79,4.5,,
226,焊篮,2017-09-18,18.5,12.1,26.6,,.9,80.6,8.1,,
226,焊篮,2017-09-19,21,13.9,27.2,,1.3,80.4,2.9,,
226,焊篮,2017-09-20,18.3,10.6,24.5,1.5,1.8,67.8,10.1,,
226,焊篮,2017-09-21,16.1,7.7,26,,.8,76.6,10.6,,
226,焊篮,2017-09-22,17.2,10.4,26.6,,.8,80.1,10.2,,
226,焊篮,2017-09-23,17.4,11.5,26.3,,.6,86.8,3.2,,
226,焊篮,2017-09-24,19.9,14.1,26.7,,.6,87.4,3.9,,
226,焊篮,2017-09-25,21.3,15.5,28.9,,.8,78.8,9.5,,
226,焊篮,2017-09-26,20.2,12.8,27.5,,1.1,79.1,7.6,,
226,焊篮,2017-09-27,17.7,15.1,20.9,35,.8,97.1,0,,
226,焊篮,2017-09-28,18.2,12.9,24.4,,1.4,73.4,8.3,,
226,焊篮,2017-09-29,12.7,6.1,21,,.9,70.4,9.8,,
226,焊篮,2017-09-30,14.1,5.5,24.9,,.6,80.3,9.2,,
226,焊篮,2017-10-01,14.2,9.8,19.5,14.4,.6,89.9,0,,
226,焊篮,2017-10-02,18.2,14.9,23.8,2,.6,91.8,1.1,,
226,焊篮,2017-10-03,17.4,14.9,22,,.8,87.4,1.2,,
226,焊篮,2017-10-04,16.3,11.2,22.3,,1.1,75.8,7.1,,
226,焊篮,2017-10-05,15.5,10.4,20.3,,1.3,77.4,4.3,,
226,焊篮,2017-10-06,15,11.8,17.1,2.5,.4,93.9,0,,
226,焊篮,2017-10-07,18.4,15,24.2,,.7,86.6,3.2,,
226,焊篮,2017-10-08,19,14.3,26.5,,.5,84.5,7.5,,
226,焊篮,2017-10-09,19.4,14.1,26.8,,.6,83.5,8,,
226,焊篮,2017-10-10,19.6,14.8,26.6,,.6,87.4,2.9,,
226,焊篮,2017-10-11,16.4,12.1,20.7,5.5,1.4,89.1,0,,
226,焊篮,2017-10-12,11.8,7.9,13.6,4,.6,92.4,0,,
226,焊篮,2017-10-13,10.8,6.4,18.6,,1.4,77.4,6.6,,
226,焊篮,2017-10-14,11.6,5.4,19.1,,1.3,72.1,7.3,,
226,焊篮,2017-10-15,13,6.8,19.2,,1.1,75,3.4,,
226,焊篮,2017-10-16,14.1,9.8,21.5,,.8,79.1,3.2,,
226,焊篮,2017-10-17,13.1,5.8,21.9,,.8,79.9,9.6,,
226,焊篮,2017-10-18,14.4,10.4,18.6,.1,1.5,71.1,.4,,
226,焊篮,2017-10-19,14.4,7.3,20.6,,.9,75.1,5,,
226,焊篮,2017-10-20,13.5,7.3,22.9,,.6,80.6,7,,
226,焊篮,2017-10-21,12.9,5.8,23.2,,.8,80.4,8.6,,
226,焊篮,2017-10-22,13.4,4.6,21.6,,1.6,66.1,5.8,,
226,焊篮,2017-10-23,11,5.2,18.3,,1.2,68.8,9.5,,
226,焊篮,2017-10-24,9.4,4.1,17.9,,.7,79.6,5.9,,
226,焊篮,2017-10-25,9,2.4,19.3,,.7,82.8,6.8,,
226,焊篮,2017-10-26,10.6,3.6,19.9,,.6,80.8,4.5,,
226,焊篮,2017-10-27,11.9,7.1,20.1,,.6,78.1,2.2,,
226,焊篮,2017-10-28,12.8,5.4,22.4,,1.1,80.5,8,,
226,焊篮,2017-10-29,9.6,3.9,17.6,,2.4,70,7.5,,
226,焊篮,2017-10-30,4.1,-3,12.9,,1.1,60.3,9.5,,
226,焊篮,2017-10-31,5.2,-3.7,16.6,,.8,72.1,9.4,,
226,焊篮,2017-11-01,10,3.1,17.7,,.6,80.1,3.4,,
226,焊篮,2017-11-02,11.4,7.1,18.4,,.7,84.5,3.2,,
226,焊篮,2017-11-03,10.1,5.9,16,,1.5,77.3,2.4,,
226,焊篮,2017-11-04,5.9,-.3,13,,1.3,67.4,8,,
226,焊篮,2017-11-05,4.1,-2.8,14.3,,.8,79.5,7.2,,
226,焊篮,2017-11-06,5.6,-2.4,18.1,,.7,78.5,7.1,,
226,焊篮,2017-11-07,11.4,1.3,20.8,0,.6,77.5,6.8,,
226,焊篮,2017-11-08,12.5,2.8,18.7,.5,2,67.1,7.7,,
226,焊篮,2017-11-09,6.1,-1.8,17.9,,.6,65.8,8.8,,
226,焊篮,2017-11-10,8,-1,18.6,3.5,2,71.5,2.8,,
226,焊篮,2017-11-11,4.5,-2.3,10.8,,2.4,56.8,8.7,,
226,焊篮,2017-11-12,2.5,-4.8,14,,.7,70.8,8.2,,
226,焊篮,2017-11-13,4.7,-3.3,13.3,,.6,71.9,1.1,,
226,焊篮,2017-11-14,7.2,-.2,13,,1.9,59.5,8.2,,
226,焊篮,2017-11-15,3.5,-1.4,9.2,,2.2,60.8,5.2,,
226,焊篮,2017-11-16,.8,-4.4,8.5,,1.3,56.5,8.3,,
226,焊篮,2017-11-17,2.8,-6.2,10.6,1,.6,68.4,2.4,,
226,焊篮,2017-11-18,-.4,-4.5,5.8,0,3,49.5,8.3,,
226,焊篮,2017-11-19,-.9,-7.7,4.4,,1.9,45.5,7.6,,
226,焊篮,2017-11-20,3,-4.2,8.4,,1.7,56.4,7.2,,
226,焊篮,2017-11-21,.4,-5.9,9.6,,.7,66.4,8,,
226,焊篮,2017-11-22,1.8,-4.2,7.4,.4,1.4,71,.9,,
226,焊篮,2017-11-23,-1.2,-5.7,5.6,.5,1.3,78.3,2.7,,
226,焊篮,2017-11-24,-1.1,-5.9,3.9,4.5,1,89.6,1.8,,
226,焊篮,2017-11-25,1.7,-7.7,9.1,,1.2,75.3,4.9,,
226,焊篮,2017-11-26,4.4,-2.6,10.3,3,1.4,80.4,3,,
226,焊篮,2017-11-27,1.6,-5.6,12.3,,.4,80.3,7.8,,
226,焊篮,2017-11-28,3.2,-3,12.9,,.7,87,2,,
226,焊篮,2017-11-29,5.5,.6,10.9,,2.1,56.4,5,,
226,焊篮,2017-11-30,-.7,-3.7,4.7,,2.7,38,7.6,,
226,焊篮,2017-12-01,-2.7,-8.7,3.4,,1.5,46.9,7.8,,
226,焊篮,2017-12-02,-1.6,-8.4,7.6,,.6,67.9,6.4,,
226,焊篮,2017-12-03,.7,-6.3,7.6,0,.4,84.8,.3,,
226,焊篮,2017-12-04,.5,-3.8,4.3,.1,3,63.5,6.3,,
226,焊篮,2017-12-05,-4.4,-8.5,.5,,3,49.1,7.7,,
226,焊篮,2017-12-06,-1.9,-8.5,5.4,1.5,.6,83.3,4.2,,
226,焊篮,2017-12-07,1.1,-2.1,6.3,6.5,1.3,75.4,3.1,,
226,焊篮,2017-12-08,-3.3,-6.6,.8,,2.3,54.6,7.6,,
226,焊篮,2017-12-09,-.6,-3.9,5.1,,.6,71.4,2.8,,
226,焊篮,2017-12-10,1.5,-3.3,7.9,2,1.8,81,1.9,,
226,焊篮,2017-12-11,-5.2,-9.6,-1,0,3.7,61.3,3.2,,
226,焊篮,2017-12-12,-8.6,-13.8,-3.1,,2.2,56,7.7,,
226,焊篮,2017-12-13,-8.3,-14.1,-.9,,1.3,59.1,7.7,,
226,焊篮,2017-12-14,-6.7,-14.7,1.9,,.5,63.8,5.1,,
226,焊篮,2017-12-15,-3.1,-11.4,4,,.6,60.3,4.4,,
226,焊篮,2017-12-16,-2.9,-7,1.2,,3.4,46.9,6,,
226,焊篮,2017-12-17,-6.5,-12.9,-1,,2.1,56.3,7.6,,
226,焊篮,2017-12-18,-2.2,-10.7,6.3,0,.9,71.8,3.2,,
226,焊篮,2017-12-19,-4,-10.4,1.7,.5,2.3,57.8,5.7,,
226,焊篮,2017-12-20,-3.8,-12.8,4.3,.5,.7,75.4,5.5,,
226,焊篮,2017-12-21,-2.1,-7.4,3.5,0,1,74.8,7.1,,
226,焊篮,2017-12-22,-1.3,-8.9,8.5,,.5,77.1,3.1,,
226,焊篮,2017-12-23,1.1,-3.8,10.2,,.4,85.3,2.8,,
226,焊篮,2017-12-24,1.8,-.7,5.3,14.5,2,87.3,0,,
226,焊篮,2017-12-25,-1.5,-4.3,2,,3.2,54.6,7.8,,
226,焊篮,2017-12-26,-2.5,-6.3,2.5,.5,2.4,64.8,4.8,,
226,焊篮,2017-12-27,-6.3,-11.9,-.6,,2.3,45.3,7.7,,
226,焊篮,2017-12-28,-3.5,-10.6,3.4,,1,60.8,4.8,,
226,焊篮,2017-12-29,1.6,-2.5,5.4,,.5,75,0,,
226,焊篮,2017-12-30,1.9,-2.9,6.6,.5,.8,79.9,2.8,,
226,焊篮,2017-12-31,.2,-4.7,4.8,1,3,61.9,7.3,,
226,焊篮,2018-01-01,-3,-9.2,4.1,,1.1,62.9,7.1,,
226,焊篮,2018-01-02,-2.3,-8.5,3.6,,1.2,70.1,1.4,,
226,焊篮,2018-01-03,-3.7,-8.9,1.3,,1.9,54.1,7.6,,
226,焊篮,2018-01-04,-3.5,-8.5,1.1,,.8,58.9,6,,
226,焊篮,2018-01-05,-1.5,-5.4,3,,1.7,60.5,7.2,,
226,焊篮,2018-01-06,-2.2,-7.6,4.4,,1.5,62.6,7.8,,
226,焊篮,2018-01-07,-3.2,-10.9,2.4,,.6,65.6,.2,,
226,焊篮,2018-01-08,.4,-1.2,2.2,2.5,1.1,80.9,0,,
226,焊篮,2018-01-09,-3.2,-6,-.8,2,2.9,80.8,1.4,,
226,焊篮,2018-01-10,-7,-13.8,-2.1,5.5,2.4,70.4,4.6,,
226,焊篮,2018-01-11,-12.1,-19.7,-6.5,,1.7,74.1,4.9,,
226,焊篮,2018-01-12,-12.1,-19.3,-6.5,,1.3,65.8,7.8,,
226,焊篮,2018-01-13,-4.8,-10.5,1.9,1,.5,80.1,.6,,
226,焊篮,2018-01-14,-4,-12.7,6.5,,.4,81,6.1,,
226,焊篮,2018-01-15,2.2,-2.3,9.4,,.9,77.6,5.8,,
226,焊篮,2018-01-16,1.7,-3.3,7.1,3,.7,86.4,.3,,
226,焊篮,2018-01-17,2.4,.8,5.3,9,.7,95.3,0,,
226,焊篮,2018-01-18,2.2,-2.1,6.1,,1.1,78.4,2.2,,
226,焊篮,2018-01-19,-1.5,-5.8,5.5,,.7,67.8,6.9,,
226,焊篮,2018-01-20,-1.7,-7.5,7.5,,.5,78.9,5.5,,
226,焊篮,2018-01-21,-.8,-6.3,6.7,,.6,73.4,4.3,,
226,焊篮,2018-01-22,1.6,-1.7,7.2,2,1.4,69,.6,,
226,焊篮,2018-01-23,-8.3,-11.6,-1.4,,4.2,54.3,7.5,,
226,焊篮,2018-01-24,-12.6,-15.7,-8.2,,3.8,41.3,8.5,,
226,焊篮,2018-01-25,-12.2,-17.5,-7,,2.8,46.8,7.5,,
226,焊篮,2018-01-26,-12.9,-16.4,-7.3,,3.1,54.4,8.7,,
226,焊篮,2018-01-27,-9.8,-18.4,-1.1,,1,55,8.5,,
226,焊篮,2018-01-28,-4.6,-7.6,.6,,2.6,41,7.3,,
226,焊篮,2018-01-29,-8.1,-11.7,-3.7,,2.9,50.9,8.8,,
226,焊篮,2018-01-30,-6.4,-15.3,1,,1.2,63.3,7.5,,
226,焊篮,2018-01-31,-2.2,-7.9,3.7,,1.3,55.6,4,,
226,焊篮,2018-02-01,-4.3,-11.2,3.9,,1,52.1,8.8,,
226,焊篮,2018-02-02,-5.2,-13.1,3.5,,.9,57.8,8.6,,
226,焊篮,2018-02-03,-6.4,-10,-2.1,0,3.6,57.1,8.2,,
226,焊篮,2018-02-04,-9.1,-14.3,-4.2,,2.8,52.5,8.2,,
226,焊篮,2018-02-05,-9.6,-16.2,-3.7,,2.8,51.3,8.3,,
226,焊篮,2018-02-06,-9.8,-16.7,-4.5,0,2.5,53.1,7.6,,
226,焊篮,2018-02-07,-9.9,-18,-1.7,,1.2,54.5,9,,
226,焊篮,2018-02-08,-6.8,-15.9,4.8,,.7,54.3,8.9,,
226,焊篮,2018-02-09,-1,-10.8,9,,.9,58.9,5.1,,
226,焊篮,2018-02-10,-1.2,-6.2,5.8,,2.8,54.9,5.4,,
226,焊篮,2018-02-11,-5.6,-11.9,-1.3,1.5,2.2,69.4,3.5,,
226,焊篮,2018-02-12,-7.6,-16.8,-1.9,1,2,74.1,4.2,,
226,焊篮,2018-02-13,-3,-12.4,3.7,.5,1.5,69.3,9.5,,
226,焊篮,2018-02-14,1.5,-8.6,10.3,,1.3,74,3.7,,
226,焊篮,2018-02-15,-.1,-4.9,6.2,,1.6,47.4,9,,
226,焊篮,2018-02-16,-.9,-8,6.3,,1.7,51,8.6,,
226,焊篮,2018-02-17,-2.3,-6.2,3.1,,2.6,36.5,8.8,,
226,焊篮,2018-02-18,-1.7,-7,4.9,,.7,46.8,1.6,,
226,焊篮,2018-02-19,.3,-7.3,9,,.9,51.5,6.9,,
226,焊篮,2018-02-20,.3,-7.4,7.9,,1.4,53.4,7,,
226,焊篮,2018-02-21,-1.4,-7.5,5.1,,1.4,38.5,8,,
226,焊篮,2018-02-22,-2.6,-10.5,7.4,,1,60.4,7.6,,
226,焊篮,2018-02-23,3.4,-6.1,9.6,1.5,1.4,72.4,1.3,,
226,焊篮,2018-02-24,4.8,-.2,11.4,,1.3,51.1,7.1,,
226,焊篮,2018-02-25,2.8,-3.7,11.2,,1.1,45.4,6.9,,
226,焊篮,2018-02-26,1.3,-8,12.1,,.7,46.1,10,,
226,焊篮,2018-02-27,3.6,-6.3,13.7,,.8,48.6,6.5,,
226,焊篮,2018-02-28,4.1,.6,8.8,24,2.2,76.3,0,,
226,焊篮,2018-03-01,1.5,-3,4.5,2.5,4,65,7.2,,
226,焊篮,2018-03-02,-.4,-7.8,8.8,,1.3,51.9,10.2,,
226,焊篮,2018-03-03,5.4,-5.1,17.8,,.8,57.6,9.9,,
226,焊篮,2018-03-04,12.9,3,22.4,10,1.7,66.8,4.6,,
226,焊篮,2018-03-05,5.3,1.1,13.9,16.5,1.6,86,0,,
226,焊篮,2018-03-06,4.4,-2.5,12.7,,1,67,8.6,,
226,焊篮,2018-03-07,4.2,.2,8.5,4,1.9,72.1,1.3,,
226,焊篮,2018-03-08,2.5,.4,5.4,10,1.2,90,0,,
226,焊篮,2018-03-09,2.1,-2.4,7.6,.5,1,81,.3,,
226,焊篮,2018-03-10,3.4,-3.6,11.3,,1.2,71.1,8.5,,
226,焊篮,2018-03-11,5.8,.1,14.1,,1,62.8,8.2,,
226,焊篮,2018-03-12,6.7,-3.3,18.4,,1,62.3,10.1,,
226,焊篮,2018-03-13,10.8,-.8,21.2,,1.3,65.5,8.1,,
226,焊篮,2018-03-14,13.8,3.1,24.1,,1,65.8,10.2,,
226,焊篮,2018-03-15,11.8,8.6,14.1,14.5,.4,95.6,0,,
226,焊篮,2018-03-16,4.4,.1,11.1,1.5,2.3,72.8,.9,,
226,焊篮,2018-03-17,4.7,-4.1,13.9,,1.1,63.6,10.1,,
226,焊篮,2018-03-18,6.6,-.8,12,4.5,.6,79,0,,
226,焊篮,2018-03-19,7.5,3.8,11.2,24,1.7,85.9,0,,
226,焊篮,2018-03-20,4.6,1.9,9.3,,2.9,50.8,2.2,,
226,焊篮,2018-03-21,.7,-.9,2.6,5.5,1.8,90.8,0,,
226,焊篮,2018-03-22,4.6,0,11.7,,2.1,67.8,8.3,,
226,焊篮,2018-03-23,5.2,-3.4,13.9,,1,65.8,10.5,,
226,焊篮,2018-03-24,7.2,-1.4,15.7,,1.3,70.4,7.3,,
226,焊篮,2018-03-25,8.9,-.5,19.3,,1.2,67,8.5,,
226,焊篮,2018-03-26,10.4,.6,20.4,,1.3,67.8,10.4,,
226,焊篮,2018-03-27,12.2,2.1,21.9,,1.3,65,10,,
226,焊篮,2018-03-28,13.3,3.8,22.3,,1.4,64.8,9.9,,
226,焊篮,2018-03-29,13.8,7.1,22,,1,66.8,2.7,,
226,焊篮,2018-03-30,13,6.5,20.8,,1.7,51.8,9.2,,
226,焊篮,2018-03-31,13.7,4.7,23.1,,1.2,60.1,9.8,,
226,焊篮,2018-04-01,14.1,6.5,21.4,,.9,73.1,.4,,
226,焊篮,2018-04-02,16.6,9,25.3,,1.2,69.3,7.7,,
226,焊篮,2018-04-03,17.3,8.6,25.6,,1.2,68,5,,
226,焊篮,2018-04-04,11.3,7.5,16.8,19,1.6,86.3,0,,
226,焊篮,2018-04-05,6.9,5.9,7.7,16.5,1.8,89.9,0,,
226,焊篮,2018-04-06,7.1,2.8,13.3,18.5,2.9,70.9,5.8,,
226,焊篮,2018-04-07,4.5,2,9.1,,4.5,43.5,8.2,,
226,焊篮,2018-04-08,7.4,-2.2,12.9,,2.4,53,7.4,,
226,焊篮,2018-04-09,10.3,4.4,17.8,,1.5,54.6,11.2,,
226,焊篮,2018-04-10,14.5,.7,23.5,.2,3,54.8,9.1,,
226,焊篮,2018-04-11,14.8,6.7,21.1,14.5,3.1,53.3,10.4,,
226,焊篮,2018-04-12,11.6,1.3,21.5,,2,44.5,11.8,,
226,焊篮,2018-04-13,11.4,2,18.7,,2.3,44.6,2.4,,
226,焊篮,2018-04-14,8.6,6.5,11.3,26,2.1,84.9,0,,
226,焊篮,2018-04-15,9.8,5.6,16.4,,2.7,68.1,4.7,,
226,焊篮,2018-04-16,10.2,1,19,,.9,65.9,10.3,,
226,焊篮,2018-04-17,12.4,5.3,20.5,,1,60.3,10.4,,
226,焊篮,2018-04-18,12.3,2.7,21.9,,1.1,54.5,11.7,,
226,焊篮,2018-04-19,14.1,2.7,24.1,,1.4,46.1,11.7,,
226,焊篮,2018-04-20,17.6,5.7,30.3,,.8,54,11.5,,
226,焊篮,2018-04-21,18.4,7.5,30,,1.2,49.1,11.7,,
226,焊篮,2018-04-22,13.8,7.7,19.8,1,1.3,67.9,.7,,
226,焊篮,2018-04-23,10.5,9.8,14.6,40,3.2,85.8,0,,
226,焊篮,2018-04-24,10.7,6.8,13.5,3.5,1.3,85.4,0,,
226,焊篮,2018-04-25,12.1,1.7,22,,.9,60,12,,
226,焊篮,2018-04-26,13.8,3.5,23.7,,1.1,58.8,9.7,,
226,焊篮,2018-04-27,14.3,5.5,22.5,,1.1,63,10.7,,
226,焊篮,2018-04-28,14.7,6.3,24.3,,1.3,57,11.4,,
226,焊篮,2018-04-29,14.6,3.1,25.8,,1.1,54.8,11.5,,
226,焊篮,2018-04-30,18.2,9.6,26.7,,1.1,64.5,9,,
226,焊篮,2018-05-01,19.3,12.3,26.5,0,1.3,76.4,6.4,,
226,焊篮,2018-05-02,15.5,10.3,18.3,17,1.8,88.4,.1,,
226,焊篮,2018-05-03,11.2,6.5,17.5,.4,3.1,63.3,8.8,,
226,焊篮,2018-05-04,13.9,3.8,21.7,,2.6,45.1,12.1,,
226,焊篮,2018-05-05,17.2,7.4,25.7,,1.6,46.4,10.1,,
226,焊篮,2018-05-06,14.8,13.3,16.4,21.5,.5,96.3,0,,
226,焊篮,2018-05-07,16,12.6,21.2,3,.9,86.5,1.7,,
226,焊篮,2018-05-08,14.7,10.6,19,,2.2,68.4,2.3,,
226,焊篮,2018-05-09,13.2,5.2,22.1,,1.5,66.5,10.9,,
226,焊篮,2018-05-10,14.5,6.2,23.4,,1.1,70.6,8.9,,
226,焊篮,2018-05-11,16.5,8,24.2,,1.3,60,8.4,,
226,焊篮,2018-05-12,14.8,12.6,17.1,20.5,1.1,91.1,0,,
226,焊篮,2018-05-13,16.9,12.2,22.2,2.5,1.4,83.1,6,,
226,焊篮,2018-05-14,18.9,11.9,27.2,,1,73.6,9.8,,
226,焊篮,2018-05-15,21.4,12.3,30.1,,.5,69.4,8.5,,
226,焊篮,2018-05-16,23.4,19.5,26.4,.5,1.2,83.1,0,,
226,焊篮,2018-05-17,25.2,22.1,30.2,1.5,1.3,80.1,2.1,,
226,焊篮,2018-05-18,20,15.3,23.8,3.5,1.4,90.5,0,,
226,焊篮,2018-05-19,15.6,10.3,20.8,,2.2,62.9,9.1,,
226,焊篮,2018-05-20,15.7,9.2,22,,2.4,49,6.6,,
226,焊篮,2018-05-21,14.9,9.4,19.8,,2.1,72.9,4.3,,
226,焊篮,2018-05-22,17.2,10.2,24.8,7.5,1,79.3,4.8,,
226,焊篮,2018-05-23,17.8,10.2,23.9,21.5,2,67.8,11.2,,
226,焊篮,2018-05-24,16.8,7.3,26.5,,1.2,65.3,12,,
226,焊篮,2018-05-25,18,8.4,27.3,,.8,62.4,8.6,,
226,焊篮,2018-05-26,19.9,9.1,31.1,,.9,61.9,12.5,,
226,焊篮,2018-05-27,19.5,13.4,26.4,,.8,68,1.3,,
226,焊篮,2018-05-28,21.7,11.9,29.2,0,1.2,65.4,10.3,,
226,焊篮,2018-05-29,22.3,16,28.6,,1,72.1,7,,
226,焊篮,2018-05-30,20.8,14.3,28,4.5,1.3,74.3,3.7,,
226,焊篮,2018-05-31,18.9,11.1,26.6,,1.4,70.8,12.6,,
226,焊篮,2018-06-01,21.6,13.3,30.8,,1.2,64.8,12.8,,
226,焊篮,2018-06-02,21.4,12.7,31.2,,1.1,57.9,12.2,,
226,焊篮,2018-06-03,21.1,11.8,30.9,,.9,58.3,11.3,,
226,焊篮,2018-06-04,21.6,13.7,29.2,0,1,61.8,6.9,,
226,焊篮,2018-06-05,21.4,17.4,27.3,1,1.3,73.8,6.2,,
226,焊篮,2018-06-06,22.9,15.7,30.7,,1,69.8,10.6,,
226,焊篮,2018-06-07,22.9,16.3,30.5,,1.1,71.3,10.2,,
226,焊篮,2018-06-08,20.9,16.9,26.6,,1.3,75.4,5,,
226,焊篮,2018-06-09,20.6,15.1,25.9,.2,1.9,69.1,8.6,,
226,焊篮,2018-06-10,19.4,17.3,23.1,.1,2.2,66.3,2.4,,
226,焊篮,2018-06-11,18.6,16.5,21.9,,1.9,71,.7,,
226,焊篮,2018-06-12,20.6,15.9,27.2,,.9,72,4.4,,
226,焊篮,2018-06-13,20.9,15.3,27.1,,1.4,70.1,5.4,,
226,焊篮,2018-06-14,20.4,17.5,26.8,,2.4,66,7.8,,
226,焊篮,2018-06-15,19.6,15.6,25.4,,2.4,58.3,11.9,,
226,焊篮,2018-06-16,19,12.8,25.9,,2.1,64.4,12.6,,
226,焊篮,2018-06-17,21,12.7,27.8,,.8,69.8,4.8,,
226,焊篮,2018-06-18,24.5,17.4,32.5,,.9,61.9,8.9,,
226,焊篮,2018-06-19,20,17.3,24.5,1.5,.6,85.3,0,,
226,焊篮,2018-06-20,21.5,17,29.1,.1,1.3,71.4,8,,
226,焊篮,2018-06-21,21.9,15.4,30,,1.5,60.6,10,,
226,焊篮,2018-06-22,22.9,12.6,33,,1,56.3,8.5,,
226,焊篮,2018-06-23,23.1,17.5,31.1,,1.3,56.1,7.4,,
226,焊篮,2018-06-24,24.9,16.7,33.5,,1.3,60.8,10.5,,
226,焊篮,2018-06-25,24.5,16.1,32.9,,.6,64.3,5.6,,
226,焊篮,2018-06-26,22.4,19.7,25.8,43.5,1,88.4,0,,
226,焊篮,2018-06-27,25.3,21.4,31,25.5,1.4,78.3,6.2,,
226,焊篮,2018-06-28,23.7,21.1,26.7,,1.2,83.4,0,,
226,焊篮,2018-06-29,24.7,20.3,31.3,.4,.9,78,7.1,,
226,焊篮,2018-06-30,23.5,20.9,27.7,3,1.5,83.6,.1,,
226,焊篮,2018-07-01,21,19.6,24,87.5,1.1,94.5,0,,
226,焊篮,2018-07-02,21.5,19.9,25.4,56,.8,95.5,.3,,
226,焊篮,2018-07-03,24.5,21,29.5,.1,1.3,80.6,1.2,,
226,焊篮,2018-07-04,24.6,21.2,32.3,13,1,84,5.3,,
226,焊篮,2018-07-05,24.9,22.2,29.1,.3,1.5,80.4,4.9,,
226,焊篮,2018-07-06,21.6,18.7,24.1,1.5,1.8,78.5,.4,,
226,焊篮,2018-07-07,20.9,15.4,26.9,,2.2,71.5,10.5,,
226,焊篮,2018-07-08,20.1,15,24.6,,2.1,71.1,6.4,,
226,焊篮,2018-07-09,19.4,18.1,20.1,31,1.3,87.1,0,,
226,焊篮,2018-07-10,24.1,19.6,29.4,,1.4,82.6,4.3,,
226,焊篮,2018-07-11,26.5,22.1,32.4,,.5,83.5,2.1,,
226,焊篮,2018-07-12,27.4,23.2,33.1,,.8,79.3,6.8,,
226,焊篮,2018-07-13,27.5,23.4,33,,.9,76.1,7.4,,
226,焊篮,2018-07-14,27.6,23,33.7,,1,74.5,9.1,,
226,焊篮,2018-07-15,27.8,22.5,34.2,,.9,73.9,12.5,,
226,焊篮,2018-07-16,27.9,21.7,34.4,,.9,75.4,11.3,,
226,焊篮,2018-07-17,27.3,23.1,33.9,,1.1,74.5,10.7,,
226,焊篮,2018-07-18,27.6,22.1,33.6,,.9,74.8,10.8,,
226,焊篮,2018-07-19,28,22.4,34.8,,1,72.6,12.1,,
226,焊篮,2018-07-20,28.1,21.4,35.6,,.7,74.1,12.2,,
226,焊篮,2018-07-21,29.3,22.5,36.6,,.8,72.1,11.5,,
226,焊篮,2018-07-22,29.3,23,36.5,,.8,74,9.2,,
226,焊篮,2018-07-23,29,23.9,35.5,,.9,72,11.2,,
226,焊篮,2018-07-24,29.6,23,37.3,,.8,73,9.4,,
226,焊篮,2018-07-25,29.8,26.3,35.1,,1,72.4,8.6,,
226,焊篮,2018-07-26,29.2,23.7,34.9,,.9,72.3,11.3,,
226,焊篮,2018-07-27,30.1,24.2,36.7,,1,72.5,10.6,,
226,焊篮,2018-07-28,27,24.7,34.9,35.5,.7,88.4,3.4,,
226,焊篮,2018-07-29,28.7,23.5,35.3,,1.6,70.3,10.7,,
226,焊篮,2018-07-30,27.8,22.5,34.2,0,1.1,71.3,6,,
226,焊篮,2018-07-31,28.6,21.5,36.4,,1.1,69.8,12,,
226,焊篮,2018-08-01,29.3,22,36.8,,1.1,69.1,12.5,,.8
226,焊篮,2018-08-02,29.4,22.4,36.3,,1.4,67.4,12.3,,1.8
226,焊篮,2018-08-03,29.9,23.5,36.9,,1,69.1,10.5,,3.8
226,焊篮,2018-08-04,29,24.4,34.8,,1.1,74.4,5.9,,4.8
226,焊篮,2018-08-05,28.6,24.3,34.5,0,1.3,75.6,5.4,,6.3
226,焊篮,2018-08-06,28.5,23.9,34.2,0,1.1,76.3,4.7,,6.9
226,焊篮,2018-08-07,29.4,24.6,35.2,,1.4,69.9,8.2,,5.1
226,焊篮,2018-08-08,29.6,25.1,35.7,,1.2,69.4,8.9,,4
226,焊篮,2018-08-09,28.3,23.4,35.5,.5,.9,75.4,5.7,,6
226,焊篮,2018-08-10,28.4,25.4,33.6,.5,1.7,76.8,6.2,,6
226,焊篮,2018-08-11,27.5,24.2,31.4,,1.7,71.3,3.3,,7.8
226,焊篮,2018-08-12,27.9,22.8,32.8,,1.5,73,9,,6.1
226,焊篮,2018-08-13,29.4,23.4,38,1.5,1,74.5,9.7,,5.9
226,焊篮,2018-08-14,29.9,23.4,37.7,,.8,71.9,10.7,,6
226,焊篮,2018-08-15,30.2,22.8,38.2,,1.6,61.9,10.6,,4.8
226,焊篮,2018-08-16,26.9,22.8,33.7,,1.9,66.6,5.6,,7.1
226,焊篮,2018-08-17,24.4,19.4,30.1,,2.4,56.5,10.4,,3.6
226,焊篮,2018-08-18,22.8,15,30.6,,1.4,64.3,11.1,,3.4
226,焊篮,2018-08-19,24.8,16.7,33.9,,.9,64,10.3,,6.6
226,焊篮,2018-08-20,26.2,18.6,33.7,,1.4,66,8,,6.3
226,焊篮,2018-08-21,25.9,21.1,32.7,0,1.3,72.3,3.2,,6.3
226,焊篮,2018-08-22,28.7,20.4,36.8,,2,65.3,9.6,,5.4
226,焊篮,2018-08-23,28.1,24.5,33.3,4,2.6,68.6,.8,,9.5
226,焊篮,2018-08-24,24.7,21.9,27.1,19,2.3,85.3,.1,,8.5
226,焊篮,2018-08-25,24.2,21.3,28.6,,.8,78.1,.6,,9.1
226,焊篮,2018-08-26,20,18.8,22.8,50.5,1.1,91.3,0,,9.4
226,焊篮,2018-08-27,22.5,19.2,25.4,77.5,.7,95.1,0,,9.6
226,焊篮,2018-08-28,25.3,23.1,29.5,62,.7,90.5,.9,,8.4
226,焊篮,2018-08-29,26.6,22.8,32.8,.5,.9,80.4,5.7,,8.1
226,焊篮,2018-08-30,25.4,23.2,30,117,1.1,88.9,2.2,,7.8
226,焊篮,2018-08-31,21.4,18.6,26.2,53,1.1,89.9,4.1,,7.8
226,焊篮,2018-09-01,23.2,18.8,29.2,,1.5,73.3,10.4,,4.5
226,焊篮,2018-09-02,21.7,15.9,26.3,,1.7,76.3,6,,4.8
226,焊篮,2018-09-03,23.5,20.8,28.2,64,1.5,85.1,1.7,,8.5
226,焊篮,2018-09-04,22.9,18.5,27.8,26.5,1.9,76.6,8.2,,5
226,焊篮,2018-09-05,21.4,15.6,28.7,,1.3,71.4,9.9,,4.5
226,焊篮,2018-09-06,21.2,15.8,26.7,.1,.7,80.6,2,,8.1
226,焊篮,2018-09-07,20.3,15.3,26.2,1.5,1.1,79.4,2.7,,8.8
226,焊篮,2018-09-08,18.1,11.2,27.2,,.8,73.8,10.7,,1.4
226,焊篮,2018-09-09,19.5,11.7,27.8,,.8,70.3,11.6,,.3
226,焊篮,2018-09-10,19.5,13.4,25.8,,1.2,68.6,10,,2.1
226,焊篮,2018-09-11,18.2,10.9,24.2,,1.4,68.5,5,,6.4
226,焊篮,2018-09-12,20,12,26.5,,1.1,74.8,8.8,,5.3
226,焊篮,2018-09-13,19.3,16.7,23.6,,.7,85.6,.1,,9.3
226,焊篮,2018-09-14,20.6,17.3,22.5,6.5,.9,88,0,,9
226,焊篮,2018-09-15,21,18.6,22.9,2,.8,88.5,0,,8.5
226,焊篮,2018-09-16,21.6,18.7,24.5,.5,.5,86.3,.1,,9.4
226,焊篮,2018-09-17,20.9,15,27.3,.1,.7,76.1,8.4,,5.4
226,焊篮,2018-09-18,19,13.1,27.3,,.7,76.1,9.2,,5.6
226,焊篮,2018-09-19,19.1,13.5,24.3,,.3,78.6,.2,,9.6
226,焊篮,2018-09-20,19.4,17.9,21.2,1.5,.9,84.6,0,,8.9
226,焊篮,2018-09-21,18.6,17.5,20.6,32,.7,91,0,,8.5
226,焊篮,2018-09-22,19.3,12.7,25.5,,.9,77.8,7.7,,4
226,焊篮,2018-09-23,16.7,11,25.6,0,1,80.9,7.1,,6.5
226,焊篮,2018-09-24,14.5,9,22.3,,.9,75.6,7.6,,5.4
226,焊篮,2018-09-25,14.5,6.3,23.3,,.9,72.1,9.1,,3.5
226,焊篮,2018-09-26,16,10.3,23,,1.1,72.3,4.4,,5.1
226,焊篮,2018-09-27,15.2,7.6,24.4,,.8,74.3,8.8,,2.8
226,焊篮,2018-09-28,14.7,8.3,20.2,,.7,81.6,1.7,,7.4
226,焊篮,2018-09-29,17.9,10.3,25.3,,1.2,74.3,10.1,,6.3
226,焊篮,2018-09-30,17.4,11.4,25.3,,1.9,65.3,10.4,,1
226,焊篮,2018-10-01,13.8,9.2,19.3,4.5,1.5,77.5,4,,7
226,焊篮,2018-10-02,13.2,6.7,21.5,,.8,80.5,9.3,,.6
226,焊篮,2018-10-03,13,6.1,23.6,,.6,79.5,7.8,,2.6
226,焊篮,2018-10-04,17.5,8,25.5,,1.4,69.6,8.2,,6.5
226,焊篮,2018-10-05,17,15.4,18.6,47.5,.9,95.1,0,,10
226,焊篮,2018-10-06,17.6,14.6,21.1,25.5,2.3,88.9,.9,,8.4
226,焊篮,2018-10-07,16,8.7,23.7,,.9,77.8,8.7,,3
226,焊篮,2018-10-08,11.4,5.7,20.6,,.6,75,8.1,,4.1
226,焊篮,2018-10-09,12.8,6.1,19.7,,.9,79.1,1.5,,9.5
226,焊篮,2018-10-10,11.8,5,17.1,.5,2,71.6,4.9,,7.4
226,焊篮,2018-10-11,8.4,1.5,15.5,,1.5,69.8,9,,2.9
226,焊篮,2018-10-12,8,1,17.3,,.7,73.5,10.1,,0
226,焊篮,2018-10-13,9.5,.6,20.2,,.6,79.4,9.3,,4
226,焊篮,2018-10-14,10.6,3.8,20.3,,.5,78.4,7.8,,6.8
226,焊篮,2018-10-15,11.3,4.4,20.6,,.5,82.9,7.4,,4.6
226,焊篮,2018-10-16,11.4,7.2,17.6,,.5,86,.6,,7.6
226,焊篮,2018-10-17,9.7,4.6,19.2,,.6,78.9,6.5,,2.8
226,焊篮,2018-10-18,8.8,.7,17.5,.3,1,80.3,5.5,,5.6
226,焊篮,2018-10-19,9.8,4.2,18.6,,.9,78.3,9.5,,1.4
226,焊篮,2018-10-20,9,1.5,21.6,,.5,78.3,8,,4
226,焊篮,2018-10-21,8.8,.7,21.6,,.3,71.4,9.5,,1.5
226,焊篮,2018-10-22,10.9,3.4,20.3,,.3,74.8,5,,8.4
226,焊篮,2018-10-23,9.8,4.3,18.7,1,.5,87.3,2.1,,4.6
226,焊篮,2018-10-24,9.3,3.7,19.3,,.8,79.5,7.8,,3.3
226,焊篮,2018-10-25,9.3,2.1,21.2,,.6,73.9,6.8,,6.9
226,焊篮,2018-10-26,9.5,5.6,11.4,13.5,.7,90.3,0,,9.3
226,焊篮,2018-10-27,8.3,2.9,13.5,.5,2.2,71.3,5,,5.1
226,焊篮,2018-10-28,7.3,1.3,14.1,15,1.1,87.6,3.9,,5.4
226,焊篮,2018-10-29,7.5,2.7,13.2,,1.4,81,1.6,,3.8
226,焊篮,2018-10-30,4.4,-2.1,12.1,,1.3,73.6,9.5,,1.1
226,焊篮,2018-10-31,5.8,-.4,13.6,,1,71.9,8.9,,1.6
226,焊篮,2018-11-01,4.8,-2.5,15.8,,.6,74.6,9.3,,0
226,焊篮,2018-11-02,6.1,-2.2,19.1,,.4,72,9.1,,0
226,焊篮,2018-11-03,6.9,-1.6,20.1,,.4,73.1,8.8,,.5
226,焊篮,2018-11-04,7.3,-1.1,19.8,,.7,69.6,8.7,,3.1
226,焊篮,2018-11-05,7.2,-1,18.7,,.3,75,7.8,,5.1
226,焊篮,2018-11-06,9.5,1.2,20.8,,.3,76.4,6.5,,5.1
226,焊篮,2018-11-07,11.3,8.3,13.8,1.5,.1,93.3,0,,8.4
226,焊篮,2018-11-08,13.9,11.2,15.6,40,2.2,90.9,0,,8.9
226,焊篮,2018-11-09,10.7,4.6,16,1,1.8,78.9,2.3,,6.4
226,焊篮,2018-11-10,8.5,4.1,17.8,,.4,87.5,2.4,,5.8
226,焊篮,2018-11-11,7.9,2.7,12.7,.1,.4,84.4,.4,,8.3
226,焊篮,2018-11-12,7.2,1.5,15.1,,1,70.1,8.5,,1.8
226,焊篮,2018-11-13,6.1,-.8,16.9,,.6,80.8,5.6,,3.9
226,焊篮,2018-11-14,6.6,-.1,16.7,,.3,80.4,7.8,,3.6
226,焊篮,2018-11-15,5.9,-1,16.9,,.3,78.3,7.6,,4.3
226,焊篮,2018-11-16,7.5,1.6,14.7,,.4,76.5,1,,7.4
226,焊篮,2018-11-17,4.8,-1.1,14.7,,.7,70.3,6.2,,5.5
226,焊篮,2018-11-18,3,-2.2,10.9,,.5,76.4,1.8,,8
226,焊篮,2018-11-19,5.9,-1.5,13.8,,.6,67.3,7,,3.9
226,焊篮,2018-11-20,2.9,-3.4,13.8,,.4,61.8,8,,.1
226,焊篮,2018-11-21,2.4,-3,9.4,.1,1.4,78,.2,,9.6
226,焊篮,2018-11-22,1.7,-3.4,7.9,,1.7,61.3,7.9,,1.3
226,焊篮,2018-11-23,-.4,-6.2,7.9,,.6,56.6,7,,2.5
226,焊篮,2018-11-24,.9,-4.6,3.8,9.5,.7,87.3,.3,,7.1
226,焊篮,2018-11-25,4,-1,12.3,,.8,84.5,3.2,,5.8
226,焊篮,2018-11-26,2.9,-2.7,14.9,,.3,81.8,5.8,,.4
226,焊篮,2018-11-27,5.8,-3,13.9,,.5,81.8,3.7,,4.3
226,焊篮,2018-11-28,3.3,-2.1,11.1,,.8,52.8,3.4,,5.1
226,焊篮,2018-11-29,3.1,-4.6,10.4,,.5,58.3,4.2,,2.8
226,焊篮,2018-11-30,3.1,-2.5,11.1,,.8,63,7.7,,1.3
226,焊篮,2018-12-01,2.2,-3,11.3,,.5,74.1,4.5,,7.5
226,焊篮,2018-12-02,5.9,-2.8,14.9,,.8,76.8,5.6,,5.9
226,焊篮,2018-12-03,10.3,5.5,13,15,.3,95.9,0,,9
226,焊篮,2018-12-04,8.7,2.7,13.6,17.5,2.1,84.1,.7,,8.6
226,焊篮,2018-12-05,1,-3.4,5.6,,1,67.8,3.6,,6.4
226,焊篮,2018-12-06,1.6,0,4.2,1,1.4,81.5,.2,,9
226,焊篮,2018-12-07,-4.9,-8.7,1.5,0,4.5,50.6,7.7,,4.6
226,焊篮,2018-12-08,-7.6,-11.3,-2.5,,1.7,57.8,6.4,,2.4
226,焊篮,2018-12-09,-6.9,-12.9,-1,,1.1,52.6,7.7,,1.4
226,焊篮,2018-12-10,-4.7,-12,5.4,,.5,56.4,7.6,,2.3
226,焊篮,2018-12-11,-1.5,-6.2,.7,3.5,.3,86.6,0,,9.6
226,焊篮,2018-12-12,-4.6,-9.3,2.4,,1,70.6,7.6,,0
226,焊篮,2018-12-13,-3.5,-10.8,3.4,.5,1.6,76.9,1.7,,5.3
226,焊篮,2018-12-14,-5.9,-11.8,1.5,,.8,67.8,7.7,,.3
226,焊篮,2018-12-15,-5,-13.2,5,,.3,68,7,,3.9
226,焊篮,2018-12-16,-1.6,-7,4.7,,.3,77.5,1.8,,7.4
226,焊篮,2018-12-17,1.7,-2.9,6.1,.5,1.5,69.4,6.8,,3.5
226,焊篮,2018-12-18,-.7,-6.7,7.7,,.7,81.1,4.3,,2.3
226,焊篮,2018-12-19,2.6,-3.8,11.6,0,.6,75,6.7,,5.4
226,焊篮,2018-12-20,1.4,-4.3,10.8,,.2,72.3,3.2,,5.4
226,焊篮,2018-12-21,1.9,-6.4,10,,.2,72.6,3.6,,3.3
226,焊篮,2018-12-22,4.8,-1.9,13,,.4,71.4,7.2,,4.8
226,焊篮,2018-12-23,4.2,-2,9.7,,2.5,53,7.4,,2.5
226,焊篮,2018-12-24,-3.4,-8.8,3.7,,.8,59.6,7.5,,.9
226,焊篮,2018-12-25,-2.9,-9.5,3.5,,.3,72.6,2.2,,7.1
226,焊篮,2018-12-26,.4,-2.7,5.5,,1.9,52.4,6.6,,6.1
226,焊篮,2018-12-27,-7.2,-9.1,-2.7,,3.9,38,7.7,,2.9
226,焊篮,2018-12-28,-10,-14.5,-4.8,,2.3,57.9,7.3,,2.1
226,焊篮,2018-12-29,-7.7,-14.8,-2.2,,2.1,52.1,7.7,,2.8
226,焊篮,2018-12-30,-7.5,-14.5,-.3,,.8,55.3,7.6,,2.5
226,焊篮,2018-12-31,-7.1,-15.7,2.9,,.9,57,7.7,,.3
226,焊篮,2019-01-01,-3.2,-8.2,.1,0,1.9,66,1.4,,6.6
226,焊篮,2019-01-02,-5.7,-11.6,1.8,,1.1,62,7.4,,1.1
226,焊篮,2019-01-03,-5.9,-13.1,3.8,,.4,57.5,7.6,,0
226,焊篮,2019-01-04,-4,-12.3,4.4,,.6,63.8,4.1,,4.1
226,焊篮,2019-01-05,-2.4,-9,3.9,,1.3,54.8,7.5,,2.9
226,焊篮,2019-01-06,-4.9,-10.5,4.5,,.6,56.8,7.2,,3.9
226,焊篮,2019-01-07,-3.9,-11.4,4.1,,1,68.4,6.8,,3.3
226,焊篮,2019-01-08,-3.5,-8.1,2.8,,2.4,57.5,7.7,,3
226,焊篮,2019-01-09,-6.1,-13.1,2.8,,.6,51.3,5.1,,6.6
226,焊篮,2019-01-10,-2.3,-7,2.2,,1.2,62.1,0,,6.1
226,焊篮,2019-01-11,1.2,-6.2,9,,.7,65.3,5.8,,7.1
226,焊篮,2019-01-12,2.3,-2.3,9,.2,.6,73.1,3.1,,4.5
226,焊篮,2019-01-13,-1,-7.2,8.4,,.5,72.1,7.7,,0
226,焊篮,2019-01-14,-1.9,-8.2,6.3,,.4,81.6,2.8,,7.8
226,焊篮,2019-01-15,-1.3,-6.1,4.3,.5,2.4,72.1,2,,6.9
226,焊篮,2019-01-16,-6,-12.3,.2,,1.5,60.5,7,,4.1
226,焊篮,2019-01-17,-1,-6.4,4.3,,1.6,61.9,2.4,,4.8
226,焊篮,2019-01-18,-2.6,-9.9,6.8,,.7,70,7.6,,2.6
226,焊篮,2019-01-19,.4,-6.8,8.8,,.3,60.9,4,,8.1
226,焊篮,2019-01-20,-.1,-4.7,3.2,,3.1,50.1,8,,1
226,焊篮,2019-01-21,-1.3,-11.2,6,,1.6,59,5,,2
226,焊篮,2019-01-22,.9,-4.8,8.8,,1,67,6.1,,2.3
226,焊篮,2019-01-23,-.1,-6.8,8.5,,1.8,61.4,7.5,,2.1
226,焊篮,2019-01-24,-2.6,-10.2,7.2,,.8,49.3,8.3,,0
226,焊篮,2019-01-25,-3.3,-10,4.9,,1.9,47.6,8.1,,.6
226,焊篮,2019-01-26,-5,-11.8,2.7,,1.7,49,8.6,,0
226,焊篮,2019-01-27,-3.5,-13.1,6,,.8,62.8,8.4,,2.3
226,焊篮,2019-01-28,.7,-6.3,5.6,.2,2.3,59.5,6.6,,3.6
226,焊篮,2019-01-29,-2.8,-11.4,8.8,,.5,55.6,8.5,,3
226,焊篮,2019-01-30,1,-7.6,9.4,,.9,52.6,5,,8.1
226,焊篮,2019-01-31,-.8,-6.6,2.1,,1.6,53.9,2.6,,7
226,焊篮,2019-02-01,-3.6,-11.7,3.9,,1.4,59.8,5.4,,2
226,焊篮,2019-02-02,-1.2,-9.9,8.2,,.5,70,4.6,,5.6
226,焊篮,2019-02-03,3.8,.4,8.2,22,1.5,92.9,0,,9.1
226,焊篮,2019-02-04,.4,-3.8,5.9,,2.3,52.5,8.6,,2
226,焊篮,2019-02-05,.5,-7.4,11.1,,.4,61.4,7.8,,4.4
226,焊篮,2019-02-06,4.3,-4.1,12.9,,.7,65.9,5.6,,7.1
226,焊篮,2019-02-07,.7,-6,6.1,.1,2.9,57.3,6.8,,4.9
226,焊篮,2019-02-08,-3.4,-8.1,2.9,,1.7,42.3,8.1,,8.4
226,焊篮,2019-02-09,-3.6,-7,.4,,2.7,45.1,9.1,,5.5
226,焊篮,2019-02-10,-3.2,-10,3.2,,1.1,42.3,5.2,,7.5
226,焊篮,2019-02-11,-2.9,-7.1,3,,2.4,47.9,9.4,,1
226,焊篮,2019-02-12,-2.2,-9.6,5.3,,.8,59.6,5.9,,6.1
226,焊篮,2019-02-13,-2,-7.9,4.3,,1.6,52.1,9.2,,3.4
226,焊篮,2019-02-14,-.2,-6.1,7.2,,.9,56.4,8.6,,7.1
226,焊篮,2019-02-15,.7,-2.3,4.3,,1.7,67.1,1,,9.5
226,焊篮,2019-02-16,-2.2,-6.6,1.7,.2,2.5,69.1,5.4,,5.6
226,焊篮,2019-02-17,-2.4,-9.6,5.4,,1.3,57,9.5,,1.4
226,焊篮,2019-02-18,.4,-7.9,7.6,,.5,55.5,4.7,,9.3
226,焊篮,2019-02-19,1.6,.2,4,16.5,1,93,0,,9.5
226,焊篮,2019-02-20,1.2,-3,5.3,,1.9,77.3,2,,7
226,焊篮,2019-02-21,.8,-4.4,8.8,,.6,76,7.1,,5.5
226,焊篮,2019-02-22,2.1,-3.9,10.7,,.7,70.6,6.4,,6.5
226,焊篮,2019-02-23,3,-4.5,13,,1,66.6,8.3,,4.6
226,焊篮,2019-02-24,4.5,-4.3,14.2,,1,68.6,9.6,,2
226,焊篮,2019-02-25,3.5,-2.4,12.7,,1.1,63.1,9.6,,2.6
226,焊篮,2019-02-26,3.1,-6.1,12.5,,.9,54,9.6,,3.4
226,焊篮,2019-02-27,5.2,.8,11.6,1,.9,76.8,.4,,9.5
226,焊篮,2019-02-28,4.6,-.7,13.1,,.9,74.3,4.8,,5.6
226,焊篮,2019-03-01,3.8,-4.2,13.3,,1.1,59.1,9.7,,
226,焊篮,2019-03-02,4.9,-4.8,15.8,,.8,57.1,7.3,,4.5
226,焊篮,2019-03-03,6.5,-2.7,15.2,,.6,57.4,5.6,,5.1
226,焊篮,2019-03-04,7.6,.9,16.5,,1.1,53.4,7.9,,4.5
226,焊篮,2019-03-05,6.4,-2.5,14.1,,.6,61.4,5.1,,6.6
226,焊篮,2019-03-06,7.9,2.7,15.4,,1.2,60.3,3.5,,5.3
226,焊篮,2019-03-07,5.7,-.2,12.2,,1.3,67.9,5.1,,4
226,焊篮,2019-03-08,4.6,-4.3,15.1,,.7,56.9,10.4,,.4
226,焊篮,2019-03-09,6.1,-4.9,16.8,,.7,47,8.9,,5.9
226,焊篮,2019-03-10,5.8,.1,11.3,1,.7,68.6,0,,7.6
226,焊篮,2019-03-11,4.2,-1.7,10.5,1,.9,84.3,1.4,,7.5
226,焊篮,2019-03-12,3.5,-2,10,3,2,80.1,.8,,4
226,焊篮,2019-03-13,1.6,-5.8,8.7,,2.7,49.5,9.2,,1.5
226,焊篮,2019-03-14,4.4,-6.2,12,,1.3,45.5,7.8,,4.5
226,焊篮,2019-03-15,6.2,1.4,11.8,1,2.3,68.3,4.2,,6.4
226,焊篮,2019-03-16,5.1,1.9,10.3,,1.2,65.1,3.6,,7.5
226,焊篮,2019-03-17,5.3,-1.3,13,,1.6,55.1,9,,3.4
226,焊篮,2019-03-18,5,-4.8,15.2,,.6,48.9,6.6,,7.8
226,焊篮,2019-03-19,8.6,-2,19.6,,.7,55.9,10.1,,1.6
226,焊篮,2019-03-20,10.2,1.9,17.7,10,1.5,72.1,0,,9.6
226,焊篮,2019-03-21,8.3,2.8,12.7,3.5,3.1,78.4,.4,,8.6
226,焊篮,2019-03-22,3.8,-.4,9.4,,2.5,54.3,9.7,,5.5
226,焊篮,2019-03-23,1.9,-4.5,10,3,1.8,68.5,7.1,,4
226,焊篮,2019-03-24,2.8,-5.1,11.6,,1.4,61,10.9,,.5
226,焊篮,2019-03-25,5,-3.4,14.6,,1.1,68.1,8.7,,3
226,焊篮,2019-03-26,7.7,-1.2,18.6,,1.2,56.8,8,,2.4
226,焊篮,2019-03-27,11.1,.3,21.1,,2.3,57.9,6.9,,6.9
226,焊篮,2019-03-28,11.2,5.9,17.3,,1.3,50.3,8.4,,7.3
226,焊篮,2019-03-29,10.8,2.9,17.7,,1.3,39.3,7.6,,5.4
226,焊篮,2019-03-30,4.9,2.3,10.7,6,2.4,75.4,1,,9.1
226,焊篮,2019-03-31,4,-.8,8.6,.5,3.2,55.1,4,,6.3
226,焊篮,2019-04-01,3.2,-3.9,9.9,,2.1,54.6,6.4,,3.4
226,焊篮,2019-04-02,4.7,-5,14,,1.8,46.6,11.6,,.1
226,焊篮,2019-04-03,5.2,-4.2,14.7,,1.5,45.4,11.6,,0
226,焊篮,2019-04-04,7.3,-4,18,,1.5,45.8,11.4,,.8
226,焊篮,2019-04-05,9.5,-.1,19.7,,1.8,51.3,6,,3.6
226,焊篮,2019-04-06,10.3,-1.2,20.8,,.9,42.3,6.2,,3.5
226,焊篮,2019-04-07,13.7,6.1,21.4,0,1.3,33.6,5.8,,6.6
226,焊篮,2019-04-08,10.5,1.1,19.1,,2,38.3,10.2,,3.6
226,焊篮,2019-04-09,8.9,4.1,14.8,34.5,2.7,51.5,1.7,,8.3
226,焊篮,2019-04-10,7,3.9,10.2,6,1.9,74.6,0,,8.1
226,焊篮,2019-04-11,8.4,2.1,15.6,,.9,66.8,6.9,,6.5
226,焊篮,2019-04-12,9.7,1,18.1,,1.3,54,10.6,,2.3
226,焊篮,2019-04-13,9.9,.4,19.2,,1.5,49.4,9.8,,6
226,焊篮,2019-04-14,8.2,4.1,14.2,1,2,62.5,2.1,,5.9
226,焊篮,2019-04-15,9.3,-1.6,20.4,,1.2,50.3,11.8,,0
226,焊篮,2019-04-16,12,-.3,23.6,,.8,42.8,10.4,,4.8
226,焊篮,2019-04-17,15,6.3,25,,1.1,45,11.3,,2.8
226,焊篮,2019-04-18,14.3,5.7,21.6,,1,62,5.5,,6.4
226,焊篮,2019-04-19,12,8.6,14.3,,.6,71.6,.4,,9.5
226,焊篮,2019-04-20,15.7,8.2,23.6,,.9,59.8,8.8,,4.8
226,焊篮,2019-04-21,16.8,12.4,22,,.6,70.4,1.1,,8
226,焊篮,2019-04-22,18.8,8.4,28.3,,.8,59.5,11.4,,3.1
226,焊篮,2019-04-23,16.9,11,21.9,3,.6,70.1,.8,,9.5
226,焊篮,2019-04-24,16.8,14.2,21.1,22.5,.1,88.9,1.3,,6.9
226,焊篮,2019-04-25,14.3,11.1,17.3,6,.8,82.9,0,,8.9
226,焊篮,2019-04-26,9.2,7.4,11.2,7.5,.7,87.8,0,,9
226,焊篮,2019-04-27,11,3.1,18.4,,1.2,67.1,8.4,,5.8
226,焊篮,2019-04-28,11,7,17.1,.3,.9,75.8,1.1,,9
226,焊篮,2019-04-29,9.3,5,15.3,20,.8,91.4,.5,,9.1
226,焊篮,2019-04-30,15.6,9.8,23.1,,1,76.6,5.3,,6.9
226,焊篮,2019-05-01,15,7.7,22.5,,2,64.1,10.2,,2.8
226,焊篮,2019-05-02,14.5,5.7,24.3,,1.7,59.6,12.3,,0
226,焊篮,2019-05-03,16,4.1,28.3,,1.3,54.1,11.8,,.3
226,焊篮,2019-05-04,17.3,6.5,27.9,,1.3,54.1,11.2,,3.4
226,焊篮,2019-05-05,17.2,8.4,28.2,,1.4,48.9,10,,2.6
226,焊篮,2019-05-06,13.4,5.5,20.1,,2.7,45.1,11.9,,1.5
226,焊篮,2019-05-07,12.8,1.7,22.2,,1.8,47,12.2,,0
226,焊篮,2019-05-08,13.8,2.6,23.3,,1.4,48.8,9.6,,6.1
226,焊篮,2019-05-09,15.5,8.4,23.7,,1.9,48.9,11.7,,4.4
226,焊篮,2019-05-10,17.1,4,28.3,,1.2,50.4,12.1,,2.5
226,焊篮,2019-05-11,18.9,8.6,29.5,,1.2,55.4,12,,2.1
226,焊篮,2019-05-12,18.9,9.5,28.1,,1.6,52.8,11.2,,2.5
226,焊篮,2019-05-13,18,8.6,26,,1.3,52.4,6.2,,7.6
226,焊篮,2019-05-14,19.3,10.7,28.1,,1.2,60.4,11.1,,2.6
226,焊篮,2019-05-15,20,13,28.7,,1.2,65.3,9,,4.8
226,焊篮,2019-05-16,21.6,13.2,30.3,,1,59.5,9.6,,6
226,焊篮,2019-05-17,21.7,14.3,27.1,,1.6,57.9,3.9,,8.4
226,焊篮,2019-05-18,18.2,15.4,21.8,13,2.5,78,.8,,8.1
226,焊篮,2019-05-19,19.3,16.8,22.3,7.5,2.7,80.8,0,,8.9
226,焊篮,2019-05-20,15.4,8.2,20.6,3,2.2,67.4,6.1,,9
226,焊篮,2019-05-21,15,5.2,24.3,,1.8,58.8,12.4,,0
226,焊篮,2019-05-22,17.3,6.9,27.5,,1.5,54.8,12.2,,.3
226,焊篮,2019-05-23,19.3,8.7,29.1,,1.3,59.5,12.6,,.7
226,焊篮,2019-05-24,21.9,10.7,33.1,,1.1,64.5,12.2,,1.3
226,焊篮,2019-05-25,21.9,14.3,30.7,,1.2,55.9,9,,7.9
226,焊篮,2019-05-26,22,11.6,33,,1.2,50.3,9.7,,5.6
226,焊篮,2019-05-27,17.5,14.2,19.8,18.5,2.4,86.6,0,,9.8
226,焊篮,2019-05-28,16.3,9.9,24,,1.6,63.1,6.1,,3
226,焊篮,2019-05-29,17.6,7.2,27.8,,1.7,58.8,12.8,,.1
226,焊篮,2019-05-30,18.1,7.9,27,.3,1.4,56.3,5.8,,6.1
226,焊篮,2019-05-31,18,13,24.4,.5,1.7,67.4,8.6,,4.4
226,焊篮,2019-06-01,16.6,8.9,23.5,,1.1,72.5,6.5,,5.9
226,焊篮,2019-06-02,19.6,11,28.3,,1.2,62.3,12.3,,2
226,焊篮,2019-06-03,20.8,11,30.2,,1.2,60.8,12.2,,.3
226,焊篮,2019-06-04,22.8,13.7,31.8,,1.5,59.3,11.9,,2.3
226,焊篮,2019-06-05,23.1,14.5,32.1,,1.2,67.8,11.9,,3
226,焊篮,2019-06-06,21.3,16.3,28.4,17,1.3,75.3,.7,,8.9
226,焊篮,2019-06-07,18.3,15.9,20.6,21,1.7,90.1,0,,6.3
226,焊篮,2019-06-08,20.3,15.2,27.5,,1.1,76,7.2,,6.9
226,焊篮,2019-06-09,20.4,14.9,26.7,.3,2,68.5,9.2,,7.1
226,焊篮,2019-06-10,17.2,13.9,21.1,5,1.3,77.4,.4,,9
226,焊篮,2019-06-11,18.6,13.6,25.4,,1.4,67.4,9.8,,4.8
226,焊篮,2019-06-12,19.5,11.3,27.7,,1.1,70.8,11.3,,2.9
226,焊篮,2019-06-13,21.9,13.6,30.4,,1.1,66.6,11.1,,3
226,焊篮,2019-06-14,19.7,16.2,24.5,,1,78.9,0,,8.9
226,焊篮,2019-06-15,20.2,13.6,27.4,,1.9,72.6,9.3,,4.4
226,焊篮,2019-06-16,20.8,12.7,27.7,,1.2,69.8,9.3,,4.1
226,焊篮,2019-06-17,21.4,16.2,27.4,,1.5,66.4,10.3,,4.3
226,焊篮,2019-06-18,20.2,14.8,25.9,0,1.2,76.6,1.5,,7.8
226,焊篮,2019-06-19,20.9,17.2,26.6,.1,1.1,79.6,2.2,,6.5
226,焊篮,2019-06-20,22.4,16.3,28.9,,1.1,73.9,7.3,,6
226,焊篮,2019-06-21,22.9,17.2,29.2,,1.6,68.1,10.7,,3
226,焊篮,2019-06-22,21.4,17,28.8,10.5,1.2,75.3,7.3,,5.6
226,焊篮,2019-06-23,21.1,14.2,28.4,,1.1,68.9,10.1,,3
226,焊篮,2019-06-24,22.3,15.2,30.3,,1.3,69,10.4,,4.4
226,焊篮,2019-06-25,24.1,15.2,33,,1.2,63.1,12.2,,2.6
226,焊篮,2019-06-26,20.3,17.9,23,7,1.3,85.3,.1,,9.4
226,焊篮,2019-06-27,23.6,19.9,28.4,1,.9,85.5,2.1,,7
226,焊篮,2019-06-28,25,21.9,29.6,,1.5,75.1,2.8,,8.6
226,焊篮,2019-06-29,21.1,20.2,23.8,12,1.1,91.3,0,,9.3
226,焊篮,2019-06-30,23.3,19.6,28.2,,1.1,82,3.1,,7.8
226,焊篮,2019-07-01,22.2,17.1,27.5,,1.1,80,1.1,,7.9
226,焊篮,2019-07-02,22.2,14.3,29.5,,1.3,71.9,11.6,,2.8
226,焊篮,2019-07-03,22.6,16.2,28.7,,1,76.5,5.4,,6.4
226,焊篮,2019-07-04,24.1,16.9,32.2,,1.1,68.8,8.8,,3.1
226,焊篮,2019-07-05,24.9,16.5,33.4,,1.7,64.8,12.3,,3.9
226,焊篮,2019-07-06,24.7,16.2,32,,2.3,58.4,12.8,,.3
226,焊篮,2019-07-07,23.3,17.4,28.8,,2.1,62,6.5,,7.9
226,焊篮,2019-07-08,22.6,17.9,28.3,,2,63.6,8.1,,7.1
226,焊篮,2019-07-09,21.8,14.8,27.2,,2.1,67.3,6.4,,4.9
226,焊篮,2019-07-10,20.7,18.7,24.1,21,1.6,79.4,.5,,9.6
226,焊篮,2019-07-11,21,18.9,23.5,2.5,1.5,91.1,0,,4.9
226,焊篮,2019-07-12,22.6,19.5,28.4,5.5,1.6,78.3,3,,8.4
226,焊篮,2019-07-13,23.1,18.8,29.5,,1,82,4.1,,8.3
226,焊篮,2019-07-14,23.8,19.8,30.7,10.5,1.1,81.1,4.8,,7
226,焊篮,2019-07-15,23.2,20.7,28.2,27.5,1.8,82.6,3.3,,7.8
226,焊篮,2019-07-16,24,18.6,30.1,5,1.3,77.8,6.4,,7.3
226,焊篮,2019-07-17,24.1,20.1,28.7,.1,1.6,79.1,5.2,,8.3
226,焊篮,2019-07-18,24.2,20.8,27.9,5,1.5,80.9,2.3,,8.3
226,焊篮,2019-07-19,24.8,20.9,27.3,,2.1,81.4,2.2,,8.5
226,焊篮,2019-07-20,25.4,23,28.1,25.5,3.1,81.5,0,,9.9
226,焊篮,2019-07-21,24.3,21.9,26.6,45,1.6,88.6,0,,8.5
226,焊篮,2019-07-22,27.3,23.9,32.3,,1.2,77.4,5.4,,5.6
226,焊篮,2019-07-23,27.7,23.4,33.6,,1,78,5.4,,6.9
226,焊篮,2019-07-24,26.5,24.2,29.6,,.7,83.1,.1,,8.9
226,焊篮,2019-07-25,24.8,24.1,26.7,64.5,.6,96.1,0,,9.4
226,焊篮,2019-07-26,26.3,24,29.9,3.5,.6,90.1,.1,,9.3
226,焊篮,2019-07-27,27.1,24.3,31.8,2.5,1,86.4,3.6,,7.6
226,焊篮,2019-07-28,26,24.4,29.8,8,1.1,89.9,.8,,8.6
226,焊篮,2019-07-29,27.4,23.2,33.2,,1.2,80.8,8.6,,5.4
226,焊篮,2019-07-30,27.8,22.4,33.9,,1.4,77.8,5.1,,5
226,焊篮,2019-07-31,28.2,24.3,33.8,,1.5,75.3,6.2,,5.6
226,焊篮,2019-08-01,27.9,23.6,33.5,,1,78.4,7,,5.1
226,焊篮,2019-08-02,28.8,23.4,34.9,,.9,75.3,10.6,,1.6
226,焊篮,2019-08-03,28.3,23.6,34.5,,1.2,79.8,8.7,,6.5
226,焊篮,2019-08-04,29.2,23.6,35.8,,.9,74.4,10.6,,3.4
226,焊篮,2019-08-05,29.3,24.3,35.5,,1.3,74.3,10.8,,4.9
226,焊篮,2019-08-06,27.6,22.6,32.9,.2,1.3,69.6,5.5,,8.5
226,焊篮,2019-08-07,26.8,22.9,32.6,24,1.4,83.4,5.2,,6.9
226,焊篮,2019-08-08,26,22.6,33.8,19.5,1,86.6,2.8,,7
226,焊篮,2019-08-09,27.8,22.8,35.1,1.5,.9,80.8,9.1,,6
226,焊篮,2019-08-10,28.3,23.4,33.3,,1.9,72.8,11.3,,5.1
226,焊篮,2019-08-11,28.4,25,33.1,,3.3,68.1,5.9,,8.1
226,焊篮,2019-08-12,28.5,26.5,31.3,,3.5,74.1,2.7,,7.5
226,焊篮,2019-08-13,29,22.8,34.3,,1.9,71.9,11.1,,4.3
226,焊篮,2019-08-14,28.1,22.9,33.9,,1.2,72.3,3.8,,6.8
226,焊篮,2019-08-15,25.4,23.3,29.1,3,2.2,85.4,.1,,7.1
226,焊篮,2019-08-16,25.9,21.6,31.4,.5,1.5,80.3,5,,6
226,焊篮,2019-08-17,24.9,21,31.5,3,1.4,81.6,5.7,,7
226,焊篮,2019-08-18,23.5,19.1,30.5,,.8,78,8.8,,3.1
226,焊篮,2019-08-19,24.3,17.7,32.2,,1,75,10.7,,5.6
226,焊篮,2019-08-20,25.3,20.2,31.1,,1.6,71.8,10.3,,4.8
226,焊篮,2019-08-21,25.4,19.3,32.2,.5,1.2,78.4,5.2,,7.6
226,焊篮,2019-08-22,25,20.9,29.9,34.5,1.2,84.3,2.9,,7.9
226,焊篮,2019-08-23,23.2,17.4,29.7,,1.1,77.6,4.3,,6
226,焊篮,2019-08-24,21.1,16.5,26.5,,.5,83.9,.6,,7.6
226,焊篮,2019-08-25,22.4,18,29.3,,.8,80.5,7.1,,4.4
226,焊篮,2019-08-26,23.1,16.9,30.2,,1.1,78.3,9.2,,3.4
226,焊篮,2019-08-27,21,18.9,24.9,38,1.3,88.6,1.3,,9
226,焊篮,2019-08-28,22.9,19.6,28.2,1.5,.8,86.8,1.6,,7.4
226,焊篮,2019-08-29,21.6,18.6,26.4,5.5,1,88.8,.6,,8.9
226,焊篮,2019-08-30,21.4,16.7,27.9,1,1.2,80.5,7.1,,4.9
226,焊篮,2019-08-31,21.2,14.8,28.1,,.8,78.1,7.5,,4.5
226,焊篮,2019-09-01,21.8,16.2,28.6,.1,.9,83.4,2.9,,8.3
226,焊篮,2019-09-02,21.1,19.1,24.8,20,1,88.6,0,,8.5
226,焊篮,2019-09-03,21.1,19.1,23.4,3,.9,93.3,0,,10
226,焊篮,2019-09-04,23.1,21,26.5,4,1.1,91,1,,9.5
226,焊篮,2019-09-05,23.4,20.8,29,29,.9,92.3,1.1,,9.3
226,焊篮,2019-09-06,25.2,21.2,28,1,1.1,83.4,.6,,9.6
226,焊篮,2019-09-07,25.7,22,30.9,2.5,4.5,77.6,.7,,8
226,焊篮,2019-09-08,24.4,20.4,30,.5,.7,85.4,1.5,,9
226,焊篮,2019-09-09,23.2,20.9,26.1,6,.6,93.6,0,,9.8
226,焊篮,2019-09-10,26.1,21.8,31.8,,1.4,77.5,6.9,,6.5
226,焊篮,2019-09-11,23.8,21.1,27.3,1,1.6,81,.1,,7.5
226,焊篮,2019-09-12,19.9,16.9,22.3,1,2,75.9,0,,7.8
226,焊篮,2019-09-13,20.4,14.3,26.5,,1.5,76.5,11.3,,2.5
226,焊篮,2019-09-14,21.1,15,28,.1,.7,82.8,2,,7.6
226,焊篮,2019-09-15,23.8,19.1,30.6,,1,77,6.4,,5.1
226,焊篮,2019-09-16,21.8,16.9,29.2,,.7,77.3,5.9,,4.4
226,焊篮,2019-09-17,20,12,26.7,,1.2,73.4,10.8,,2.4
226,焊篮,2019-09-18,19.9,11.6,28.6,,1.5,66.6,11,,2.6
226,焊篮,2019-09-19,17.8,10.1,26.7,,.9,75,9.1,,3.8
226,焊篮,2019-09-20,18,14,21.9,,1.2,74.8,.5,,9.5
226,焊篮,2019-09-21,16.9,15.1,20.6,36,1.2,85.4,0,,9.8
226,焊篮,2019-09-22,16.6,15,17.9,82,1.7,86.5,0,,10
226,焊篮,2019-09-23,16.7,11.7,21.9,,1.2,80,3.1,,4.9
226,焊篮,2019-09-24,16.2,11,25,,.8,83.4,7.5,,2.8
226,焊篮,2019-09-25,16.3,11.1,24.3,,.7,85,3.2,,6.9
226,焊篮,2019-09-26,18.7,14.5,24.2,,1.1,84,2.4,,7.8
226,焊篮,2019-09-27,20.3,13.4,28.1,,1,79.3,9.6,,5.3
226,焊篮,2019-09-28,22.6,17,29.8,,.6,82.3,6.9,,6.4
226,焊篮,2019-09-29,20.6,15,28.4,,.8,82.6,6.9,,2
226,焊篮,2019-09-30,19.9,12.8,28.9,,.8,81.4,8.1,,4.9
226,焊篮,2019-10-01,20.4,15.8,25.5,,.9,90.5,0,,9
226,焊篮,2019-10-02,20.6,19.5,22.1,78.5,1.2,92.1,0,,10
226,焊篮,2019-10-03,20.7,16.7,25.5,10.5,2.2,85.9,1,,6.4
226,焊篮,2019-10-04,20.3,15.6,28.2,,.5,88.1,6.1,,5.4
226,焊篮,2019-10-05,19,15.3,23,.1,1.3,80.5,.5,,9
226,焊篮,2019-10-06,16.5,13.9,20.8,,2,68,6.8,,7.4
226,焊篮,2019-10-07,14.3,12.6,15.9,10.5,.8,90.9,0,,8.3
226,焊篮,2019-10-08,13.6,5.8,21.9,,1.5,77.9,5.8,,3.6
226,焊篮,2019-10-09,10.6,3,20.3,,.7,77.6,9.6,,3.3
226,焊篮,2019-10-10,12.1,5.8,20.1,,.5,81,.9,,7.7
226,焊篮,2019-10-11,15.2,8.7,25.5,,.7,75.6,7.1,,3.9
226,焊篮,2019-10-12,15.7,9.1,24.5,,1.3,71.9,10,,.1
226,焊篮,2019-10-13,13.4,6.2,21.4,,1.1,78.6,9.9,,2.7
226,焊篮,2019-10-14,12.3,7,20.8,,1,80.6,5.7,,4.8
226,焊篮,2019-10-15,12.1,6.4,18.6,,1.3,77.4,8.5,,4.8
226,焊篮,2019-10-16,11.3,5,20.5,,.6,83.5,7.1,,5.9
226,焊篮,2019-10-17,11.8,7.1,18.9,,1,83,2.9,,6.9
226,焊篮,2019-10-18,13.8,7.2,19.9,.3,1,84.8,.2,,6.9
226,焊篮,2019-10-19,14.9,9.3,23.5,,.8,82.6,6.3,,1.8
226,焊篮,2019-10-20,12.7,7.4,23.1,,.5,85.3,6.1,,3.4
226,焊篮,2019-10-21,12.9,5.6,23.4,,.7,81.5,7.5,,4.8
226,焊篮,2019-10-22,13.9,6.6,22.6,,1,78.8,9.4,,2.8
226,焊篮,2019-10-23,14.5,8.7,18.9,,.8,74.9,.3,,8.4
226,焊篮,2019-10-24,16.4,11.7,23.1,,.9,68.4,5.1,,5.4
226,焊篮,2019-10-25,15.1,8.5,23.9,.2,1,75.8,6.8,,6
226,焊篮,2019-10-26,11.2,5,16.7,0,2.3,68.8,7.3,,6.4
226,焊篮,2019-10-27,8.1,1.9,16.7,,1,74.5,9.4,,2.5
226,焊篮,2019-10-28,8,.4,18.2,,.6,78.3,6.2,,3.8
226,焊篮,2019-10-29,11.2,5.4,18.6,.5,1.2,74.1,4.9,,3.3
226,焊篮,2019-10-30,8.5,2.4,17.8,,.7,78.1,9.5,,2
226,焊篮,2019-10-31,9.7,1.7,20.4,,.7,83.4,7.2,,6.6
226,焊篮,2019-11-01,12.2,6.1,21.4,,.6,78,8,,5
226,焊篮,2019-11-02,11.2,3.7,20.3,,.4,83.1,2.9,,5
226,焊篮,2019-11-03,12.9,6.5,21.5,,.8,77.3,6.9,,5.8
226,焊篮,2019-11-04,10.8,5.2,19.7,,.7,77.8,7.8,,1.5
226,焊篮,2019-11-05,8.6,1.9,18.9,,.9,83.6,6.7,,3.6
226,焊篮,2019-11-06,7.9,2.4,17.6,,.5,83.5,4.8,,7
226,焊篮,2019-11-07,8.2,.5,16.9,,1.2,71.6,7.5,,3.4
226,焊篮,2019-11-08,4,-3.3,14.3,,.8,64.6,8.6,,0
226,焊篮,2019-11-09,4.7,-3.7,16.7,,.8,65.8,8.4,,0
226,焊篮,2019-11-10,6.7,-1.5,15,12,1.3,74.9,3,,8.3
226,焊篮,2019-11-11,10.6,7,16.1,4.5,1.5,83.6,2.2,,7.6
226,焊篮,2019-11-12,6.9,2,16.4,,.4,83.5,4.9,,5.6
226,焊篮,2019-11-13,6.1,.2,12.4,3,1.5,83.3,.3,,8.4
226,焊篮,2019-11-14,1.3,-4.3,6.5,,3.4,48.1,8.5,,1.3
226,焊篮,2019-11-15,7.4,-4.9,16.5,.5,1.1,71.6,3.8,,4.5
226,焊篮,2019-11-16,10.6,4.3,17.9,1,.5,86.4,3.8,,4.5
226,焊篮,2019-11-17,8.8,3.7,13.3,38.5,1.5,96,0,,9.3
226,焊篮,2019-11-18,6.9,1.4,13.3,24,3.6,72.1,2.1,,8.4
226,焊篮,2019-11-19,1.5,-2.3,5.2,.2,2.4,69.9,5.2,,4.5
226,焊篮,2019-11-20,.1,-5.1,8.6,,.6,68.9,8,,.1
226,焊篮,2019-11-21,2.6,-5.8,12.8,,.6,63.3,5.5,,6.4
226,焊篮,2019-11-22,7.2,-.7,16.4,,1.4,71.5,7.9,,1.4
226,焊篮,2019-11-23,8.1,.4,17.3,,1.1,80.4,6.4,,5.5
226,焊篮,2019-11-24,11.3,3.3,21.1,2.5,1.8,79.1,7.5,,5.4
226,焊篮,2019-11-25,3.1,-.1,8.1,,1.9,76.4,0,,8.6
226,焊篮,2019-11-26,7,-1.4,13.6,,.8,75.5,1.6,,4.1
226,焊篮,2019-11-27,4.7,-1.1,7.7,,1.3,66.5,3.9,,8.6
226,焊篮,2019-11-28,2.7,-3.5,11.5,,.6,80,6.5,,3.5
226,焊篮,2019-11-29,.4,-4.6,8.8,,.5,70.8,7.9,,.9
226,焊篮,2019-11-30,2.7,-5.4,12.5,,.5,70.6,6.8,,5
226,焊篮,2019-12-01,5,2,7.1,11.4,.2,86.4,0,,9.1
226,焊篮,2019-12-02,1.6,-3.2,5.9,,2.4,68.4,5.8,,3.8
226,焊篮,2019-12-03,.3,-5.7,5.1,1.9,.6,84.5,2.9,,5.4
226,焊篮,2019-12-04,4.2,.3,8.6,0,1.2,70.1,7.4,,3.1
226,焊篮,2019-12-05,-1.4,-7.2,3.1,,2.4,50.5,7.8,,1.1
226,焊篮,2019-12-06,-5.7,-11,.9,,.9,61.4,7.7,,0
226,焊篮,2019-12-07,-2.9,-10.5,4.7,,.5,79,3.2,,3.4
226,焊篮,2019-12-08,-.8,-5.5,6.6,,.5,75.5,7.5,,.8
226,焊篮,2019-12-09,-.6,-7.5,9.3,,.3,81.3,5.4,,1.9
226,焊篮,2019-12-10,3.7,-2.3,12.8,,.3,85.3,2.3,,5
226,焊篮,2019-12-11,3.2,-.5,10.2,0,1.5,79.9,0,,6.3
226,焊篮,2019-12-12,-.6,-6,4.7,,1.6,57.8,7.7,,0
226,焊篮,2019-12-13,-1.9,-8.8,7.1,,.4,65.6,7.2,,3.9
226,焊篮,2019-12-14,1.7,-2.3,7.6,.7,.9,71.6,7.3,,4.4
226,焊篮,2019-12-15,2.1,-5.3,11.5,,.9,78.4,6.9,,3.8
226,焊篮,2019-12-16,4.1,-2.7,13.7,,.4,82.5,7.1,,3.4
226,焊篮,2019-12-17,5.3,.3,9.4,1.6,.8,92.3,0,,9.3
226,焊篮,2019-12-18,1.9,-1.5,6.1,,1.2,78.4,2.3,,6.6
226,焊篮,2019-12-19,-.8,-5.4,4.8,,.9,63.1,7.3,,2
226,焊篮,2019-12-20,-1.1,-6.2,4.3,0,1,72.5,5.7,,4
226,焊篮,2019-12-21,-2.7,-7.5,4.7,,.6,80.4,2.9,,4.1
226,焊篮,2019-12-22,.3,-4.7,8.6,,.4,80.8,4,,5.3
226,焊篮,2019-12-23,.9,-4,7.6,.1,.8,84.9,2.2,,5.4
226,焊篮,2019-12-24,-1.5,-5.8,8,,.4,83.5,4.7,,3.5
226,焊篮,2019-12-25,.7,-7.5,9.7,,.5,61.1,3.4,,5.3
226,焊篮,2019-12-26,1.6,-.1,3.4,1.9,1.3,76.5,0,,7.4
226,焊篮,2019-12-27,-1.5,-6.2,3.3,,1.5,66.4,7.4,,.1
226,焊篮,2019-12-28,-2.7,-9,6.4,,.3,73.8,7.4,,0
226,焊篮,2019-12-29,.1,-6.3,5.2,8.8,.4,79.1,0,,8.9
226,焊篮,2019-12-30,2.8,-1.6,7.3,.8,1.2,88.4,0,,7.1
226,焊篮,2019-12-31,-6.3,-9.4,-1.6,0,2.4,61,7.7,,1.4
226,焊篮,2020-01-01,-1.9,-9.9,3.4,,.8,74.8,1.5,,7
226,焊篮,2020-01-02,1.2,-1.4,3.5,,.6,79.6,0,,
226,焊篮,2020-01-03,.2,-4.9,5.6,,1.2,77.3,4.5,,2.8
226,焊篮,2020-01-04,-1.6,-7.1,6.5,,.7,81.3,4.1,,2.1
226,焊篮,2020-01-05,-1.3,-8.2,7.4,,.4,73,6.7,,3.6
226,焊篮,2020-01-06,1.2,-3.5,4.3,10.2,.5,92.3,0,,10
226,焊篮,2020-01-07,8,4.2,12.1,47.3,.9,98.3,0,,9.8
226,焊篮,2020-01-08,3.9,1.8,11.8,6.4,2.4,89.9,0,,8
226,焊篮,2020-01-09,0,-4.2,4,0,1.8,75.8,5.1,,4.6
226,焊篮,2020-01-10,-1.6,-6.1,6.1,0,.5,81,7.6,,4.8
226,焊篮,2020-01-11,-.9,-6,5.4,,.8,76.8,7.3,,3.8
226,焊篮,2020-01-12,.2,-1.6,4.1,,1.3,71,3.2,,3.6
226,焊篮,2020-01-13,-1,-5.4,2.6,,1.7,65.3,3,,5.8
226,焊篮,2020-01-14,-2.2,-6.4,3.9,,1,69.4,7.2,,3
226,焊篮,2020-01-15,-3.2,-7.7,2.8,,1,72.4,7.9,,2.5
226,焊篮,2020-01-16,-2.8,-7.5,5.1,,.7,68.5,7.8,,7.3
226,焊篮,2020-01-17,-2.5,-6.4,4.9,,.4,69.9,5.1,,5.4
226,焊篮,2020-01-18,-1.7,-6.5,6.5,,.7,65.6,8.1,,2.9
226,焊篮,2020-01-19,.5,-5.8,7.5,.1,.9,72.5,3.5,,5.8
226,焊篮,2020-01-20,1,-3.2,6.4,0,1.8,70,6.1,,4.1
226,焊篮,2020-01-21,-1.8,-8.6,6.4,,.6,57,8.3,,2.8
226,焊篮,2020-01-22,1.1,-2.5,3.3,.2,.4,76.3,0,,9.9
226,焊篮,2020-01-23,3.9,-.2,10.3,2.2,.5,85.3,4.5,,5.8
226,焊篮,2020-01-24,2.1,-3.3,10.2,,.5,76.6,7.6,,5.3
226,焊篮,2020-01-25,3.3,-1,9.2,,.9,86.4,1.2,,8.1
226,焊篮,2020-01-26,4.8,-2.1,11.3,,1.2,73.5,4.9,,8.5
226,焊篮,2020-01-27,4.9,2.4,7.1,5.4,2.1,78.6,0,,10
226,焊篮,2020-01-28,4.8,1,9.2,,.5,85.9,.6,,7.9
226,焊篮,2020-01-29,5.1,1.6,9.3,0,.5,76.3,.2,,8.8
226,焊篮,2020-01-30,4.4,1.2,10,0,.5,72,4.2,,6.4
226,焊篮,2020-01-31,2.6,-.7,7.2,,.7,75.5,2.9,,6.6
226,焊篮,2020-02-01,0,-4.6,6.3,,.4,86.1,1.8,,7.3
226,焊篮,2020-02-02,-.1,-4.3,6.6,,.5,77.4,6.9,,4.3
226,焊篮,2020-02-03,0,-5.5,4.7,,1.6,63.3,9,,2.8
226,焊篮,2020-02-04,-1.6,-8.9,5.7,.3,.7,69,9,,1.8
226,焊篮,2020-02-05,-5.5,-10,.4,,2.4,51.5,9.2,,0
226,焊篮,2020-02-06,-6.4,-12.7,.9,,.6,59.5,7.2,,1.5
226,焊篮,2020-02-07,-2.7,-10.3,3.5,,1,64.1,6.4,,6.3
226,焊篮,2020-02-08,.1,-6.1,5.2,,1.7,63,7.8,,2.5
226,焊篮,2020-02-09,-2.3,-9.5,5.5,,.8,66.5,9.2,,.1
226,焊篮,2020-02-10,2.5,-3.1,10.5,,.9,64.9,7.7,,1.1
226,焊篮,2020-02-11,3.6,-6.1,14.1,,.7,61.3,8.1,,4
226,焊篮,2020-02-12,6.1,2.7,9,16.7,.7,93.6,0,,7.9
226,焊篮,2020-02-13,6.9,.8,11,.3,1,91,.5,,7.1
226,焊篮,2020-02-14,5.6,1.3,14.5,,.7,88.6,5.9,,5.1
226,焊篮,2020-02-15,8.8,.5,14.8,1.7,1.4,79.8,4.9,,6.8
226,焊篮,2020-02-16,.5,-2.6,8.9,6.7,2.3,83,.7,,9.1
226,焊篮,2020-02-17,-4.3,-6.6,-1.7,2.1,2.5,76.6,2.9,,9.1
226,焊篮,2020-02-18,-3.7,-10.9,3.2,0,1.1,70.3,9.7,,1.6
226,焊篮,2020-02-19,0,-6.9,8,,.7,75,7.8,,7.4
226,焊篮,2020-02-20,2.9,-3.6,12.1,,.4,75,9.6,,2.1
226,焊篮,2020-02-21,4.9,-3.4,13,.5,.5,73.5,5.8,,7
226,焊篮,2020-02-22,5.3,1,9.9,2.7,2.8,64.4,6.6,,4.9
226,焊篮,2020-02-23,1.8,-3.9,8.6,,1.3,57.9,10,,0
226,焊篮,2020-02-24,4.8,-5.3,14.6,0,.6,59.4,8.7,,4.4
226,焊篮,2020-02-25,5.9,4.2,7.4,45.6,1,95.1,0,,8.9
226,焊篮,2020-02-26,6,.3,13.8,,1,80.4,5.1,,3
226,焊篮,2020-02-27,4.4,-.6,9.7,,1.1,74.4,6.9,,3.3
226,焊篮,2020-02-28,2.8,-.8,4.8,4.2,.6,93,0,,8.9
226,焊篮,2020-02-29,6,1.6,12.5,,.8,86.3,6.1,,4.9
226,焊篮,2020-03-01,5.9,0,13.7,,1.2,81.8,2.1,,8.8
226,焊篮,2020-03-02,4.3,1.1,9.1,,2.1,60.8,9.3,,3.9
226,焊篮,2020-03-03,5.9,-2.6,13.3,,1.2,70.1,5.7,,7.4
226,焊篮,2020-03-04,2.8,-.7,8,,2.7,61.6,3.2,,8.3
226,焊篮,2020-03-05,1,-4.2,8.1,,1.5,55.6,10.2,,0
226,焊篮,2020-03-06,1.9,-7.1,11.9,,.6,54.6,10.3,,3.1
226,焊篮,2020-03-07,3.6,-1.3,9.1,,.5,68,.2,,7.1
226,焊篮,2020-03-08,5.9,-3.3,16.9,,.9,66.3,10.2,,.6
226,焊篮,2020-03-09,7.2,-1.9,14.5,2.7,1.1,73,4.2,,7
226,焊篮,2020-03-10,6.2,2.5,7.6,10.8,1.5,88.9,0,,7.4
226,焊篮,2020-03-11,3.3,-2.4,9.2,,2.3,56.4,10.5,,0
226,焊篮,2020-03-12,4.4,-4.8,15.3,,1,56.4,10.2,,0
226,焊篮,2020-03-13,4.7,-1.5,11.6,,1.5,53,6.7,,4.6
226,焊篮,2020-03-14,3.9,-4.2,10.5,,1.8,50.1,10,,1.9
226,焊篮,2020-03-15,3.4,-2.2,11.2,0,2.4,57,5.7,,4.8
226,焊篮,2020-03-16,2.6,-5.7,10.4,,1.2,52.5,10.5,,0
226,焊篮,2020-03-17,4.4,-3.4,12.9,,1.2,78.6,2.6,,5.4
226,焊篮,2020-03-18,6.8,-2.2,18.3,,.6,64,8.4,,.6
226,焊篮,2020-03-19,6.8,-.5,14.7,,2.7,57.1,4.7,,4.3
226,焊篮,2020-03-20,6.9,-1.9,15.2,,1.4,52.9,10.5,,.3
226,焊篮,2020-03-21,11.7,-1,22.2,,1.1,60.1,8.1,,3.1
226,焊篮,2020-03-22,11.7,4,19.1,,1.7,52,11,,1.4
226,焊篮,2020-03-23,8.1,-1.7,18.4,,1.3,56.5,10.9,,0
226,焊篮,2020-03-24,8.4,-.8,17.9,,.7,56.3,11,,.1
226,焊篮,2020-03-25,10.7,-.5,21,,.7,54.8,10.3,,2.5
226,焊篮,2020-03-26,12.3,5,19.4,.5,1.1,73.6,1.7,,9.3
226,焊篮,2020-03-27,10.4,2.5,13.8,9.6,1.2,87.3,.5,,7.3
226,焊篮,2020-03-28,5.7,.2,11.6,,1,57.4,3.7,,7.9
226,焊篮,2020-03-29,7.3,-2.6,14.7,,1.3,62.5,9.3,,4.5
226,焊篮,2020-03-30,10.1,3,17.8,,.8,60,11.4,,2.3
226,焊篮,2020-03-31,10.5,-.1,20,,.9,51.6,10.1,,4.6
226,焊篮,2020-04-01,9.9,1.9,18.6,,1.5,48,6.7,,4.8
226,焊篮,2020-04-02,7.8,-1.6,16.7,,1.1,52.3,10.7,,1.8
226,焊篮,2020-04-03,8.5,-1.3,17.6,,1.3,45.5,11.5,,.3
226,焊篮,2020-04-04,6.5,-.7,15.9,,1.6,55,8.2,,1.9
226,焊篮,2020-04-05,4.9,-4.7,14.9,,1.3,44.9,11.6,,0
226,焊篮,2020-04-06,7.1,-4,17.2,,1.2,47,9.9,,3.4
226,焊篮,2020-04-07,10.2,0,18.8,,1.4,55.1,10.5,,1.4
226,焊篮,2020-04-08,7.9,.8,15.3,,2,42.9,11.5,,0
226,焊篮,2020-04-09,7,-2.3,15.5,,1.3,52,11.2,,2.5
226,焊篮,2020-04-10,10.1,2.6,16.3,,1.3,52.5,8.2,,6.4
226,焊篮,2020-04-11,7.7,1.2,14.1,,.9,57.8,4.3,,6.8
226,焊篮,2020-04-12,6.7,-.7,13.7,.3,1,74.3,4.2,,3.1
226,焊篮,2020-04-13,9.3,3,18,,2.1,47.8,10.4,,2.5
226,焊篮,2020-04-14,10.5,-1.1,21.2,,1.2,47.9,11.7,,.9
226,焊篮,2020-04-15,11.1,.6,21.2,,.9,48.3,7.3,,6.5
226,焊篮,2020-04-16,13,2.5,21,,2.2,52.9,11.1,,3.1
226,焊篮,2020-04-17,11.5,8.8,16.4,19.8,2.3,81.9,3.7,,6.4
226,焊篮,2020-04-18,12.5,7.7,18.9,0,1.6,72.3,4.4,,3.9
226,焊篮,2020-04-19,9.7,6.4,13.4,15.8,1.4,86.5,0,,8.8
226,焊篮,2020-04-20,10.1,7.1,15.7,0,1.6,78.9,.9,,9.4
226,焊篮,2020-04-21,7.4,1.8,13.3,,2.8,55,10.5,,5.5
226,焊篮,2020-04-22,6.2,3.2,10.2,0,2.8,47.9,5.6,,5
226,焊篮,2020-04-23,7.3,-.9,14.8,,2.5,49.9,8.4,,3.8
226,焊篮,2020-04-24,8.3,-.7,16.3,,1.9,49.6,11.8,,.5
226,焊篮,2020-04-25,12.5,.5,22,,2.2,57.6,11,,2.9
226,焊篮,2020-04-26,11.2,2.9,18.4,,1.7,51.3,11.5,,1.3
226,焊篮,2020-04-27,9.5,1.2,17.2,0,1.3,53.5,8.5,,2.8
226,焊篮,2020-04-28,11.6,.8,20.2,,1.3,54.5,12,,0
226,焊篮,2020-04-29,13.7,4.3,23,,1,57.5,12.1,,0
226,焊篮,2020-04-30,15.6,3.5,25.5,,1.2,62.3,11.9,,.4
226,焊篮,2020-05-01,20.3,10.7,29,,1.2,68.6,11.9,,3.1
226,焊篮,2020-05-02,21.2,16.5,26,0,1.1,62.6,4.5,,8.6
226,焊篮,2020-05-03,16.9,14.3,19.5,4.1,1.2,87.9,0,,8.3
226,焊篮,2020-05-04,19.6,13.7,26.8,,1.3,76.8,6.4,,6.1
226,焊篮,2020-05-05,14.8,11.1,20.6,2.6,1,88.6,3.4,,7.4
226,焊篮,2020-05-06,18.2,10,27.6,,1.5,60.9,12.1,,2.3
226,焊篮,2020-05-07,16.8,7.9,23.7,,2.2,43.9,10.8,,4.6
226,焊篮,2020-05-08,16.8,7.6,24.4,4.9,1.4,51.5,8.1,,8
226,焊篮,2020-05-09,15.6,12.9,17.8,14.5,2.7,92.8,0,,9.3
226,焊篮,2020-05-10,14.1,11.6,17.2,.7,1.1,90.8,.1,,8.9
226,焊篮,2020-05-11,17.6,12.2,24,0,1.3,63.9,9.4,,5.6
226,焊篮,2020-05-12,15.9,11.1,21.2,0,2.2,60,10.2,,4.1
226,焊篮,2020-05-13,14.1,5.5,22.7,,1.4,59.5,12.3,,.6
226,焊篮,2020-05-14,17.7,7.9,26.5,,.5,53.3,8.3,,7.5
226,焊篮,2020-05-15,15.5,14.2,18.2,21.8,2,84.4,0,,9.5
226,焊篮,2020-05-16,17.5,14.1,22,0,.7,84,3,,8.5
226,焊篮,2020-05-17,20.4,14.9,27.4,,.8,76,8.3,,5.8
226,焊篮,2020-05-18,19,13.8,24,33.1,2.3,80,7.2,,7.5
226,焊篮,2020-05-19,12.7,10.5,15.9,2.7,1.5,80.5,.7,,6.1
226,焊篮,2020-05-20,12.7,5.6,19.3,,1.3,73.9,8.9,,3.3
226,焊篮,2020-05-21,15.5,6.9,22,,.7,72.1,9.7,,4.3
226,焊篮,2020-05-22,17.3,11.2,23.3,0,1.9,73,6.6,,6.5
226,焊篮,2020-05-23,18.6,12.4,25.6,,1.4,68.6,12.3,,2.9
226,焊篮,2020-05-24,18.6,15.2,23.4,4.7,1.1,81.8,4.4,,7.3
226,焊篮,2020-05-25,16.4,13,21,,.8,84.4,.7,,8.9
226,焊篮,2020-05-26,18.1,12.5,24.5,0,1.1,73.6,8,,6.9
226,焊篮,2020-05-27,17.3,11,24.2,,1.3,63.3,11.6,,4.4
226,焊篮,2020-05-28,17.4,8.4,25,,.9,67.8,9.1,,4
226,焊篮,2020-05-29,19.3,11.9,26.9,,1,67,9.4,,4.8
226,焊篮,2020-05-30,19.8,11.7,27.5,,1,66.1,11.3,,5
226,焊篮,2020-05-31,20.3,12.6,26.4,,1.2,65.8,5.3,,7.6
226,焊篮,2020-06-01,19.6,12.7,25.7,2,1.8,62.6,10.2,,5.9
226,焊篮,2020-06-02,18.1,11.5,23.4,0,.9,65,2.5,,8.5
226,焊篮,2020-06-03,22.1,16.8,27.7,,.8,71.5,7.3,,6.4
226,焊篮,2020-06-04,24.5,20.3,30.2,,1.4,65.4,9.6,,4
226,焊篮,2020-06-05,24.2,20.7,29.6,,.9,69.4,7,,7
226,焊篮,2020-06-06,22.7,16.9,28.2,,1.8,64.6,10.1,,4.6
226,焊篮,2020-06-07,22.3,18.4,28.5,,.9,61,7.4,,4.3
226,焊篮,2020-06-08,24.1,17.4,31.7,,.8,71.3,12.4,,1
226,焊篮,2020-06-09,25.3,17.4,33,,.8,65.8,10.5,,2.5
226,焊篮,2020-06-10,24.2,17.6,32.8,52.8,.8,72.5,8.3,,7.6
226,焊篮,2020-06-11,23.9,19.4,30.2,18.4,.9,81.6,7.3,,5.5
226,焊篮,2020-06-12,23.3,20.4,26.2,2.2,.5,89.5,.6,,9.1
226,焊篮,2020-06-13,23,19.1,29.7,17.7,1,84.9,4.2,,8.8
226,焊篮,2020-06-14,23.4,19.5,27.6,3.2,1.2,81.1,4.8,,7.4
226,焊篮,2020-06-15,21.7,15.6,27.9,,1.2,71.5,11.3,,5.4
226,焊篮,2020-06-16,21.4,14.8,28.2,,.7,76.1,8.5,,6.4
226,焊篮,2020-06-17,21.3,16.6,27.1,,.7,74.3,4.4,,9.8
226,焊篮,2020-06-18,19.3,17.4,21.4,0,1,81.6,0,,9.1
226,焊篮,2020-06-19,21.9,16.6,28.8,,.8,72.6,9.3,,5.6
226,焊篮,2020-06-20,22.1,17.2,28.7,4.5,.9,83,8.8,,5.4
226,焊篮,2020-06-21,23.7,18.3,30.2,,.8,78,10.3,,3
226,焊篮,2020-06-22,24.3,17.7,32.1,,1.2,72.1,12.7,,.3
226,焊篮,2020-06-23,25.2,18.5,31.7,,.9,67.4,6.1,,7.9
226,焊篮,2020-06-24,22.1,20.5,24.9,3.5,3.1,76.6,0,,9.9
226,焊篮,2020-06-25,21.7,19.8,23.8,2.2,.7,87,0,,8.4
226,焊篮,2020-06-26,22.4,18.9,27.8,.4,1.2,75.9,3.5,,8.8
226,焊篮,2020-06-27,22.9,17.4,29.6,0,.5,76.3,3.9,,7.5
226,焊篮,2020-06-28,23.6,17.4,30.7,,.7,73.8,8.1,,1.9
226,焊篮,2020-06-29,21.1,17.1,25,40.1,2.3,84.3,.1,,8.6
226,焊篮,2020-06-30,20.4,18.4,22,24.2,1.2,89.5,0,,7
226,焊篮,2020-07-01,20.6,17,24.6,.9,.7,79.5,.4,,8.1
226,焊篮,2020-07-02,22.5,17.3,29.1,,.8,75.9,7,,7.3
226,焊篮,2020-07-03,20.5,18,23.2,2.1,.8,79.4,.1,,9.5
226,焊篮,2020-07-04,21.3,17.7,27.7,.2,.7,78.6,2,,7.3
226,焊篮,2020-07-05,22.5,18.2,27.8,,.7,77.4,4.6,,7.4
226,焊篮,2020-07-06,22.9,17.6,28.7,1.5,.9,82.1,5.2,,7
226,焊篮,2020-07-07,23.5,19.9,27.8,0,.7,82.9,3.3,,5.5
226,焊篮,2020-07-08,23.2,18.2,28.7,,.6,81.6,6.5,,6.8
226,焊篮,2020-07-09,24.5,18.6,29.5,,2.1,75.6,11.4,,3.6
226,焊篮,2020-07-10,23.2,20.9,27.5,6.4,.9,88.1,1.6,,8.8
226,焊篮,2020-07-11,24.4,21.4,28.8,,1,80.6,3.9,,
226,焊篮,2020-07-12,20.8,18.3,22.9,23.6,2,87.1,0,,
226,焊篮,2020-07-13,18.5,17.1,20.1,99.6,2.2,89.6,0,,8.7
226,焊篮,2020-07-14,19.1,18.2,20.6,1.8,1.3,91.8,0,,4.6
226,焊篮,2020-07-15,19.6,16.5,24,1.6,1,89.6,2.4,,6.6
226,焊篮,2020-07-16,21.7,16.5,27.8,,.7,82.5,7.2,,5.6
226,焊篮,2020-07-17,22.8,17.9,29.2,,.9,82.8,6.5,,4.8
226,焊篮,2020-07-18,22.9,19,26.7,,1.5,72.1,8.8,,5.3
226,焊篮,2020-07-19,23.6,19.8,26.2,3,2.5,81.8,1.6,,9.1
226,焊篮,2020-07-20,23.8,21.6,27,18.2,1.2,87.9,.2,,9.5
226,焊篮,2020-07-21,24.4,20.3,29,.1,.6,76.3,9.7,,6
226,焊篮,2020-07-22,21.9,21,23.3,37.5,.7,96.9,0,,10
226,焊篮,2020-07-23,21,20.2,22.1,47.9,1.6,92.3,0,,9.4
226,焊篮,2020-07-24,20.8,19.1,23,15.1,1,91.9,0,,8.3
226,焊篮,2020-07-25,21.5,19.6,25.1,10.9,.7,94.8,.8,,8.5
226,焊篮,2020-07-26,22.5,20.6,25.3,.8,.5,93.4,.2,,8.4
226,焊篮,2020-07-27,22.8,20.6,25.9,.7,1,89.4,0,,10
226,焊篮,2020-07-28,22.3,20.4,25.2,8.2,.6,94.6,0,,9.8
226,焊篮,2020-07-29,22.5,21.8,24,89.2,.6,97.5,0,,9.8
226,焊篮,2020-07-30,23.1,21.8,25.2,131.5,1,95.5,.3,,9.1
226,焊篮,2020-07-31,25.2,21.9,30.2,0,.9,88.5,3.3,,8.8
226,焊篮,2020-08-01,24.5,22.7,29.3,14.4,.7,92.3,2.3,,8.9
226,焊篮,2020-08-02,25.8,22.8,30.3,4,1.3,88.3,.6,,8.3
226,焊篮,2020-08-03,24.7,22.5,28.7,7.7,.9,89.8,.5,,9.6
226,焊篮,2020-08-04,24.8,22.2,31.3,67.2,1,91.1,3.7,,7.6
226,焊篮,2020-08-05,24.9,22.4,29.2,13.9,1.4,92.9,.7,,9
226,焊篮,2020-08-06,24.5,22,26.4,22.5,1.7,92.9,0,,9.9
226,焊篮,2020-08-07,22,21.4,23.4,26.2,.6,98,0,,9.8
226,焊篮,2020-08-08,22.5,21.2,24.5,37.5,.7,98,0,,8.8
226,焊篮,2020-08-09,25.2,22.2,30.7,14.3,1.4,87,1.3,,8
226,焊篮,2020-08-10,24.2,21.7,28.7,21.6,.7,96.1,.2,,8.3
226,焊篮,2020-08-11,24.4,23.2,27.3,81.4,.7,95.4,.2,,9.1
226,焊篮,2020-08-12,25.8,23.6,28.6,25.4,.5,94.1,.3,,9.1
226,焊篮,2020-08-13,26.6,23.6,31.3,,.6,89.6,3.9,,6.8
226,焊篮,2020-08-14,27.1,23.1,31,,1.2,84.5,5.3,,6.8
226,焊篮,2020-08-15,27.1,23.7,31.8,,.9,83.6,6.4,,6.3
226,焊篮,2020-08-16,25.9,22.1,31.8,0,.7,85.9,5.9,,5.4
226,焊篮,2020-08-17,26.2,21.5,31.5,,.6,82.6,8,,6.1
226,焊篮,2020-08-18,26.2,22,32.1,,.8,84,8.1,,2.1
226,焊篮,2020-08-19,26.2,21.3,32.5,,.9,81.9,10.1,,3
226,焊篮,2020-08-20,26.4,21.2,32.5,,.7,80.6,10.4,,2.3
226,焊篮,2020-08-21,25.9,21.2,31.8,,.5,82.8,8.6,,4.4
226,焊篮,2020-08-22,24.7,22.8,29.2,2.3,1.1,88.8,1.7,,8.6
226,焊篮,2020-08-23,24.8,21.4,30.8,0,.8,82.4,7.4,,4.8
226,焊篮,2020-08-24,25.3,19.6,32.2,0,.7,84.4,8.6,,4.4
226,焊篮,2020-08-25,26.8,22.7,33.5,0,1.1,81.5,8.3,,5
226,焊篮,2020-08-26,25.5,22.4,30.6,59.5,1.8,89,2.6,,7.4
226,焊篮,2020-08-27,27.1,24,31.4,12.3,2.7,83.9,2.6,,7.9
226,焊篮,2020-08-28,26.1,23.4,33,93.1,.8,88.8,6.2,,8.8
226,焊篮,2020-08-29,25.3,23,29.5,42,.6,93.5,1.2,,7.8
226,焊篮,2020-08-30,26.3,23.8,30.5,42.5,.6,89.8,2.7,,7.5
226,焊篮,2020-08-31,24.6,21.3,29.1,0,1.5,83.3,2.9,,6
226,焊篮,2020-09-01,24,19.2,28.6,0,1.6,83.6,10.3,,5.9
226,焊篮,2020-09-02,23.5,22.6,25.7,31.8,.9,95.3,0,,9.9
226,焊篮,2020-09-03,22.3,19.3,26.2,53.8,3.2,82.5,3.5,,7.4
226,焊篮,2020-09-04,21.2,16.4,27.4,,1,80.8,8.9,,3.4
226,焊篮,2020-09-05,19.6,16.6,24.1,,.7,86.5,0,,9.6
226,焊篮,2020-09-06,19.5,16.9,22.8,17.7,1,91.5,0,,10
226,焊篮,2020-09-07,18.9,17,21.6,22.2,3.1,90.5,0,,8.5
226,焊篮,2020-09-08,22.3,17.4,26.9,.2,1.9,77.1,8.2,,3.4
226,焊篮,2020-09-09,20.5,17.3,25.2,23.4,1.1,86.1,6.2,,8
226,焊篮,2020-09-10,20.6,18.1,26.5,,.7,86.8,6.7,,6.6
226,焊篮,2020-09-11,20,17.2,23.2,.2,.9,84.9,0,,9.8
226,焊篮,2020-09-12,18.6,16.7,20.5,6.9,.5,94.5,0,,5.9
226,焊篮,2020-09-13,19.9,15.4,25.8,,.6,81.6,8.3,,4.3
226,焊篮,2020-09-14,18.9,14.3,25.9,,.8,86.6,6.7,,4.5
226,焊篮,2020-09-15,20.5,15.3,27.2,0,.7,85.9,5.6,,5.1
226,焊篮,2020-09-16,20.4,18.8,22.7,6,.6,93.4,0,,7.6
226,焊篮,2020-09-17,19.9,16.8,22.8,0,.5,91.8,0,,10
226,焊篮,2020-09-18,18.2,12.2,24.2,,.9,78.4,6.5,,6.1
226,焊篮,2020-09-19,16.5,11.2,25.5,,.8,86,5.6,,4.5
226,焊篮,2020-09-20,15.6,9.5,24.4,,.9,78.3,10.9,,1
226,焊篮,2020-09-21,14.8,8.7,23,,.7,79.8,9.4,,7
226,焊篮,2020-09-22,16.3,10.5,23.5,,1.1,76.5,6.8,,6.9
226,焊篮,2020-09-23,16.2,10.4,22.8,,.8,80.1,2.5,,8.6
226,焊篮,2020-09-24,16.8,11.4,24.3,,.8,84.4,6.6,,4.5
226,焊篮,2020-09-25,17,11.5,23.7,,.7,83.8,4.3,,5.1
226,焊篮,2020-09-26,15.9,11.7,24.2,,.5,81.5,5.6,,4.5
226,焊篮,2020-09-27,16.1,9.9,23.3,,.4,84.1,6.4,,2.5
226,焊篮,2020-09-28,15.6,8.9,24.1,,.5,82.6,10.3,,2.6
226,焊篮,2020-09-29,15.3,10.1,24.5,,.6,82.5,5.4,,5.9
226,焊篮,2020-09-30,16,10.5,24.3,,.4,84.3,7.4,,4.9
226,焊篮,2020-10-01,17.3,10.4,23.8,,.7,82.3,8,,5.5
226,焊篮,2020-10-02,18.3,14,23.9,,.8,79.4,5,,7.3
226,焊篮,2020-10-03,17.8,15.1,22.1,1.8,.4,90.6,1,,9.5
226,焊篮,2020-10-04,16.6,11.1,20.8,.5,1.3,76.8,.8,,8.6
226,焊篮,2020-10-05,11.2,3.8,18.8,,1.3,73.3,10.1,,3.3
226,焊篮,2020-10-06,11.1,4.3,19.3,,.7,78.3,10.2,,2.8
226,焊篮,2020-10-07,14.3,7.8,21.5,,1,73,7.1,,7.4
226,焊篮,2020-10-08,14.7,8,21.8,,1.4,63.9,10.2,,.5
226,焊篮,2020-10-09,15.1,6.9,22.3,,1.7,66.5,10.1,,2.5
226,焊篮,2020-10-10,14.5,7.7,22.1,,.7,76.3,9.1,,6.5
226,焊篮,2020-10-11,14.1,7.4,20,,.8,82,4.4,,5.8
226,焊篮,2020-10-12,14.6,9.3,21.7,.5,.6,82.1,3.4,,6.9
226,焊篮,2020-10-13,9.9,4.8,17.3,,.7,78,4.7,,5.9
226,焊篮,2020-10-14,9.2,3.9,18.6,,.6,77.4,3.2,,6.1
226,焊篮,2020-10-15,8.7,2.2,18.8,,.5,70.6,6.6,,6
226,焊篮,2020-10-16,9.2,2.8,16,,.3,83.4,.5,,8
226,焊篮,2020-10-17,9.5,4.1,19,,.6,82.5,6.5,,2
226,焊篮,2020-10-18,8.5,.5,19.2,,.8,81.1,7.7,,3.1
226,焊篮,2020-10-19,9.9,2.8,21,,.5,82,8.6,,3
226,焊篮,2020-10-20,10,2.6,21.4,,.5,77.5,8.5,,1.9
226,焊篮,2020-10-21,10.4,5,15.4,.2,.5,88.9,0,,9.1
226,焊篮,2020-10-22,10.9,8.4,16.9,,1.1,81.1,.3,,5.4
226,焊篮,2020-10-23,7.1,2,14.4,,1.4,69.8,8.9,,.3
226,焊篮,2020-10-24,6,-1.1,13.9,,1.4,65.1,9.6,,.1
226,焊篮,2020-10-25,8.1,.1,18.4,,.8,78.6,8.4,,3.5
226,焊篮,2020-10-26,9.2,1.6,19.4,,.6,80.3,8.7,,2.6
226,焊篮,2020-10-27,9.4,2.2,20,,.4,83.6,6.8,,4.3
226,焊篮,2020-10-28,10.9,3.4,19.2,,.9,70,5.4,,5.5
226,焊篮,2020-10-29,6.4,-.8,16,,.6,69.8,8.6,,4
226,焊篮,2020-10-30,7.7,-.8,18.1,,.7,73.3,8.4,,.8
226,焊篮,2020-10-31,9.2,1.5,18.1,,.6,76.9,7.1,,3.9
226,焊篮,2020-11-01,10.5,8.4,12.3,6.1,.3,94.5,0,,9.6
226,焊篮,2020-11-02,8.5,.9,16.4,,.8,74.3,6.9,,3.1
226,焊篮,2020-11-03,4.5,-1.5,9.6,.4,2.2,60,6.3,,2.1
226,焊篮,2020-11-04,2.4,-3.3,10.8,,1.2,57,9.1,,0
226,焊篮,2020-11-05,5.5,-4.3,16,,.4,69.3,7.6,,5
226,焊篮,2020-11-06,9.9,6.4,13.7,.4,.3,80.4,0,,7.6
226,焊篮,2020-11-07,10.8,3.9,19.1,,1,76.4,5,,4.1
226,焊篮,2020-11-08,7.3,2.1,14.7,,1.8,55.3,9,,.9
226,焊篮,2020-11-09,5,-4.2,11.9,,1,51.1,8.8,,1.6
226,焊篮,2020-11-10,5.3,-1.4,12.9,,1.1,63.1,8.8,,0
226,焊篮,2020-11-11,5.2,-2.5,16.7,,.4,66.9,8.7,,0
226,焊篮,2020-11-12,5.8,-2.6,17.5,,.3,65.9,8.6,,.8
226,焊篮,2020-11-13,6.7,-1,17.2,,.8,79.4,7.7,,.1
226,焊篮,2020-11-14,8,.1,17.8,,.7,81.1,6.7,,5.1
226,焊篮,2020-11-15,8.6,1.4,18.2,,.5,79.9,8.3,,2.3
226,焊篮,2020-11-16,9.4,2.4,18.1,,.6,77.6,6.5,,2.5
226,焊篮,2020-11-17,13.7,9.2,19.1,2.2,1.1,82.5,2.3,,5.9
226,焊篮,2020-11-18,15.5,11.3,19.1,2.1,1.5,90.9,0,,8
226,焊篮,2020-11-19,15.2,9.9,21.6,22.3,2.4,87.5,.1,,8.8
226,焊篮,2020-11-20,5.8,3.2,10,,2.5,77.5,0,,8.8
226,焊篮,2020-11-21,6.1,-1.8,12,,1.6,75.5,7.5,,4.8
226,焊篮,2020-11-22,6.7,3.6,8.3,3.5,1.5,84,0,,9.6
226,焊篮,2020-11-23,2.3,-2.6,7.4,,1.5,69.1,6.7,,2.8
226,焊篮,2020-11-24,2.7,-2.5,9.7,,.5,66.9,3.2,,7.8
226,焊篮,2020-11-25,2.4,-3.5,10.7,,.8,75.5,7.8,,2.3
226,焊篮,2020-11-26,4.5,-1.2,12.5,,.6,71.9,6.6,,7.9
226,焊篮,2020-11-27,4.2,1.4,7.9,,1.5,71,.6,,6.5
226,焊篮,2020-11-28,1.5,-.5,4.7,,2,56.6,7.7,,5.3
226,焊篮,2020-11-29,.8,-3.4,3.9,,1,72.9,.4,,7
226,焊篮,2020-11-30,-.8,-5.5,5.7,,1.1,74.1,7.7,,0
226,焊篮,2020-12-01,-.7,-7.3,7.8,,.7,62.9,7.7,,4.6
226,焊篮,2020-12-02,1.2,-3,8.7,,1,59.9,5.8,,6.4
226,焊篮,2020-12-03,-.3,-4.6,6.1,,1.2,66.5,7.8,,3.5
226,焊篮,2020-12-04,-2.1,-7.7,5.1,,.7,68.9,7.6,,2.3
226,焊篮,2020-12-05,-1.4,-7.1,4.8,,.3,83.9,.8,,4.8
226,焊篮,2020-12-06,-.1,-5.4,8.4,,.5,83.6,6.3,,1.5
226,焊篮,2020-12-07,1,-4.1,6.7,,1.1,74.9,1,,4.9
226,焊篮,2020-12-08,-1.6,-6.6,5,,.9,66.1,7.6,,.1
226,焊篮,2020-12-09,-.8,-9,7.4,,.7,62.4,6.9,,3.6
226,焊篮,2020-12-10,3.2,-1.2,9.7,,.4,70.8,1.9,,7.4
226,焊篮,2020-12-11,2.9,-1.9,10.3,,.5,79.5,3.5,,7.8
226,焊篮,2020-12-12,2.1,-4.1,7.5,,1.5,56.6,7.4,,2
226,焊篮,2020-12-13,-2.2,-5.5,3.7,2.2,1.4,79.5,0,,8.3
226,焊篮,2020-12-14,-6,-10.1,-2.6,,2.6,47.5,7.7,,2.6
226,焊篮,2020-12-15,-6.9,-12.6,-2.1,,2.2,51,7.7,,1.3
226,焊篮,2020-12-16,-7.9,-12.5,-2,,1.6,59.5,7.6,,0
226,焊篮,2020-12-17,-6.7,-13.5,.4,,.8,63.9,7.6,,1.3
226,焊篮,2020-12-18,-2.2,-6.8,3.1,.3,1.2,68.5,1.7,,6.3
226,焊篮,2020-12-19,-5.5,-12.2,0,,1.2,54.1,7.6,,3.5
226,焊篮,2020-12-20,-4.6,-11,2.3,,.9,61.4,7.6,,.3
226,焊篮,2020-12-21,-2.3,-9.2,5.3,,.7,73,4.9,,3.3
226,焊篮,2020-12-22,-1.3,-7.5,7.1,,.7,77.1,6.6,,3
226,焊篮,2020-12-23,-.1,-6.7,7.8,,.3,82.8,1.4,,7.5
226,焊篮,2020-12-24,2.3,-2.5,8.6,,1.7,67.9,5.1,,2.9
226,焊篮,2020-12-25,-1,-6.5,3.9,,1.7,63.3,5.9,,3
226,焊篮,2020-12-26,-2.4,-8.5,5.8,0,.3,83.6,1.8,,6.9
226,焊篮,2020-12-27,0,-6.2,8.1,,.4,83,2.5,,7.1
226,焊篮,2020-12-28,1.5,-4,11.6,,.4,80.6,5.9,,2.6
226,焊篮,2020-12-29,-.4,-4.5,7.6,1.6,1.4,86.1,2.2,,8.1
226,焊篮,2020-12-30,-9,-11.6,-3.3,1.5,3.1,73.3,4.8,,4.8
226,焊篮,2020-12-31,-10,-17.3,-3.7,0,1.1,71.6,6.4,,4.3
226,焊篮,2021-01-01,-7.1,-14.1,-1.7,1.1,.3,89.5,.9,,5.3
226,焊篮,2021-01-02,-6.3,-12.4,-.8,0,1.1,70.5,7.2,,1
226,焊篮,2021-01-03,-6.6,-12.8,-.8,,.8,69.6,3.8,,5
226,焊篮,2021-01-04,-5.2,-13,1.7,,.5,70.6,5.3,,4.1
226,焊篮,2021-01-05,-4.3,-12,-.2,.2,1.7,60.9,6.8,,2.4
226,焊篮,2021-01-06,-8.1,-14.7,-2.5,1,.9,71.8,7.6,,3.8
226,焊篮,2021-01-07,-13.3,-18.9,-4,.7,3.1,59.3,6.8,,1.6
226,焊篮,2021-01-08,-14.5,-20.3,-9.5,,1.2,58.1,7.7,,.3
226,焊篮,2021-01-09,-13.6,-20.3,-6.9,,1,69.4,6.7,,1.4
226,焊篮,2021-01-10,-10.4,-18.2,-2.5,,.6,67.1,6.5,,2.1
226,焊篮,2021-01-11,-8.7,-13.6,-2.8,,.4,76.5,0,,8.4
226,焊篮,2021-01-12,-4,-11.1,2.1,.4,.6,79.3,4.4,,4.9
226,焊篮,2021-01-13,1.7,-5.4,9.6,0,.8,83.3,6.1,,3.4
226,焊篮,2021-01-14,1.3,-5.4,10.9,,.7,63.8,7.7,,0
226,焊篮,2021-01-15,3.5,-4.7,12.8,0,1.2,72.1,.4,,9.4
226,焊篮,2021-01-16,-2,-5.4,2.3,0,2.3,63,5.5,,5.4
226,焊篮,2021-01-17,-4.2,-10.6,-.3,.1,1.6,60.5,7.6,,3.6
226,焊篮,2021-01-18,-3.7,-7.9,2.6,2.3,1.6,74.9,1.4,,5.5
226,焊篮,2021-01-19,-7.8,-13.8,-1,,.7,64.8,6.7,,.5
226,焊篮,2021-01-20,-4.2,-12.9,7.4,,.4,64.3,8.1,,.1
226,焊篮,2021-01-21,3.2,-4.8,9.8,5.6,.3,76.5,2.9,,8.3
226,焊篮,2021-01-22,5.6,3,10.6,2.8,.2,97.6,.3,,6.9
226,焊篮,2021-01-23,7.8,3.3,11,,1.7,78.1,0,,8.9
226,焊篮,2021-01-24,5,-1.6,12.4,,1.1,75.5,7.9,,2
226,焊篮,2021-01-25,4.5,-1.2,11.4,,1.3,77.9,6.4,,7.1
226,焊篮,2021-01-26,4,1.7,6.1,3.6,.7,91.6,0,,9.8
226,焊篮,2021-01-27,1.7,-3,7.4,,1.2,62.8,6.7,,6.4
226,焊篮,2021-01-28,-2.5,-7.3,4.7,1.9,2.5,66.3,2.4,,6.9
226,焊篮,2021-01-29,-7.4,-10.1,-3,.1,2.7,55.5,8.6,,.4
226,焊篮,2021-01-30,-2.3,-11.1,7,0,1,63,1.7,,4.9
226,焊篮,2021-01-31,.4,-8.1,10.2,,.8,65.5,8,,3.4
226,焊篮,2021-02-01,4.8,-.6,11,7.1,1.1,81.6,1.3,,6.6
226,焊篮,2021-02-02,-3.9,-7.1,1.7,.1,2.9,51,9,,1.9
226,焊篮,2021-02-03,-3.6,-12.3,2.2,.2,1.1,59.6,9,,1.4
226,焊篮,2021-02-04,-2.3,-6.9,1.8,1.3,1.7,54.8,9.1,,1.1
226,焊篮,2021-02-05,-2.1,-9.1,6.9,,.5,67.5,4.9,,6.3
226,焊篮,2021-02-06,3.4,-5.5,10.6,,.8,77.4,2.2,,7.6
226,焊篮,2021-02-07,4.7,-.9,10,,1.6,65.6,6.5,,2.8
226,焊篮,2021-02-08,-2.4,-5.5,1.5,,2.3,48.1,9.4,,0
226,焊篮,2021-02-09,-1.8,-8.9,5.3,,1.2,52.8,9.3,,0
226,焊篮,2021-02-10,-.7,-7.8,7.5,,.7,77.4,5,,3.5
226,焊篮,2021-02-11,3.3,-2.9,11.8,,.6,72.5,6.5,,6.1
226,焊篮,2021-02-12,3.8,-3.4,14.9,,.6,66.8,7.7,,3.6
226,焊篮,2021-02-13,4.8,-4.5,16.7,,.5,59.1,9.2,,.8
226,焊篮,2021-02-14,6.6,-.3,14.1,1.4,.5,77.1,1.5,,8
226,焊篮,2021-02-15,2.3,-3.3,7.6,1.3,2.4,71.6,3.7,,8
226,焊篮,2021-02-16,-4.1,-8.1,1.7,1.6,2,72.4,4.7,,4.1
226,焊篮,2021-02-17,-7.5,-9.1,-5.4,1.1,3.5,62.9,4.7,,7.5
226,焊篮,2021-02-18,-6.3,-10.7,-1.4,,2.3,62.8,9.3,,2.6
226,焊篮,2021-02-19,0,-9.9,8.8,,.8,71.5,9.6,,.8
226,焊篮,2021-02-20,9,.9,16,,1.4,65.9,7.8,,1.3
226,焊篮,2021-02-21,10.1,-2.1,21.9,,1.2,57.9,9.8,,.1
226,焊篮,2021-02-22,7.6,.3,18.4,,1.8,59.5,9.4,,.4
226,焊篮,2021-02-23,.7,-5.3,6.9,,1.4,41.6,9.7,,1.6
226,焊篮,2021-02-24,2.4,-3.6,10.8,,.7,46.3,6.5,,7.1
226,焊篮,2021-02-25,3,-3.6,7.9,0,.5,70.8,0,,9.9
226,焊篮,2021-02-26,6.2,-2.1,13.6,,1.4,61.1,8.6,,6.8
226,焊篮,2021-02-27,6.4,1.6,11.3,,2,58.4,7.5,,6.3
226,焊篮,2021-02-28,6.8,-.2,11.5,0,1.5,68.3,3.2,,6.8
226,焊篮,2021-03-01,8,2,11.9,52.5,1.8,92.1,0,,10
226,焊篮,2021-03-02,1.6,-2.5,5.1,2.4,1.5,84,1.8,,6.3
226,焊篮,2021-03-03,2,-3.8,8.8,,.7,76,5.6,,5.1
226,焊篮,2021-03-04,3.8,-1.9,9.6,2.9,.4,87.4,0,,9.1
226,焊篮,2021-03-05,7.4,2,16.5,,1,81.5,7.4,,5.3
226,焊篮,2021-03-06,5.2,1,12.3,,1.8,76.4,3.6,,6
226,焊篮,2021-03-07,4.5,.6,9.2,,1.3,75.8,.9,,7.1
226,焊篮,2021-03-08,5.5,-1.6,13.8,,.7,70.8,9.7,,2.8
226,焊篮,2021-03-09,5.4,-.6,12.8,,.9,64.6,6,,6.8
226,焊篮,2021-03-10,6.1,-2.5,16.1,,1.2,63.5,10.2,,0
226,焊篮,2021-03-11,8.7,-1.4,18.3,,.6,59.1,8.1,,5.8
226,焊篮,2021-03-12,7.2,5.1,9.4,11.4,.8,90.4,0,,6.3
226,焊篮,2021-03-13,6.9,2.3,14.5,,.9,79.5,4.6,,4.8
226,焊篮,2021-03-14,7.3,1,13.7,,.7,77.9,5,,6.5
226,焊篮,2021-03-15,9.5,.3,17.1,.1,.9,69.1,7.5,,7
226,焊篮,2021-03-16,9.6,1.2,15.4,.2,1.9,57,10,,2.8
226,焊篮,2021-03-17,7.5,-2.3,17.9,,.8,59.8,10.3,,.1
226,焊篮,2021-03-18,10.1,1,17.5,,1.5,66.9,9.8,,3.5
226,焊篮,2021-03-19,11.6,8.2,16.4,,2.5,59.3,7.6,,6.8
226,焊篮,2021-03-20,8.1,6.8,9.5,6.2,1.2,88.6,0,,7.9
226,焊篮,2021-03-21,5.5,3.5,9.4,0,2.9,69.5,4.5,,7.6
226,焊篮,2021-03-22,5.5,-1.5,11.4,,2.3,52.6,8.5,,2.1
226,焊篮,2021-03-23,6.8,-2.5,16.6,,1.2,63.6,10.4,,0
226,焊篮,2021-03-24,8.1,-.8,17.4,,.9,56.6,8,,4.9
226,焊篮,2021-03-25,10.9,1.1,19.9,,1,60.6,10.8,,1.1
226,焊篮,2021-03-26,11.6,.9,22.2,,.7,51.4,8.5,,3.3
226,焊篮,2021-03-27,11.2,3.9,14.9,14.7,2.3,77.8,.1,,9.9
226,焊篮,2021-03-28,9.7,6.8,14.1,2.6,1.4,92.9,0,,9.4
226,焊篮,2021-03-29,11.1,5.4,16.6,,2.1,58.1,7.2,,4
226,焊篮,2021-03-30,10.2,2.1,18.8,,1.2,51.4,11.2,,.9
226,焊篮,2021-03-31,12.2,-.1,23.2,,.8,51.4,11,,3.6
226,焊篮,2021-04-01,13.5,6.5,20.3,,2.4,46.5,8.3,,6.1
226,焊篮,2021-04-02,15.9,11.2,20.5,,2.5,53.3,5.1,,7.1
226,焊篮,2021-04-03,15.3,14.3,17.7,18.4,2,81.4,0,,8.1
226,焊篮,2021-04-04,10,5.8,14.3,19.2,1.2,92.9,.2,,8.7
226,焊篮,2021-04-05,8.8,1.4,16.6,,1,68.5,11.1,,.7
226,焊篮,2021-04-06,10.6,1.9,19.5,,1.3,57.9,8.7,,
226,焊篮,2021-04-07,11.6,2.5,21.1,,1.2,52.9,11.5,,1.3
226,焊篮,2021-04-08,10.6,2.5,18.5,,1.3,50.5,11.3,,.4
226,焊篮,2021-04-09,8.9,.5,16.3,,2,61.6,11.5,,2.1
226,焊篮,2021-04-10,10.5,2.3,18.3,,1.1,59.4,10.6,,1.5
226,焊篮,2021-04-11,12.6,2.5,21.5,,1.1,58.3,11.4,,2.3
226,焊篮,2021-04-12,11.8,9.2,14.8,12.3,2.6,75.5,0,,9.9
226,焊篮,2021-04-13,10.7,5,16.5,2.2,2.1,75.6,4.9,,4.9
226,焊篮,2021-04-14,7.8,1.4,15.2,,1.8,57.8,11.7,,2
226,焊篮,2021-04-15,8.8,-.5,18,,.9,57.4,11.2,,5.1
226,焊篮,2021-04-16,9.7,4.5,15.1,0,1,78.1,.3,,8.1
226,焊篮,2021-04-17,9.2,5.7,15.2,0,1.9,60.3,6.1,,4.3
226,焊篮,2021-04-18,9.6,5.3,16.3,,2.3,58.4,7.9,,3.6
226,焊篮,2021-04-19,11.5,.3,21,,1.3,59.4,11.6,,.1
226,焊篮,2021-04-20,14.2,2.7,24.8,,.8,57.5,10.2,,3.1
226,焊篮,2021-04-21,18.2,7.1,28.8,,1,52.1,10.5,,5.4
226,焊篮,2021-04-22,21,13.5,28.3,,2.1,38.6,5.4,,8.5
226,焊篮,2021-04-23,17.2,14.8,20.5,,2.3,32,.1,,10
226,焊篮,2021-04-24,16,10.4,23.1,,1.4,43.6,3.9,,7.5
226,焊篮,2021-04-25,14.6,6.1,22.6,,1.9,55.1,10.7,,1.5
226,焊篮,2021-04-26,14.1,6.2,21.4,,1.9,46.8,11.6,,3.9
226,焊篮,2021-04-27,14,7.9,20.1,,.6,62,.1,,9.6
226,焊篮,2021-04-28,15.2,10.9,19.7,.3,1.1,62.6,3,,7.9
226,焊篮,2021-04-29,15,9.7,20.1,.1,1.6,54.3,6.5,,8.1
226,焊篮,2021-04-30,12.6,9.7,17.1,0,2.5,67.3,2.6,,8.4
226,焊篮,2021-05-01,9.5,8,12.9,2,1.5,83.3,.8,,7.4
226,焊篮,2021-05-02,11,6.3,18.2,2.8,1.5,73.4,6.7,,3.8
226,焊篮,2021-05-03,12.8,3.2,22.4,,.9,63.6,11,,4.4
226,焊篮,2021-05-04,15.2,9.8,20.4,4.8,2,78.9,0,,10
226,焊篮,2021-05-05,13.7,5.4,20.2,1.9,2.2,59,12.1,,1.6
226,焊篮,2021-05-06,12.8,2.3,22.3,,.7,61.5,7.6,,5.8
226,焊篮,2021-05-07,13.2,6.5,20.2,3.4,1.5,66.5,7.3,,3.1
226,焊篮,2021-05-08,14.2,4.2,23,,1.7,66.6,9.9,,.9
226,焊篮,2021-05-09,14.2,6,22.4,,1.9,58.3,12.6,,.3
226,焊篮,2021-05-10,10.2,7,12.4,15.8,.8,91.3,.1,,8
226,焊篮,2021-05-11,14.3,10.7,18.7,2.1,2.2,69.4,1.9,,8.4
226,焊篮,2021-05-12,16.9,8.4,24.6,,1.7,57.4,11.9,,1.8
226,焊篮,2021-05-13,19.7,9.7,28.8,,.6,68.4,12.4,,3
226,焊篮,2021-05-14,22.1,13.4,29.8,,1.4,67,10.4,,6.9
226,焊篮,2021-05-15,20.7,17.5,24.7,2,1.6,83.5,2.5,,8.8
226,焊篮,2021-05-16,20.5,19,21.9,50.7,.9,97.8,0,,9.3
226,焊篮,2021-05-17,16.3,14.6,19,4.1,.9,94.3,.2,,8.9
226,焊篮,2021-05-18,17.3,13.9,23.5,,.7,82.1,6.9,,6.4
226,焊篮,2021-05-19,18.9,11,26.9,,.9,70,10.2,,5.4
226,焊篮,2021-05-20,15.7,14.6,18.4,11.6,1.3,89.6,0,,9.5
226,焊篮,2021-05-21,14.2,12.7,15.3,7.7,1.1,95,0,,7.1
226,焊篮,2021-05-22,17.1,11.4,24.3,,1.2,78.8,10.4,,1.9
226,焊篮,2021-05-23,18.3,9.9,26.1,,.6,75.4,6.8,,7.4
226,焊篮,2021-05-24,17.8,11.4,24.2,,1.2,68,6.5,,5.9
226,焊篮,2021-05-25,14.1,8.8,21,1.6,1.7,67,7.3,,4.4
226,焊篮,2021-05-26,14.7,8.3,22.6,,.7,75.5,2.3,,9.4
226,焊篮,2021-05-27,15.1,10.6,20.8,2.7,.9,86,3.7,,5.9
226,焊篮,2021-05-28,13.6,9.8,19.9,23.3,1.3,88,2.1,,7.3
226,焊篮,2021-05-29,16.4,10.5,23.4,0,1.6,73,7.1,,4.6
226,焊篮,2021-05-30,18.5,8.6,26.8,6.1,.9,72.1,11.5,,3.6
226,焊篮,2021-05-31,19.2,15.9,25.3,11.9,1.1,81.9,4.7,,7.3
226,焊篮,2021-06-01,20.2,14.4,26.4,,1,75.5,8.5,,6.3
226,焊篮,2021-06-02,21.7,15.8,28.8,,.9,69.4,10.8,,5
226,焊篮,2021-06-03,17.3,14.5,18.8,26.5,.6,95.9,0,,9.3
226,焊篮,2021-06-04,17,11.4,24,1.5,1.3,76,9.6,,3
226,焊篮,2021-06-05,19.2,10,26.5,,1.2,76.8,9.8,,2.6
226,焊篮,2021-06-06,20.8,15.6,27.3,0,.8,77.3,7.8,,3.5
226,焊篮,2021-06-07,20.6,13.6,27.4,,.6,70.8,8,,5.6
226,焊篮,2021-06-08,22.3,15.4,30.1,,.6,72.1,11,,4.6
226,焊篮,2021-06-09,23.5,17.2,31.3,,1.3,69.8,12,,4.6
226,焊篮,2021-06-10,22.7,16.9,28.3,1.2,2.1,72.1,5.4,,8.5
226,焊篮,2021-06-11,21.4,18.6,26.5,19.6,1.3,85.9,3.3,,6.5
226,焊篮,2021-06-12,22.9,17.4,29.5,,1,81.4,8.2,,6.3
226,焊篮,2021-06-13,23.8,19,29.8,,.7,80.3,6.4,,4.8
226,焊篮,2021-06-14,22.9,18.2,28,,1.3,82.5,6,,7
226,焊篮,2021-06-15,20.8,18.5,23.7,1.9,1.3,82.6,.1,,7.8
226,焊篮,2021-06-16,21.7,19.1,26,0,1.9,71.9,3.7,,6.4
226,焊篮,2021-06-17,20,16.5,23.8,0,1.6,80.3,1.5,,9.6
226,焊篮,2021-06-18,19.9,17.8,23,2,.6,91.8,.2,,8.8
226,焊篮,2021-06-19,21.3,16,28,,.7,74.9,10.7,,2.5
226,焊篮,2021-06-20,22.6,14.8,29.7,,1.2,63.5,10.3,,4.9
226,焊篮,2021-06-21,21.9,16.6,28.9,,1,71.6,10.2,,3.6
226,焊篮,2021-06-22,20.3,14.5,26.7,0,1.4,80.3,6.2,,7.3
226,焊篮,2021-06-23,18.9,16.4,21.8,.8,1.2,88.1,.2,,7.4
226,焊篮,2021-06-24,21.2,15.6,27.4,0,.7,79.1,7.5,,6.9
226,焊篮,2021-06-25,22.5,16.7,29.8,18.3,.9,77.4,8.8,,5.5
226,焊篮,2021-06-26,21,18.6,25.7,3.8,.6,87.5,1.3,,8.3
226,焊篮,2021-06-27,23,17.3,28.2,,1.4,75.1,9.5,,4.8
226,焊篮,2021-06-28,23,18.7,28.3,,1.1,75,5.4,,6.5
226,焊篮,2021-06-29,22.5,16.9,29.3,1.2,.9,81,7.3,,5
226,焊篮,2021-06-30,23.3,19.9,29,,1.1,81.5,5.1,,6.6
226,焊篮,2021-07-01,24.4,18.2,30.9,,.8,74,10.2,,3.6
226,焊篮,2021-07-02,24,17.9,30.1,,1.4,68.9,7.3,,5
226,焊篮,2021-07-03,21.5,19.5,24.4,36.4,2.3,86.9,.1,,8.8
226,焊篮,2021-07-04,22.7,20.6,25,9.1,1.7,86.1,0,,7.9
226,焊篮,2021-07-05,21.9,19.8,25,4.5,.8,86.9,.1,,9.1
226,焊篮,2021-07-06,22.5,20,25.7,12.2,.7,93.4,1.2,,8.9
226,焊篮,2021-07-07,24.7,21.6,27.5,6.6,1,91.5,0,,9.9
226,焊篮,2021-07-08,24.8,21.7,29.7,48.6,1.1,88,3.9,,8.3
226,焊篮,2021-07-09,24.9,21.1,29.5,2.2,.9,82,6.7,,5.8
226,焊篮,2021-07-10,24.5,21.1,30.3,15.5,1.3,84.6,5.4,,6.8
226,焊篮,2021-07-11,24,20.7,29.8,.4,.9,88.9,2.7,,7
226,焊篮,2021-07-12,26.3,21,32.7,,.6,83.4,6.8,,4.6
226,焊篮,2021-07-13,27.1,22.7,32.7,,1.1,83.5,8.7,,5.1
226,焊篮,2021-07-14,27.2,22.6,33,,.8,80.9,9,,5.1
226,焊篮,2021-07-15,25.7,22.1,32.9,24.3,.7,88.6,5.4,,5.4
226,焊篮,2021-07-16,25.4,21,31.7,0,1,84.1,8.4,,4.5
226,焊篮,2021-07-17,25.1,20.4,29.8,,1.3,80.1,7.3,,6.9
226,焊篮,2021-07-18,25.7,20.5,31.4,,1.5,77.6,10.2,,6.9
226,焊篮,2021-07-19,25,22.2,30.3,1,.9,85.6,3.5,,8.9
226,焊篮,2021-07-20,25.6,21.9,30.1,,.8,85.4,4.8,,8.9
226,焊篮,2021-07-21,26.6,20.1,33,,1.1,73.6,11.7,,5.9
226,焊篮,2021-07-22,26.2,20.1,32.4,,1.5,77.3,11.5,,3.7
226,焊篮,2021-07-23,26.5,20.7,32.8,,1.2,78,11.7,,6
226,焊篮,2021-07-24,26.6,21.8,33.2,,.9,78.9,9.9,,6.8
226,焊篮,2021-07-25,26.1,21.4,31.1,,1.4,79.5,8,,6.8
226,焊篮,2021-07-26,26.5,21.1,32.9,,1.5,76.8,12.5,,2.1
226,焊篮,2021-07-27,26.8,20.3,32.9,,1.5,74.4,12.6,,1.6
226,焊篮,2021-07-28,27,21.7,33.4,,1.1,73.3,11.4,,3.6
226,焊篮,2021-07-29,27.1,22.1,33.5,,.7,78.5,8.5,,5.9
226,焊篮,2021-07-30,28,23.3,34.1,,.8,75,11.6,,6.5
226,焊篮,2021-07-31,28.3,24.4,34.2,3.1,.8,76.5,9.7,,5.5
226,焊篮,2021-08-01,25.7,21.9,33.3,44.4,.8,85,4.1,,7.5
226,焊篮,2021-08-02,24.7,22.6,28.9,7.2,.6,92.6,1,,9.1
226,焊篮,2021-08-03,26.1,23,30.5,7.2,1,86.9,3.9,,7.3
226,焊篮,2021-08-04,26.9,23.4,32.7,.2,.8,83.9,7.9,,4.3
226,焊篮,2021-08-05,27.7,22.8,33.6,,.8,79.4,10.6,,4.4
226,焊篮,2021-08-06,26.5,22.3,33.9,0,1.2,81.8,7.9,,5.9
226,焊篮,2021-08-07,26.4,21.7,32.7,,.9,80.6,6.9,,6.1
226,焊篮,2021-08-08,24.5,22.2,28.4,0,.6,86.3,0,,9.5
226,焊篮,2021-08-09,25.8,21.5,31.3,,1.2,75.1,11.1,,5.4
226,焊篮,2021-08-10,23.8,20.7,28.7,24.2,1.6,85.3,5,,5.6
226,焊篮,2021-08-11,24.6,20.6,31.4,,.9,80.8,10.2,,3
226,焊篮,2021-08-12,24.9,19.9,30.6,,1,81.8,5.9,,7.8
226,焊篮,2021-08-13,24,20.6,28.4,,.7,83.1,2,,9.3
226,焊篮,2021-08-14,23.3,20.8,28.5,.2,.9,84.1,3.2,,8.3
226,焊篮,2021-08-15,24.3,20.6,29.6,,1.7,77.6,10.9,,5.1
226,焊篮,2021-08-16,23.2,18.6,28.5,,1.3,75.9,7.7,,5
226,焊篮,2021-08-17,23.1,18.9,28.2,,1,77.5,4,,8
226,焊篮,2021-08-18,22.9,18.6,28.8,,1.1,79.8,2.5,,7.8
226,焊篮,2021-08-19,22,19.4,27.6,2.8,.8,87.4,2.5,,7.6
226,焊篮,2021-08-20,23.9,18.9,29.7,,1.5,80.9,6.8,,5
226,焊篮,2021-08-21,23.1,21.6,25.6,52.4,2.6,90.1,.1,,8
226,焊篮,2021-08-22,23.6,21,27.6,.2,.8,85,1.7,,8.4
226,焊篮,2021-08-23,21,20.3,22.7,48,.5,98,0,,10
226,焊篮,2021-08-24,23,20.3,26.8,22.2,1.3,93.5,.2,,9.3
226,焊篮,2021-08-25,22.6,21.3,25.2,26.4,.5,97.8,0,,8.6
226,焊篮,2021-08-26,24.2,21,28.6,0,.6,87.1,1.9,,8.5
226,焊篮,2021-08-27,20.5,19.4,22,19.9,.8,98.9,0,,9.4
226,焊篮,2021-08-28,21.5,17.2,26.4,0,.8,86.8,2.1,,8.8
226,焊篮,2021-08-29,21.1,18.7,25.8,17.1,.6,91.3,1.9,,8.9
226,焊篮,2021-08-30,20.5,17.4,24.2,.4,.4,93.5,.2,,7
226,焊篮,2021-08-31,21.1,18.5,26.4,3,.7,89.9,.1,,8.5
226,焊篮,2021-09-01,21.2,19.9,23.2,52.8,1.1,97,0,,8.9
226,焊篮,2021-09-02,21.2,18.9,24,0,1.4,82.6,3.3,,7.6
226,焊篮,2021-09-03,21.2,17.1,26.8,,1.3,80.3,5.2,,4.6
226,焊篮,2021-09-04,20.1,14.3,27.1,,.9,81,9,,6.3
226,焊篮,2021-09-05,19.6,14.4,24.6,.9,.8,86.9,1.4,,8.4
226,焊篮,2021-09-06,19.8,16.8,23.9,19,1.4,87.3,0,,9.8
226,焊篮,2021-09-07,20.2,18.1,22.3,12.7,1.6,93.5,0,,9.5
226,焊篮,2021-09-08,20.3,16.5,25.5,.8,.7,90,3.2,,5.6
226,焊篮,2021-09-09,20.1,15.9,27.6,,.5,87.4,4.7,,7.3
226,焊篮,2021-09-10,21.1,17,27,,.5,87.9,2.5,,7.3
226,焊篮,2021-09-11,21.7,17.7,29,,.6,84,9,,1.9
226,焊篮,2021-09-12,21.8,16.6,27.9,,.6,85.9,6.8,,5.9
226,焊篮,2021-09-13,21.4,18,26.2,,1.5,78.3,5.9,,8.3
226,焊篮,2021-09-14,20.7,17,24.6,,1.5,73,2.5,,6.8
226,焊篮,2021-09-15,21.4,16.4,27.2,,2,67,7.9,,2.5
226,焊篮,2021-09-16,20.5,14,26.1,0,1.5,76,6.6,,7.1
226,焊篮,2021-09-17,19.2,17.5,21.9,8.6,1.3,89.3,.3,,9.1
226,焊篮,2021-09-18,19.8,15.7,27.3,,1,85.3,7.7,,4
226,焊篮,2021-09-19,19.7,14.4,26.2,,1.2,80.6,10.8,,3.3
226,焊篮,2021-09-20,20.7,14.4,25.5,,2.3,79,9.8,,5.5
226,焊篮,2021-09-21,21.3,18.1,25.4,35.9,1.9,86.6,1.9,,7.4
226,焊篮,2021-09-22,20,15.5,26.3,8.2,1.2,82.8,6.5,,5.5
226,焊篮,2021-09-23,18.1,13.2,24.7,,1,81.9,6,,4.6
226,焊篮,2021-09-24,18.3,12.6,25.7,,.8,81.8,8.6,,2.9
226,焊篮,2021-09-25,18.6,13.6,22.8,,1.1,82.8,.2,,8.4
226,焊篮,2021-09-26,18.9,13.9,24,,1.1,80.3,.7,,9.4
226,焊篮,2021-09-27,19.5,14.7,25,.1,1.2,80.3,5.3,,6.9
226,焊篮,2021-09-28,19.9,17.4,24.1,1.2,1.1,85,.4,,7.4
226,焊篮,2021-09-29,20,18.6,22.4,22,.6,98.3,0,,9.9
226,焊篮,2021-09-30,20,15.7,27.2,,.7,85.6,9.4,,2.1
226,焊篮,2021-10-01,19.5,14.3,26.9,.1,.8,85.5,7.7,,4.3
226,焊篮,2021-10-02,18.7,13.2,26.4,.5,.7,83.6,9.6,,1.4
226,焊篮,2021-10-03,19.7,13.9,29.5,,.6,83.5,7.4,,5.9
226,焊篮,2021-10-04,19.8,13.6,27.7,,.6,87.9,4.4,,6.1
226,焊篮,2021-10-05,20.4,16.1,28.1,,.7,84.3,7,,3.8
226,焊篮,2021-10-06,19.6,14.7,26.5,,.9,85.9,5,,7.3
226,焊篮,2021-10-07,18,15.2,23.6,2.1,.5,94.8,.6,,7.9
226,焊篮,2021-10-08,18.8,16.9,21,.3,.4,95.5,0,,8
226,焊篮,2021-10-09,20.9,17.7,26.8,0,.9,88.8,4.4,,7.8
226,焊篮,2021-10-10,21,16.4,28.1,1.3,1,85.6,4.2,,6.9
226,焊篮,2021-10-11,14.5,12.1,16.5,12.8,1.1,92.8,0,,9.8
226,焊篮,2021-10-12,15.2,14.4,16.5,.1,1.8,83.6,0,,7.3
226,焊篮,2021-10-13,17.5,14.2,21.8,,1.5,79.9,2.5,,6.1
226,焊篮,2021-10-14,17.2,12,24.8,,.6,84.4,7.9,,3.6
226,焊篮,2021-10-15,17,14.2,20.9,10.2,.4,93,.3,,9.8
226,焊篮,2021-10-16,11.4,4.5,16.5,5.4,1.7,67,0,,9.8
226,焊篮,2021-10-17,4.2,-1.2,11.7,,1.1,64.4,9.8,,0
226,焊篮,2021-10-18,6.8,-1.7,16.6,,.6,76.8,9.7,,2.5
226,焊篮,2021-10-19,8.8,3.5,14.6,1,.9,84.6,4.1,,5.1
226,焊篮,2021-10-20,6.2,.8,15.1,,.5,83.8,6.5,,2.8
226,焊篮,2021-10-21,6.6,.1,15.8,,.5,84.3,7.1,,4.5
226,焊篮,2021-10-22,6.9,1.2,16,,1,80.6,6.8,,2.6
226,焊篮,2021-10-23,7.1,.4,17.9,,.5,78.5,8.1,,1.4
226,焊篮,2021-10-24,7.7,.8,17.7,,.5,79.6,9.5,,3.5
226,焊篮,2021-10-25,7.6,1.2,17.7,,.5,79.4,8.6,,1.9
226,焊篮,2021-10-26,8.4,1.1,18.3,,.5,84.1,9,,6
226,焊篮,2021-10-27,10,3.7,18.7,,.8,77.1,7.3,,3.1
226,焊篮,2021-10-28,8.6,.3,19.4,,.5,75,9.4,,0
226,焊篮,2021-10-29,9.9,3.4,19,,1,77.9,9.2,,3.4
226,焊篮,2021-10-30,9.5,4.6,17.2,,.3,83.6,1.4,,5.8
226,焊篮,2021-10-31,10,2.9,19.8,,.4,83.6,7,,5.3
226,焊篮,2021-11-01,10.9,6.4,18.3,,.8,83.8,4.2,,6.6
226,焊篮,2021-11-02,9.5,4.6,17.9,,.8,80.3,6.4,,4.9
226,焊篮,2021-11-03,7.9,2.1,16.9,,.5,81,8.5,,2.3
226,焊篮,2021-11-04,10.2,3.5,19.1,,.5,80,8.1,,1.4
226,焊篮,2021-11-05,9.5,4,19.6,,.7,83,5.3,,4.8
226,焊篮,2021-11-06,10.1,3.2,19.6,,.7,78,6.9,,1.6
226,焊篮,2021-11-07,12.8,3.9,19.9,,1.6,71.8,7.3,,5.1
226,焊篮,2021-11-08,10.1,5.9,15.6,15.4,2.7,80.3,.4,,7.3
226,焊篮,2021-11-09,7,5.4,10.2,1.4,1.5,77.8,1.7,,7.6
226,焊篮,2021-11-10,4.7,1.7,6.3,2.1,1.2,89.1,0,,7.1
226,焊篮,2021-11-11,5.2,.7,10.3,2.7,1.4,79.3,3,,4.1
226,焊篮,2021-11-12,3.8,-.5,8.6,.8,1.3,79.8,4,,
226,焊篮,2021-11-13,4.7,-2,14,,.3,84,4.3,,3.4
226,焊篮,2021-11-14,6.9,.3,16.5,,.4,79.9,4.9,,3.6
226,焊篮,2021-11-15,6.3,.6,15.1,,.4,82.5,5.8,,4.8
226,焊篮,2021-11-16,5.2,-.4,14.9,,1,74.8,8.1,,1.8
226,焊篮,2021-11-17,4.8,-2.1,13.6,,.5,76,7.7,,3.9
226,焊篮,2021-11-18,7.6,.6,15.9,,.5,81.6,4.2,,7
226,焊篮,2021-11-19,9.5,5.5,16.6,,.4,87.9,3.3,,7.6
226,焊篮,2021-11-20,8.4,3.4,16.3,,.3,87.8,3.6,,5.1
226,焊篮,2021-11-21,7.8,2.7,14.7,,.3,86.1,.3,,9.1
226,焊篮,2021-11-22,3.7,.8,9.6,4.6,2.5,81.9,2.8,,8.3
226,焊篮,2021-11-23,1.1,-2.3,4,0,2,73.4,2.8,,3.9
226,焊篮,2021-11-24,3.3,-2,10.9,,1.3,68.8,6.3,,3.6
226,焊篮,2021-11-25,5.2,-.8,12.9,,1.5,73.1,5.6,,1.4
226,焊篮,2021-11-26,2.8,-4,9.9,,1,69.6,7.4,,1.1
226,焊篮,2021-11-27,1.9,-3.6,11,,.4,69.1,7.9,,0
226,焊篮,2021-11-28,2,-5.8,12.5,,.3,70.1,6.5,,3.9
226,焊篮,2021-11-29,3.4,-4.2,13.1,,.4,76.9,5.5,,5.1
226,焊篮,2021-11-30,4.1,-.5,9.6,17.9,1.7,89.3,0,,8.8
226,焊篮,2021-12-01,-.3,-4.1,2.5,0,3.1,56.4,7.2,,1.3
226,焊篮,2021-12-02,-.4,-7.6,6.2,.3,.9,74.4,6.7,,3.5
226,焊篮,2021-12-03,2.4,-.7,7.3,1,2,70.1,7.4,,3.6
226,焊篮,2021-12-04,-.8,-5.2,4.6,,.8,76.9,2.1,,2.1
226,焊篮,2021-12-05,.2,-5.9,10.2,,.4,78.4,7.7,,.3
226,焊篮,2021-12-06,2.8,-3.8,12.1,,.5,81,5.7,,6.3
226,焊篮,2021-12-07,2.8,-3.3,12.8,,.7,79.6,7.4,,.1
226,焊篮,2021-12-08,2.9,-3.4,12.6,,.3,81.8,7.5,,1.1
226,焊篮,2021-12-09,3.2,-3.2,11.1,,.5,85.8,2.8,,5.6
226,焊篮,2021-12-10,4.5,-.6,7.7,1.8,.1,97.8,0,,7.4
226,焊篮,2021-12-11,5.8,1.7,10.1,,.6,86.3,1.7,,7.9
226,焊篮,2021-12-12,2.4,-3.4,8,,2.1,69.1,6.1,,2.3
226,焊篮,2021-12-13,-3.7,-8.8,2.5,,1,56.9,7.7,,0
226,焊篮,2021-12-14,.8,-7.5,7.3,.1,.5,76.4,2,,6.1
226,焊篮,2021-12-15,4.8,.4,10.9,.2,.4,91.9,.1,,5.6
226,焊篮,2021-12-16,4.2,.8,10.6,,.5,83.6,1.9,,9
226,焊篮,2021-12-17,-3.1,-9.3,5.7,.2,3.5,52.4,4.7,,2.8
226,焊篮,2021-12-18,-5.2,-13.2,1.5,.1,.9,65.9,7.5,,3.9
226,焊篮,2021-12-19,-.8,-5.3,4.2,.6,1.4,73.4,7.4,,1.4
226,焊篮,2021-12-20,2.6,-5.3,10.6,,.5,80,2,,5.6
226,焊篮,2021-12-21,4.3,-1.9,12.5,0,.7,76.3,2.9,,3.5
226,焊篮,2021-12-22,.4,-5.8,9.7,,.5,67,8.5,,0
226,焊篮,2021-12-23,-.1,-6.7,9,,.3,69.8,8.4,,2.5
226,焊篮,2021-12-24,.4,-3.1,8.1,,1.4,75,2.6,,7.1
226,焊篮,2021-12-25,-8.1,-11.1,-2.7,,3,51.9,8.7,,.4
226,焊篮,2021-12-26,-10.3,-14.3,-5,,1.8,52.6,8.7,,.1
226,焊篮,2021-12-27,-6.1,-14.7,-.7,,.9,66.4,5.3,,4.8
226,焊篮,2021-12-28,-1.8,-6.3,3.2,,.2,83.4,.2,,6.5
226,焊篮,2021-12-29,1.3,-4.7,6.9,0,1.2,76,1.1,,8.1
226,焊篮,2021-12-30,-2.4,-5.2,1.5,2.1,2.3,64.4,5.7,,4.1
226,焊篮,2021-12-31,-6.5,-11.2,-1.5,,1.8,53,8.8,,0
226,焊篮,2022-01-01,-6.8,-13.9,1.7,,.4,64.6,8,,1.4
226,焊篮,2022-01-02,-3.4,-10.2,4.8,,1,69.1,5.5,,3
226,焊篮,2022-01-03,-4.6,-11.9,2,,.8,74,8.4,,1
226,焊篮,2022-01-04,-1.6,-8.1,3.6,,1.2,53.3,8.7,,1.5
226,焊篮,2022-01-05,-2.7,-10.4,4.2,,.5,67,.6,,8.6
226,焊篮,2022-01-06,-2.4,-8.5,4.4,,.7,62.1,8.9,,0
226,焊篮,2022-01-07,-4.4,-11.2,5.5,,.3,62.4,8.9,,.4
226,焊篮,2022-01-08,-1.6,-10.6,5.5,,.5,66.3,8,,2.9
226,焊篮,2022-01-09,.4,-4.9,6.3,,.3,75.3,4.3,,5
226,焊篮,2022-01-10,-.7,-8.1,6.7,0,.5,68.9,5.7,,8.4
226,焊篮,2022-01-11,-4.7,-8.2,.3,.5,2.6,65.3,7.9,,3.6
226,焊篮,2022-01-12,-7.2,-14,-1.1,,1.1,59.5,8.9,,2.4
226,焊篮,2022-01-13,-5.8,-9.9,-1.6,0,2.5,56.8,7.9,,3.6
226,焊篮,2022-01-14,-6.7,-13.8,1.4,,.7,54,8.8,,2.9
226,焊篮,2022-01-15,-2.1,-9.5,5.1,,.3,55.8,3.1,,6.1
226,焊篮,2022-01-16,-.4,-5.9,2.7,.2,1.9,60.4,7.9,,2.8
226,焊篮,2022-01-17,-4,-10.6,1.5,.8,1.5,64.1,5.8,,5.8
226,焊篮,2022-01-18,-7.2,-14.6,.3,,.7,58.8,9.1,,0
226,焊篮,2022-01-19,-5.3,-13.2,2.5,.3,1.1,72.6,4.2,,5.8
226,焊篮,2022-01-20,-6.1,-12.3,2.5,,.5,68.5,9.1,,.4
226,焊篮,2022-01-21,-5.1,-13.6,5.7,,.7,59.9,9.1,,2.9
226,焊篮,2022-01-22,1.5,-8,8.5,0,.4,61,2.2,,7.1
226,焊篮,2022-01-23,3.4,-2.4,10.3,,.5,67.3,4.4,,6.6
226,焊篮,2022-01-24,2.9,-4.2,7.8,,1.7,61.5,7,,3.8
226,焊篮,2022-01-25,1.6,0,3.8,2.5,.6,89.5,0,,8.4
226,焊篮,2022-01-26,1.3,-2.9,5.6,,1.1,69.9,3.4,,7.4
226,焊篮,2022-01-27,-1.8,-7,4.8,,.6,64.3,8.8,,2.3
226,焊篮,2022-01-28,-3.1,-8.5,3.6,,1.1,60.1,9,,2.6
226,焊篮,2022-01-29,-3.8,-8.6,2.6,,1.1,57,9,,2.5
226,焊篮,2022-01-30,-4.5,-11.2,3.1,,.9,58.8,9.4,,2
226,焊篮,2022-01-31,-3.5,-11.5,4.8,0,.5,62.1,9.3,,1.1
226,焊篮,2022-02-01,-.4,-2.4,1.5,.1,1.8,71.4,1.3,,8
226,焊篮,2022-02-02,-1.4,-4.9,2.2,,1.6,54.1,7.2,,7
226,焊篮,2022-02-03,-2.4,-6.3,2.3,,1.4,53.1,9.5,,3.4
226,焊篮,2022-02-04,-4.3,-8.7,1.2,.2,1.9,65.1,7.6,,5.8
226,焊篮,2022-02-05,-5.9,-10.9,-.9,.3,2.4,64.1,6.6,,3.4
226,焊篮,2022-02-06,-4.6,-13,2.4,,1.4,65.1,6.9,,1.6
226,焊篮,2022-02-07,-3.1,-11,2.3,,1.2,52,4.2,,6
226,焊篮,2022-02-08,-2.7,-9.2,5.6,,.8,58.5,7.6,,4.3
226,焊篮,2022-02-09,-1.3,-10.6,7.9,,.5,52.1,8.8,,4.6
226,焊篮,2022-02-10,.7,-5.3,7.4,,.9,50,9.5,,2.5
226,焊篮,2022-02-11,-.3,-8.4,9.5,,.8,58.1,9.4,,3.4
226,焊篮,2022-02-12,2,-5.4,11,,.6,50.5,9.4,,3.6
226,焊篮,2022-02-13,2.6,-3.5,10.1,0,.7,67.6,4.4,,5.6
226,焊篮,2022-02-14,2.3,-5.3,10.3,.2,1.5,67.4,6.2,,3.8
226,焊篮,2022-02-15,-3.2,-6.2,-.1,0,2.6,65.8,2.4,,8
226,焊篮,2022-02-16,-6.2,-8.5,-2.7,.5,2.6,62.1,5.2,,5.1
226,焊篮,2022-02-17,-6.9,-12.9,-.9,,1.4,48.3,9.9,,.4
226,焊篮,2022-02-18,-3.4,-13.4,6,,.5,44.6,9.5,,5.4
226,焊篮,2022-02-19,-.8,-4.9,3.6,0,1.7,55.5,2.5,,8.6
226,焊篮,2022-02-20,-4.4,-7.2,-.7,,2.8,44.1,10.1,,1.1
226,焊篮,2022-02-21,-2.5,-10.9,4.2,0,1.6,61.1,6.2,,2.1
226,焊篮,2022-02-22,-3,-7.7,1.9,0,2.4,48.1,8.8,,2.5
226,焊篮,2022-02-23,-5.6,-11.4,.7,,1.7,45.3,10.2,,2.9
226,焊篮,2022-02-24,-4.2,-13.4,3.6,,1.3,52.6,10.2,,.1
226,焊篮,2022-02-25,.3,-9.2,9.2,,.9,68.1,7,,3
226,焊篮,2022-02-26,4.3,-2.6,12.1,3,1.9,68.1,8.3,,6.1
226,焊篮,2022-02-27,3,-4.9,10.4,,1.3,52.9,10.3,,0
226,焊篮,2022-02-28,3.2,-5.6,12.3,,.4,54.4,6.6,,6.4
226,焊篮,2022-03-01,4,-.9,11.7,1.8,1.2,79.3,1.7,,6
226,焊篮,2022-03-02,1.9,-6.2,9.6,,1.3,61.3,10.3,,.9
226,焊篮,2022-03-03,3.6,-4.8,12.9,,.8,63.5,8.9,,2
226,焊篮,2022-03-04,6.7,-4.3,16.4,,1.7,60.8,6.8,,5.6
226,焊篮,2022-03-05,3.2,-.6,8.6,,3.4,41.4,10.5,,.1
226,焊篮,2022-03-06,1.1,-3.6,7.3,,1.9,37.9,10.5,,1.4
226,焊篮,2022-03-07,1.4,-6.3,10.2,,.8,45.8,9.7,,3.5
226,焊篮,2022-03-08,3.1,-5.5,12.6,,.7,57.9,10.1,,2.1
226,焊篮,2022-03-09,5.2,-3.4,15.2,,.6,59.3,10.4,,1
226,焊篮,2022-03-10,6.6,-2.8,16.8,,.7,46.8,8.6,,5.4
226,焊篮,2022-03-11,8.6,-1.1,17.5,,.4,61.5,2.5,,6.4
226,焊篮,2022-03-12,13.6,6.4,20.5,0,.8,71.5,2.4,,8.3
226,焊篮,2022-03-13,12.9,10.8,14.3,43.2,.5,95.9,0,,9.8
226,焊篮,2022-03-14,9.8,5.9,12.4,4.7,2,92.4,0,,9.6
226,焊篮,2022-03-15,8.3,4.1,16.4,,1,68.9,8.3,,4.8
226,焊篮,2022-03-16,9.7,.7,18.5,,.7,66.5,8.7,,4
226,焊篮,2022-03-17,8.2,5.2,10.5,7.7,1.4,81.1,0,,10
226,焊篮,2022-03-18,5.7,3.7,7.7,2.2,2.1,77.5,0,,9.4
226,焊篮,2022-03-19,2.9,.5,5.5,11.6,1.1,90.9,0,,9.5
226,焊篮,2022-03-20,4.6,2.1,9.3,,.8,77,1.2,,9.1
226,焊篮,2022-03-21,4.6,-2.5,11.3,,.8,60.9,8.3,,8
226,焊篮,2022-03-22,5.5,-1,12.3,,.8,54.8,9.8,,3.5
226,焊篮,2022-03-23,3.7,.3,8.6,,.7,73.5,.7,,5.6
226,焊篮,2022-03-24,5.6,-2,14.5,,.3,76.6,3.7,,5.3
226,焊篮,2022-03-25,10.9,2.3,16.8,10.4,1.8,73.9,2.3,,8.3
226,焊篮,2022-03-26,11.2,8.9,13.9,15.5,2.2,90.5,0,,9.1
226,焊篮,2022-03-27,7.1,.8,14.8,,1.6,63,9.7,,2.1
226,焊篮,2022-03-28,5.4,-2.9,13.7,,.6,55.8,11.2,,1.7
226,焊篮,2022-03-29,7.9,-1.5,17.2,,.6,60.4,11.3,,0
226,焊篮,2022-03-30,10.7,1.2,17.2,.3,.6,74.8,2.4,,7.4
226,焊篮,2022-03-31,10.2,5.7,14.3,.8,1.4,76.5,.2,,9.8
226,焊篮,2022-04-01,7.1,.6,13.8,,.9,63,8.5,,5.3
226,焊篮,2022-04-02,6.5,-1.8,14.2,,1,54.4,11.3,,.5
226,焊篮,2022-04-03,7.8,-1.8,16.4,,.7,50.5,11.5,,0
226,焊篮,2022-04-04,8.6,-.7,17.7,,.9,52.4,11.6,,0
226,焊篮,2022-04-05,8.9,-.7,17.2,,.8,50.5,8.5,,6.5
226,焊篮,2022-04-06,10.8,1.3,19.4,,1.1,45.5,11.3,,.6
226,焊篮,2022-04-07,10.6,4.5,18.3,.6,1.5,52.9,8.5,,3.6
226,焊篮,2022-04-08,11.1,-.5,21.6,,.8,48,11.8,,0
226,焊篮,2022-04-09,15.1,4.9,25.4,0,1,54.8,10.8,,.6
226,焊篮,2022-04-10,16.4,5.7,26.4,,.8,52.6,10.7,,3.3
226,焊篮,2022-04-11,17.6,7.8,26.6,,.7,60.4,11.5,,2.6
226,焊篮,2022-04-12,19,10.1,27,,1,66,10.5,,4.5
226,焊篮,2022-04-13,13,7.8,17.9,19.2,1.5,85.6,0,,10
226,焊篮,2022-04-14,9.9,7.9,12.3,1.1,2,72.8,0,,9.4
226,焊篮,2022-04-15,11,4,18.1,,1.3,61.3,10.5,,4.1
226,焊篮,2022-04-16,10.2,2.5,18.9,,1.2,54.8,12,,.6
226,焊篮,2022-04-17,11.3,.5,20.6,,1,48.4,11.7,,2
226,焊篮,2022-04-18,13,5.6,21.5,,1,51.4,7,,7.9
226,焊篮,2022-04-19,13.1,3.3,22.8,,1,47.1,11.6,,.9
226,焊篮,2022-04-20,12.9,2.8,22.3,,1.1,48.3,12.1,,0
226,焊篮,2022-04-21,11.8,3.8,20.2,,.8,57.3,3.3,,4.3
226,焊篮,2022-04-22,14.8,4.6,24,,1.5,71.8,6.9,,6.8
226,焊篮,2022-04-23,17.2,9.8,25.5,,1,58.1,7,,7.3
226,焊篮,2022-04-24,18.1,10,26.2,,1,67.3,8.4,,3.8
226,焊篮,2022-04-25,19,12.7,25.6,4.6,.7,70.1,3.7,,9.6
226,焊篮,2022-04-26,17.7,14.5,22.3,28.2,.9,83.6,1.2,,8.6
226,焊篮,2022-04-27,15.8,9.2,22.7,,.9,53.1,11.7,,3.4
226,焊篮,2022-04-28,15.7,7.9,22.4,0,1.5,62.9,7.5,,5.6
226,焊篮,2022-04-29,11.5,8.3,14.2,7.4,1.5,71.1,1.1,,8.5
226,焊篮,2022-04-30,12.4,9.4,16.6,,1.3,65.9,1.2,,7.9
226,焊篮,2022-05-01,11.5,4.6,19.1,,1.4,57.4,11.2,,2.1
226,焊篮,2022-05-02,11,5.3,17.8,0,1.1,62.6,8.5,,4.8
226,焊篮,2022-05-03,11.8,2.5,21.1,,.8,61.5,12.2,,0
226,焊篮,2022-05-04,14.9,4.3,24.8,,.8,58.8,12.2,,1.5
226,焊篮,2022-05-05,16.3,6.3,25.7,,.6,60.1,12.4,,0
226,焊篮,2022-05-06,17.7,8.8,25,,.7,68.3,9.5,,2.3
226,焊篮,2022-05-07,16,11,22.2,,1.3,65.9,6.5,,6.1
226,焊篮,2022-05-08,15.2,10.5,20.7,.3,1.6,57.6,6.6,,8.3
226,焊篮,2022-05-09,15.8,10,22,1,1.5,53.6,10.1,,6.5
226,焊篮,2022-05-10,15.8,7.6,23.5,,1.3,52.3,11.1,,5.6
226,焊篮,2022-05-11,17.9,10.9,23.8,,.6,58.9,4.6,,8.3
226,焊篮,2022-05-12,19.5,14.2,25.7,,1,63.1,2.7,,9.3
226,焊篮,2022-05-13,17.2,12.8,20.2,.1,1,69,.8,,7.3
226,焊篮,2022-05-14,14.3,7.5,20.6,,1.9,47.4,11.4,,4.1
226,焊篮,2022-05-15,12.9,6,20.5,,1.2,53.1,11.5,,2.9
226,焊篮,2022-05-16,14.1,3.5,23.1,,1,53.1,12.5,,.5
226,焊篮,2022-05-17,17.1,6.1,26.7,,1,56.5,12.4,,0
226,焊篮,2022-05-18,19.2,9.7,27.5,,1.2,52.4,12,,.9
226,焊篮,2022-05-19,17.5,10.8,23.9,,.9,46.5,2.4,,7.6
226,焊篮,2022-05-20,18.2,10.7,25.7,,.8,59.3,11.4,,4.4
226,焊篮,2022-05-21,19.5,12.1,26.2,,1.3,67.4,10.9,,2.1
226,焊篮,2022-05-22,20,12.5,27.4,,1.1,70.4,12.4,,.8
226,焊篮,2022-05-23,21.2,13.4,29.1,,.9,67.3,10.7,,3.9
226,焊篮,2022-05-24,21.5,12.6,30,,1,58.1,12.5,,1
226,焊篮,2022-05-25,20.8,12.9,27.5,,1.2,60.9,10.1,,4.8
226,焊篮,2022-05-26,17.8,12.8,24.2,4.2,1.4,61.4,12,,2.4
226,焊篮,2022-05-27,19,11.7,25.5,,2.1,59.8,11.4,,1.9
226,焊篮,2022-05-28,19.3,10.7,28.5,,1,59.3,12.7,,3.1
226,焊篮,2022-05-29,20.7,11,29.4,,.7,57.6,12.1,,2.9
226,焊篮,2022-05-30,20.4,18.4,24.2,0,1.5,70.1,.7,,7.4
226,焊篮,2022-05-31,19.3,10.9,27.2,,1.2,53.9,12.2,,1.8
226,焊篮,2022-06-01,20.2,10.9,30.3,,1.1,48.3,12.8,,1.3
226,焊篮,2022-06-02,20.5,10.1,28.6,,1.1,61.9,12,,.9
226,焊篮,2022-06-03,23.8,17.4,31.5,,1.1,56.3,11.5,,2.3
226,焊篮,2022-06-04,22.1,15.3,27.4,,2,58.8,8.8,,6.4
226,焊篮,2022-06-05,17.2,16,21.9,10.7,1.6,84.8,0,,9.5
226,焊篮,2022-06-06,17.7,14.3,22.2,6.2,1.1,85.3,3,,7.1
226,焊篮,2022-06-07,15.7,11.5,18.8,.1,1.4,82.3,2.1,,7.8
226,焊篮,2022-06-08,17.8,13.2,23.4,,1.5,73.4,7.4,,6.3
226,焊篮,2022-06-09,19.6,14.6,26,,.9,73,5.2,,6.8
226,焊篮,2022-06-10,21.6,14.5,27.9,,.9,70.6,8.1,,6.5
226,焊篮,2022-06-11,20.7,16.4,28.4,2.7,.8,76.9,4.3,,7.3
226,焊篮,2022-06-12,20.9,13.8,25.7,,1.6,70,8,,6.3
226,焊篮,2022-06-13,20.3,17.5,25.1,,2.4,62,9.8,,7.6
226,焊篮,2022-06-14,16.7,15.3,18.3,8.9,1.8,80.9,0,,8.8
226,焊篮,2022-06-15,18.3,14.2,23.2,20.8,1.3,86.3,2.8,,7.1
226,焊篮,2022-06-16,20.2,15.9,24.9,,1.4,71.5,6.7,,4.9
226,焊篮,2022-06-17,21.5,14.1,27.5,,.8,77.8,9.7,,7.1
226,焊篮,2022-06-18,23.9,20.4,27.4,,1.1,75.5,5.8,,5.8
226,焊篮,2022-06-19,23.4,19.3,27.4,,.8,79.3,3.1,,5
226,焊篮,2022-06-20,24.9,19.6,30.6,,.9,76.9,11,,1.6
226,焊篮,2022-06-21,26.5,19.8,33.3,,.8,68.5,9.9,,2.9
226,焊篮,2022-06-22,25.7,19.7,32.6,,.9,68.9,11.8,,2.4
226,焊篮,2022-06-23,24,19.6,27.3,28.4,1.6,88.6,.9,,9.1
226,焊篮,2022-06-24,24.6,22.7,28.1,9.5,1.9,80.1,3.8,,6
226,焊篮,2022-06-25,25.8,19.8,31.8,0,1.3,76.4,7.6,,5.4
226,焊篮,2022-06-26,25.6,22.4,29.6,0,.9,85.1,2.3,,8
226,焊篮,2022-06-27,26.2,22.9,29.8,2.2,1.6,80.5,.8,,9.5
226,焊篮,2022-06-28,28.2,26.7,30.7,,3.9,65.1,2.3,,8.9
226,焊篮,2022-06-29,27,24.1,29.7,1.5,1.9,76.3,.7,,8.6
226,焊篮,2022-06-30,25.1,23.4,28.5,7.3,.8,93,1,,7.8
226,焊篮,2022-07-01,26.7,22.1,32.6,,.7,80,9.8,,3.6
226,焊篮,2022-07-02,27.4,21.3,33.8,,.7,73.6,10.6,,3.3
226,焊篮,2022-07-03,27.1,22.1,33.4,0,1,73.3,9.2,,5.9
226,焊篮,2022-07-04,26.9,21.7,33.2,0,1.1,79.9,9.4,,6.4
226,焊篮,2022-07-05,26.3,23.2,31.8,0,.8,86.1,2,,9
226,焊篮,2022-07-06,27.7,23.2,31.8,0,1.6,79.3,5.7,,7
226,焊篮,2022-07-07,27.8,23.8,32.7,0,1.9,78.5,6.2,,7.5
226,焊篮,2022-07-08,26.8,23.5,30.8,1.2,.9,79,3.8,,7.8
226,焊篮,2022-07-09,25,22.9,28.9,,.8,84.1,2.1,,7
226,焊篮,2022-07-10,27.2,21.9,33.6,16.1,1,77.8,7.2,,6
226,焊篮,2022-07-11,23.6,21.9,26.5,9.7,.7,93.9,1.5,,6.9
226,焊篮,2022-07-12,25,20.7,28.6,,1,86.4,.3,,7.3
226,焊篮,2022-07-13,23,22.4,24.3,17.5,1.8,90.5,0,,9.4
226,焊篮,2022-07-14,25,22.6,29,.5,1.1,87,2,,6.3
226,焊篮,2022-07-15,24.5,20.7,29.6,,1,80.5,8.5,,3.3
226,焊篮,2022-07-16,22,19.6,26.8,11.7,.6,93.3,2.3,,5.9
226,焊篮,2022-07-17,24,20.5,29,,.8,83.3,3.5,,7
226,焊篮,2022-07-18,21.3,20.4,22,43.4,.9,98.1,0,,7.5
226,焊篮,2022-07-19,24.1,19.9,29.6,,.7,86.6,2.5,,6.6
226,焊篮,2022-07-20,25.5,21.1,30.7,,.8,81.6,7.5,,7.5
226,焊篮,2022-07-21,22.6,21.6,24.3,19.4,1.5,93.3,0,,8
226,焊篮,2022-07-22,23.9,21.3,28.4,3.2,1.1,82.8,4,,6.9
226,焊篮,2022-07-23,23.4,20.3,27.5,14.1,1.5,87.8,2.4,,8.4
226,焊篮,2022-07-24,23.3,21.2,26.1,8.5,.7,95.4,.3,,6.8
226,焊篮,2022-07-25,25.5,21.9,30.8,,.8,83,8,,1.9
226,焊篮,2022-07-26,26,20.6,32.3,,1,79.4,11.4,,3.3
226,焊篮,2022-07-27,25.1,20.7,29.3,,1.5,75.4,10.8,,5.6
226,焊篮,2022-07-28,25.5,19.9,29.7,,1.6,82.1,9.6,,4.9
226,焊篮,2022-07-29,27.6,22.5,32.6,,1.3,76.3,11.7,,4
226,焊篮,2022-07-30,26.7,22.2,30.2,0,1.3,79.5,2.8,,6.5
226,焊篮,2022-07-31,25.8,24.3,27.8,15.2,2.1,86.8,.1,,10
226,焊篮,2022-08-01,26.7,25.1,29.5,2.6,3.4,83.5,2.3,,8.5
226,焊篮,2022-08-02,26.6,24.4,30.8,3.9,1.3,87.5,2.7,,8.5
226,焊篮,2022-08-03,27.3,24.1,31.9,.4,1,85.1,4.8,,5.9
226,焊篮,2022-08-04,26.8,23.7,31.8,6.8,.9,86.5,6.1,,6
226,焊篮,2022-08-05,27,23.8,31.3,11,.9,89.3,4.1,,4.8
226,焊篮,2022-08-06,27.9,24.1,32.6,,.8,83.4,8.5,,4.8
226,焊篮,2022-08-07,28,24.5,32.6,,.9,83.5,3.9,,6.6
226,焊篮,2022-08-08,27,24.8,29.3,0,1.4,79.8,0,,9.9
226,焊篮,2022-08-09,26.7,23.8,28.7,5.5,1.7,81.1,0,,10
226,焊篮,2022-08-10,24.7,23.2,27.2,140.7,1.4,95.8,0,,10
226,焊篮,2022-08-11,23.6,23.2,24.2,65,1.2,98.1,0,,10
226,焊篮,2022-08-12,25.8,21.9,30.9,.4,.8,83.3,9,,4.4
226,焊篮,2022-08-13,24.2,21.4,27.6,14.2,.7,95.1,.1,,8.3
226,焊篮,2022-08-14,25.4,23.2,28.9,5.3,.6,95.1,0,,9.3
226,焊篮,2022-08-15,26.8,23,30.5,1.4,1.5,83.5,1.7,,9.6
226,焊篮,2022-08-16,24.5,22.2,28.2,22.4,1.1,90.4,3.6,,7.5
226,焊篮,2022-08-17,24.9,21.8,29.5,7,1.1,86.9,4.5,,6.9
226,焊篮,2022-08-18,24.4,20.5,29.9,,.7,77.6,7.2,,6.5
226,焊篮,2022-08-19,25.1,20.4,28.5,,1,86.6,.9,,8.4
226,焊篮,2022-08-20,25.9,23.6,29.4,30.8,1.1,91,2.6,,6.1
226,焊篮,2022-08-21,25,21.4,29.8,,1.2,81,11.7,,3.3
226,焊篮,2022-08-22,24.8,19.3,30.5,0,.7,82.8,7.5,,6.6
226,焊篮,2022-08-23,23.1,22.2,24.2,24.5,.5,96,0,,8.8
226,焊篮,2022-08-24,21.9,19.9,23.3,.2,1.7,79.6,.4,,6.5
226,焊篮,2022-08-25,21.7,17.9,26.9,0,.9,86,1.7,,9.1
226,焊篮,2022-08-26,21.5,15.9,27,,.8,80.4,8.2,,5.8
226,焊篮,2022-08-27,20.1,14.4,25.1,,1.3,72.9,9.3,,4.3
226,焊篮,2022-08-28,19.1,12,25.7,,1.2,75,12,,3
226,焊篮,2022-08-29,18.1,16.7,20.6,5.9,.6,90.8,0,,8.4
226,焊篮,2022-08-30,18.6,17,20.1,31.2,.5,98.4,0,,9.9
226,焊篮,2022-08-31,20.2,18.6,22.6,12.7,.5,96.3,0,,7.8
226,焊篮,2022-09-01,20.4,17,25.7,,.8,90.1,3.9,,7.6
226,焊篮,2022-09-02,21.1,14.9,26.1,,1.4,78.4,4.3,,6.6
226,焊篮,2022-09-03,21.9,19.5,24.5,,2,75.3,1.4,,7.3
226,焊篮,2022-09-04,22.9,20.6,25.8,.7,2.3,85.9,.2,,9.8
226,焊篮,2022-09-05,22.9,21.6,24.7,37.5,1,97.3,0,,10
226,焊篮,2022-09-06,19.1,14.5,24.7,32.8,2.9,85.9,5,,5.6
226,焊篮,2022-09-07,18.8,13.3,26.7,,.8,79.5,9.4,,2.9
226,焊篮,2022-09-08,19.2,12.2,27.6,,.8,80.9,9.7,,3.5
226,焊篮,2022-09-09,20.5,14.5,27.1,,1.2,72.6,9.9,,6.1
226,焊篮,2022-09-10,20.3,16.1,24.4,,1.5,74.6,5,,8.8
226,焊篮,2022-09-11,21.8,17,26.6,,1.2,79.5,7.6,,8.8
226,焊篮,2022-09-12,21.4,19.2,24.7,.5,.7,90.1,.2,,9.9
226,焊篮,2022-09-13,22.7,18.9,27.4,0,.8,78.1,1.2,,9.9
226,焊篮,2022-09-14,23,19.2,27.3,,2,56.8,5.6,,8.3
226,焊篮,2022-09-15,23.3,19.7,27.3,,2.3,70.6,9.2,,6.4
226,焊篮,2022-09-16,23,19,26.5,,2.3,81.8,8.1,,4.8
226,焊篮,2022-09-17,25.4,20.6,30.8,.1,.7,82,8.4,,7.5
226,焊篮,2022-09-18,25.5,22.2,30.9,.1,.8,80.8,1.8,,9.5
226,焊篮,2022-09-19,23.2,14.6,28.6,,2.9,71.1,7.9,,4.3
226,焊篮,2022-09-20,16,11.8,22.2,,.9,76.8,4.6,,4.6
226,焊篮,2022-09-21,15.5,9.2,22.1,,1.3,74.5,11.1,,0
226,焊篮,2022-09-22,15.6,8.7,22.9,,.8,78.4,7.4,,6.8
226,焊篮,2022-09-23,15.3,9.9,23.2,0,1.3,78.6,7.6,,5.5
226,焊篮,2022-09-24,15.5,8.8,22.4,,1.1,73.1,9.9,,6.3
226,焊篮,2022-09-25,16.5,12.3,23.1,,.7,78.6,2.7,,8.6
226,焊篮,2022-09-26,16.2,11.9,24.2,,.5,81.5,2.9,,8.5
226,焊篮,2022-09-27,17,9.6,25.4,,1.1,77.6,10.9,,1.8
226,焊篮,2022-09-28,16.4,10.2,23.9,,.5,84.1,4.9,,5.4
226,焊篮,2022-09-29,17.1,12.1,25.6,,.6,86.5,7.3,,2
226,焊篮,2022-09-30,17.3,11.6,27.5,,.6,81.3,7.2,,2.6
226,焊篮,2022-10-01,17.3,9.4,26.8,,.6,81.8,7.2,,5.9
226,焊篮,2022-10-02,19.1,13.2,24.8,1,1.5,76,2,,9.3
226,焊篮,2022-10-03,21.8,17.8,25.8,22.3,.9,91.6,.1,,8.8
226,焊篮,2022-10-04,19.2,15.1,23,47.5,1.6,87.6,.5,,9.6
226,焊篮,2022-10-05,15.7,14.1,19.7,,1.2,78.6,3.9,,7.9
226,焊篮,2022-10-06,15.7,13.5,20.5,.6,.7,83.9,2.6,,9
226,焊篮,2022-10-07,15,12.3,18.9,0,1.3,77.3,4.2,,6.8
226,焊篮,2022-10-08,13.8,7.5,19.3,,1.5,74.6,10.1,,2.4
226,焊篮,2022-10-09,12.1,10.3,13.6,13.7,.9,92.8,0,,8.9
226,焊篮,2022-10-10,9.9,7.3,13.1,4.2,2.4,81.1,3.6,,7.1
226,焊篮,2022-10-11,10.2,5.6,16.3,.1,1.8,77.6,8.4,,3.5
226,焊篮,2022-10-12,10.5,4.1,19,,1,84.3,7.4,,3.6
226,焊篮,2022-10-13,12.7,5.9,21,,1,82.6,10.2,,3.3
226,焊篮,2022-10-14,13.6,7.5,21.7,,.7,83.8,5.7,,7.9
226,焊篮,2022-10-15,16.5,10.7,23.8,,.7,79.8,7.3,,5
226,焊篮,2022-10-16,16.6,13,22,.3,.7,84.8,1.9,,9.3
226,焊篮,2022-10-17,11.4,5.5,15.3,,2.3,58.5,9,,3.3
226,焊篮,2022-10-18,6.2,.5,14,,1.1,71,10.1,,0
226,焊篮,2022-10-19,6.5,-.9,15.6,,.9,74.8,10.1,,0
226,焊篮,2022-10-20,8.7,-.3,19.5,,.7,73.5,10.1,,2.3
226,焊篮,2022-10-21,9.8,3.1,17.7,,.4,80.6,2.5,,8.6
226,焊篮,2022-10-22,12,5.6,20.2,,.8,75.9,8.6,,4.5
226,焊篮,2022-10-23,11.6,4.8,18.4,,1,78,6,,3.3
226,焊篮,2022-10-24,7,1.4,15.2,,1.1,72.3,7.5,,1.6
226,焊篮,2022-10-25,6.9,-.7,15.9,,.7,74.8,9.4,,.9
226,焊篮,2022-10-26,8.8,.7,17.6,,.5,74.5,9.2,,4
226,焊篮,2022-10-27,10.5,3.5,20,,.7,77.4,9.5,,1.1
226,焊篮,2022-10-28,11.1,4.4,20,,.7,80.6,6.6,,4.4
226,焊篮,2022-10-29,11.4,4.9,19.7,,.9,79.3,8.3,,4.4
226,焊篮,2022-10-30,11.5,4.4,18.9,,1,76.4,8.3,,2.3
226,焊篮,2022-10-31,10.8,5.3,18.5,,.9,78.8,7.7,,5.1
226,焊篮,2022-11-01,10.3,4,19.1,,.8,81,7.2,,2.4
226,焊篮,2022-11-02,7.9,2.2,18.6,,.6,76.9,6.3,,3.9
226,焊篮,2022-11-03,7.8,.3,15.5,,1,67.5,1.3,,7
226,焊篮,2022-11-04,4.5,-2.1,9.9,,1.6,54.4,9.6,,.5
226,焊篮,2022-11-05,3.3,-4.8,12.9,,.8,61.3,9.6,,0
226,焊篮,2022-11-06,4.9,-2.9,15,,.7,75.4,9.4,,1.8
226,焊篮,2022-11-07,7,-.9,16,,.4,71.8,6.6,,3.1
226,焊篮,2022-11-08,8.8,3.1,17.7,,.6,74.3,7.5,,3.1
226,焊篮,2022-11-09,7.2,.5,16,,.6,78.9,7.3,,6.4
226,焊篮,2022-11-10,9.1,1.3,18.8,,.6,78.5,8.2,,2.5
226,焊篮,2022-11-11,11.5,4.1,20.1,,1,76.4,8.8,,2.4
226,焊篮,2022-11-12,14.6,5,22.8,1.7,1.2,79.1,4,,6.4
226,焊篮,2022-11-13,11.4,8.2,18.2,5.9,1.5,87.3,0,,9
226,焊篮,2022-11-14,8.3,5.2,12.6,,.9,83.3,.7,,9
226,焊篮,2022-11-15,5.7,-.2,12.5,.5,.6,86.8,4.3,,3.8
226,焊篮,2022-11-16,6.3,1.4,13.7,0,.9,80.3,6.4,,5.4
226,焊篮,2022-11-17,6.7,1.3,15.8,,.8,74.3,8.5,,3
226,焊篮,2022-11-18,6.4,-1.2,18.3,,.5,70.4,9.2,,0
226,焊篮,2022-11-19,8,0,17,,1,76.3,8.8,,4.8
226,焊篮,2022-11-20,10.6,5.3,18.6,,.7,77.4,3.7,,5.3
226,焊篮,2022-11-21,8.8,2,18.7,,.6,74.6,8.4,,4
226,焊篮,2022-11-22,9.1,4.9,14.1,.4,.4,86.6,.8,,9.3
226,焊篮,2022-11-23,9.3,1.5,15.6,,1.1,75.4,5.2,,4.8
226,焊篮,2022-11-24,5.2,.3,13.9,,.5,79,5.4,,4.5
226,焊篮,2022-11-25,6.1,-1.6,16.9,,.5,74.1,8.5,,2.1
226,焊篮,2022-11-26,6.8,-1.2,13.9,0,1.5,63.8,8.9,,.5
226,焊篮,2022-11-27,3.4,-4,14.2,,.6,61.5,7.9,,3.6
226,焊篮,2022-11-28,6.1,-1.6,11.1,19.6,.4,88.4,1.1,,8.3
226,焊篮,2022-11-29,8.6,1.5,13.4,11.8,2.1,72.8,0,,8.8
226,焊篮,2022-11-30,-3.2,-5.6,1.5,,3.1,47.1,7.9,,4.9
226,焊篮,2022-12-01,-4.1,-7.2,.7,,1.5,48.6,7.7,,5.3
226,焊篮,2022-12-02,-3.9,-9.6,3.2,,.6,71.1,8.8,,1.4
226,焊篮,2022-12-03,.3,-4.7,6,0,.4,81.5,0,,9.1
226,焊篮,2022-12-04,-1.2,-4.3,3.2,,2.1,43.8,1.5,,8.9
226,焊篮,2022-12-05,-3.1,-7.7,2.2,,1.4,46.9,7.1,,4.6
226,焊篮,2022-12-06,-2.2,-8.9,3.8,.1,.5,83.9,1.6,,6.8
226,焊篮,2022-12-07,2.8,-1.7,8.3,0,1.1,74.6,2,,4.9
226,焊篮,2022-12-08,1.4,-3.6,9.9,,.6,68.8,8.6,,1.9
226,焊篮,2022-12-09,.8,-5.1,10.7,,.5,79,5,,2.4
226,焊篮,2022-12-10,0,-4.8,5.4,,.6,84.9,3.3,,4.8
226,焊篮,2022-12-11,-.3,-5.7,7.8,,.8,68.4,8.8,,0
226,焊篮,2022-12-12,-.1,-6.4,6.4,0,.7,73.6,3.6,,5.5
226,焊篮,2022-12-13,1.5,-3.2,3.7,6.8,2.1,80.4,.4,,8.8
226,焊篮,2022-12-14,-8.2,-12.1,-3.2,.1,2.3,68.1,8.5,,2.3
226,焊篮,2022-12-15,-3.8,-12.5,4.7,1.9,1,81,5.7,,6.9
226,焊篮,2022-12-16,-4.5,-8.4,-1.1,,1.1,64.9,3.9,,8.1
226,焊篮,2022-12-17,-7.3,-13.5,-2.7,.9,1.2,75.1,2.4,,5.5
226,焊篮,2022-12-18,-10.9,-15.9,-5.1,,1.1,70,8.7,,1.6
226,焊篮,2022-12-19,-8.2,-15.3,-.7,,.7,72.4,8.6,,1.1
226,焊篮,2022-12-20,-4.8,-12.4,2.7,,.5,75.4,7.7,,3.5
226,焊篮,2022-12-21,-1.3,-4.7,.9,5.8,.5,93.4,0,,8.4
226,焊篮,2022-12-22,-5.7,-9.6,-.3,.5,3.2,72.8,3.7,,6.1
226,焊篮,2022-12-23,-9,-11.4,-5.8,1.9,3.1,73.8,2.5,,8.1
226,焊篮,2022-12-24,-10.8,-17.7,-3,,.7,70.1,8.7,,1.6
226,焊篮,2022-12-25,-8.5,-15.7,-.2,,.8,78.9,8.6,,.9
226,焊篮,2022-12-26,-7.2,-13.9,1,,.4,77.3,6.3,,3.6
226,焊篮,2022-12-27,-6,-13.9,2.9,,.6,78.1,8.5,,2.6
226,焊篮,2022-12-28,-4.8,-10.1,1.4,0,1.3,77.1,4.6,,2.1
226,焊篮,2022-12-29,-5.7,-11.6,1.4,,.6,71.4,6.8,,5
226,焊篮,2022-12-30,-2.3,-7.9,2.3,0,1,72.9,3,,5.5
226,焊篮,2022-12-31,-4.2,-9.9,2.5,0,.7,84.3,1.6,,3.6
226,焊篮,2023-01-01,-2.3,-9.3,5,,1.1,62,7.6,,3.4
226,焊篮,2023-01-02,-5.5,-11.1,.8,,1,58,8.6,,1.3
226,焊篮,2023-01-03,-6,-13.6,1.3,,1.2,63,8.8,,1
226,焊篮,2023-01-04,-4.3,-11.4,3.8,,.8,68,6.7,,2.1
226,焊篮,2023-01-05,-4.1,-10.7,4.3,,.6,79.9,5.5,,4
226,焊篮,2023-01-06,-1.7,-7.8,6.2,.3,.5,80.5,7.7,,2.9
226,焊篮,2023-01-07,1.2,-3.9,4.9,4.3,1.8,78.8,4.9,,4.4
226,焊篮,2023-01-08,-1.6,-7.8,6.7,,.3,78.5,8,,.6
226,焊篮,2023-01-09,.6,-4.6,8.3,0,.8,76,3.1,,4.3
226,焊篮,2023-01-10,-1.1,-7.9,9.2,,.5,75.3,8.4,,1.3
226,焊篮,2023-01-11,-.1,-6.7,9.3,,.4,68.6,8.8,,.1
226,焊篮,2023-01-12,2.2,-6.3,14.3,.2,.4,67.5,8.9,,1.8
226,焊篮,2023-01-13,7.2,2.8,11.4,13.5,.7,99.6,0,,8.9
226,焊篮,2023-01-14,7.2,4.6,9.9,3.8,.8,96.9,0,,7.9
226,焊篮,2023-01-15,.9,-2.7,5.6,2.6,1.5,89.3,0,,8.4
226,焊篮,2023-01-16,-3.6,-7.1,-.3,,2,69,7.9,,5
226,焊篮,2023-01-17,-3.4,-7.4,2,,.8,69.1,6.3,,6
226,焊篮,2023-01-18,-2.1,-6.3,3,.1,.9,76,5.1,,4.8
226,焊篮,2023-01-19,-2,-8,4.5,,.7,72.3,5,,4.1
226,焊篮,2023-01-20,-2.1,-8.7,2.1,.4,2.6,59.4,7.9,,2.3
226,焊篮,2023-01-21,-5.4,-11.5,1.3,,.9,69.3,9,,2
226,焊篮,2023-01-22,-1.7,-5.7,3.7,,.5,68.3,.3,,8.6
226,焊篮,2023-01-23,-.4,-6,6.9,,1.6,69.9,7.2,,5.3
226,焊篮,2023-01-24,-11.4,-14.4,-2.9,.3,4.3,60.4,7,,2.6
226,焊篮,2023-01-25,-12.6,-18.1,-6.6,,1.3,54.6,9.3,,0
226,焊篮,2023-01-26,-7.4,-13.9,-4.3,1.5,.3,84,.4,,8.6
226,焊篮,2023-01-27,-7.5,-13,-3.2,,2.6,64.1,7.9,,0
226,焊篮,2023-01-28,-6.7,-14.8,-1.2,,1.4,64.9,8.2,,2.1
226,焊篮,2023-01-29,-1.9,-10.1,4.6,.3,1.4,71.6,4.2,,4.6
226,焊篮,2023-01-30,-1.7,-7.2,3.6,,1.7,53.4,9.4,,0
226,焊篮,2023-01-31,-.6,-9.9,9.4,,.9,70.6,8.9,,.5
226,焊篮,2023-02-01,1.3,-4.5,6.7,,2.1,66,7.7,,4.1
226,焊篮,2023-02-02,-2.5,-7.3,3.7,,.9,61,7.6,,5.3
226,焊篮,2023-02-03,-1.3,-6,4.1,,1,52.6,7.2,,4.8
226,焊篮,2023-02-04,-2.9,-9.2,5.2,,1,67.4,9,,1
226,焊篮,2023-02-05,-1.8,-9.2,7,,.6,72.9,9.3,,.6
226,焊篮,2023-02-06,.4,-8.3,10.4,,.5,63.3,6.1,,3.9
226,焊篮,2023-02-07,1.1,-5.5,11.4,,.6,61.3,5.6,,2.3
226,焊篮,2023-02-08,-.1,-6.5,8.5,,1.1,63.3,9.2,,1.3
226,焊篮,2023-02-09,1.7,-8,8.6,.9,1.6,67.9,6.1,,6.6
226,焊篮,2023-02-10,2.1,-.8,5.5,3.4,.5,93.6,0,,8
226,焊篮,2023-02-11,1,-2.8,6.7,,.6,90,1.6,,5.1
226,焊篮,2023-02-12,1.5,-5.5,7.6,,.8,80.8,.4,,8.6
226,焊篮,2023-02-13,5.5,1.4,8.7,,1,72.8,0,,7.8
226,焊篮,2023-02-14,1.6,-2.6,7.2,,.9,69.5,7.7,,5.4
226,焊篮,2023-02-15,2.8,-2.8,5.1,,1.7,62.8,1,,7.6
226,焊篮,2023-02-16,1.8,-2.9,6.5,,1.1,74.3,1.8,,4.3
226,焊篮,2023-02-17,3.1,-4,10.2,,.6,63.5,5.1,,4.8
226,焊篮,2023-02-18,5.4,3,8.5,.5,.3,69.5,0,,8.8
226,焊篮,2023-02-19,2.9,-2.4,7.1,.5,2.1,69.1,5.7,,5
226,焊篮,2023-02-20,-1.5,-6.3,4.3,,2.2,57.9,9.3,,1
226,焊篮,2023-02-21,-2.7,-9.5,4.8,,.8,54.3,10.1,,.6
226,焊篮,2023-02-22,1,-8.8,8.7,,1,60.9,8.6,,5.9
226,焊篮,2023-02-23,2.3,-4.2,9,,1.3,61,9.5,,4.5
226,焊篮,2023-02-24,2.5,-3.6,9.9,,1.7,57.6,8.2,,2.6
226,焊篮,2023-02-25,-.9,-7.1,6,,1.3,58.5,10.2,,0
226,焊篮,2023-02-26,-.4,-8.5,9.2,,.7,56.8,10.2,,0
226,焊篮,2023-02-27,2.2,-7.4,13.4,,.7,52.4,10.3,,0
226,焊篮,2023-02-28,4,-6,12.9,,1.3,59.9,10.2,,1.4
226,焊篮,2023-03-01,5.6,2.6,10.7,,2,62.1,1.6,,3.9
226,焊篮,2023-03-02,1.5,-4.3,6.9,,2.5,36,10.4,,0
226,焊篮,2023-03-03,2.5,-7.2,12,,1,54.9,10.1,,.4
226,焊篮,2023-03-04,3.9,-3.3,14,,.7,69.6,4.8,,4.4
226,焊篮,2023-03-05,5.7,-3.3,15.7,,.7,60.6,10,,.8
226,焊篮,2023-03-06,5.9,-3.8,16.6,,.9,50.5,10.2,,.8
226,焊篮,2023-03-07,9,-.7,20.2,,1.3,50.1,9.2,,1.4
226,焊篮,2023-03-08,10.3,.1,20.6,,1,51.9,9.9,,3.5
226,焊篮,2023-03-09,10.8,3.6,20.1,,1.3,59.3,6.2,,3.4
226,焊篮,2023-03-10,11.3,-.3,23.3,,.8,52.4,9.8,,0
226,焊篮,2023-03-11,13.3,3,23.7,,.8,47.5,8.5,,4.9
226,焊篮,2023-03-12,5.7,-.3,11,9.3,2.1,68.9,.1,,8.1
226,焊篮,2023-03-13,2.6,-1.9,8.5,,2.4,41.5,10.2,,3
226,焊篮,2023-03-14,6.8,-2.5,17.4,,.9,49.6,10.7,,3.6
226,焊篮,2023-03-15,9.4,-1.7,19.4,,2,62.3,8.4,,4.3
226,焊篮,2023-03-16,5.6,-.6,11.7,,1.8,31.5,7.2,,6.4
226,焊篮,2023-03-17,6.8,.8,12.1,,1.1,45.9,1.9,,9.1
226,焊篮,2023-03-18,8.2,3.1,15,,1.4,45,9,,4.5
226,焊篮,2023-03-19,6.6,-2.7,16.2,,.8,53.8,10.8,,0
226,焊篮,2023-03-20,8.6,-1.2,18.4,,1,48.9,9.8,,4.9
226,焊篮,2023-03-21,11.9,.1,22.9,,1,44.8,10.8,,1.4
226,焊篮,2023-03-22,15.3,3.7,23,,1.8,62.8,9.4,,4.9
226,焊篮,2023-03-23,14.8,9.9,18.6,15.7,1.1,90.1,.8,,8.6
226,焊篮,2023-03-24,10.4,5.3,14.1,,1.4,78.3,1.1,,9
226,焊篮,2023-03-25,9.3,7.9,11.5,,1.7,77,0,,8.3
226,焊篮,2023-03-26,8.9,1.7,15.1,,1.7,52.1,9.7,,3.4
226,焊篮,2023-03-27,5.6,-3.4,13.6,,1.1,49,10.9,,0
226,焊篮,2023-03-28,7.1,-2.7,16.1,,1.1,56.6,7.7,,2.4
226,焊篮,2023-03-29,9.9,-.8,20.5,,.9,52.5,10.8,,1.1
226,焊篮,2023-03-30,11.7,.2,21.9,,.8,41.8,9.9,,4.1
226,焊篮,2023-03-31,12.7,1.1,23.3,,1,43.8,11.2,,.1
226,焊篮,2023-04-01,14.8,3,24.1,,1.5,42.8,11.3,,.4
226,焊篮,2023-04-02,14.8,5.2,21.4,,1.9,38.6,11.5,,.8
226,焊篮,2023-04-03,13.8,2.3,21.8,,1.9,41.5,11,,2.6
226,焊篮,2023-04-04,14.3,9.4,20.3,6.4,2.4,57.6,4.3,,9.8
226,焊篮,2023-04-05,13.2,9,15.8,13.3,3.5,89.9,0,,9.9
226,焊篮,2023-04-06,9.2,7.7,10.3,3.5,1.6,89.1,0,,8.3
226,焊篮,2023-04-07,8.4,2.5,15.1,.6,2,63.3,7.4,,2.1
226,焊篮,2023-04-08,6.9,-1.8,14.8,,2.2,52.1,11.5,,.1
226,焊篮,2023-04-09,8.5,-1.1,18.4,,1.3,56.1,11.8,,.6
226,焊篮,2023-04-10,10.7,-.5,21,,1.1,55.3,11.4,,1.9
226,焊篮,2023-04-11,12.2,4.6,19.9,3.4,1.6,82,.5,,8.4
226,焊篮,2023-04-12,9.3,1.5,17.2,,1.8,47,11.4,,0
226,焊篮,2023-04-13,11.2,-.4,22,,.9,45.5,9.3,,2.9
226,焊篮,2023-04-14,14.3,5,21,,1.1,49.6,4.6,,7.1
226,焊篮,2023-04-15,11.8,7.1,15.6,6.5,.7,87.1,1.8,,6.8
226,焊篮,2023-04-16,9.4,4.6,16.2,0,1.2,75.9,3.9,,6.1
226,焊篮,2023-04-17,11.4,1.4,20.2,,.8,62.1,10.9,,3.8
226,焊篮,2023-04-18,13.6,11.1,15.1,6.3,1.1,81.8,0,,8.5
226,焊篮,2023-04-19,18.6,12.8,24.9,,1.8,71.9,11.6,,3.5
226,焊篮,2023-04-20,19.3,15,24.7,,1.4,76.4,2.9,,6.5
226,焊篮,2023-04-21,16.6,11.8,21,,1.7,62.3,4.1,,6.4
226,焊篮,2023-04-22,14.2,8.2,19.5,,1.8,43.8,7,,6.3
226,焊篮,2023-04-23,14,6.7,19.4,,1.5,48.3,4.6,,8.3
226,焊篮,2023-04-24,13,8.4,17.6,,1.9,54.5,4.2,,6.6
226,焊篮,2023-04-25,8.3,6.2,9.5,2.8,.6,87,0,,9.6
226,焊篮,2023-04-26,8.2,3.3,15.5,,1.6,79.9,6.2,,4.6
226,焊篮,2023-04-27,10.9,.1,21.6,,.9,64.6,11.7,,1.3
226,焊篮,2023-04-28,15,3.9,23,,1.2,63,9.8,,3
226,焊篮,2023-04-29,13.6,8.7,17.8,9.1,1.6,86,0,,9.6
226,焊篮,2023-04-30,13.2,5.6,19.9,,2,59.3,10.5,,3.6
226,焊篮,2023-05-01,13.5,6.9,19.7,0,1.7,57.1,11.2,,2
226,焊篮,2023-05-02,14.4,3.2,24.6,0,.6,56.1,10.2,,5.8
226,焊篮,2023-05-03,17.5,10.4,25.3,,1.1,56.8,8.9,,7.5
226,焊篮,2023-05-04,18.4,12,24.5,.3,2.5,71.8,6.8,,7.9
226,焊篮,2023-05-05,19.1,16.8,20.2,57.3,2.7,91.1,0,,8.9
226,焊篮,2023-05-06,14.8,10.9,20.1,14.6,1.9,89.1,0,,9
226,焊篮,2023-05-07,11.2,6.3,14.5,.4,1.1,72.1,0,,7.4
226,焊篮,2023-05-08,11.9,3.6,21.4,,1.1,70.8,9.3,,3.3
226,焊篮,2023-05-09,14.8,4.5,24.5,0,1,62.4,12.2,,1.6
226,焊篮,2023-05-10,16.2,7.5,25,,.8,61.5,11.1,,4.5
226,焊篮,2023-05-11,17.2,7.9,25.7,,1,61.4,12.3,,3.5
226,焊篮,2023-05-12,16.6,9.8,24.9,,.9,66,4.9,,7.8
226,焊篮,2023-05-13,16.8,9.9,23.1,,.9,67.1,9.6,,5.5
226,焊篮,2023-05-14,16.4,8.1,24.4,,.8,66.3,11.8,,.5
226,焊篮,2023-05-15,18.5,8.5,27.5,,.8,64.6,12.3,,.9
226,焊篮,2023-05-16,20.9,12.4,31,,1.2,60.3,11.6,,1.6
226,焊篮,2023-05-17,21,10.4,30.6,,1.2,57.6,12.3,,4.4
226,焊篮,2023-05-18,17.7,15.2,21,0,1.2,73.5,0,,9.1
226,焊篮,2023-05-19,18.6,14.2,23.3,,1,73,1.4,,7
226,焊篮,2023-05-20,19.4,11.4,26.9,,1.3,71.3,11,,3.4
226,焊篮,2023-05-21,18.3,14.5,23.1,,1.6,72.3,5.9,,6
226,焊篮,2023-05-22,16.4,12.7,21.2,5.3,1.1,73.4,2.9,,7.6
226,焊篮,2023-05-23,16.2,9.2,24.3,,1,69.5,10.8,,.6
226,焊篮,2023-05-24,17.5,9,26,,.8,64.4,6.4,,6.6
226,焊篮,2023-05-25,19.7,13.2,26.5,,.9,56.4,7,,7.1
226,焊篮,2023-05-26,20.2,14.2,25.5,0,1,63.3,8.3,,8
226,焊篮,2023-05-27,19.5,17.7,21.5,.7,.5,87.6,0,,9.8
226,焊篮,2023-05-28,19.4,18,20.8,35.4,.8,97.3,0,,10
226,焊篮,2023-05-29,19.9,17.1,21.9,32.4,.8,96,0,,7.8
226,焊篮,2023-05-30,19.4,14.5,23.6,0,1.5,81.5,4,,6.3
226,焊篮,2023-05-31,19.4,12.1,25.7,,1.5,66,12.6,,2.9
226,焊篮,2023-06-01,20.2,14.5,25.7,,.9,74,4.1,,7.5
226,焊篮,2023-06-02,21.2,16.6,25.9,0,1.6,74.5,7.6,,6
226,焊篮,2023-06-03,19.8,13.9,26.9,,1.5,65,9.7,,3.1
226,焊篮,2023-06-04,20.6,12.5,27.8,,1.3,59.6,11.7,,6.4
226,焊篮,2023-06-05,20,13.8,26,,1.5,68.1,9.6,,7.3
226,焊篮,2023-06-06,20.3,14,26.5,,1.3,70.9,11.9,,2.5
226,焊篮,2023-06-07,20.5,15.5,25.8,,.9,76.9,5.4,,7
226,焊篮,2023-06-08,21.9,16.9,28.2,,1.3,75.1,7.3,,7.4
226,焊篮,2023-06-09,22.1,16.3,28.1,.3,1.3,64.6,9.9,,4.3
226,焊篮,2023-06-10,20.8,15.5,29.4,6.1,1.3,76.8,6.6,,6.5
226,焊篮,2023-06-11,21,16.3,27.5,17.1,1.2,83.8,6.2,,6.4
226,焊篮,2023-06-12,22.3,18.4,27.9,,1,74.3,9.5,,6.4
226,焊篮,2023-06-13,21.5,16.2,27.8,,1.2,73.5,9.6,,4.9
226,焊篮,2023-06-14,19.9,15.3,27,3.6,1.1,79,8.1,,5.9
226,焊篮,2023-06-15,19.7,14.5,26.3,,.9,83,6.7,,4
226,焊篮,2023-06-16,22.2,14.8,29.6,,.9,72.9,12.8,,.9
226,焊篮,2023-06-17,23.2,15.6,30.5,,.9,69.4,10.2,,5.9
226,焊篮,2023-06-18,24.2,16.9,32.1,,.8,66.3,11.5,,4.3
226,焊篮,2023-06-19,25,17.9,30.6,,1.7,64.5,10.9,,3.8
226,焊篮,2023-06-20,22.2,18.6,24.8,2,2.4,67.3,3.2,,6.9
226,焊篮,2023-06-21,20.4,19,23,4,1.5,90.8,.2,,6.9
226,焊篮,2023-06-22,22.1,18.9,26.8,.9,1.7,77.5,5.9,,7
226,焊篮,2023-06-23,23.5,18,29.8,,.9,73.3,10,,4.8
226,焊篮,2023-06-24,24.4,18.3,30.6,,1.2,74,12,,4.6
226,焊篮,2023-06-25,24.3,18.3,29.4,0,1.7,71.8,7.6,,6.8
226,焊篮,2023-06-26,23,20.6,25.1,72.6,1.7,92.8,0,,9.8
226,焊篮,2023-06-27,25.3,22.7,29.9,4,1.5,76.5,7.2,,5.9
226,焊篮,2023-06-28,23.1,18.6,27.3,4.3,1.1,85.1,3.7,,7.9
226,焊篮,2023-06-29,23.9,22,25.5,38.6,1.2,94.4,0,,9.3
226,焊篮,2023-06-30,23.7,22.6,26.5,15.8,.7,95.9,.6,,8.5
226,焊篮,2023-07-01,25.7,22,31.6,,.8,83.4,8.6,,4.1
226,焊篮,2023-07-02,26,22,30.8,,.9,83.1,7.5,,6.1
226,焊篮,2023-07-03,26,21.6,31.8,,1.2,77,10.2,,4.6
226,焊篮,2023-07-04,23.4,21.1,27.1,84.4,1.7,91.9,.7,,9.1
226,焊篮,2023-07-05,23.8,20.1,28,23.1,2.2,83.5,5.2,,4.5
226,焊篮,2023-07-06,24.2,18.5,31.7,,.7,77.1,5.8,,7
226,焊篮,2023-07-07,20.5,18.1,25,95.2,1.2,92.5,0,,8.6
226,焊篮,2023-07-08,22.8,18.7,28.5,4.2,.5,93.1,2.3,,7.9
226,焊篮,2023-07-09,25.6,22.5,29.5,.1,1.2,87.8,1.5,,7.4
226,焊篮,2023-07-10,25,20.8,30.8,43.2,1.3,83.8,7.7,,7.1
226,焊篮,2023-07-11,23.1,21.6,25.1,33.7,.8,95,0,,8.9
226,焊篮,2023-07-12,25.1,22,30,21.5,.8,89.9,4,,7.8
226,焊篮,2023-07-13,24.8,23.6,26.2,14.4,1.4,94.1,0,,10
226,焊篮,2023-07-14,24,23.2,25.2,211.4,2,97.3,0,,9.6
226,焊篮,2023-07-15,22.7,20.9,24.4,117.6,1.1,98.9,0,,10
226,焊篮,2023-07-16,23.4,20.9,27.6,2.8,.5,94.1,1.5,,8.6
226,焊篮,2023-07-17,24.7,22.7,30.6,23.8,.9,91.9,2.1,,9.3
226,焊篮,2023-07-18,22.8,21.9,24.3,61.1,.6,98.9,.2,,8.6
226,焊篮,2023-07-19,24.9,21.1,30.5,,.8,84.9,8.8,,.6
226,焊篮,2023-07-20,25.3,21.2,31.1,,.8,85.8,8.5,,4.5
226,焊篮,2023-07-21,26.1,21.8,32.2,,1.1,82,8.3,,2.6
226,焊篮,2023-07-22,25,22.4,28.3,,2.5,78.3,5.7,,7.4
226,焊篮,2023-07-23,25,23.6,27.1,12.2,1,90.3,0,,10
226,焊篮,2023-07-24,25.1,23.4,29.2,11,.8,88.1,3.4,,8.5
226,焊篮,2023-07-25,24.5,22.9,27.9,6,.8,93.3,1.8,,8.8
226,焊篮,2023-07-26,24.6,22.1,31.4,30.7,1,90.5,4.8,,8.4
226,焊篮,2023-07-27,26.4,21.7,32.5,,.8,85.3,7.6,,5.5
226,焊篮,2023-07-28,27.4,23.3,33.1,.2,.8,83.9,9,,4.4
226,焊篮,2023-07-29,27.9,23.9,33.6,.1,.7,81,9.5,,2.3
226,焊篮,2023-07-30,27.2,23.7,33,.2,.9,82.3,7.4,,5.3
226,焊篮,2023-07-31,27.1,22.7,31.4,,.8,83.4,8.3,,7
226,焊篮,2023-08-01,27.8,23.4,32.9,0,.9,80.8,12,,4.4
226,焊篮,2023-08-02,27.8,22.8,33.6,,.7,82.4,8.3,,5.4
226,焊篮,2023-08-03,28,22.7,33.7,0,.8,78.3,11.7,,4.4
226,焊篮,2023-08-04,28.6,23.8,33.9,,.8,78,9.9,,5.1
226,焊篮,2023-08-05,28.7,24.2,34.5,,.9,77.4,12.1,,2.9
226,焊篮,2023-08-06,29.2,23.7,34.2,,1.2,74.4,11.3,,4.9
226,焊篮,2023-08-07,28.7,25.1,34.1,,1.3,75.4,8,,5.1
226,焊篮,2023-08-08,28.3,23.5,33.8,,1.4,74.4,7.3,,4.9
226,焊篮,2023-08-09,25.5,23.1,28.2,35.5,1,84.9,0,,9.1
226,焊篮,2023-08-10,21.4,20.4,23.2,65.9,3.5,95.4,0,,8.5
226,焊篮,2023-08-11,24.4,21.1,29.9,2.4,1.5,86.9,2.9,,6.6
226,焊篮,2023-08-12,23.6,20.4,27.6,.5,.6,89.6,1.1,,7.3
226,焊篮,2023-08-13,25.6,21.8,30.8,,.7,85.4,5.2,,7.1
226,焊篮,2023-08-14,26.4,22,31.5,,.8,83,9.7,,4.6
226,焊篮,2023-08-15,26.9,23.4,32,,1,79.9,9.6,,4.3
226,焊篮,2023-08-16,26.4,23.3,31.5,,.9,80.8,9.5,,5.6
226,焊篮,2023-08-17,25.5,22.1,29.2,,1.2,84.6,6.7,,6.3
226,焊篮,2023-08-18,25.7,21.8,31.6,,1.3,84,7.3,,5.4
226,焊篮,2023-08-19,26.8,22.6,32.1,0,.6,84,4.9,,5.5
226,焊篮,2023-08-20,26.1,23.3,33,21,.8,87.3,7.1,,6.4
226,焊篮,2023-08-21,25.8,23,31.5,11.6,1,90.3,8,,5.8
226,焊篮,2023-08-22,26.6,22.8,31.4,0,1.4,83.4,7.6,,4.9
226,焊篮,2023-08-23,25.7,23,31.3,13.3,1.2,90.8,5.1,,8.4
226,焊篮,2023-08-24,25.1,23.6,27.4,27.3,1.6,92.5,.3,,9.1
226,焊篮,2023-08-25,25.2,21,30,,1.3,80.3,8.7,,3.1
226,焊篮,2023-08-26,23.6,19.5,30.3,,.6,85.1,8,,6
226,焊篮,2023-08-27,24.8,19.6,29.3,,1.1,77.9,7.6,,6.6
226,焊篮,2023-08-28,25.1,22.4,27.7,0,2.2,80.3,1.4,,9.1
226,焊篮,2023-08-29,24.8,21.6,27.1,12.1,2.7,89,.1,,9.8
226,焊篮,2023-08-30,20.9,19.8,22.3,53.3,.5,97.1,0,,8.8
226,焊篮,2023-08-31,21.6,17.6,26.2,,.6,86.6,3.6,,7.3
226,焊篮,2023-09-01,21.3,17.2,28.9,,.8,84.9,8.4,,4.3
226,焊篮,2023-09-02,22.2,15.9,29.5,.4,1.1,84.3,6.2,,1.8
226,焊篮,2023-09-03,25,21,29.6,.1,1.3,84,8.1,,7
226,焊篮,2023-09-04,25.7,22.2,30.3,,.9,82.9,3.8,,8.4
226,焊篮,2023-09-05,24.6,21,29.2,,.9,81.3,5.6,,7.4
226,焊篮,2023-09-06,23.5,18.9,29.9,,.7,80.5,8.7,,2.1
226,焊篮,2023-09-07,21.8,16.5,28.6,,1.1,77.6,11.2,,.9
226,焊篮,2023-09-08,20.9,14.5,28.2,,.6,78.3,11.1,,1.3
226,焊篮,2023-09-09,22.1,15.4,30,,.7,81.3,10.2,,.4
226,焊篮,2023-09-10,21.9,16.8,29.1,,.9,81.5,8.8,,4.4
226,焊篮,2023-09-11,23.3,18.2,29.7,,.7,79.5,8.9,,5.4
226,焊篮,2023-09-12,23.1,19.1,29.1,,.7,82.9,6.3,,8.6
226,焊篮,2023-09-13,21.1,19.3,23.4,19.8,.8,95.3,0,,10
226,焊篮,2023-09-14,21.3,19.4,23.7,6.7,.7,93.3,0,,9.8
226,焊篮,2023-09-15,21.6,20.2,23,10.3,.9,93.8,0,,9.5
226,焊篮,2023-09-16,22.4,20.9,25.9,47.3,1.1,95.5,.2,,8.4
226,焊篮,2023-09-17,23.7,21.2,27.5,,.7,90.4,2.2,,8.5
226,焊篮,2023-09-18,23.7,20.4,29.1,,.8,86.3,6,,4.6
226,焊篮,2023-09-19,22.2,18.7,26.8,,.6,88.5,3.7,,8.4
226,焊篮,2023-09-20,20.3,19.2,22,97.6,.9,97.4,0,,9.4
226,焊篮,2023-09-21,18.7,16.6,20.8,4.7,.8,95.3,0,,8.4
226,焊篮,2023-09-22,18.4,13.6,24.3,,1,83.1,8.4,,4.5
226,焊篮,2023-09-23,17.5,12.1,24,,.8,83.4,6.8,,6.6
226,焊篮,2023-09-24,18.6,12.3,24.2,,1.3,72.1,8.6,,5.3
226,焊篮,2023-09-25,20.3,16.5,25.1,1.5,1.1,81.6,3.5,,8.4
226,焊篮,2023-09-26,19.4,18.7,20.5,42.9,.6,98.4,0,,7.8
226,焊篮,2023-09-27,20.7,19.5,24.5,7.5,.7,96.5,1,,8.1
226,焊篮,2023-09-28,20.7,17,25.7,,.9,87.3,6.4,,5.8
226,焊篮,2023-09-29,19.3,16.3,23.7,,.6,85.6,.6,,9
226,焊篮,2023-09-30,17.9,14.8,23.1,4.4,.9,85,4.6,,7
226,焊篮,2023-10-01,16.2,10.4,22.4,,1.2,75.5,10.6,,.6
226,焊篮,2023-10-02,14.4,8.1,22.7,,.9,75.6,10.5,,2.6
226,焊篮,2023-10-03,13.7,8.8,20.3,,.6,87.4,1.7,,5.8
226,焊篮,2023-10-04,16,10,22.7,,1,82.5,5.2,,6.4
226,焊篮,2023-10-05,13.1,8.4,18.5,,2,55.1,10.5,,2.5
226,焊篮,2023-10-06,12.7,5.9,20.9,,.7,75.5,8.9,,7.1
226,焊篮,2023-10-07,14.5,8.5,19.4,,.8,78.3,2.8,,9.4
226,焊篮,2023-10-08,15.5,11.3,20.7,,.9,76,1.7,,8.8
226,焊篮,2023-10-09,15.2,9.6,21.9,6.2,.8,84.9,4,,7.1
226,焊篮,2023-10-10,14.8,9.7,22,,.8,84,9.2,,3.5
226,焊篮,2023-10-11,13.9,8.4,21.8,,.8,81.5,9.5,,2.5
226,焊篮,2023-10-12,13.9,6.9,22.7,,.5,77.5,9.7,,4.5
226,焊篮,2023-10-13,14.7,10,21.8,,.6,81.3,4.8,,7.6
226,焊篮,2023-10-14,13.4,9.1,21,0,.7,86.3,3.6,,6.6
226,焊篮,2023-10-15,13.4,9.6,20.5,,1,84.9,5.5,,5.1
226,焊篮,2023-10-16,12.8,5.8,19.6,,.9,77.9,7.5,,2.9
226,焊篮,2023-10-17,10.4,3.1,20.2,,.6,76.5,10.1,,0
226,焊篮,2023-10-18,11.6,3.7,22.7,,.6,77.9,9.9,,3.8
226,焊篮,2023-10-19,12.7,7.5,17.8,6.6,.5,92.8,.3,,8.8
226,焊篮,2023-10-20,11.5,6.7,15.6,1.7,2.6,60.5,9,,3.6
226,焊篮,2023-10-21,8,.7,16.8,0,1.2,76.4,7.2,,1.9
226,焊篮,2023-10-22,9.7,2.1,18.1,,.7,79,7.9,,4.8
226,焊篮,2023-10-23,11.4,6,20.1,,.5,85.9,6.7,,4.8
226,焊篮,2023-10-24,11.8,6.8,19.5,,.5,86.8,4.4,,5.5
226,焊篮,2023-10-25,12.9,7.7,21.7,,.6,86.4,7.5,,2.9
226,焊篮,2023-10-26,15.3,8.9,21.7,,.8,83.5,6.9,,6.1
226,焊篮,2023-10-27,13.2,8.1,18.3,,.9,80.5,2.5,,4.3
226,焊篮,2023-10-28,10.3,5.5,19.4,,.6,79.9,6.5,,3
226,焊篮,2023-10-29,10.5,3.1,19.8,,.6,80.5,9.8,,0
226,焊篮,2023-10-30,11.2,4.3,21.3,,.5,80.8,9.5,,1.6
226,焊篮,2023-10-31,11.4,5.3,21.8,,.5,79.1,6.3,,2.8
226,焊篮,2023-11-01,14.7,6.4,23.2,,.8,82,4.4,,5.6
226,焊篮,2023-11-02,15.3,9.5,26,,.8,75,7.9,,1.5
226,焊篮,2023-11-03,15.7,7.7,24.1,,1,80.3,6,,6
226,焊篮,2023-11-04,17.1,14.3,21.1,0,1,87.5,.2,,8.4
226,焊篮,2023-11-05,18.7,14.8,22.6,10.5,2.7,82.9,2.5,,8.1
226,焊篮,2023-11-06,15.2,8.1,20.7,11,3.7,72.8,2.5,,7.8
226,焊篮,2023-11-07,7.2,1.3,11.8,.1,2.5,64.1,8,,1.9
226,焊篮,2023-11-08,6.6,-1.3,16.7,,.9,70,9.4,,1.5
226,焊篮,2023-11-09,10.2,.8,17.8,3.6,.6,82.8,3.7,,6.3
226,焊篮,2023-11-10,5.6,-1.2,12.9,1.4,2.2,62.3,8.4,,3.8
226,焊篮,2023-11-11,.8,-3.1,5.6,,.9,69.1,4.4,,5.1
226,焊篮,2023-11-12,.8,-3.7,6.1,,1.3,69.6,7.8,,2
226,焊篮,2023-11-13,1.1,-4.5,8,,1.2,69,9.4,,.4
226,焊篮,2023-11-14,4,-2.7,9.9,0,.9,77,6,,4.1
226,焊篮,2023-11-15,4.5,-1.6,12.8,,.8,79.8,8.7,,1.4
226,焊篮,2023-11-16,3.7,.1,6,8.4,.4,96.5,0,,7.9
226,焊篮,2023-11-17,2.6,-1,7.2,.6,1.9,73.5,4.2,,4.1
226,焊篮,2023-11-18,1.7,-3.3,6.3,,2.7,65.9,3.6,,3.6
226,焊篮,2023-11-19,6.7,-1.3,12.9,,1.6,75.6,3.7,,4
226,焊篮,2023-11-20,3.9,-2,12.9,,.7,69,9.2,,0
226,焊篮,2023-11-21,3.7,-4,15.1,,.5,70.1,9.2,,0
226,焊篮,2023-11-22,5.7,-2.9,15.2,,.5,79.8,9.1,,2.6
226,焊篮,2023-11-23,10.4,4.8,17.4,0,2,66,6.6,,2.6
226,焊篮,2023-11-24,.7,-3.7,4.9,,3.3,54.9,8.4,,1
226,焊篮,2023-11-25,-2.2,-7.7,5.1,,.7,55.5,9.1,,.4
226,焊篮,2023-11-26,3.3,-4.5,8.7,.2,.7,59.6,4.2,,4.4
226,焊篮,2023-11-27,5.7,3.6,9.4,3.3,.5,93.5,0,,8.1
226,焊篮,2023-11-28,2.8,-1.8,6.7,,2.1,64,7,,1
226,焊篮,2023-11-29,1.3,-2.8,6.2,.5,1.7,75,3.1,,6.9
226,焊篮,2023-11-30,-2.8,-6.1,.6,0,2.4,58,8.7,,.9
226,焊篮,2023-12-01,-2.3,-7.3,2.3,,1.6,67,8.9,,.1
226,焊篮,2023-12-02,1.5,-6.8,7.7,0,.8,71.8,1,,2.6
226,焊篮,2023-12-03,.9,-4.3,6.8,,1.2,58.4,8.9,,0
226,焊篮,2023-12-04,0,-7,9.1,,.6,69.8,8.4,,2.6
226,焊篮,2023-12-05,1.9,-4.2,11.8,,.4,74,7,,3.4
226,焊篮,2023-12-06,4.2,-3.1,11.2,3.6,1,81.3,.1,,5.6
226,焊篮,2023-12-07,4.8,-1.2,10.6,,1.7,65.5,,,.8
226,焊篮,2023-12-08,6.1,-2.7,17.6,0,.6,78.4,,,0
226,焊篮,2023-12-09,8.6,.9,19.1,0,.4,84,,,2.1
226,焊篮,2023-12-10,11.5,4.6,17.9,,1.2,79.1,,,7
226,焊篮,2023-12-11,12.2,10.2,13.5,23.7,1.7,82.6,0,,8.1
226,焊篮,2023-12-12,7.1,2.5,11.2,,1,81.3,.1,,4.3
226,焊篮,2023-12-13,8,2.3,12.3,,1,77.8,3.4,,7.6
226,焊篮,2023-12-14,9.4,8.6,10.5,26.7,1.7,82.1,0,,9.1
226,焊篮,2023-12-15,8.6,5.6,11.1,44.5,1.3,97.4,0,,9.6
226,焊篮,2023-12-16,-1.7,-7.7,5.8,4.4,3.8,81,.6,,7.3
226,焊篮,2023-12-17,-8.5,-10.8,-5.1,,2.5,62.8,8.7,,0
226,焊篮,2023-12-18,-6.5,-11.9,-1.4,,1.1,64.6,6.3,,8
226,焊篮,2023-12-19,-3.2,-8.5,.5,,.5,65.4,1.2,,7.4
226,焊篮,2023-12-20,-5.6,-10.1,-1.6,.1,2.4,72,1.8,,5.3
226,焊篮,2023-12-21,-10.1,-12.2,-6.8,,1.8,68.1,7,,.4
226,焊篮,2023-12-22,-9.5,-13.3,-5.7,,1.9,59.6,8.7,,.1
226,焊篮,2023-12-23,-6.9,-13.7,-.2,,.7,69.9,8.4,,3.9
226,焊篮,2023-12-24,-2.5,-5.1,2.1,.6,.6,81,4.6,,3
226,焊篮,2023-12-25,-1.4,-5,3.4,0,.7,85.6,2.2,,3.5
226,焊篮,2023-12-26,.8,-2.1,5.9,,.7,83.5,.8,,6.4
226,焊篮,2023-12-27,.8,-2.9,8.2,,.3,82,8.1,,2.3
226,焊篮,2023-12-28,-.4,-4.9,5.9,,.8,84.4,4.8,,2.3
226,焊篮,2023-12-29,-.6,-5.4,5.8,,.6,85.3,7.3,,2.3
226,焊篮,2023-12-30,-.3,-4.7,3,1,.4,93.1,0,,4.6
226,焊篮,2023-12-31,2.7,.4,5.5,3.5,1.1,93.6,0,,4.3
226,焊篮,2024-01-01,2.7,-1.3,8,,.7,87.1,2.7,,3.3
226,焊篮,2024-01-02,3.1,1.2,6.4,0,.7,86.4,0,,7.6
226,焊篮,2024-01-03,1.8,0,5,.2,1.1,83.3,.5,,5.6
226,焊篮,2024-01-04,-.4,-5.4,5.5,,.6,82.4,8.6,,.5
226,焊篮,2024-01-05,3.2,-1.6,8.7,,.7,85.9,0,,4.9
226,焊篮,2024-01-06,.5,-3,5.5,0,1.1,70.4,8.8,,.9
226,焊篮,2024-01-07,-2.4,-6.6,.4,,3,60,7.7,,2.4
226,焊篮,2024-01-08,-5.2,-10.2,1.5,,.7,64.6,8.9,,1.8
226,焊篮,2024-01-09,-.5,-6.2,4.1,1.9,.4,80.6,.7,,7.3
226,焊篮,2024-01-10,0,-2.2,2.6,.3,1.1,86.3,2.1,,8.1
226,焊篮,2024-01-11,.5,-2.5,3.5,,1,79.8,.1,,6.8
226,焊篮,2024-01-12,2,-2.7,7.2,,1.4,62.9,8.7,,.9
226,焊篮,2024-01-13,-.7,-4.6,5.7,,.8,56.6,8.9,,0
226,焊篮,2024-01-14,.4,-7.3,9.5,4.6,1.1,83.1,3.8,,3.9
226,焊篮,2024-01-15,-2.3,-5.8,1.9,,1.9,59.8,9,,1.1
226,焊篮,2024-01-16,-2.6,-8.9,5.4,,.5,68.9,8.5,,1.5
226,焊篮,2024-01-17,.3,-4.8,2.6,10.2,.4,90.6,0,,8.4
226,焊篮,2024-01-18,5.1,2,7.6,8.9,1.1,92.1,.1,,8.9
226,焊篮,2024-01-19,5.1,4.2,6.6,,2.5,72,.6,,6.6
226,焊篮,2024-01-20,4.3,2.9,5.6,7.2,2,82.5,0,,9.4
226,焊篮,2024-01-21,3.1,.5,7.6,.3,1.2,86.6,.6,,5.3
226,焊篮,2024-01-22,-5.7,-9.6,.5,.2,3.4,71.9,2.6,,9
226,焊篮,2024-01-23,-9.8,-11.9,-5.9,.3,2.9,70.3,4,,4.1
226,焊篮,2024-01-24,-7.9,-13.2,-4.5,,2.4,66.9,6.2,,2.4
226,焊篮,2024-01-25,-6,-12.1,.3,,1.5,62.5,9.2,,0
226,焊篮,2024-01-26,-3.7,-9.8,3.1,0,1,78.6,6.2,,4.3
226,焊篮,2024-01-27,-1,-5.2,4.9,,.9,70.6,9.1,,2.9
226,焊篮,2024-01-28,-1.3,-5.1,3.2,,.8,73.3,4.3,,5
226,焊篮,2024-01-29,-2.3,-7.2,4.4,,.7,76.1,7.3,,1.1
226,焊篮,2024-01-30,-.8,-8,8.8,,.7,70.5,9.2,,1.9
226,焊篮,2024-01-31,4.4,-2.3,12.9,,.8,62,6.3,,5.4
226,焊篮,2024-02-01,3.7,.2,7.4,,1.1,67,0,,9.4
226,焊篮,2024-02-02,3.3,-2,9.3,,1.4,67,6.9,,4.3
226,焊篮,2024-02-03,3.2,-2.5,7.6,.1,1,81.3,.3,,8.3
226,焊篮,2024-02-04,4.8,.7,9.1,.4,1.5,82,2.3,,9.3
226,焊篮,2024-02-05,4.1,1.2,6.2,6.1,1.7,80.5,0,,9.9
226,焊篮,2024-02-06,1.6,.3,3.3,1.1,.8,88.1,0,,9.4
226,焊篮,2024-02-07,-.3,-3.8,2.3,,.9,73.5,.5,,4.5
226,焊篮,2024-02-08,-.9,-6.4,5.8,,.5,80.4,8.4,,3.1
226,焊篮,2024-02-09,-.3,-5.7,6,,1,73.5,8.7,,.4
226,焊篮,2024-02-10,-.3,-5.4,6.9,0,.8,81.3,4.7,,1.9
226,焊篮,2024-02-11,-.5,-6.9,4.8,,.8,79.9,3.3,,3.3
226,焊篮,2024-02-12,1.6,-5.1,10.6,,.6,65.1,9.8,,0
226,焊篮,2024-02-13,6.4,-3.1,15.9,,.9,70,9.6,,3.4
226,焊篮,2024-02-14,10.1,5.3,17.8,.5,.5,84.6,2,,5.6
226,焊篮,2024-02-15,4.8,.7,10.4,3.9,1.4,91.9,0,,8.4
226,焊篮,2024-02-16,1.9,-2.5,8.3,,.8,76.8,10,,2.3
226,焊篮,2024-02-17,3.4,-4.7,13.1,,.5,74.4,10,,0
226,焊篮,2024-02-18,5.4,-3.7,12.7,21.7,1,85,.4,,7.1
226,焊篮,2024-02-19,10.7,6.7,13.8,22.8,1.4,98.8,0,,9.1
226,焊篮,2024-02-20,5.6,4.6,7.6,4.4,1.8,88,0,,10
226,焊篮,2024-02-21,4,2.5,5.3,12.4,2.7,83.4,0,,9.9
226,焊篮,2024-02-22,1.7,.6,2.9,2.4,2,82,0,,9.6
226,焊篮,2024-02-23,2.1,.4,5.4,,1.9,71.3,2.3,,9.4
226,焊篮,2024-02-24,2,.4,5.3,1.9,2.2,70.9,1.4,,9.9
226,焊篮,2024-02-25,2.2,.3,5,1.2,.7,91.4,0,,8.3
226,焊篮,2024-02-26,3.6,-.9,8.1,,.7,74,2.7,,6.8
226,焊篮,2024-02-27,3.2,-2.1,7.7,,1.7,64.4,7.9,,6.1
226,焊篮,2024-02-28,5,.2,10.6,,1.4,63.9,5.6,,5
226,焊篮,2024-02-29,3.7,1.8,6,.7,.7,82,0,,9.5
226,焊篮,2024-03-01,-2.7,-5.8,2.5,,3.8,44.4,10.3,,1.3
226,焊篮,2024-03-02,-2,-9.3,3.6,,1.6,60.4,8.1,,1.4
226,焊篮,2024-03-03,4.2,-.6,10.3,1.2,1.2,78,3,,4.8
226,焊篮,2024-03-04,6.2,-.8,11.9,,.5,68.3,5.9,,6.9
226,焊篮,2024-03-05,5.9,4.2,9.1,2.2,1.2,81.5,0,,9.5
226,焊篮,2024-03-06,5.5,0,10.4,,.9,75,3.5,,5.5
226,焊篮,2024-03-07,3.8,-.5,7.8,0,1.9,61.8,3,,5.6
226,焊篮,2024-03-08,2.4,-1.4,7.5,,3,53.5,9.5,,.3
226,焊篮,2024-03-09,1,-6,7.9,,1.3,51.8,10.5,,0
226,焊篮,2024-03-10,2.6,-5.8,11.4,,.8,55.6,10.5,,1.1
226,焊篮,2024-03-11,4.6,-2.9,11.4,,.7,62.4,3.9,,4.9
226,焊篮,2024-03-12,3.7,-1,9.3,2.7,.8,89.1,0,,5.4
226,焊篮,2024-03-13,4.6,-2.2,12.8,,1.3,67.6,8.8,,.8
226,焊篮,2024-03-14,6.3,-2.5,15.4,,1.1,64.4,10.6,,0
226,焊篮,2024-03-15,7.4,-2,17.6,,1.2,58.3,10.7,,0
226,焊篮,2024-03-16,10.5,-1.2,20.4,,1.4,49.1,8.6,,4.3
226,焊篮,2024-03-17,8.9,2,13.4,,2.1,56.8,4.7,,6
226,焊篮,2024-03-18,6.2,-2.8,14.4,,1,46.3,9.8,,3.4
226,焊篮,2024-03-19,6.1,2.5,11.6,0,2.8,58.4,2.4,,8.5
226,焊篮,2024-03-20,4.2,-.4,8.6,,3.1,48.9,9.7,,1.6
226,焊篮,2024-03-21,3.7,-4.5,11.2,,1,56.8,10.8,,1.8
226,焊篮,2024-03-22,8.2,-1.1,15.7,4.1,1.8,68.4,6.1,,7.8
226,焊篮,2024-03-23,13.5,7.7,20.5,.4,.9,66.6,9.4,,6
226,焊篮,2024-03-24,13,7.3,17.7,,2.2,50.3,4,,7.5
226,焊篮,2024-03-25,9,6.3,12.2,6.5,2,76.4,.1,,9.5
226,焊篮,2024-03-26,6,2.3,10.3,12.9,1.4,83.6,.7,,6.9
226,焊篮,2024-03-27,8.6,0,16.8,,.6,72.8,6.7,,5.9
226,焊篮,2024-03-28,8.7,7.9,10.3,20.7,.7,94.8,0,,8.5
226,焊篮,2024-03-29,9.1,2.3,14.5,0,2.2,76.8,2.8,,2.5
226,焊篮,2024-03-30,9.2,-.3,15.9,,1.4,68.4,4.8,,3.1
226,焊篮,2024-03-31,9.8,.2,18.6,,.8,59,10.5,,2.8
226,焊篮,2024-04-01,10.9,1.2,20.6,,1,55.5,11.3,,.3
226,焊篮,2024-04-02,14.6,3,24.5,0,1.4,52.1,8,,7.5
226,焊篮,2024-04-03,13.1,11.8,14.3,16.5,1.1,94.1,0,,9.5
226,焊篮,2024-04-04,12.6,10.7,14.2,.3,1.2,71.1,0,,8.5
226,焊篮,2024-04-05,12.3,8.5,17.6,,1.4,63.8,3.6,,6.5
226,焊篮,2024-04-06,11.7,5.5,19.3,,.8,69.1,5.5,,5.6
226,焊篮,2024-04-07,14.6,4.5,23.8,,.9,53.6,11.1,,4.1
226,焊篮,2024-04-08,15.7,6.5,23.7,,.9,53.6,5.6,,7.1
226,焊篮,2024-04-09,12.9,7.5,18.8,,2.1,51.5,11.5,,.5
226,焊篮,2024-04-10,12.6,7.1,19,,1.2,56.5,9.3,,6.3
226,焊篮,2024-04-11,14.5,9.3,21.7,,.8,66.8,4.2,,4.8
226,焊篮,2024-04-12,16,7,24.6,,.8,62.8,11.5,,1.4
226,焊篮,2024-04-13,18,7.7,27.7,,.8,56.1,11.7,,.3
226,焊篮,2024-04-14,19,8.2,26.6,,1.8,52.3,10.5,,4.4
226,焊篮,2024-04-15,16,14.2,19.5,10.5,2.6,82.5,0,,6.1
226,焊篮,2024-04-16,14.2,9.5,20.1,3.8,1.5,75.4,6.2,,2.9
226,焊篮,2024-04-17,14.4,6.2,22.7,,.9,67.3,10.1,,3.9
226,焊篮,2024-04-18,16,7,25.2,,1.1,58.4,11.2,,0
226,焊篮,2024-04-19,16.4,5.8,25.7,,.8,56.4,10.9,,4.5
226,焊篮,2024-04-20,13.7,12.3,15.4,8.1,1.3,84.8,0,,8.5
226,焊篮,2024-04-21,15.6,13.4,17.6,.4,1.5,77.4,0,,9.4
226,焊篮,2024-04-22,16.4,12.4,20.7,,1.9,59.3,7.8,,4.6
226,焊篮,2024-04-23,15.3,9.5,21.3,0,2.3,62.3,7,,6.8
226,焊篮,2024-04-24,13,10.6,17.4,5.1,1.8,81.5,1.6,,8.5
226,焊篮,2024-04-25,14.6,10,22.8,,1.2,73.3,8.2,,4.8
226,焊篮,2024-04-26,16.4,7.7,26.4,,.7,67,9.8,,4.9
226,焊篮,2024-04-27,17.4,8.9,27,,1,61.9,12,,0
226,焊篮,2024-04-28,18.2,7.2,28.2,,.7,63.3,10.8,,6.6
226,焊篮,2024-04-29,16,14.5,18.7,1.1,1.8,75.5,0,,9.8
226,焊篮,2024-04-30,16.2,12.8,20.1,,.9,82,.5,,9.3
226,焊篮,2024-05-01,14.3,10.2,19.6,0,2.6,58.8,8.3,,5.5
226,焊篮,2024-05-02,14.6,5.5,23.9,,1,62.8,12.2,,0
226,焊篮,2024-05-03,16.6,6.4,26.9,,.7,60.8,12.3,,0
226,焊篮,2024-05-04,18.4,8.1,28.2,,.9,62.3,12.4,,2.1
226,焊篮,2024-05-05,17.4,14.9,18.4,35.8,2.8,89.4,0,,10
226,焊篮,2024-05-06,14.6,13.6,17.7,6.9,1.5,89.8,0,,9.3
226,焊篮,2024-05-07,12.6,10.5,15.7,13.6,1.1,93.5,0,,9.8
226,焊篮,2024-05-08,12.8,7.5,19.4,.9,1,73.8,9.8,,4
226,焊篮,2024-05-09,14.3,6.2,22,,1.3,65.4,12.2,,0
226,焊篮,2024-05-10,16.1,7.3,25.3,,.9,65.1,11.8,,1.6
226,焊篮,2024-05-11,17.5,9.1,24.5,6.8,2,75.3,6,,7
226,焊篮,2024-05-12,15.6,10.7,21.3,3,1.6,68.4,10.9,,5.5
226,焊篮,2024-05-13,15.6,7.4,24,,1.1,63.1,12.5,,0
226,焊篮,2024-05-14,16.5,7.3,25.4,,.9,64.9,12.6,,0
226,焊篮,2024-05-15,13.6,8.2,23.5,9.2,1.6,74.9,8.7,,4.6
226,焊篮,2024-05-16,13.1,7.3,19.9,3,2.9,68.5,10.7,,2.5
226,焊篮,2024-05-17,16.7,9,25.1,,1,70.1,12.2,,2.5
226,焊篮,2024-05-18,18.5,9.5,26.8,,.9,64.5,12.5,,0
226,焊篮,2024-05-19,20.4,12.1,28.5,,.9,67.6,12.3,,0
226,焊篮,2024-05-20,18,11.9,24,,.8,80.6,4.1,,4.5
226,焊篮,2024-05-21,17.5,13.2,22.7,,1.5,82.8,7.9,,2
226,焊篮,2024-05-22,19.8,12.1,27.7,,.9,75.3,11.1,,4.8
226,焊篮,2024-05-23,20.9,14.2,28,,1.1,68.3,12.4,,1.6
226,焊篮,2024-05-24,20,11.4,27.2,,1.1,68.6,11.3,,3.4
226,焊篮,2024-05-25,18.6,16.6,20.5,,1.8,54.3,0,,7.6
226,焊篮,2024-05-26,19.4,12.5,25.4,49.1,1.5,77.1,5.3,,7.3
226,焊篮,2024-05-27,17.8,13.6,22.6,.1,2.3,64,10.1,,7
226,焊篮,2024-05-28,17,10.4,24.3,,1.2,72.9,10.1,,4.6
226,焊篮,2024-05-29,18.7,10.1,26.7,,.8,69.1,12.7,,2.5
226,焊篮,2024-05-30,19.2,14.2,24.8,,.8,74.1,2.4,,9.8
226,焊篮,2024-05-31,20.6,15.2,26.2,,1.5,60.3,12.1,,2.9
226,焊篮,2024-06-01,18.9,14.3,24.4,,1.5,66,8.2,,4.5
226,焊篮,2024-06-02,18.1,10.9,25.4,,1.3,65,11.4,,2.4
226,焊篮,2024-06-03,18.6,11.1,24.6,.2,1.1,69.9,9.8,,3
226,焊篮,2024-06-04,18.9,12.3,25.5,,1.1,64.9,12.9,,.3
226,焊篮,2024-06-05,19.8,11.2,27.7,,.9,68.9,10,,4.9
226,焊篮,2024-06-06,21.2,15.4,27.3,,1.2,65.8,11.4,,4
226,焊篮,2024-06-07,20.8,13.8,27.7,0,.8,73.6,7.9,,8.1
226,焊篮,2024-06-08,19,16.8,22.5,2,1.1,91.8,1.1,,8
226,焊篮,2024-06-09,22,16.1,28.8,,.9,76.4,10.1,,3.6
226,焊篮,2024-06-10,23.2,16.2,30.4,,1.1,67.9,10.9,,.4
226,焊篮,2024-06-11,23.8,16.4,30.9,,1.1,69.1,11.4,,.9
226,焊篮,2024-06-12,24.1,16.8,32.2,,1.1,59.6,12.3,,2.3
226,焊篮,2024-06-13,24.1,15.5,32.8,,1,62.5,12.8,,.8
226,焊篮,2024-06-14,24.7,16.8,32,0,1,63.9,11.2,,4.8
226,焊篮,2024-06-15,23.1,19.1,29.4,2.2,1.1,81.4,4.9,,6.4
226,焊篮,2024-06-16,22.5,17.1,29.1,,1.4,66.4,10.2,,1.9
226,焊篮,2024-06-17,21.3,14.2,28,,.9,69.4,7,,6.6
226,焊篮,2024-06-18,23.5,13.7,32.4,,1.1,61.4,13,,0
226,焊篮,2024-06-19,25.6,17,34.5,,.8,63.6,12.3,,4.1
226,焊篮,2024-06-20,22.8,16.9,29,,1.4,67.1,5.5,,6.4
226,焊篮,2024-06-21,23.8,15.4,31.3,,1,69.5,10.6,,5.5
226,焊篮,2024-06-22,22.3,21.4,24.1,10.2,1,92.8,0,,9.8
226,焊篮,2024-06-23,23.7,21.8,27.7,7.9,1.2,88.8,2.4,,7.8
226,焊篮,2024-06-24,24.2,18.8,29.7,,1.8,73.8,7.2,,6.5
226,焊篮,2024-06-25,21.1,15.1,26.8,,1.2,70.6,5.4,,7.5
226,焊篮,2024-06-26,22,15,29.5,,.7,71.5,12.2,,3.9
226,焊篮,2024-06-27,20.6,15.5,26.8,0,.8,78.4,2,,5.5
226,焊篮,2024-06-28,22.8,13.7,31.7,,.8,66.1,12.9,,1.4
226,焊篮,2024-06-29,23.9,18.3,29.1,37.4,2,79.1,4.8,,8.4
226,焊篮,2024-06-30,24,21.5,25.7,10.2,1.8,89.8,.2,,9
226,焊篮,2024-07-01,24.8,20.2,30.4,,.8,77.5,10.9,,2.8
226,焊篮,2024-07-02,23,20.6,25.3,52,1.8,92.3,0,,9.8
226,焊篮,2024-07-03,25.1,22.8,28.7,25.8,1.6,83.6,2.8,,8.6
226,焊篮,2024-07-04,26.6,22.4,31.5,,1.1,74.4,8.3,,5.3
226,焊篮,2024-07-05,24.6,21.3,28.7,2.6,2.1,78.4,6.3,,7
226,焊篮,2024-07-06,26.5,20.9,31.1,,1.5,79.3,1.4,,8.6
226,焊篮,2024-07-07,24.6,22.2,27.7,46.8,1,94.6,0,,9.8
226,焊篮,2024-07-08,23.4,22,25.1,154.8,1.1,98.1,0,,10
226,焊篮,2024-07-09,22.8,21.9,24.6,9.9,1.1,97.1,0,,9.6
226,焊篮,2024-07-10,23.1,21.2,26.4,55.6,1.6,91.9,3,,8.3
226,焊篮,2024-07-11,24.1,21.8,28.6,3.8,.8,88.6,3.1,,7.3
226,焊篮,2024-07-12,25.4,21.8,30.5,,.8,80.9,7.6,,4.1
226,焊篮,2024-07-13,26,22.2,30.1,,1.5,76.9,9.8,,3.6
226,焊篮,2024-07-14,24.7,22.6,27.5,0,1.8,81,1.5,,7.5
226,焊篮,2024-07-15,25.3,22.9,29,,2,78.1,6.5,,6.6
226,焊篮,2024-07-16,24,21.7,26.2,54.1,1.3,92.1,.9,,7.5
226,焊篮,2024-07-17,25.6,21.9,29.5,2.7,1.1,87.9,1.4,,9.6
226,焊篮,2024-07-18,25.5,23.7,26.8,20.4,2.1,85.8,0,,9.6
226,焊篮,2024-07-19,24.7,22.7,28.4,3,.8,91.5,2.6,,6.8
226,焊篮,2024-07-20,25.4,22.2,29.2,9.2,1.4,88.1,3.5,,8
226,焊篮,2024-07-21,26.7,23.8,30.8,11.7,1.4,83.6,4.4,,5.9
226,焊篮,2024-07-22,27.6,23.8,31,,1.3,79.3,4.7,,7
226,焊篮,2024-07-23,26.4,24.2,28,2.1,1.2,85.8,0,,9.3
226,焊篮,2024-07-24,26.9,23.8,31.8,6,.7,90,5.1,,5.6
226,焊篮,2024-07-25,27.2,23.6,33.2,,.9,84.8,7.8,,6.1
226,焊篮,2024-07-26,27.4,23.3,31.9,.5,2,82.3,6.1,,8.3
226,焊篮,2024-07-27,26.5,24.4,32.1,52.8,1,91.9,4.1,,9.1
226,焊篮,2024-07-28,28.3,24.7,33.4,,1.2,80.3,9.9,,6.1
226,焊篮,2024-07-29,26.9,23.6,31.4,,1.4,81.8,4.5,,4.1
226,焊篮,2024-07-30,27.3,24.2,31.9,,1,81.1,3.9,,3.3
226,焊篮,2024-07-31,27.5,23.8,32.8,,.7,82.8,5.8,,3
226,焊篮,2024-08-01,28,24.5,32.5,,.9,81.6,5.1,,3.6
226,焊篮,2024-08-02,28.6,25.8,33,.2,1,83.5,6,,3.4
226,焊篮,2024-08-03,28.9,25.6,34.1,,.8,83.8,7.2,,2.9
226,焊篮,2024-08-04,28.2,24,34.5,,.8,82.4,8.1,,2.9
226,焊篮,2024-08-05,27.7,23.6,33.9,25.6,1.2,83.5,7.1,,6
226,焊篮,2024-08-06,,24.7,32.6,,1.1,,,,5.4
226,焊篮,2024-08-07,27.7,23.4,33.4,,.7,83.3,,,4.1
226,焊篮,2024-08-08,26.2,23.3,29.6,,.7,87.6,,,7.3
226,焊篮,2024-08-09,26.9,23.3,32.6,,.8,82.4,,,.4
226,焊篮,2024-08-10,27.2,22.1,32.4,,1.1,82.8,,,3.4
226,焊篮,2024-08-11,27.5,22.8,32.7,,1,78.9,,,2.3
226,焊篮,2024-08-12,27.9,23,33.3,.2,1.1,78.1,,,2.3
226,焊篮,2024-08-13,27.7,23.5,33.3,,.9,76.3,,,5.3
226,焊篮,2024-08-14,27.1,22.4,32.9,,1.2,74,,,2.9
226,焊篮,2024-08-15,27.7,22.1,32.5,,1.2,71.3,,,3.3
226,焊篮,2024-08-16,27.2,22.4,32.4,,1.3,73.8,,,5
226,焊篮,2024-08-17,27.4,22,32.6,3.6,1,76.1,,,5.8
226,焊篮,2024-08-18,27,22.4,32.3,,1.4,77.3,,,3.4
226,焊篮,2024-08-19,27.4,22.6,32.7,.1,1.2,76.8,10,,3.4
226,焊篮,2024-08-20,28.4,24.8,33,0,2,79.4,4.4,,7.8
226,焊篮,2024-08-21,27.4,25.7,30,13.6,2,87.8,1.4,,8.3
226,焊篮,2024-08-22,27.2,24.4,31.5,1.4,1.7,84.4,4.8,,6.3
226,焊篮,2024-08-23,26.2,23.1,31.2,0,.9,83.6,6.7,,3.3
226,焊篮,2024-08-24,26.3,22.5,31.9,0,.7,84.8,7.3,,2.9
226,焊篮,2024-08-25,26.3,22,32.8,,.7,83.8,6.8,,2.9
226,焊篮,2024-08-26,25.9,22.4,31.5,0,.7,86,2.7,,7.9
226,焊篮,2024-08-27,24.9,21.8,27.5,1.5,.9,86,.3,,8.8
226,焊篮,2024-08-28,24.8,19,29.7,,1.3,75.8,7,,2.9
226,焊篮,2024-08-29,24.8,19.8,31.4,1.4,1.1,83.8,5.9,,3.4
226,焊篮,2024-08-30,26.2,20.7,32.7,,1.5,75,10.8,,0
226,焊篮,2024-08-31,24.8,19.8,31.3,,.8,78.3,9.9,,.5
226,焊篮,2024-09-01,25.1,20.3,31.6,,.8,78.3,9.1,,2.5
226,焊篮,2024-09-02,23.8,19.6,29,0,.6,81.1,2,,8
226,焊篮,2024-09-03,25,21.7,29,,2.1,67.3,9.6,,3.6
226,焊篮,2024-09-04,23.6,17.4,30.4,,1.3,70.5,11.2,,2.4
226,焊篮,2024-09-05,25,18.4,32.1,.2,1.1,77.3,7,,5.5
226,焊篮,2024-09-06,24.6,22.5,27.3,1.1,.7,86.8,0,,9.3
226,焊篮,2024-09-07,24.5,21.6,29.4,.4,.7,86.3,4.2,,6.1
226,焊篮,2024-09-08,26.6,21.3,33,,.7,76,8.4,,2
226,焊篮,2024-09-09,27.3,22.5,32.8,,1.4,72.8,10.5,,2.3
226,焊篮,2024-09-10,,22.1,34.8,,1,,10.4,,.5
226,焊篮,2024-09-11,26.1,22.1,31.9,3.4,1,84.1,1.9,,8.8
226,焊篮,2024-09-12,24.8,23.3,27.5,2.4,.7,94.1,0,,9.6
226,焊篮,2024-09-13,26.4,22.6,32.6,,.8,84,5.4,,7.4
226,焊篮,2024-09-14,27.4,23,34.1,.2,.8,80.5,8.6,,4.9
226,焊篮,2024-09-15,27.5,23.3,32.4,,1.7,76.3,11,,3
226,焊篮,2024-09-16,25.6,23,28.8,,1.8,79.1,1.6,,7.1
226,焊篮,2024-09-17,28.1,23.2,34.8,,.8,77.5,10.1,,6.1
226,焊篮,2024-09-18,26,23.2,33.8,14.4,1,88.8,2.9,,7.8
226,焊篮,2024-09-19,26.2,22.9,31.3,,.6,89.4,1.2,,8
226,焊篮,2024-09-20,24.9,24.1,26.3,27.4,.7,97.4,0,,9.8
226,焊篮,2024-09-21,20.6,19.2,25,98.6,1.3,94.1,0,,9.9
226,焊篮,2024-09-22,20.4,16.6,25.4,0,.9,84.1,.7,,6.8
226,焊篮,2024-09-23,18.5,13.8,23.6,,1.5,70.4,10.3,,2.1
226,焊篮,2024-09-24,18.5,12.3,24.9,,1.1,78.9,10.1,,3.9
226,焊篮,2024-09-25,21.1,16,26.3,,.9,82,9,,4.9
226,焊篮,2024-09-26,22.2,18.6,28.2,,.7,82.4,6.8,,5.4
226,焊篮,2024-09-27,21,17.3,27.8,,.7,82.8,7.7,,2.6
226,焊篮,2024-09-28,20.9,16.3,25.3,,1.3,79.5,4.1,,3.6
226,焊篮,2024-09-29,20.4,16.1,25.6,,1.3,74.9,8.7,,3
226,焊篮,2024-09-30,18.3,11.8,26.2,,.8,76.3,10.7,,1.6
226,焊篮,2024-10-01,16.1,12.7,21.4,0,1,82.9,1.8,,8.4
226,焊篮,2024-10-02,12.8,7.7,19.6,,1,68,9.5,,3.6
226,焊篮,2024-10-03,11.5,6.9,15.8,7.2,.7,92.6,.4,,7.6
226,焊篮,2024-10-04,13.7,9.2,21.8,,.8,86.1,6.8,,3.1
226,焊篮,2024-10-05,14.2,7.5,21.8,,.9,85.1,8.3,,4.1
226,焊篮,2024-10-06,14.9,10.6,18.5,.3,.3,93.1,0,,9.6
226,焊篮,2024-10-07,15.4,13.1,18.6,2.6,.4,90.9,1,,9.3
226,焊篮,2024-10-08,15.2,12,22,,.6,90.5,5.7,,4
226,焊篮,2024-10-09,15.6,9.2,21.7,,1,81.9,9.4,,3.4
226,焊篮,2024-10-10,15.3,10.6,22.7,0,.7,83.4,7,,3.1
226,焊篮,2024-10-11,14.5,9.7,22.9,,.5,85.1,7.4,,1
226,焊篮,2024-10-12,13.7,8.5,23.3,.1,.6,84.4,7.8,,.3
226,焊篮,2024-10-13,14.8,6.7,21.5,,.9,82.4,3.9,,6.5
226,焊篮,2024-10-14,16.1,14.1,18.8,7.4,.4,96.5,0,,10
226,焊篮,2024-10-15,17.2,15.6,19.5,25,.3,99.4,0,,9.4
226,焊篮,2024-10-16,17.3,13.4,22.9,,.5,89.9,3.6,,5.8
226,焊篮,2024-10-17,16.5,11.9,22.7,,1.1,86.1,6.8,,6.8
226,焊篮,2024-10-18,18.3,14,21.9,26.8,1.5,94.5,0,,9
226,焊篮,2024-10-19,17,12,22.8,1.2,1.8,86,0,,9
226,焊篮,2024-10-20,12.4,10.1,14.6,,2.3,63.6,4.4,,7.1
226,焊篮,2024-10-21,13.3,7.6,17.8,.4,.7,87.1,.7,,9.9
226,焊篮,2024-10-22,16.4,13.9,18.9,24.1,.8,97.6,0,,10
226,焊篮,2024-10-23,13.2,9.3,17.1,2.2,2.2,78.3,3.9,,7.6
226,焊篮,2024-10-24,10.4,5,18.1,,.9,82.6,9.2,,.3
226,焊篮,2024-10-25,12.1,4.4,19.5,,1,84.5,7.3,,4.9
226,焊篮,2024-10-26,14.8,8.6,21.7,,1.3,82.9,8.5,,1.3
226,焊篮,2024-10-27,13.8,9.7,17.3,2.1,.5,92.4,.1,,9.6
226,焊篮,2024-10-28,13.4,10.7,16.6,,1,86.4,.1,,8
226,焊篮,2024-10-29,13.4,9.5,18.3,0,1.2,76.8,4.3,,5.1
226,焊篮,2024-10-30,12.5,7.6,21.2,,.6,83.5,8.9,,2.4
226,焊篮,2024-10-31,12.3,5.3,21.2,,.7,83.6,9.2,,4.4
226,焊篮,2024-11-01,12.7,9.2,16.8,2,.7,88.6,0,,10
226,焊篮,2024-11-02,16.3,11.3,23,.1,1,81.4,6,,4.8
226,焊篮,2024-11-03,13.1,7.7,21,,.6,84.6,8.5,,.8
226,焊篮,2024-11-04,12.3,6.9,20.1,.3,1,79.1,5.5,,5.4
226,焊篮,2024-11-05,8.8,3.9,14.8,,1.1,69.6,8.1,,3.5
226,焊篮,2024-11-06,5.3,-.9,12.8,,1.2,64.3,9.5,,0
226,焊篮,2024-11-07,5.9,-2.2,16.6,,.5,72.9,9.5,,0
226,焊篮,2024-11-08,9.4,.5,18.6,,.5,77.6,7.2,,3
226,焊篮,2024-11-09,11,4.7,19.1,,.7,81.9,8,,4
226,焊篮,2024-11-10,11.4,6.8,19.7,,.5,82.6,5.4,,4.9
226,焊篮,2024-11-11,10.5,3.8,20.3,,.7,81.8,8.3,,1.9
226,焊篮,2024-11-12,11.1,5.3,19,,.9,73.6,8.4,,2.1
226,焊篮,2024-11-13,10.6,2.5,19.3,,.8,80.1,8.8,,3.6
226,焊篮,2024-11-14,12,6.2,18.2,0,.7,84.5,1.7,,8.4
226,焊篮,2024-11-15,12.9,8.8,18.3,4.7,1,85.9,4.9,,6.3
226,焊篮,2024-11-16,15.3,8.2,22.4,.4,1,81.1,8.6,,4.9
226,焊篮,2024-11-17,8.3,.3,15.1,,1.9,61.6,.8,,6.3
226,焊篮,2024-11-18,1.2,-3.6,7.3,,1.2,49.8,9.2,,.3
226,焊篮,2024-11-19,3.2,-4.7,12.2,,.8,74.8,6,,3.5
226,焊篮,2024-11-20,5.4,-1.6,11.1,,.7,80.1,4.3,,6.4
226,焊篮,2024-11-21,8.3,3,12.7,0,.5,80,2.5,,6.8
226,焊篮,2024-11-22,5.6,-.9,11,,1.4,60.1,9.1,,0
226,焊篮,2024-11-23,2.7,-3.2,11.7,,.6,73.1,8.5,,2.1
226,焊篮,2024-11-24,4.4,-2,13.7,,.6,76.8,9,,1
226,焊篮,2024-11-25,7.7,-1.6,14.5,.3,2,73.6,7.3,,5
226,焊篮,2024-11-26,7.6,4,10.4,14.2,3,74.8,1.4,,8.3
226,焊篮,2024-11-27,1.7,.2,4.7,4.5,1.9,85.8,.6,,8.9
226,焊篮,2024-11-28,2.3,.5,7.5,2.3,1.7,85.9,3,,8.9
226,焊篮,2024-11-29,2.1,-1.9,4.9,.8,1.4,77.4,4.2,,6.8
226,焊篮,2024-11-30,3.2,-2.1,8.6,,.8,83.8,3.3,,3.8
226,焊篮,2024-12-01,5.9,-.1,12.3,.1,.4,89,3.3,,6.9
226,焊篮,2024-12-02,7.1,1.9,15.2,,1.2,84,3.2,,2.4
226,焊篮,2024-12-03,1,-3.5,5.9,,1.3,58.8,6.7,,4
226,焊篮,2024-12-04,1.8,-1.9,6.8,,1.2,62.3,8.8,,4.9
226,焊篮,2024-12-05,3.6,-2.5,8.8,.3,1.4,73.5,5.8,,6.5
226,焊篮,2024-12-06,2.7,-1.4,7.1,0,1.8,71.6,7.1,,3.9
226,焊篮,2024-12-07,.3,-4.7,5.4,0,1.4,69.8,5.4,,4.8
226,焊篮,2024-12-08,-1,-5,3.8,,1.8,64,8.8,,1.6
226,焊篮,2024-12-09,.2,-7.4,7.3,,.7,71.4,6,,4.9
226,焊篮,2024-12-10,1.1,-4,7.5,,.9,71.9,8.2,,3.9
226,焊篮,2024-12-11,.1,-3.6,7.6,,.4,76.1,4.7,,4.9
226,焊篮,2024-12-12,-1.3,-6.8,5.3,,.6,64.3,6.2,,4.6
226,焊篮,2024-12-13,-.2,-3.2,4.1,,.9,62,.7,,7.6
226,焊篮,2024-12-14,-1.7,-7.4,3.8,0,1.5,66.5,6.3,,2.5
226,焊篮,2024-12-15,.8,-2.7,3.5,1.7,1.3,82.5,0,,7.5
226,焊篮,2024-12-16,1.2,-5.5,5.7,0,.9,66.9,5.2,,6.5
226,焊篮,2024-12-17,.1,-4.9,5.5,,1.3,63.9,7.2,,3.5
226,焊篮,2024-12-18,-3.3,-7.6,1,,1.6,58.1,8.7,,2
226,焊篮,2024-12-19,-3.9,-10.6,4.6,,.4,68.8,8.2,,3.5
226,焊篮,2024-12-20,-1.3,-6.9,3.9,0,.4,77.8,1.9,,9.1
226,焊篮,2024-12-21,-.7,-4.1,2.4,3.1,2.1,81.6,.9,,7
226,焊篮,2024-12-22,-4.3,-7.9,.5,,1.6,60.3,8.7,,1.1
226,焊篮,2024-12-23,-2.6,-10,5.6,,.6,81.5,6.5,,3.5
226,焊篮,2024-12-24,-1.7,-7.2,4.8,,.7,68.1,8.6,,2.1
226,焊篮,2024-12-25,-.3,-5.4,6,,.6,80.4,2.1,,8.1
226,焊篮,2024-12-26,1.7,-2.2,4.8,.1,2.3,68.9,7.1,,2.6
226,焊篮,2024-12-27,-2.3,-7.6,1,.1,1.8,61.1,7.3,,4
226,焊篮,2024-12-28,-3,-7.1,0,0,2,66.3,4.7,,5
226,焊篮,2024-12-29,-.2,-4.6,5.2,,.6,80,2.5,,7.8
226,焊篮,2024-12-30,3.2,-2.5,9.5,0,.8,77.9,1.3,,8.5
226,焊篮,2024-12-31,.8,-5.8,5.5,.2,2,51.1,8.8,,1.1
226,焊篮,2025-01-01,-.8,-7.5,8.2,,.7,73.6,8.5,,1.3
226,焊篮,2025-01-02,-1.1,-6.6,7.1,,.7,63.1,8.7,,.5
226,焊篮,2025-01-03,-.9,-7,3.5,,1.5,54.9,7.1,,2.9
226,焊篮,2025-01-04,-1.6,-7.4,5,,.9,58.9,8.1,,2.4
226,焊篮,2025-01-05,-1.7,-7.2,1.9,.2,.3,88.4,0,,8.3
226,焊篮,2025-01-06,.9,-2,5.2,1.6,1.9,78.6,1.8,,7.1
226,焊篮,2025-01-07,-2.4,-7.1,.9,,1.9,65.8,4.6,,4.3
226,焊篮,2025-01-08,-3.5,-7.1,-.2,1,1.2,83.3,2.1,,7.3
226,焊篮,2025-01-09,-9.4,-13.5,-5.2,.4,3.2,57.5,6.2,,6.8
226,焊篮,2025-01-10,-9.7,-16.9,-3.1,,.9,68,8.8,,5.3
226,焊篮,2025-01-11,-5.6,-10.3,-.5,,.9,76,5.5,,5.1
226,焊篮,2025-01-12,-4.1,-10.5,2.6,,1.1,73.3,8.3,,1.3
226,焊篮,2025-01-13,-1.6,-9.8,4.9,,.7,73.6,7,,4.5
226,焊篮,2025-01-14,2.6,-1.7,8.4,.1,1.6,67.5,3.2,,7.9
226,焊篮,2025-01-15,-3.1,-6.9,1,,2.7,48.6,9,,.4
226,焊篮,2025-01-16,-1.2,-8.7,3.6,,.9,67.6,1.4,,7.6
226,焊篮,2025-01-17,-.9,-6.1,6.2,,.5,70.3,8.9,,.9
226,焊篮,2025-01-18,-2,-9.2,7.6,,.3,64.4,7.3,,2.9
226,焊篮,2025-01-19,-1,-9.1,8.6,,.4,72.5,7.7,,2.6
226,焊篮,2025-01-20,-.4,-4.3,7.3,,.5,80.8,3.8,,3.5
226,焊篮,2025-01-21,-.4,-6.1,7.9,,.6,75.8,8.3,,1.1
226,焊篮,2025-01-22,.4,-6.1,7.7,,.5,80.5,.7,,6.4
226,焊篮,2025-01-23,-.3,-6.6,9.7,,.5,65.9,9.1,,0
226,焊篮,2025-01-24,-.4,-8.8,11,,.6,59.6,9.1,,0
226,焊篮,2025-01-25,2.1,-6.6,9.3,,1.2,63.1,7,,1
226,焊篮,2025-01-26,2.8,-3,6.8,0,1.2,64.9,2.9,,8.8
226,焊篮,2025-01-27,-.6,-2.6,2.2,6.4,1.5,88,1.7,,8.6
226,焊篮,2025-01-28,-2.1,-3.3,-.4,3.8,2.7,81.3,.5,,9.3
226,焊篮,2025-01-29,-4.3,-8.8,-1.2,.2,2.3,76.8,2.7,,6.3
226,焊篮,2025-01-30,-4.2,-10.6,1.6,0,.8,74.5,7.4,,4.3
226,焊篮,2025-01-31,0,-6.2,6.2,0,.3,81,1.1,,9.4
226,焊篮,2025-02-01,2.4,-1.2,6.6,.2,.5,90,2,,9.3
226,焊篮,2025-02-02,.7,-3,7.4,,.8,85.5,4,,6.6
226,焊篮,2025-02-03,-2.5,-6.4,1,.4,3.4,59,9.2,,3.8
226,焊篮,2025-02-04,-7.5,-9.5,-4.2,0,2.8,66.9,6,,5.9
226,焊篮,2025-02-05,-7.2,-11.9,-3.6,.2,2.3,58.1,9,,3.6
226,焊篮,2025-02-06,-6,-14,0,.4,1.3,65.9,8.4,,5.4
226,焊篮,2025-02-07,-7.1,-10.4,-1.4,.7,3,74.8,3.4,,9.4
226,焊篮,2025-02-08,-8.6,-15,-3,,1.6,69.9,8.8,,4.9
226,焊篮,2025-02-09,-4.9,-12.4,.7,.1,1.3,71.1,8.6,,4.6
226,焊篮,2025-02-10,-3.9,-9.7,1.3,0,1.2,77.8,3.1,,3.3
226,焊篮,2025-02-11,-2.4,-10.8,7.2,,.6,65.6,9.6,,2.8
226,焊篮,2025-02-12,-.1,-2.9,3.5,7.6,1.4,85.4,0,,8.3
226,焊篮,2025-02-13,-.7,-7.9,5.4,,2,53.6,9.7,,0
226,焊篮,2025-02-14,.5,-6.8,9.5,,.6,73.4,9.4,,.3
226,焊篮,2025-02-15,.6,-5.9,8.2,,.6,70.4,3.4,,4.8
226,焊篮,2025-02-16,3.7,-3.5,10.8,,1.4,72.8,7.5,,1.6
226,焊篮,2025-02-17,.2,-3.7,4.6,,3.3,38.1,9.9,,1.1
226,焊篮,2025-02-18,-2.1,-6.7,2,,2.8,46.6,10,,0
226,焊篮,2025-02-19,-3.3,-9.6,1.9,,2,52.4,10.1,,.8
226,焊篮,2025-02-20,-3.6,-10.6,2.8,,1.9,52.3,10,,.5
226,焊篮,2025-02-21,-3,-9.6,2.9,,1.9,50.9,10.1,,1.8
226,焊篮,2025-02-22,-2.5,-8.6,2.9,.5,1.9,61.5,10.1,,1.1
226,焊篮,2025-02-23,-3.7,-9.3,1.2,,2.4,58.8,7.6,,5.8
226,焊篮,2025-02-24,-2.7,-10.7,4.6,,1.9,53,10.3,,0
226,焊篮,2025-02-25,-.2,-9.2,6.9,,1.2,65.9,8.9,,4.1
226,焊篮,2025-02-26,3.4,-4.7,9.4,0,1.7,53.1,9.7,,1
226,焊篮,2025-02-27,3.1,-7.7,13.8,,.6,42.4,9.3,,2
226,焊篮,2025-02-28,7,.7,14.9,,.9,59.9,8.4,,2.6
226,焊篮,2025-03-01,3.9,-2.3,8.2,3.3,.5,93.5,1.5,,8
226,焊篮,2025-03-02,7.9,3.8,12.7,6.2,1.5,88.9,0,,9.4
226,焊篮,2025-03-03,1.8,.6,4.2,24.4,2.3,78.4,.1,,10
226,焊篮,2025-03-04,1.9,.8,4.1,3.3,1.8,79.9,.7,,9.3
226,焊篮,2025-03-05,3.7,.8,7.4,,.7,78.8,.1,,9.8
226,焊篮,2025-03-06,3.1,-1.7,9.2,,1.1,74.1,5.5,,4.6
226,焊篮,2025-03-07,3.5,-4.2,10.2,,.8,68.9,8.4,,4.4
226,焊篮,2025-03-08,5.4,1.1,10.2,,1.2,64.1,4.6,,5.8
226,焊篮,2025-03-09,4.6,-2.5,13.2,,.8,67.3,10.4,,1.3
226,焊篮,2025-03-10,5.4,-2.7,14.5,,.7,61.3,10.2,,3.1
226,焊篮,2025-03-11,7.1,-2.5,17.1,,.6,59,10.4,,2.5
226,焊篮,2025-03-12,8.1,1.1,15.1,,1.3,66.5,3.6,,4.9
226,焊篮,2025-03-13,8.5,1.8,16.5,,1.1,55.1,7.9,,7.3
226,焊篮,2025-03-14,9.9,-.5,18.5,,1.5,45.9,10.4,,3.4
226,焊篮,2025-03-15,8,5.2,11.3,,2.6,60.8,4.3,,8.9
226,焊篮,2025-03-16,3.2,-.3,5.8,1.9,2.2,70.1,2.4,,8.6
226,焊篮,2025-03-17,2.8,-1.8,7.4,,2.3,41.3,10.6,,2.4
226,焊篮,2025-03-18,.2,-.8,4.1,6.1,1.7,88.4,.8,,9
226,焊篮,2025-03-19,.9,-5.6,7.1,.1,1.3,67.3,8.9,,2.3
226,焊篮,2025-03-20,6.4,-3.5,14.2,,1.5,65.4,9.4,,1.3
226,焊篮,2025-03-21,11.3,2.1,20.6,,1.8,54.1,10.9,,0
226,焊篮,2025-03-22,11.9,.9,22.7,,1.5,54.1,10.9,,0
226,焊篮,2025-03-23,13.4,1.6,25.2,,1.1,50.1,9.1,,3.1
226,焊篮,2025-03-24,14.3,7.9,22.2,0,1.9,61.5,7.9,,3.5
226,焊篮,2025-03-25,13.4,5.1,25.9,,2.1,60.8,7.4,,1.9
226,焊篮,2025-03-26,13.8,1.9,25.6,,1.4,48.9,10.8,,0
226,焊篮,2025-03-27,13.5,7.1,18.3,0,1.7,68.9,0,,9
226,焊篮,2025-03-28,6.2,3.4,11.5,0,2.4,50.6,5.2,,8.1
226,焊篮,2025-03-29,2.5,-3.6,8.3,.6,2.3,49.4,6.6,,5.8
226,焊篮,2025-03-30,2.6,-3.9,8,,2,48.5,9.4,,3.4
226,焊篮,2025-03-31,5.4,-2.7,13.1,,.9,58.9,8.2,,4.1
226,焊篮,2025-04-01,7.7,-2,17.6,,.9,52.5,11.5,,.8
226,焊篮,2025-04-02,7.3,-1.3,17.4,.2,1.2,59,7,,4.8
226,焊篮,2025-04-03,7.8,-.1,16,,1.2,67,8.2,,1.9
226,焊篮,2025-04-04,9.5,2.5,17.3,,.9,59.5,9.6,,3.8
226,焊篮,2025-04-05,8.5,5.1,13.9,8.4,1.3,82.8,1.2,,8.8
226,焊篮,2025-04-06,9.6,3.7,17.1,,2.2,60,9.8,,2.3
226,焊篮,2025-04-07,11.3,-.4,20.6,,1,54.9,11.2,,1.6
226,焊篮,2025-04-08,13.1,5.5,19.8,,2.4,50.4,8.8,,1.4
226,焊篮,2025-04-09,11.6,1.4,20.6,0,1.2,53.8,6.9,,6.4
226,焊篮,2025-04-10,12.9,7.2,18.8,0,1.2,57.3,4.8,,5.1
226,焊篮,2025-04-11,13.9,2.6,24.6,,.9,55.8,11.4,,1.6
226,焊篮,2025-04-12,12.4,3.2,21.1,12,2.7,61.6,3.2,,8.6
226,焊篮,2025-04-13,4.4,.6,9.3,4.7,2.4,77.1,4.2,,5.9
226,焊篮,2025-04-14,3.8,-.7,8.6,5.5,1.2,88,1.6,,8.3
226,焊篮,2025-04-15,7.8,1,14.2,.2,2.1,69.9,7.8,,3.9
226,焊篮,2025-04-16,12.6,1.2,23.5,,1.3,65.9,10.5,,4.8
226,焊篮,2025-04-17,19,7,27.8,,1.4,61.8,9.4,,3.8
226,焊篮,2025-04-18,19.6,11.1,26.6,,1.4,70.6,9.9,,1
226,焊篮,2025-04-19,19.8,14.7,27.3,4,1.9,75.5,6.4,,6.8
226,焊篮,2025-04-20,16.5,13.8,22.4,.5,1.5,86.1,4.8,,6.5
226,焊篮,2025-04-21,18.2,11.3,25,,1.6,67.9,10.9,,2.9
226,焊篮,2025-04-22,15.9,14.6,17,23.7,.4,96.4,0,,10
226,焊篮,2025-04-23,17.5,13.2,23.1,.2,1.2,74,5.3,,7.6
226,焊篮,2025-04-24,14.8,9.2,22.4,,2,60.4,9.6,,3.1
226,焊篮,2025-04-25,10.6,2.9,17.9,,2.1,44.4,12.2,,.9
226,焊篮,2025-04-26,12.1,1.1,22.1,,1.4,45.6,12,,.5
226,焊篮,2025-04-27,14.1,4.1,23.5,,1.1,47.1,6.6,,7.1
226,焊篮,2025-04-28,13.4,5.3,21.2,,1.8,49.1,12.1,,1
226,焊篮,2025-04-29,12.5,2.4,21.4,,1.1,54.1,12,,0
226,焊篮,2025-04-30,16.3,4.4,27,,.9,53.5,12.2,,.1
226,焊篮,2025-05-01,13,6.6,20.9,17,1.3,83.5,2.6,,7.4
226,焊篮,2025-05-02,12.3,6.1,18.2,0,2,63.4,9.3,,4.1
226,焊篮,2025-05-03,9.5,7.2,12.4,19.7,1.1,89.6,.3,,8.3
226,焊篮,2025-05-04,11.9,3.9,20.6,,1.7,58.3,12.1,,0
226,焊篮,2025-05-05,10.2,3.3,15.8,0,.6,71.6,.9,,7.5
226,焊篮,2025-05-06,10.8,5.7,15,,.9,77.6,.9,,4.5
226,焊篮,2025-05-07,13,4.1,21.4,,.9,71.4,9.8,,3.3
226,焊篮,2025-05-08,16.6,6.8,24.1,,1.3,61.4,10.1,,5.9
226,焊篮,2025-05-09,14.2,11.9,16.6,11.7,2,88.4,0,,10
226,焊篮,2025-05-10,12.4,11.5,15.3,4.7,2,91.1,0,,9.8
226,焊篮,2025-05-11,13.3,8.6,20.3,.2,.9,83.1,3.5,,5.8
226,焊篮,2025-05-12,14.7,6.3,23.6,,1,71.4,10.9,,0
226,焊篮,2025-05-13,16.8,7.5,26.5,,1.1,63.5,10.1,,4.6
226,焊篮,2025-05-14,18.3,8,27.8,,.9,62.3,11.6,,3.6
226,焊篮,2025-05-15,20.2,15.9,24.4,6.9,.9,83.6,1.5,,9.4
226,焊篮,2025-05-16,19.4,16.5,22.6,16.8,1.2,91.6,0,,9.8
226,焊篮,2025-05-17,18.5,14.2,24.8,2.7,1.5,84.3,4.2,,6.3
226,焊篮,2025-05-18,15.4,10.1,22,,1.6,64.4,7.7,,8.1
226,焊篮,2025-05-19,17.4,7.4,22.8,0,1.1,72.9,4.2,,5.4
226,焊篮,2025-05-20,24.1,17.8,30.6,,1.3,75.5,9.3,,3.1
226,焊篮,2025-05-21,23.7,18.5,28.3,,.9,80.3,4.4,,6.8
226,焊篮,2025-05-22,19.4,15.8,23.1,.9,1.2,85.3,0,,7.5
226,焊篮,2025-05-23,17.8,13.7,21.2,0,2,49.1,1.9,,9.6
226,焊篮,2025-05-24,14.7,12.2,17,2.7,1.5,67.3,0,,9.9
226,焊篮,2025-05-25,16.1,10.2,22.5,.2,1.1,75.1,10.5,,2.3
226,焊篮,2025-05-26,17.6,10,25.6,,.8,64.6,12.3,,2.8
226,焊篮,2025-05-27,18.5,10,25.8,,.9,66.1,11.6,,.1
226,焊篮,2025-05-28,19.2,11.7,26.7,,1,65.6,12.2,,.8
226,焊篮,2025-05-29,18.3,11.6,26.9,0,1.3,71.8,9.9,,3.3
226,焊篮,2025-05-30,17.5,12.8,25.1,,1,75.3,9,,1
226,焊篮,2025-05-31,18,10.3,25.3,,.9,70.9,10,,4.6
226,焊篮,2025-06-01,20.5,12.1,28.6,,.8,66.8,11.2,,4.1
226,焊篮,2025-06-02,19.1,15.5,23.4,.1,.7,77.3,0,,9.9
226,焊篮,2025-06-03,20.3,14,26.1,,1.9,60.5,10.1,,3.3
226,焊篮,2025-06-04,18.5,9.8,26.4,,2,57.1,10.9,,.5
226,焊篮,2025-06-05,18.7,9.8,26.7,,1.1,64.1,11.3,,3.6
226,焊篮,2025-06-06,20.3,13.6,30,,1,63.1,6.2,,6.6
226,焊篮,2025-06-07,21.8,13.1,30,,.9,63.3,9.3,,6.1
226,焊篮,2025-06-08,24.1,17.8,30.4,,.9,70.1,7.8,,5
226,焊篮,2025-06-09,23.9,19.7,30.5,,1.1,69.4,10.1,,4
226,焊篮,2025-06-10,22.8,18.3,28.9,,1.6,70.1,6.8,,6.5
226,焊篮,2025-06-11,21.1,13.7,29,,1.6,58,11.5,,4.5
226,焊篮,2025-06-12,22.4,13.9,30.5,,.9,58.1,8.8,,6.8
226,焊篮,2025-06-13,19.6,16.7,24,41.3,1,83.4,0,,9.8
226,焊篮,2025-06-14,22.8,18.2,29.2,47.4,1,86.9,4.9,,7.6
226,焊篮,2025-06-15,25.7,21.7,31.1,1,1,78.8,7,,7.6
226,焊篮,2025-06-16,23.5,21.2,27,12.9,1.3,85.5,2.9,,7.5
226,焊篮,2025-06-17,23.3,19.5,28.8,4.6,1.1,82.8,5.9,,6.5
226,焊篮,2025-06-18,23.9,19.5,29.6,,1,76.6,11.4,,.9
226,焊篮,2025-06-19,24.5,17.9,31,.1,1,77.5,6.9,,6.3
226,焊篮,2025-06-20,23.5,22,25.6,24.3,1.6,91.9,0,,9.9
226,焊篮,2025-06-21,20.9,17.3,23.5,75.1,1.1,96,0,,10
226,焊篮,2025-06-22,21.6,17.4,27.7,.1,1,79.4,11.1,,4
226,焊篮,2025-06-23,23,15.8,30,,.8,74.3,12.4,,.3
226,焊篮,2025-06-24,20.3,17.5,25.6,8.5,.9,85.5,.4,,9.1
226,焊篮,2025-06-25,20.5,18.7,22.4,1.1,1.3,88.8,.1,,9.9
226,焊篮,2025-06-26,21.4,19.3,25.6,4,.7,90.3,.7,,9.3
226,焊篮,2025-06-27,23.8,19.5,28.8,,.5,84.8,6,,6.4
226,焊篮,2025-06-28,25.5,21.3,31.3,5.3,.7,86.1,3.1,,6.6
226,焊篮,2025-06-29,27,22.7,32.1,,.9,80.3,10.3,,1.8
226,焊篮,2025-06-30,27.1,21.9,32.5,,.9,78.5,9,,3.5
226,焊篮,2025-07-01,27,22.6,32.2,0,.9,83,5.6,,4.9
226,焊篮,2025-07-02,27.4,22.8,33,,1,81,8.1,,4.6
226,焊篮,2025-07-03,26.7,23.1,32.4,,1,77.9,9,,4.3
226,焊篮,2025-07-04,26,21.7,29.8,,1.1,79,6.1,,6
226,焊篮,2025-07-05,26.2,21.6,31.4,,1,80.4,7.1,,5
226,焊篮,2025-07-06,27.1,22.8,31.6,,.9,80.6,6.5,,5.5
226,焊篮,2025-07-07,28.6,24.1,34.2,,.9,79.8,8.7,,.4
226,焊篮,2025-07-08,28.7,23.7,33.5,,1.6,73.4,12.1,,1.8
226,焊篮,2025-07-09,28.4,22.9,33.1,,1.9,57.6,12.9,,1
226,焊篮,2025-07-10,27,19.8,33.2,,1.9,49.9,12.3,,1.1
226,焊篮,2025-07-11,26.6,21.5,32.2,,1.8,51.1,12.9,,.9
226,焊篮,2025-07-12,25.2,20.2,31.4,,2.1,66.1,12.8,,2.8
226,焊篮,2025-07-13,23.8,19.5,28.9,3.3,.6,83.4,2.5,,9
226,焊篮,2025-07-14,22.1,18.9,28.8,10.2,.9,86.9,2,,9
226,焊篮,2025-07-15,21.4,19.8,23.9,1.8,.8,92.4,0,,7.9
226,焊篮,2025-07-16,21.5,19.6,23,49.8,1.4,95,0,,9.8
226,焊篮,2025-07-17,22,20.8,23.5,134.1,2.4,92.9,0,,9.5
226,焊篮,2025-07-18,23.4,19.9,27.8,3.3,1.3,92.4,1.9,,9.5
226,焊篮,2025-07-19,23.5,22.3,25.8,31.3,2.1,93.4,.1,,8.9
226,焊篮,2025-07-20,25.7,21.4,30.4,1.3,1,87.8,7.8,,7.3
226,焊篮,2025-07-21,26,22.9,32,0,.7,88.9,5.1,,6.9
226,焊篮,2025-07-22,26.8,23,32.2,,.9,83.6,9,,6.1
226,焊篮,2025-07-23,26.7,22.2,32.3,,.9,83.1,9.7,,4.3
226,焊篮,2025-07-24,27.3,22.4,33.2,,.4,81.3,9.3,,3.1
226,焊篮,2025-07-25,27.4,21.4,33,,1.1,80,12.7,,.1
226,焊篮,2025-07-26,27.6,21.9,32.8,,1.3,77.5,12.6,,1.4
226,焊篮,2025-07-27,28.9,24.2,33.4,,2,70,12.7,,0
226,焊篮,2025-07-28,28.6,22.8,34.9,,.8,77.5,12.5,,1.4
226,焊篮,2025-07-29,28,23.2,33.8,,1.3,75.9,12.7,,.8
226,焊篮,2025-07-30,27.3,21.6,33,,1.2,75.6,10.9,,5.1
226,焊篮,2025-07-31,27.5,23.3,32.8,0,.9,71.8,6.8,,7.6
226,焊篮,2025-08-01,27.9,22,34.2,,.7,74.9,11.9,,4.1
226,焊篮,2025-08-02,28.7,23.7,34.3,,.7,76.4,10.1,,6.8
226,焊篮,2025-08-03,25.4,20.2,30,34.1,1.1,88.5,0,,9.9
226,焊篮,2025-08-04,26.6,22,32,21.5,1.2,89.5,3.7,,7.6
226,焊篮,2025-08-05,27.9,24.2,32.4,0,1.1,77.4,9.9,,5.4
226,焊篮,2025-08-06,26.6,25.1,29.4,4.2,1.1,88.6,.3,,8.6
226,焊篮,2025-08-07,25.7,21.4,30.6,,1.3,82.9,5.1,,5.4
226,焊篮,2025-08-08,24.3,20.2,29.6,,.6,83.4,6.7,,8.3
226,焊篮,2025-08-09,22.7,20.9,25.2,.8,.6,94.4,0,,9.3
226,焊篮,2025-08-10,24.1,19,29.8,,.7,81.9,10.2,,4.3
226,焊篮,2025-08-11,22.4,19.5,26.7,1.2,.7,90.6,0,,9.3
226,焊篮,2025-08-12,22.4,18.2,26.7,,1.5,88,1.8,,9
226,焊篮,2025-08-13,25.7,22.3,31,4.2,.9,90.1,1.8,,8.8
226,焊篮,2025-08-14,26.6,22.9,30.8,,1.2,83.9,6.9,,5.8
226,焊篮,2025-08-15,26,23.2,32.1,4,.8,88.8,6.6,,3.5
226,焊篮,2025-08-16,25.9,22.2,31.9,,.8,84.5,9.1,,2
226,焊篮,2025-08-17,25.7,20.8,31.9,,.7,82,8.8,,4.9
226,焊篮,2025-08-18,26.7,22.7,32.3,,.8,80.3,5.7,,6.4
226,焊篮,2025-08-19,26.9,23.3,32.1,0,.9,80.4,7.3,,5.4
226,焊篮,2025-08-20,27.1,22.1,32.8,,.8,80.5,10.1,,2.8
226,焊篮,2025-08-21,27.5,23.5,33.3,,.8,78.1,10.7,,3.9
226,焊篮,2025-08-22,27.3,22.4,33.1,,.9,80.4,10,,3.9
226,焊篮,2025-08-23,27,21.8,32.3,,.7,81.9,8.5,,1.3
226,焊篮,2025-08-24,27.8,23.5,34,,.7,79.3,8.8,,1.3
226,焊篮,2025-08-25,27.9,22.9,33.6,,1,77.5,8.5,,2.5
226,焊篮,2025-08-26,24.7,23.1,27.6,19.2,1,92.9,.5,,6.9
226,焊篮,2025-08-27,24.8,21.5,30.8,,.6,83.6,8.2,,4.3
226,焊篮,2025-08-28,25.7,21.2,31.4,,.8,83.5,6.7,,7.1
226,焊篮,2025-08-29,26.8,22.6,32,,1,82.1,7.5,,4.5
226,焊篮,2025-08-30,27,22.7,32.9,,.7,81.5,8.6,,3.3
226,焊篮,2025-08-31,25.4,22.1,31.3,.8,.7,87.6,5.5,,5.9
226,焊篮,2025-09-01,25.6,22.3,31.9,4.3,1.4,87,5.3,,7.4
226,焊篮,2025-09-02,23.9,18.7,28.3,.6,.7,84.5,4.4,,6
226,焊篮,2025-09-03,24.5,17.4,31,,1.1,80.9,10.7,,5.8
226,焊篮,2025-09-04,25.1,21.1,30.2,.1,.8,81.3,4.2,,7.1
226,焊篮,2025-09-05,26.1,20.5,32.1,,.8,79.9,10.3,,3.6
226,焊篮,2025-09-06,26.6,22.6,32.2,.2,1.4,80.4,4.6,,5.3
226,焊篮,2025-09-07,23.9,19.6,28.9,15.2,.9,91.4,.5,,8.3
226,焊篮,2025-09-08,20.7,17.5,24,0,.7,92.5,.2,,8.8
226,焊篮,2025-09-09,19.1,18.4,19.9,7,.7,93.8,0,,9.9
226,焊篮,2025-09-10,22.2,18.8,28.3,,.6,86.9,3.8,,5
226,焊篮,2025-09-11,22.6,16.9,29,,1.3,74,8.8,,2.4
226,焊篮,2025-09-12,22,20,25.2,26.9,1.2,86,.2,,9.9
226,焊篮,2025-09-13,24.4,21.6,28.7,20.5,1.5,89,3.9,,8.9
226,焊篮,2025-09-14,23.2,20.8,28,,.7,88.5,1.8,,8.3
226,焊篮,2025-09-15,23.3,20,28.1,,.5,88.5,1.9,,7.6
226,焊篮,2025-09-16,24.4,21.3,30.6,6.7,.8,88.9,3.8,,8.3
226,焊篮,2025-09-17,22.7,21.1,26.4,28.1,.9,96.9,1,,9
226,焊篮,2025-09-18,20.8,17.5,23.6,.1,1.2,81,4.8,,7.6
226,焊篮,2025-09-19,19.1,17.6,21.1,6.7,1.2,81.3,.1,,9.9
226,焊篮,2025-09-20,19,16.2,21.9,39.4,1.7,93.4,.6,,7.8
226,焊篮,2025-09-21,19.5,16,25.1,,.8,81.8,4.8,,6.8
226,焊篮,2025-09-22,19.2,15.6,22.8,,1.1,77.1,.7,,9.5
226,焊篮,2025-09-23,20.1,16.1,25.2,,1.3,73.3,7.1,,7.4
226,焊篮,2025-09-24,21.1,15.8,26.1,9.2,1.2,90,2.4,,8.9
226,焊篮,2025-09-25,21.4,19.3,23.9,13.1,.5,99.1,0,,9.6
226,焊篮,2025-09-26,20.2,16.7,25.6,,.5,88,6.1,,6.5
226,焊篮,2025-09-27,20.5,15.5,25.9,,.9,88.5,5.4,,6.3
226,焊篮,2025-09-28,19.4,18.6,21,26.1,.8,96.6,0,,9.6
226,焊篮,2025-09-29,18.9,14.4,23.7,,.8,85.1,5.8,,5.4
226,焊篮,2025-09-30,17.1,13.5,23.4,,.6,90.3,4.3,,6
226,焊篮,2025-10-01,17.4,13.1,25.4,,.6,88.8,6.3,,5.4
226,焊篮,2025-10-02,18.4,14.7,24.6,,.4,89.1,2.4,,9.5
226,焊篮,2025-10-03,18.1,17.4,19.1,11.2,1.5,93.3,0,,9.3
226,焊篮,2025-10-04,20.3,17.5,24,2.8,.6,93.9,.8,,9.4
226,焊篮,2025-10-05,20.6,19.5,22.6,4.7,.4,97.5,0,,9.1
226,焊篮,2025-10-06,19,17.1,20.4,20.4,1.3,95.4,0,,10
226,焊篮,2025-10-07,19,17,21,32.3,.8,99,0,,9.4
226,焊篮,2025-10-08,20.1,18,24.4,0,.6,93.4,3.2,,6.5
226,焊篮,2025-10-09,19.5,17.1,22.3,,1.4,80.3,1.9,,8.9
226,焊篮,2025-10-10,19.4,17.4,22.8,0,1.4,80,1.7,,9.5
226,焊篮,2025-10-11,21.6,17.3,26.6,0,1,78,8,,5.8
226,焊篮,2025-10-12,20,17.5,22.5,2.2,.8,91.9,.1,,9.1
226,焊篮,2025-10-13,17.2,15.5,18.5,52.1,1.1,95.9,0,,9.5
226,焊篮,2025-10-14,17.6,15.5,20.3,6.2,.8,91.8,.1,,6.5
226,焊篮,2025-10-15,18.7,14.6,23,4.2,1.4,84.3,5.6,,6.8
226,焊篮,2025-10-16,18.7,16.8,22,37.8,.8,92.9,.9,,6.3
226,焊篮,2025-10-17,18.4,13.5,22.6,12.3,1.3,86.1,5.4,,6.9
226,焊篮,2025-10-18,16.3,14,17.9,16.5,.7,96.5,0,,9.6
226,焊篮,2025-10-19,15.3,10.3,20.5,,1,86.3,3.7,,7.1
226,焊篮,2025-10-20,11.6,5.4,17.5,,.9,81.4,6.4,,5.5
226,焊篮,2025-10-21,12.5,9.6,16.6,,.8,87.1,.7,,8.5
226,焊篮,2025-10-22,12.1,7.2,18.1,,.8,89.8,2,,3.1
226,焊篮,2025-10-23,13.2,7.3,19.8,,1,85.6,9,,3.8
226,焊篮,2025-10-24,12.7,7.7,18.7,,.9,87.1,3.6,,5.5
226,焊篮,2025-10-25,13.1,9.5,19.1,,.6,88,3.6,,7.3
226,焊篮,2025-10-26,11.7,9,17.4,1.5,.7,87.8,1.4,,8.3
226,焊篮,2025-10-27,8,4,11.6,,2.1,61.1,9.9,,1.1
226,焊篮,2025-10-28,6,0,13.5,,.8,72.4,9.7,,0
226,焊篮,2025-10-29,6.7,-.1,15.6,,.9,79.3,9.7,,0
226,焊篮,2025-10-30,7.7,.9,16,,.4,85.4,6.3,,5.4
226,焊篮,2025-10-31,9.7,3,18.5,0,.7,85.1,7.9,,3
226,焊篮,2025-11-01,12.1,7.8,16.7,1.6,1.5,77.6,6.9,,4.9
226,焊篮,2025-11-02,8.2,3.3,12.8,1.5,2,72.6,6.3,,4.3
226,焊篮,2025-11-03,5.5,-1.5,13.9,,.8,75.8,9.7,,0
226,焊篮,2025-11-04,8.1,2,17.3,,.5,83.8,8.8,,.8
226,焊篮,2025-11-05,8.2,1.3,18.5,,.3,83.1,9,,.9
226,焊篮,2025-11-06,8.9,1.7,19.9,,.5,84.3,7,,2.6
226,焊篮,2025-11-07,10.8,4.3,18.9,,.8,80.9,7.3,,2.5
226,焊篮,2025-11-08,11.8,5.4,17.2,.5,.9,84.9,.5,,8.5
226,焊篮,2025-11-09,12.4,8.6,17.9,0,1.5,70,6.6,,2.9
226,焊篮,2025-11-10,7.9,1,13.6,,1.9,44.5,9.5,,1
226,焊篮,2025-11-11,6.6,.3,15.8,,1,64.1,8.1,,4.6
226,焊篮,2025-11-12,6.5,-.8,15.3,,.5,76.5,6.6,,4.9
226,焊篮,2025-11-13,7,-.4,16.8,,.7,79.5,8,,.4
226,焊篮,2025-11-14,5.8,-1,14.5,,.7,75.5,9.1,,0
226,焊篮,2025-11-15,6.1,-.8,16.5,,.4,76.6,9.1,,3.5
226,焊篮,2025-11-16,8.1,.7,18.8,.2,.5,70.8,8.2,,4.6
226,焊篮,2025-11-17,4.8,.1,9.7,0,2.4,54,8.8,,4.6
226,焊篮,2025-11-18,1.9,-3.2,6.1,,2,57.1,8.6,,3.9
226,焊篮,2025-11-19,2.1,-2.8,8.1,,.8,66.6,9,,1.1
226,焊篮,2025-11-20,6.4,-2.7,13.7,,1.4,70.3,4.3,,5.4
226,焊篮,2025-11-21,5,-1.3,11.4,,1.2,60.3,9.2,,1.4
226,焊篮,2025-11-22,5.5,-.8,14.4,,.6,76.5,6.9,,3
226,焊篮,2025-11-23,5.7,-1,14.2,,.5,82.4,6.1,,4.9
226,焊篮,2025-11-24,8.3,2.9,17.3,,.8,79.8,6.7,,2.3
226,焊篮,2025-11-25,5.7,2.4,10.1,13.2,1.4,88.3,.5,,8.5
226,焊篮,2025-11-26,5.4,-.2,10.7,,.5,78.9,7.5,,2.9
226,焊篮,2025-11-27,3.6,-1.3,8.3,7.6,1.6,87.3,1.3,,7.1
226,焊篮,2025-11-28,1.7,-3.1,7.2,,1.3,63.3,9,,.6
226,焊篮,2025-11-29,2.2,-5.1,12.7,,.4,76.4,8.8,,0
226,焊篮,2025-11-30,8.7,.8,17.6,,.6,76.3,6.9,,2.5
226,焊篮,2025-12-01,5.6,-.7,11.8,,1.3,60,8.9,,1
226,焊篮,2025-12-02,1.3,-2.5,6.5,,1.8,52.4,8.3,,4.1
226,焊篮,2025-12-03,-4.2,-6.9,-.7,0,2.6,55.5,8.6,,4
226,焊篮,2025-12-04,-3.2,-9.8,1.6,.8,1.2,66.8,8.9,,2.3
226,焊篮,2025-12-05,-3.3,-9,2.5,,1.3,61.4,8.9,,0
226,焊篮,2025-12-06,.3,-8.4,8.4,,.4,75.4,4.9,,4.4
226,焊篮,2025-12-07,7.6,0,13.1,,1.1,78.9,5.3,,4.4
226,焊篮,2025-12-08,3.7,-4.5,9,,1.8,43.4,8.8,,1.4
226,焊篮,2025-12-09,-.7,-7.1,7.6,,.7,72.5,8.5,,1.4
226,焊篮,2025-12-10,2,-4.3,10.3,,.4,80.8,4.9,,7.4
226,焊篮,2025-12-11,3.6,-2.4,10.2,5.3,1.3,80.5,2.5,,5.8
226,焊篮,2025-12-12,1.5,-5.2,7.2,,1.1,73.9,8.6,,3
226,焊篮,2025-12-13,3.1,.7,6.2,8.5,1.1,85.3,0,,9.3
226,焊篮,2025-12-14,.2,-1.9,2.3,,1.2,85,.1,,6.9
226,焊篮,2025-12-15,-.1,-4.7,5.5,,.3,87.1,4.8,,4
226,焊篮,2025-12-16,2.8,-1.9,6.4,,.1,91.8,0,,8.9
226,焊篮,2025-12-17,3.6,-2.7,8.1,,1.2,75,7.5,,3.6
226,焊篮,2025-12-18,-.2,-5.3,8.1,,.3,79.3,8.7,,.4
226,焊篮,2025-12-19,1.4,-4.8,11.6,,.3,82.3,3.4,,3.4
226,焊篮,2025-12-20,4.6,-.9,9.9,1.9,.8,88.6,0,,7.5
226,焊篮,2025-12-21,-1,-5.9,4.5,,2.1,52.1,7.2,,2.9
226,焊篮,2025-12-22,-2.6,-9.1,6.2,,.6,71.8,8,,1
226,焊篮,2025-12-23,.2,-6,4.6,6.7,.3,88,0,,8
226,焊篮,2025-12-24,2,-1.5,3.5,3,1,94,0,,9.6
226,焊篮,2025-12-25,-1.8,-6.5,1.8,,3,62.8,7.3,,4.8
226,焊篮,2025-12-26,-7.3,-10.6,-2.9,,2.2,46,8.7,,.5
226,焊篮,2025-12-27,-3.7,-10.7,.2,0,.3,79.8,3.3,,8
226,焊篮,2025-12-28,1.9,-1.1,6.7,0,.2,87.6,1.1,,6.9
226,焊篮,2025-12-29,2.8,-1.2,9.1,1.1,.7,91.6,1,,5.9
226,焊篮,2025-12-30,-1,-5.5,4.4,,1.1,65.1,8.7,,.1
226,焊篮,2025-12-31,-4.5,-8.9,-1.2,,1.8,51.9,8.8,,.3
226,焊篮,2026-01-01,-7,-11.7,-2.6,,1.5,52.9,8.4,,2.5
