관측년월일,댐코드,댐명,저수위,저수량,유입량,총방류량,저수율,전년저수위,예년저수위,예년저수량,강수량,금년누가강우량,전년누가강우량,예년평균누가강우량,발전방류량,여수로방류량,기타방류량1,기타방류량2,기타방류량3,취수량1,취수량2,취수량3,outlet방류량,07시강수량,예년강수량,기타발전방류량
2025-11-07,3008110,대청,75.089,1105.2745,26.364,26.364,74.18,74.2768,72.6063,1055.1504,0,1182.7152,1275.3569,1163.7141,14.65,0,0,0,0,6.052,4.754,0.908,0,,1.3959,0
2025-11-06,3008110,대청,75.089,1105.2745,28.121,33.117,74.18,74.2869,72.6205,1055.7654,0,1182.7152,1275.3569,1162.3182,21.45,0,0,0,0,6.064,4.698,0.905,0,,2.5758,0
2025-11-05,3008110,대청,75.0959,1105.7061,31.616,32.63,74.21,74.305,72.6349,1056.8681,0,1182.7152,1275.3569,1159.7424,21.444,0,0,0,0,5.59,4.691,0.905,0,,1.5673,0
2025-11-04,3008110,대청,75.0973,1105.7937,23.616,32.09,74.21,74.3228,72.6496,1057.9531,0,1182.7152,1275.3569,1158.1751,21.427,0,0,0,0,5.07,4.742,0.851,0,,0.1808,0
2025-11-03,3008110,대청,75.109,1106.5258,32.367,32.367,74.26,74.3388,72.6711,1058.929,0,1182.7152,1275.3569,1157.9943,21.436,0,0,0,0,6.03,4.68,0.221,0,,0.3454,0
2025-11-02,3008110,대청,75.109,1106.5258,32.962,31.513,74.26,74.3499,72.6883,1059.6064,1.6358,1182.7152,1275.3569,1157.6489,21.459,0,0,0,0,5.405,4.597,0.052,0,,0.4301,0
2025-11-01,3008110,대청,75.107,1106.4007,32.9,32.176,74.26,74.3608,72.7001,1060.2717,1.2242,1181.0794,1274.877,1157.2188,21.448,0,0,0,0,5.949,4.729,0.05,0,,1.3295,0
2025-10-31,3008110,대청,75.106,1106.3381,33.944,31.771,74.25,74.3669,72.7097,1060.6442,0,1179.8552,1271.6237,1155.8893,21.446,0,0,0,0,5.567,4.758,0,0,,1.6979,0
2025-10-30,3008110,대청,75.103,1106.1504,27.946,29.974,74.24,74.3782,72.7263,1061.3344,0,1179.8552,1271.6237,1154.1914,21.447,0,0,0,0,3.831,4.696,0,0,,0.0019,0
2025-10-29,3008110,대청,75.1058,1106.3256,46.401,32.137,74.25,74.379,72.7477,1061.3832,0,1179.8552,1271.6237,1154.1895,21.452,0,0,0,0,6.123,4.562,0,0,,0.0705,0
2025-10-28,3008110,대청,75.0861,1105.0931,45.817,31.996,74.17,74.388,72.7651,1061.9332,0,1179.8552,1271.6237,1154.119,21.446,0,0,0,0,6.019,4.531,0,0,,1.0895,0
2025-10-27,3008110,대청,75.067,1103.899,45.109,32.164,74.09,74.3859,72.782,1061.8048,0,1179.8552,1271.2825,1153.0295,21.446,0,0,0,0,5.984,4.734,0,0,,1.7314,0
2025-10-26,3008110,대청,75.0491,1102.7806,48.428,173.709,74.01,74.3781,72.7961,1061.3283,0.055,1179.8552,1269.7228,1151.2981,163.324,0,0,0,0,5.799,4.586,0,0,,0.9421,0
2025-10-25,3008110,대청,75.2219,1113.6049,61.452,213.924,74.74,74.361,72.8176,1060.2839,0,1179.8002,1269.7228,1150.356,203.261,0,0,0,0,5.937,4.726,0,0,,0.9106,0
2025-10-24,3008110,대청,75.4309,1126.7785,72.159,225.739,75.62,74.336,72.839,1058.7582,0,1179.8002,1269.7228,1149.4454,214.858,0,0,0,0,6.204,4.677,0,0,,0.1204,0
2025-10-23,3008110,대청,75.64,1140.0478,83.154,207.148,76.51,74.283,72.8585,1055.5279,0,1179.8002,1269.7228,1149.325,196.797,0,0,0,0,5.66,4.691,0,0,,0.3418,0
2025-10-22,3008110,대청,75.8078,1150.7609,100.896,221.311,77.23,74.2326,72.8735,1052.4614,0,1179.8002,1268.0882,1148.9832,210.644,0,0,0,0,6.065,4.602,0,0,,6.2968,0
2025-10-21,3008110,대청,75.9699,1161.1648,135.508,220.64,77.93,74.1988,72.8837,1050.4078,0,1179.8002,1247.0394,1142.6864,209.968,0,0,0,0,5.995,4.677,0,0,,2.6609,0
2025-10-20,3008110,대청,76.084,1168.5201,183.332,219.986,78.42,74.1918,72.9,1049.9828,0,1179.8002,1244.4661,1140.0255,209.286,0,0,0,0,6.007,4.693,0,0,,0.9137,0
2025-10-19,3008110,대청,76.133,1171.6871,267.917,210.418,78.64,74.1668,72.9193,1048.4657,0,1179.8002,1244.4661,1139.1118,200.015,0,0,0,0,5.829,4.574,0,0,,0.9101,0
2025-10-18,3008110,대청,76.0561,1166.7191,327.19,224.208,78.3,74.1348,72.9287,1046.5258,15.6697,1179.8002,1234.6372,1138.2017,213.864,0,0,0,0,5.684,4.66,0,0,,1.7686,0
2025-10-17,3008110,대청,75.9179,1157.8215,358.724,205.467,77.71,74.086,72.9368,1043.5714,6.4833,1164.1305,1216.6935,1136.4331,194.746,0,0,0,0,5.984,4.737,0,0,,0.786,0
2025-10-16,3008110,대청,75.7111,1144.5801,427.208,223.586,76.82,74.097,72.9424,1044.2369,29.7864,1157.6472,1216.6935,1135.6471,213.079,0,0,0,0,5.984,4.523,0,0,,2.2759,0
2025-10-15,3008110,대청,75.4342,1126.9872,279.074,224.234,75.64,74.1008,72.9469,1044.4668,2.2539,1127.8608,1216.5444,1133.3712,214.022,0,0,0,0,5.59,4.622,0,0,,1.5026,0
2025-10-14,3008110,대청,75.3592,1122.249,252.434,170.934,75.32,74.0859,72.9545,1043.5653,14.3592,1125.6069,1204.7082,1131.8686,160.94,0,0,0,0,5.383,4.611,0,0,,1.2598,0
2025-10-13,3008110,대청,75.2474,1115.2074,111.622,74.252,74.85,74.097,72.9597,1044.2369,32.6057,1111.2477,1198.0233,1130.6088,64,0,0,0,0,5.752,4.5,0,0,,2.6149,0
2025-10-12,3008110,대청,75.196,1111.9786,74.438,31.547,74.63,74.1169,72.965,1045.4415,2.7793,1078.642,1198.0233,1127.9939,21.461,0,0,0,0,5.474,4.612,0,0,,0.842,0
2025-10-11,3008110,대청,75.1369,1108.2728,90.893,31.664,74.38,74.1369,72.9763,1046.653,0,1075.8627,1198.0233,1127.1519,21.446,0,0,0,0,5.626,4.592,0,0,,0.8983,0
2025-10-10,3008110,대청,75.0551,1103.1554,110.185,31.507,74.04,74.1549,72.9873,1047.7441,0,1075.8627,1198.0233,1126.2536,21.441,0,0,0,0,5.462,4.604,0,0,,0.8915,0
2025-10-09,3008110,대청,74.9461,1096.3577,160.581,31.916,73.58,74.1739,72.9987,1048.8965,0.0663,1075.8627,1197.9863,1125.3621,21.442,0,0,0,0,5.926,4.548,0,0,,0.5404,0
2025-10-08,3008110,대청,74.767,1085.241,277.031,31.326,72.83,74.1889,72.999,1049.8068,0.4559,1075.7964,1197.92,1124.8217,21.443,0,0,0,0,5.335,4.548,0,0,,2.3966,0
2025-10-07,3008110,대청,74.422,1064.0121,293.277,30.736,71.41,74.2031,72.996,1050.6689,17.5244,1075.3405,1197.92,1122.4251,21.487,0,0,0,0,4.804,4.445,0,0,,2.4627,0
2025-10-06,3008110,대청,74.0489,1041.3285,95.463,31.232,69.89,74.2109,72.9719,1051.1427,19.8639,1057.8161,1194.0619,1119.9624,21.449,0,0,0,0,5.231,4.552,0,0,,3.9309,0
2025-10-05,3008110,대청,73.9569,1035.779,86.24,32.01,69.52,74.2218,72.9464,1051.805,2.9389,1037.9522,1193.7294,1116.0315,21.435,0,0,0,0,6.018,4.557,0,0,,4.6352,0
2025-10-04,3008110,대청,73.879,1031.0936,64.835,31.492,69.2,74.228,72.9631,1052.1818,2.6407,1035.0133,1193.7294,1111.3963,21.464,0,0,0,0,5.451,4.577,0,0,,1.7981,0
2025-10-03,3008110,대청,73.831,1028.2127,61.386,32.117,69.01,74.2358,72.9598,1052.6559,19.4303,1032.3726,1193.6769,1109.5982,21.523,0,0,0,0,6.053,4.541,0,0,,3.0487,0
2025-10-02,3008110,대청,73.7888,1025.6839,53.035,32.253,68.84,74.2378,72.9149,1052.7775,0.057,1012.9423,1187.4848,1106.5495,21.445,0,0,0,0,6.169,4.639,0,0,,4.5039,0
2025-10-01,3008110,대청,73.7588,1023.8883,65.979,32.151,68.72,74.239,72.9322,1052.8505,0,1012.8853,1187.4848,1102.0456,21.44,0,0,0,0,6.146,4.565,0,0,,2.7762,0
2025-09-30,3008110,대청,73.7099,1020.9656,80.673,33.036,68.52,74.2501,72.9426,1053.5256,0,1012.8853,1186.7129,1099.2694,22.314,0,0,0,0,6.007,4.662,0.053,0,,1.2289,0
2025-09-29,3008110,대청,73.6409,1016.8497,95.542,32.889,68.24,74.2658,72.9706,1054.4808,0.1676,1012.8853,1186.7129,1098.0405,22.284,0,0,0,0,5.903,4.63,0.072,0,,3.6482,0
2025-09-28,3008110,대청,73.5499,1011.4366,101.596,105.102,67.88,74.2569,72.9909,1053.9392,16.5885,1012.7177,1186.7129,1094.3923,95.505,0,0,0,0,4.953,4.644,0,0,,2.5818,0
2025-09-27,3008110,대청,73.555,1011.7395,80.464,116.868,67.9,74.2468,73.0168,1053.3248,0,996.1292,1186.7129,1091.8105,106.108,0,0,0,0,6.157,4.603,0,0,,3.3482,0
2025-09-26,3008110,대청,73.6079,1014.8848,84.541,114.94,68.11,74.2269,73.0427,1052.1149,0.0578,996.1292,1186.7129,1088.4623,104.236,0,0,0,0,6.007,4.615,0.082,0,,1.2059,0
2025-09-25,3008110,대청,73.652,1017.5112,80.727,65.556,68.29,74.1839,73.0714,1049.5033,17.2494,996.0714,1186.7129,1087.2564,54.909,0,0,0,0,5.845,4.618,0.184,0,,1.0624,0
2025-09-24,3008110,대청,73.63,1016.2005,76.609,33.092,68.2,74.1228,73.085,1045.7988,5.8927,978.822,1186.7129,1086.194,22.329,0,0,0,0,5.995,4.656,0.112,0,,3.2946,0
2025-09-23,3008110,대청,73.5668,1012.4406,84.41,32.891,67.95,74.004,73.0798,1038.618,0.0525,972.9293,1186.7129,1082.8994,22.282,0,0,0,0,5.972,4.526,0.111,0,,0.7401,0
2025-09-22,3008110,대청,73.4918,1007.9893,125.07,36.155,67.65,73.758,73.0274,1023.8405,0,972.8768,1186.7129,1082.1593,22.543,0,0,0,0,5.984,4.554,3.074,0,,4.2532,0
2025-09-21,3008110,대청,73.3619,1000.3071,226.239,37.771,67.13,72.5617,72.938,953.747,0,972.8768,1186.6466,1077.9061,22.305,0,0,0,0,5.429,4.522,5.515,0,,12.7025,0
2025-09-20,3008110,대청,73.0846,984.0234,235.496,38.074,66.04,70.5809,72.7968,844.1512,37.2366,972.8768,1035.9689,1065.2036,22.317,0,0,0,0,5.798,4.516,5.443,0,,8.2533,0
2025-09-19,3008110,대청,72.7912,966.9662,81.46,37.733,64.9,70.5012,72.7843,839.9103,3.2211,935.6402,1014.6952,1056.9503,22.295,0,0,0,0,5.856,4.424,5.158,0,,0.6499,0
2025-09-18,3008110,대청,72.7258,963.1881,114.122,38.276,64.64,70.4352,72.8146,836.4084,0.6739,932.4191,1012.8884,1056.3004,22.311,0,0,0,0,6.088,4.542,5.335,0,,4.3455,0
2025-09-17,3008110,대청,72.612,956.635,125.127,37.404,64.2,70.4308,72.748,836.1752,23.1892,931.7452,977.1398,1051.9549,22.295,0,0,0,0,5.138,4.569,5.402,0,,11.3795,0
2025-09-16,3008110,대청,72.4798,949.0557,91.562,38.085,63.7,70.4579,72.6232,837.6118,6.4699,908.556,977.1398,1040.5754,22.321,0,0,0,0,5.868,4.515,5.381,0,,7.4313,0
2025-09-15,3008110,대청,72.3989,944.4353,105.194,37.991,63.38,70.4859,72.6506,839.0977,0,902.0861,977.0949,1033.1441,22.277,0,0,0,0,5.914,4.433,5.367,0,,3.4793,0
2025-09-14,3008110,대청,72.2969,938.6289,152.861,38.072,63,70.509,72.6955,840.3248,0.1279,902.0861,977.05,1029.6648,22.303,0,0,0,0,5.88,4.556,5.333,0,,3.316,0
2025-09-13,3008110,대청,72.1218,928.7111,90.613,37.889,62.33,70.527,72.7085,841.2817,21.2623,901.9582,977.05,1026.3488,22.307,0,0,0,0,5.868,4.403,5.311,0,,3.5705,0
2025-09-12,3008110,대청,72.041,924.1558,66.717,38.071,62.02,70.5391,72.5824,841.9254,15.4946,880.6959,976.9995,1022.7783,22.296,0,0,0,0,6.076,4.472,5.227,0,,8.6986,0
2025-09-11,3008110,대청,71.997,921.6808,52.826,37.805,61.86,70.555,72.6009,842.7716,0,865.2013,963.8001,1014.0797,22.304,0,0,0,0,6.134,4.479,4.888,0,,6.0534,0
2025-09-10,3008110,대청,71.9739,920.383,69.869,37.465,61.77,70.5926,72.6328,844.7748,1.6846,865.2013,956.4492,1008.0263,22.317,0,0,0,0,5.382,4.452,5.314,0,,1.8568,0
2025-09-09,3008110,대청,71.924,917.5834,99.381,37.984,61.58,70.619,72.6464,846.1831,7.3415,863.5167,956.4492,1006.1695,22.3,0,0,0,0,5.868,4.505,5.311,0,,3.1335,0
2025-09-08,3008110,대청,71.8292,912.2786,182.35,37.997,61.23,70.6538,72.6178,848.0416,0.3021,856.1752,956.4492,1003.036,22.318,0,0,0,0,5.914,4.503,5.262,0,,2.5245,0
2025-09-07,3008110,대청,71.605,899.8066,122.195,37.765,60.39,70.6858,72.5478,849.7528,31.3739,855.8731,956.4492,1000.5115,22.307,0,0,0,0,5.775,4.442,5.241,0,,5.6275,0
2025-09-06,3008110,대청,71.473,892.5118,29.548,37.845,59.9,70.723,72.5614,851.7448,4.6493,824.4992,955.1457,994.884,22.309,0,0,0,0,6.111,4.476,4.949,0,,6.8444,0
2025-09-05,3008110,대청,71.486,893.2287,36.667,37.944,59.95,70.7599,72.6212,853.7234,0.8555,819.8499,954.4939,988.0396,22.308,0,0,0,0,6.215,4.526,4.895,0,,7.4968,0
2025-09-04,3008110,대청,71.488,893.339,50.58,37.817,59.96,70.8029,72.7704,856.0327,1.0545,818.9944,954.4414,980.5428,22.314,0,0,0,0,6.111,4.481,4.911,0,,4.8624,0
2025-09-03,3008110,대청,71.468,892.2362,66.864,37.672,59.88,70.8342,72.8488,857.7161,4.026,817.9399,954.4414,975.6804,22.289,0,0,0,0,6.019,4.46,4.904,0,,5.8608,0
2025-09-02,3008110,대청,71.4222,889.714,52.601,37.642,59.71,70.8602,72.8468,859.1159,6.5925,813.9139,954.4414,969.8196,22.32,0,0,0,0,6.007,4.394,4.921,0,,6.5466,0
2025-09-01,3008110,대청,71.3987,888.4215,29.285,37.113,59.63,70.894,72.7833,860.9378,21.7629,807.3214,954.3395,963.273,22.298,0,0,0,0,5.429,4.481,4.905,0,,8.7401,0
2025-08-31,3008110,대청,71.411,889.0979,19.246,49.191,59.67,70.932,72.4517,862.9889,3.8219,785.5585,954.3395,954.5329,33.899,0,0,0,0,5.972,4.414,4.906,0,,13.7269,0
2025-08-30,3008110,대청,71.458,891.6852,16.694,49.183,59.84,70.985,72.2823,865.8545,0,781.7366,954.3395,940.806,33.871,0,0,0,0,5.902,4.505,4.905,0,,12.6105,0
2025-08-29,3008110,대청,71.5089,894.4922,21.671,48.59,60.03,71.0379,72.1295,868.7206,0,781.7366,954.3395,928.1955,33.884,0,0,0,0,6.18,3.601,4.925,0,,7.3436,0
2025-08-28,3008110,대청,71.551,896.818,25.39,47.865,60.19,71.083,72.1138,871.1685,0.0525,781.7366,953.6303,920.8519,33.887,0,0,0,0,6.238,2.796,4.944,0,,5.8836,0
2025-08-27,3008110,대청,71.5861,898.7599,37.362,48.13,60.32,71.13,72.0811,873.7241,0,781.6841,953.6303,914.9683,33.898,0,0,0,0,6.158,2.862,5.212,0,,8.9651,0
2025-08-26,3008110,대청,71.6029,899.6902,35.351,48.114,60.38,71.1788,72.0209,876.3824,17.7513,781.6841,953.5778,906.0032,33.916,0,0,0,0,6.192,2.701,5.305,0,,8.3253,0
2025-08-25,3008110,대청,71.6228,900.793,15.078,47.895,60.46,71.2139,72.0411,878.2974,0,763.9328,949.4399,897.6779,33.887,0,0,0,0,5.971,2.757,5.28,0,,7.7187,0
2025-08-24,3008110,대청,71.6739,903.6284,16.827,47.71,60.65,71.241,72.0052,879.7776,0,763.9328,949.395,889.9592,33.883,0,0,0,0,6.053,2.792,4.982,0,,8.2171,0
2025-08-23,3008110,대청,71.7219,906.2967,17.179,47.665,60.83,71.253,72.0537,880.4336,0,763.9328,944.342,881.7421,33.895,0,0,0,0,6.053,2.719,4.998,0,,8.046,0
2025-08-22,3008110,대청,71.7692,908.9307,17.151,47.949,61,71.2639,72.0715,881.0297,0.3976,763.9328,944.2868,873.6961,33.91,0,0,0,0,6.261,2.772,5.006,0,,7.9309,0
2025-08-21,3008110,대청,71.8169,911.5917,20.496,47.853,61.18,71.281,72.0561,881.9653,0,763.5352,941.6445,865.7652,33.9,0,0,0,0,6.146,2.792,5.015,0,,7.2831,0
2025-08-20,3008110,대청,71.8592,913.9553,17.071,48.814,61.34,71.3046,71.9518,883.2575,0.7358,763.5352,933.7133,858.4821,33.968,0,0,0,0,6.204,3.627,5.015,0,,9.2212,0
2025-08-19,3008110,대청,71.9082,916.6979,22.598,49.722,61.52,71.3332,71.8343,884.8251,0,762.7994,932.0713,849.2609,33.896,0,0,0,0,6.111,4.7,5.015,0,,6.7318,0
2025-08-18,3008110,대청,71.95,919.0415,20.914,49.51,61.68,71.385,71.6169,887.6686,0,762.7994,932.0713,842.5291,33.944,0,0,0,0,5.971,4.571,5.024,0,,11.6034,0
2025-08-17,3008110,대청,71.994,921.5122,26.817,49.532,61.85,71.4429,71.5656,890.8534,0,762.7994,932.0713,830.9257,33.87,0,0,0,0,6.019,4.47,5.173,0,,4.2799,0
2025-08-16,3008110,대청,72.0289,923.4748,27.505,49.662,61.98,71.4969,71.4307,893.83,0,762.7994,932.0713,826.6458,33.904,0,0,0,0,5.972,4.403,5.383,0,,11.1434,0
2025-08-15,3008110,대청,72.0629,925.3891,28.461,49.862,62.11,71.5488,71.1477,896.6964,1.8643,762.7994,932.0713,815.5024,33.894,0,0,0,0,6.065,4.519,5.384,0,,8.5416,0
2025-08-14,3008110,대청,72.0957,927.2382,37.986,49.807,62.23,71.5979,71.0018,899.4133,0.057,760.9351,932.0713,806.9608,33.904,0,0,0,0,6.087,4.424,5.392,0,,6.2791,0
2025-08-13,3008110,대청,72.1138,928.2595,39.326,49.651,62.3,71.6515,70.8953,902.3848,1.7964,760.8781,932.0713,800.6817,33.892,0,0,0,0,6.123,4.457,5.179,0,,8.9758,0
2025-08-12,3008110,대청,72.1296,929.1516,38.752,49.41,62.36,71.6748,70.8366,903.6784,1.0679,759.0817,932.0343,791.7059,33.885,0,0,0,0,6.007,4.481,5.037,0,,5.6651,0
2025-08-11,3008110,대청,72.1459,930.0724,53.868,157.308,62.42,71.7272,70.8261,906.5916,4.9376,758.0138,931.9233,786.0408,141.789,0,0,0,0,5.961,4.51,5.048,0,,10.4416,0
2025-08-10,3008110,대청,72.3036,939.0096,158.714,187.944,63.02,71.7728,70.6811,909.1314,3.0405,753.0762,931.9233,775.5992,172.548,0,0,0,0,5.764,4.476,5.156,0,,18.6092,0
2025-08-09,3008110,대청,72.348,941.5351,241.033,249.6,63.19,71.8049,70.5621,910.9218,1.1118,750.0357,931.9233,756.99,233.685,0,0,0,0,6.064,4.426,5.425,0,,7.6833,0
2025-08-08,3008110,대청,72.361,942.2753,247.974,251.072,63.24,71.8349,70.4157,912.5971,0,748.9239,931.9233,749.3067,235.032,0,0,0,0,6.087,4.536,5.417,0,,9.2684,0
2025-08-07,3008110,대청,72.3657,942.543,261.862,249.538,63.26,71.8552,70.1925,913.7317,0,748.9239,931.9233,740.0383,233.715,0,0,0,0,5.926,4.479,5.418,0,,10.9802,0
2025-08-06,3008110,대청,72.347,941.4782,147.443,249.716,63.19,71.8531,70.0938,913.6143,4.8475,748.9239,931.9233,729.0581,233.65,0,0,0,0,6.169,4.472,5.425,0,,9.6362,0
2025-08-05,3008110,대청,72.5018,950.3145,174.43,158.272,63.78,71.8816,70.105,915.2085,1.5485,744.0764,931.8504,719.4219,142.125,0,0,0,0,6.191,4.509,5.447,0,,2.4996,0
2025-08-04,3008110,대청,72.4774,948.9185,129.492,49.572,63.69,71.8977,70.1185,916.1098,19.7962,742.5279,919.9504,716.9223,33.922,0,0,0,0,5.753,4.474,5.423,0,,5.1587,0
2025-08-03,3008110,대청,72.3564,942.0134,55.465,49.271,63.22,71.9147,70.1036,917.0621,39.3977,722.7317,918.4282,711.7636,33.897,0,0,0,0,5.787,4.459,5.128,0,,9.2683,0
2025-08-02,3008110,대청,72.347,941.4782,19.914,49.586,63.19,71.9287,70.0522,917.8468,1.2983,683.334,918.3232,702.4953,33.892,0,0,0,0,6.018,4.588,5.088,0,,4.8642,0
2025-08-01,3008110,대청,72.392,944.0418,25.802,49.574,63.36,71.9348,70.1347,918.1889,0,682.0357,918.3232,697.6311,33.898,0,0,0,0,6.007,4.573,5.096,0,,4.8623,0
2025-07-31,3008110,대청,72.428,946.0957,22.597,48.385,63.5,71.93,70.2095,917.9197,0,682.0357,918.3232,692.7688,32.632,0,0,0,0,6.064,4.587,5.102,0,,3.6542,0
2025-07-30,3008110,대청,72.467,948.3238,30.376,48.383,63.65,71.922,70.2847,917.4712,0,682.0357,918.3232,689.1146,32.636,0,0,0,0,6.031,4.609,5.107,0,,5.332,0
2025-07-29,3008110,대청,72.4942,949.8796,32.598,47.043,63.75,71.898,70.1754,916.1266,0,682.0357,918.3232,683.7826,32.599,0,0,0,0,6.031,4.6,3.813,0,,6.3141,0
2025-07-28,3008110,대청,72.516,951.1276,33.276,237.825,63.83,71.8489,70.1652,913.3795,0,682.0357,918.3232,677.4685,224.026,0,0,0,0,5.937,4.577,3.285,0,,6.646,0
2025-07-27,3008110,대청,72.8229,968.8006,41.777,216.75,65.02,71.7769,70.2504,909.36,0,682.0357,918.3232,670.8225,202.865,0,0,0,0,6.007,4.563,3.315,0,,2.279,0
2025-07-26,3008110,대청,73.0828,983.9183,46.401,244.899,66.03,71.6969,70.2949,904.9064,0,682.0357,912.3081,668.5435,230.844,0,0,0,0,6.099,4.51,3.446,0,,4.5105,0
2025-07-25,3008110,대청,73.3748,1001.0684,67.226,244.916,67.19,71.6079,70.2405,899.9672,0,682.0357,911.3637,664.033,230.506,0,0,0,0,6.134,4.558,3.718,0,,9.3088,0
2025-07-24,3008110,대청,73.6337,1016.4208,83.757,180.713,68.22,71.496,70.1667,893.7803,0,682.0357,907.247,654.7242,166.125,0,0,0,0,6.238,4.612,3.738,0,,4.6215,0
2025-07-23,3008110,대청,73.774,1024.7978,113.926,84.161,68.78,71.3467,70.1419,885.5656,0,682.0357,904.253,650.1027,69.705,0,0,0,0,6.18,4.539,3.737,0,,8.2795,0
2025-07-22,3008110,대청,73.731,1022.2261,164.975,47.04,68.61,71.0352,70.0909,868.5741,0.255,682.0357,903.1908,641.8232,32.635,0,0,0,0,6.099,4.581,3.725,0,,6.1316,0
2025-07-21,3008110,대청,73.56,1012.0365,290.857,47.015,67.92,70.8432,70.108,858.2005,1.5731,681.7807,903.1908,635.6916,32.619,0,0,0,0,6.006,4.692,3.698,0,,6.0176,0
2025-07-20,3008110,대청,73.2032,990.9686,678.21,46.862,66.51,70.639,70.0993,847.2509,1.5281,680.2076,890.9852,629.674,32.622,0,0,0,0,6.054,4.554,3.632,0,,4.8988,0
2025-07-19,3008110,대청,72.258,936.4201,830.271,46.774,62.85,70.705,70.1117,850.7806,43.1691,678.6795,875.7628,624.7752,32.628,0,0,0,0,6.11,4.539,3.497,0,,8.1311,0
2025-07-18,3008110,대청,71.038,868.726,781.521,46.339,58.3,70.3832,70.0234,833.6555,14.93,635.5104,873.1944,616.6441,32.657,0,0,0,0,5.857,4.451,3.374,0,,12.6152,0
2025-07-17,3008110,대청,69.8395,805.2063,410.284,46.034,54.04,70.1583,69.9241,821.8137,95.947,620.5804,850.0762,604.0289,32.649,0,0,0,0,5.833,4.297,3.255,0,,15.1956,0
2025-07-16,3008110,대청,69.224,773.735,75.063,45.812,51.93,69.887,69.7615,807.6674,23.4079,524.6334,848.9526,588.8333,32.658,0,0,0,0,5.764,4.425,2.965,0,,12.2646,0
2025-07-15,3008110,대청,69.1739,771.2077,46.76,45.827,51.76,70.309,69.7652,829.7371,5.6765,501.2255,804.3122,576.5687,32.646,0,0,0,0,5.937,4.339,2.905,0,,10.9244,0
2025-07-14,3008110,대청,69.1723,771.1271,20.209,45.835,51.75,72.2886,69.6322,938.1574,6.8218,495.549,802.9796,565.6443,32.653,0,0,0,0,5.914,4.379,2.889,0,,14.6272,0
2025-07-13,3008110,대청,69.2162,773.3412,12.73,45.955,51.9,74.4718,69.6753,1067.0614,14.8052,488.7272,802.9796,551.0171,32.661,0,0,0,0,5.961,4.43,2.903,0,,10.5281,0
2025-07-12,3008110,대청,69.273,776.2119,10.886,46.066,52.09,76.3781,69.6405,1187.6018,0,473.922,802.8703,540.489,32.591,0,0,0,0,6.134,4.442,2.899,0,,9.4867,0
2025-07-11,3008110,대청,69.333,779.2514,12.037,46.126,52.3,77.9979,69.652,1295.8628,0,473.922,802.7661,531.0023,32.65,0,0,0,0,6.147,4.416,2.913,0,,12.1337,0
2025-07-10,3008110,대청,69.391,782.1968,12.673,46.253,52.5,78.851,69.3618,1355.0326,0,473.922,801.8458,518.8686,32.65,0,0,0,0,6.167,4.51,2.926,0,,20.4723,0
2025-07-09,3008110,대청,69.448,785.098,15.654,46.356,52.69,75.081,68.7505,1104.7742,0,473.922,690.8109,498.3963,32.652,0,0,0,0,6.285,4.496,2.923,0,,19.625,0
2025-07-08,3008110,대청,69.5,787.7507,19.56,46.299,52.87,73.7416,68.4976,1022.8597,0,473.922,648.6106,478.7713,32.647,0,0,0,0,6.272,4.447,2.933,0,,13.6561,0
2025-07-07,3008110,대청,69.5452,790.061,23.11,46.102,53.02,71.4138,68.1849,889.2519,0.3646,473.922,532.9854,465.1152,32.647,0,0,0,0,6.03,4.488,2.937,0,,9.356,0
2025-07-06,3008110,대청,69.584,792.0475,27.2,46.19,53.16,71.299,67.978,882.9508,0,473.5574,500.1504,455.7592,32.662,0,0,0,0,6.042,4.426,3.06,0,,12.3835,0
2025-07-05,3008110,대청,69.616,793.6882,31.543,46.514,53.27,71.257,67.7794,880.6523,0,473.5574,500.1134,443.3757,32.652,0,0,0,0,6.157,4.424,3.281,0,,11.3839,0
2025-07-04,3008110,대청,69.6412,794.9817,29.721,45.6,53.35,71.1658,67.6158,875.6737,0,473.5574,495.0649,431.9918,32.579,0,0,0,0,6.146,4.5,2.375,0,,10.6304,0
2025-07-03,3008110,대청,69.6679,796.3537,41.868,45.439,53.45,70.9361,67.4309,863.2104,0,473.5574,495.0649,421.3614,32.532,0,0,0,0,6.088,4.425,2.394,0,,16.3738,0
2025-07-02,3008110,대청,69.6739,796.6622,44.874,45.41,53.47,70.5924,67.2839,844.7642,0,473.5574,471.003,404.9876,32.532,0,0,0,0,6.112,4.419,2.347,0,,12.6798,0
2025-07-01,3008110,대청,69.6748,796.7085,59.734,45.634,53.47,70.421,67.174,835.6561,0.1105,473.5574,437.0171,392.3078,32.542,0,0,0,0,6.249,4.543,2.3,0,,10.7622,0
2025-06-30,3008110,대청,69.6511,795.4902,83.38,76.187,53.39,70.2422,67.1456,826.2192,0,473.4469,437.0171,381.5456,63.336,0,0,0,0,6.076,4.472,2.303,0,,5.7297,0
2025-06-29,3008110,대청,69.639,794.8687,108.191,75.656,53.35,70.176,67.1651,822.7419,0.073,473.4469,404.1312,375.8159,63.313,0,0,0,0,5.579,4.464,2.3,0,,8.6031,0
2025-06-28,3008110,대청,69.5842,792.0577,78.711,76.22,53.16,70.1912,67.1868,823.5395,5.9478,473.3739,368.4902,367.2128,63.358,0,0,0,0,6.053,4.52,2.289,0,,4.5051,0
2025-06-27,3008110,대청,69.58,791.8425,105.259,76.056,53.14,70.2652,67.1803,827.4294,0,467.4261,368.4902,362.7077,63.26,0,0,0,0,6.076,4.425,2.295,0,,8.7135,0
2025-06-26,3008110,대청,69.5307,789.3194,141.151,248.235,52.97,70.3342,67.1967,831.0666,1.1381,467.4261,368.4902,353.9942,236.087,0,0,0,0,5.799,4.149,2.2,0,,7.485,0
2025-06-25,3008110,대청,69.711,798.5714,164.766,252.586,53.6,70.4001,67.2201,834.5496,0.637,466.288,368.4902,346.5092,238.866,0,0,0,0,5.752,4.356,3.612,0,,3.8027,0
2025-06-24,3008110,대청,69.8579,806.1591,187.083,254.445,54.1,70.4611,67.162,837.7815,15.2869,465.651,368.4902,342.7065,239.864,0,0,0,0,6.041,4.359,4.181,0,,9.8362,0
2025-06-23,3008110,대청,69.97,811.9792,369.403,252.358,54.5,70.51,67.1608,840.3779,0,450.3641,368.4902,332.8703,237.658,0,0,0,0,6.122,4.421,4.157,0,,5.4092,0
2025-06-22,3008110,대청,69.7749,801.8665,1088.794,248.547,53.82,70.5694,67.204,843.5384,0.3299,450.3641,365.0016,327.4611,234.333,0,0,0,0,5.777,4.399,4.038,0,,5.2601,0
2025-06-21,3008110,대청,68.327,729.2692,385.306,269.604,48.94,70.626,67.2015,846.5567,97.6002,450.0342,352.0726,322.201,255.773,0,0,0,0,5.752,4.198,3.881,0,,7.7949,0
2025-06-20,3008110,대청,68.1206,719.2726,73.509,268.836,48.27,70.7023,67.112,850.636,10.0914,352.434,352.0726,314.4061,254.531,0,0,0,0,6.099,4.305,3.901,0,,7.0758,0
2025-06-19,3008110,대청,68.468,736.1489,63.908,264.072,49.41,70.922,67.1047,862.4488,0.1106,342.3426,352.0726,307.3303,249.533,0,0,0,0,6.215,4.382,3.942,0,,5.3003,0
2025-06-18,3008110,대청,68.8188,753.443,86.104,261.475,50.57,71.1418,67.192,874.3664,0.055,342.232,352.0726,302.03,246.889,0,0,0,0,6.158,4.446,3.982,0,,5.3924,0
2025-06-17,3008110,대청,69.122,768.5951,98.54,258.791,51.58,71.355,67.2999,886.0211,3.9426,342.177,352.0726,296.6376,244.382,0,0,0,0,6.088,4.292,4.029,0,,2.3312,0
2025-06-16,3008110,대청,69.3958,782.4408,151.038,261.574,52.51,71.573,67.4179,898.0349,9.7324,338.2344,352.0726,294.3064,246.897,0,0,0,0,6.123,4.482,4.072,0,,0.7082,0
2025-06-15,3008110,대청,69.5829,791.9911,369.723,186.507,53.15,71.777,67.5283,909.3656,1.4569,328.502,351.9567,293.5982,172.052,0,0,0,0,5.96,4.393,4.102,0,,2.4441,0
2025-06-14,3008110,대청,69.272,776.1613,357.66,120.089,52.09,71.9896,67.5956,921.2649,65.0839,327.0451,348.1491,291.1541,105.902,0,0,0,0,5.811,4.376,4,0,,7.8414,0
2025-06-13,3008110,대청,68.8629,755.6351,39.211,134.027,50.71,72.1949,67.669,932.8439,42.998,261.9612,346.7818,283.3127,119.731,0,0,0,0,6.169,4.384,3.743,0,,3.0655,0
2025-06-12,3008110,대청,69.027,763.8272,14.528,134.463,51.26,72.3943,67.7755,944.173,0,218.9632,346.7818,280.2472,119.945,0,0,0,0,6.295,4.529,3.694,0,,1.786,0
2025-06-11,3008110,대청,69.233,774.1896,8.043,103.602,51.96,72.598,67.8837,955.8307,0,218.9632,346.7818,278.4612,89.24,0,0,0,0,6.227,4.389,3.746,0,,3.5745,0
2025-06-10,3008110,대청,69.3959,782.4459,13.492,77.964,52.51,72.7901,67.9848,966.9025,0,218.9632,346.7818,274.8867,63.348,0,0,0,0,6.4,4.474,3.742,0,,5.9537,0
2025-06-09,3008110,대청,69.5052,788.0162,15.026,77.823,52.89,72.9831,68.101,978.1026,0,218.9632,346.7818,268.933,63.346,0,0,0,0,6.227,4.467,3.783,0,,0.5411,0
2025-06-08,3008110,대청,69.6112,793.4419,18.209,81.155,53.25,73.172,68.2239,989.1387,0,218.9632,346.7088,268.3919,63.373,0,0,0,0,5.903,4.434,7.445,0,,2.4114,0
2025-06-07,3008110,대청,69.717,798.8805,12.779,73.777,53.62,73.3588,68.3483,1000.1242,0,218.9632,342.3362,265.9805,63.36,0,0,0,0,5.844,4.417,0.156,0,,1.0851,0
2025-06-06,3008110,대청,69.8191,804.1507,16.554,77.8,53.97,73.5471,68.4707,1011.2703,0,218.9632,342.0221,264.8954,63.345,0,0,0,0,6.227,4.423,3.805,0,,1.1557,0
2025-06-05,3008110,대청,69.9212,809.4424,16.392,77.827,54.32,73.748,68.5914,1023.2424,0,218.9632,342.0221,263.7397,63.352,0,0,0,0,6.145,4.486,3.844,0,,0.8393,0
2025-06-04,3008110,대청,70.0232,814.7503,13.764,77.749,54.68,73.932,68.7103,1034.28,0,218.9632,342.0221,262.9004,63.338,0,0,0,0,6.146,4.409,3.856,0,,0.0872,0
2025-06-03,3008110,대청,70.129,820.2787,19.378,77.607,55.05,74.1222,68.824,1045.7625,0,218.9632,342.0221,262.8132,63.339,0,0,0,0,5.914,4.481,3.873,0,,1.6761,0
2025-06-02,3008110,대청,70.2249,825.3096,19.725,77.684,55.39,74.31,68.9313,1057.1728,0,218.9632,342.0221,261.1371,63.353,0,0,0,0,6.019,4.423,3.889,0,,0.9583,0
2025-06-01,3008110,대청,70.32,830.3173,21.821,78.096,55.73,74.4582,69.0361,1066.2281,0,218.9632,342.0221,260.1788,63.344,0,0,0,0,6.32,4.535,3.897,0,,1.4777,0
2025-05-31,3008110,대청,70.412,835.1795,25.333,57.169,56.05,74.4051,69.1233,1062.9784,0,218.9632,342.0221,258.7011,43.141,0,0,0,0,6.283,4.566,3.179,0,,0.4065,0
2025-05-30,3008110,대청,70.4639,837.9301,21.079,57.778,56.24,74.107,69.1627,1044.8421,0.0729,218.9632,342.0221,258.2946,43.147,0,0,0,0,5.684,4.466,4.481,0,,2.7779,0
2025-05-29,3008110,대청,70.5236,841.1009,17.314,59.281,56.45,73.795,69.1796,1026.0552,2.9854,218.8903,342.0221,255.5167,43.156,0,0,0,0,6.492,4.605,5.028,0,,3.5293,0
2025-05-28,3008110,대청,70.5917,844.7268,25.964,58.269,56.69,73.4459,69.2258,1005.2709,0,215.9049,342.0221,251.9874,43.143,0,0,0,0,5.545,4.543,5.038,0,,4.8096,0
2025-05-27,3008110,대청,70.644,847.518,25.127,58.86,56.88,73.353,69.2931,999.782,0,215.9049,342.0221,247.1778,43.148,0,0,0,0,6.261,4.411,5.04,0,,2.5068,0
2025-05-26,3008110,대청,70.6985,850.4326,25.785,58.968,57.08,73.376,69.3715,1001.1393,0,215.9049,341.8303,244.671,43.151,0,0,0,0,6.239,4.53,5.048,0,,1.4922,0
2025-05-25,3008110,대청,70.752,853.2996,26.036,58.354,57.27,73.3793,69.4349,1001.3341,0.0525,215.9049,322.2762,243.1788,43.146,0,0,0,0,5.718,4.437,5.053,0,,1.5185,0
2025-05-24,3008110,대청,70.804,856.0919,27.549,58.56,57.46,73.4331,69.4977,1004.5136,1.4462,215.8524,322.2762,241.6603,43.141,0,0,0,0,5.983,4.369,5.067,0,,2.233,0
2025-05-23,3008110,대청,70.8538,858.7712,33.508,59.084,57.64,73.4803,69.5502,1007.3078,0,214.4062,322.2762,239.4273,43.142,0,0,0,0,6.319,4.494,5.129,0,,1.6792,0
2025-05-22,3008110,대청,70.8948,860.981,44.043,59.158,57.78,73.5384,69.6011,1010.7537,0.1102,214.4062,322.2762,237.7481,43.113,0,0,0,0,6.331,4.557,5.157,0,,1.5635,0
2025-05-21,3008110,대청,70.919,862.2869,48.398,59.087,57.87,73.581,69.6433,1013.2847,0,214.296,322.2762,236.1846,43.127,0,0,0,0,6.262,4.46,5.238,0,,2.4941,0
2025-05-20,3008110,대청,70.9361,863.2104,65.823,58.947,57.93,73.6192,69.6894,1015.5574,0,214.296,322.2762,233.6905,43.119,0,0,0,0,6.123,4.424,5.281,0,,0.6835,0
2025-05-19,3008110,대청,70.9251,862.6162,84.468,58.925,57.89,73.6518,69.7343,1017.4993,0,214.296,322.2762,233.007,43.128,0,0,0,0,6.007,4.54,5.25,0,,2.3833,0
2025-05-18,3008110,대청,70.8842,860.4093,118.894,58.972,57.75,73.6861,69.772,1019.5448,0,214.296,322.2762,230.6237,43.146,0,0,0,0,6.169,4.427,5.23,0,,5.7999,0
2025-05-17,3008110,대청,70.788,855.2321,68.33,59.628,57.4,73.6974,69.8115,1020.2192,3.2507,214.296,322.2762,224.8238,43.582,0,0,0,0,6.284,4.497,5.265,0,,1.9646,0
2025-05-16,3008110,대청,70.774,854.4802,52.969,58.687,57.35,73.7082,69.8584,1020.864,27.2487,211.0453,322.2762,222.8592,43.138,0,0,0,0,5.73,4.477,5.342,0,,6.0676,0
2025-05-15,3008110,대청,70.7832,854.9743,39.975,59.319,57.38,73.723,69.9007,1021.7481,6.5595,183.7966,316.1229,216.7916,43.134,0,0,0,0,6.342,4.412,5.431,0,,2.3884,0
2025-05-14,3008110,대청,70.8143,856.6456,31.765,58.86,57.49,73.7423,69.95,1022.9016,0,177.2371,305.7752,214.4032,43.129,0,0,0,0,6.204,4.518,5.009,0,,0.8231,0
2025-05-13,3008110,대청,70.8578,858.9867,43.746,56.905,57.65,73.7602,69.9963,1023.9721,0,177.2371,305.7752,213.5801,43.133,0,0,0,0,6.273,4.47,3.029,0,,0.577,0
2025-05-12,3008110,대청,70.8789,860.1236,51.8,56.73,57.73,73.7602,70.0245,1023.9721,0,177.2371,305.7752,213.0031,42.648,0.3,0,0,0.234,6.238,4.46,2.85,0,,2.8309,0
2025-05-11,3008110,대청,70.8868,860.5495,49.078,56.694,57.76,73.7679,70.0208,1024.4328,0.3856,177.2371,300.7223,210.1722,43.136,0,0,0,0,5.973,4.53,3.055,0,,3.4825,0
2025-05-10,3008110,대청,70.899,861.2075,37.252,56.619,57.8,73.777,69.997,1024.9774,5.1267,176.8515,289.0573,206.6897,43.145,0,0,0,0,6.087,4.333,3.054,0,,6.2658,0
2025-05-09,3008110,대청,70.93,862.8809,47.376,56.943,57.91,73.7771,69.9978,1024.9834,12.1163,171.7248,289.0573,200.4239,43.139,0,0,0,0,6.273,4.471,3.06,0,,3.4803,0
2025-05-08,3008110,대청,70.9453,863.7075,32.554,57.154,57.97,73.759,69.9993,1023.9003,0,159.6085,289.0573,196.9436,43.141,0,0,0,0,6.18,4.503,3.33,0,,0.662,0
2025-05-07,3008110,대청,70.9846,865.8329,46.011,57.479,58.11,73.7322,69.9432,1022.2978,0,159.6085,287.7318,196.2816,43.142,0,0,0,0,6.25,4.528,3.559,0,,5.7153,0
2025-05-06,3008110,대청,71.0029,866.8237,48.383,54.715,58.18,73.7081,69.9102,1020.8581,0,159.6085,274.0422,190.5663,43.151,0,0,0,0,5.579,4.504,1.481,0,,5.4122,0
2025-05-05,3008110,대청,71.013,867.3708,56.437,54.556,58.21,73.713,69.9363,1021.1507,1.2797,159.6085,266.7483,185.1541,43.143,0,0,0,0,5.475,4.467,1.471,0,,3.7878,0
2025-05-04,3008110,대청,71.01,867.2083,58.586,54.95,58.2,73.718,69.9616,1021.4494,0.1042,158.3288,242.846,181.3663,43.135,0,0,0,0,5.903,4.443,1.469,0,,0.5424,0
2025-05-03,3008110,대청,71.0042,866.8941,53.163,55.044,58.18,73.76,69.9738,1023.9601,18.9363,158.2246,242.846,180.8239,43.149,0,0,0,0,5.902,4.528,1.465,0,,3.7784,0
2025-05-02,3008110,대청,71.0072,867.0566,25.802,55.044,58.19,73.8112,69.9849,1027.0258,0,139.2883,242.846,177.0455,43.159,0,0,0,0,5.972,4.56,1.353,0,,1.3456,0
2025-05-01,3008110,대청,71.0538,869.5831,39.471,55.18,58.36,73.855,69.9877,1029.6526,21.0774,139.2883,242.846,175.6999,43.135,0,0,0,0,6.33,4.516,1.199,0,,1.6324,0
2025-04-30,3008110,대청,71.0788,870.9404,19.956,33.792,58.45,73.9018,69.9567,1032.4636,0,118.2109,241.1218,174.0675,21.881,0,0,0,0,6.17,4.542,1.199,0,,4.1337,0
2025-04-29,3008110,대청,71.1008,872.1359,18.65,33.883,58.53,73.916,69.939,1033.3175,0,118.2109,240.4604,169.9338,21.881,0,0,0,0,6.215,4.561,1.226,0,,5.6703,0
2025-04-28,3008110,대청,71.125,873.452,16.5,33.26,58.62,73.925,69.9442,1033.8588,0,118.2109,237.9575,164.2635,21.883,0,0,0,0,5.95,4.729,0.698,0,,1.4224,0
2025-04-27,3008110,대청,71.1516,874.9001,23.954,33.16,58.72,73.9329,69.9565,1034.3342,0,118.2109,237.9575,162.8411,21.906,0,0,0,0,6.065,4.517,0.672,0,,2.1575,0
2025-04-26,3008110,대청,71.1662,875.6955,27.893,33.444,58.77,73.9407,69.9594,1034.8036,0,118.2109,237.9575,160.6836,21.876,0,0,0,0,6.215,4.676,0.677,0,,3.257,0
2025-04-25,3008110,대청,71.175,876.1752,29.043,33.523,58.8,73.943,69.9219,1034.9421,0,118.2109,237.9575,157.4266,21.885,0,0,0,0,6.388,4.576,0.674,0,,4.1285,0
2025-04-24,3008110,대청,71.1821,876.5623,23.99,33.333,58.83,73.9401,69.8958,1034.7675,0,118.2109,237.9575,153.2981,21.882,0,0,0,0,6.17,4.602,0.679,0,,1.4265,0
2025-04-23,3008110,대청,71.1969,877.3695,23.27,33.313,58.88,73.9422,69.9045,1034.8939,1.0046,118.2109,232.6983,151.8716,21.879,0,0,0,0,6.123,4.627,0.684,0,,3.4994,0
2025-04-22,3008110,대청,71.2128,878.2373,34.961,33.129,58.94,73.9568,69.9072,1035.773,16.6997,117.2063,232.6983,148.3722,21.882,0,0,0,0,6.023,4.54,0.684,0,,2.2738,0
2025-04-21,3008110,대청,71.2099,878.079,16.79,31.896,58.93,73.9438,69.9045,1034.9902,0,100.5066,232.6983,146.0984,21.887,0,0,0,0,4.753,4.572,0.684,0,,2.8243,0
2025-04-20,3008110,대청,71.2338,879.3842,25.618,33.398,59.02,73.9361,69.9086,1034.5267,1.1645,100.5066,232.3586,143.2741,21.893,0,0,0,0,6.226,4.612,0.667,0,,3.0361,0
2025-04-19,3008110,대청,71.2461,880.0564,17.405,33.672,59.06,73.9301,69.9074,1034.1657,1.8204,99.3421,228.9185,140.238,21.887,0,0,0,0,6.539,4.57,0.676,0,,2.8931,0
2025-04-18,3008110,대청,71.2718,881.4618,24.385,33.38,59.16,73.927,69.911,1033.9792,0,97.5217,228.9185,137.3449,21.889,0,0,0,0,6.227,4.582,0.682,0,,1.9312,0
2025-04-17,3008110,대청,71.286,882.239,18.11,33.323,59.21,73.9179,69.8942,1033.4317,0,97.5217,228.9185,135.4137,21.884,0,0,0,0,6.204,4.555,0.68,0,,2.3131,0
2025-04-16,3008110,대청,71.31,883.5534,18.77,33.299,59.3,73.8978,69.8779,1032.2232,0,97.5217,228.9185,133.1006,21.881,0,0,0,0,6.227,4.511,0.68,0,,3.1285,0
2025-04-15,3008110,대청,71.3329,884.8087,23.585,32.537,59.38,73.8739,69.8945,1030.7873,0.5904,97.5217,228.2644,129.9721,21.482,0,0,0,0,5.869,4.508,0.678,0,,0.9503,0
2025-04-14,3008110,대청,71.347,885.5821,26.864,32.58,59.44,73.8668,69.9102,1030.3609,4.6288,96.9313,218.2268,129.0218,21.452,0,0,0,0,5.891,4.561,0.676,0,,1.6311,0
2025-04-13,3008110,대청,71.356,886.076,25.319,32.308,59.47,73.8639,69.9261,1030.1868,5.515,92.3025,218.2268,127.3907,21.447,0,0,0,0,5.648,4.537,0.676,0,,2.3287,0
2025-04-12,3008110,대청,71.367,886.6799,17.673,32.932,59.51,73.8639,69.9384,1030.1868,11.1489,86.7875,218.2268,125.062,21.453,0,0,0,0,6.204,4.596,0.679,0,,1.1563,0
2025-04-11,3008110,대청,71.391,887.9983,14.423,32.88,59.6,73.852,69.9461,1029.4725,0,75.6386,218.2268,123.9057,21.433,0,0,0,0,6.123,4.645,0.679,0,,1.8694,0
2025-04-10,3008110,대청,71.42,889.593,15.176,33.143,59.7,73.8276,69.9529,1028.0088,0,75.6386,218.2268,122.0363,21.455,0,0,0,0,6.446,4.562,0.68,0,,2.1874,0
2025-04-09,3008110,대청,71.4482,891.1453,15.014,32.872,59.81,73.81,69.9678,1026.9538,0,75.6386,218.2268,119.8489,21.451,0,0,0,0,6.135,4.604,0.682,0,,2.0711,0
2025-04-08,3008110,대청,71.4762,892.6883,17.565,32.887,59.91,74.04,69.9842,1040.7909,0,75.6386,218.2268,117.7778,21.433,0,0,0,0,6.169,4.605,0.68,0,,0.595,0
2025-04-07,3008110,대청,71.5002,894.0121,18.579,33.02,60,74.2596,69.993,1054.1035,0,75.6386,218.2268,117.1828,21.454,0,0,0,0,6.239,4.647,0.68,0,,2.2307,0
2025-04-06,3008110,대청,71.5228,895.2597,17.948,32.785,60.08,74.43,69.9997,1064.5016,0.0755,75.6386,218.2268,114.9521,21.452,0,0,0,0,6.03,4.624,0.679,0,,3.5671,0
2025-04-05,3008110,대청,71.546,896.5416,20.392,32.552,60.17,74.61,70.0098,1075.5501,7.3597,75.5631,218.2268,111.385,21.451,0,0,0,0,5.834,4.587,0.68,0,,2.0691,0
2025-04-04,3008110,대청,71.565,897.5923,13.319,33.114,60.24,74.7784,70.0254,1085.9466,0,68.2034,218.0234,109.3159,21.456,0,0,0,0,6.308,4.669,0.681,0,,2.5794,0
2025-04-03,3008110,대청,71.5959,899.3025,16.524,29.348,60.36,74.86,70.0419,1091.0053,0,68.2034,216.5502,106.7365,21.474,0,0,0,0,5.232,1.954,0.688,0,,3.1504,0
2025-04-02,3008110,대청,71.6159,900.4105,14.183,30.291,60.43,74.9172,70.0501,1094.5594,0.055,68.2034,199.3366,103.5861,21.473,0,0,0,0,5.486,2.645,0.687,0,,0.4021,0
2025-04-01,3008110,대청,71.641,901.8022,17.824,33.176,60.52,74.9868,70.0663,1098.8931,0,68.1484,197.4742,103.184,21.447,0,0,0,0,6.146,4.895,0.688,0,,1.6592,0
2025-03-31,3008110,대청,71.6649,903.1286,23.621,33.327,60.61,75.0144,70.0662,1100.6143,0,68.1484,197.4742,101.5248,21.453,0,0,0,0,5.973,5.214,0.687,0,,1.5761,0
2025-03-30,3008110,대청,71.68,903.9673,17.013,33.095,60.67,75.02,70.0755,1100.9637,0,68.1484,197.4742,99.9487,21.446,0,0,0,0,5.764,5.2,0.685,0,,1.4729,0
2025-03-29,3008110,대청,71.705,905.3567,22.396,33.34,60.76,74.94,70.083,1095.978,0.3954,68.1484,196.0184,98.4758,21.466,0,0,0,0,6.076,5.109,0.689,0,,1.1869,0
2025-03-28,3008110,대청,71.722,906.3023,17.394,33.372,60.83,74.7864,70.0855,1086.442,0.1363,67.753,195.8064,97.2889,21.441,0,0,0,0,6.053,5.189,0.689,0,,1.6493,0
2025-03-27,3008110,대청,71.7468,907.6828,25.454,33.384,60.92,74.7444,70.0917,1083.8429,0,67.6167,170.6662,95.6396,21.45,0,0,0,0,6.215,5.026,0.693,0,,1.4862,0
2025-03-26,3008110,대청,71.7591,908.3679,24.146,33.176,60.96,74.706,70.0915,1081.4697,0,67.6167,170.6662,94.1534,21.447,0,0,0,0,6.366,4.674,0.689,0,,2.1484,0
2025-03-25,3008110,대청,71.7731,909.1481,24.126,34.258,61.02,74.6853,70.0987,1080.1917,0,67.6167,151.843,92.005,21.45,0,0,0,0,6.215,5.904,0.689,0,,1.6954,0
2025-03-24,3008110,대청,71.7888,910.0236,22.14,35.056,61.08,74.6888,70.1024,1080.4077,0,67.6167,142.7698,90.3096,21.447,0,0,0,0,6.204,6.717,0.688,0,,1.124,0
2025-03-23,3008110,대청,71.8088,911.1395,24.323,33.434,61.15,74.7,70.1122,1081.0992,0,67.6167,142.7698,89.1856,21.443,0,0,0,0,6.262,5.043,0.686,0,,2.1623,0
2025-03-22,3008110,대청,71.8229,911.9268,21.258,32.961,61.2,74.7112,70.1163,1081.7909,0,67.6167,142.5411,87.0233,21.445,0,0,0,0,6.146,4.68,0.69,0,,2.6706,0
2025-03-21,3008110,대청,71.841,912.9379,20.29,33.101,61.27,74.7224,70.1253,1082.4829,0,67.6167,140.8572,84.3527,21.46,0,0,0,0,6.227,4.722,0.692,0,,1.074,0
2025-03-20,3008110,대청,71.8608,914.0448,23.792,32.986,61.35,74.7348,70.1287,1083.2493,0.458,67.6167,140.8572,83.2787,21.458,0,0,0,0,6.308,4.53,0.69,0,,1.3524,0
2025-03-19,3008110,대청,71.875,914.8392,24.97,32.743,61.4,74.7492,70.1292,1084.1397,2.6494,67.1587,140.8572,81.9263,21.446,0,0,0,0,6.007,4.601,0.689,0,,1.4545,0
2025-03-18,3008110,대청,71.887,915.5107,25.646,32.774,61.44,74.76,70.133,1084.8078,2.2881,64.5093,140.8572,80.4718,21.443,0,0,0,0,6.099,4.541,0.691,0,,2.8426,0
2025-03-17,3008110,대청,71.898,916.1266,21.301,32.972,61.49,74.77,70.1397,1085.4266,0,62.2212,140.8572,77.6292,21.433,0,0,0,0,6.227,4.621,0.691,0,,1.6925,0
2025-03-16,3008110,대청,71.916,917.135,23.751,32.769,61.55,74.78,70.1528,1086.0457,1.5997,62.2212,140.8572,75.9367,21.46,0,0,0,0,5.973,4.643,0.693,0,,0.753,0
2025-03-15,3008110,대청,71.9299,917.9141,29.487,32.278,61.6,74.7844,70.1633,1086.3181,0.429,60.6215,140.8572,75.1837,21.452,0,0,0,0,5.439,4.691,0.696,0,,1.0054,0
2025-03-14,3008110,대청,71.9342,918.1552,28.838,33.771,61.62,74.7924,70.1732,1086.8136,0,60.1925,140.8572,74.1783,21.507,0,0,0,0,6.285,4.616,1.363,0,,0.6369,0
2025-03-13,3008110,대청,71.9418,918.5814,36.942,32.528,61.65,74.79,70.183,1086.6649,0,60.1925,140.8572,73.5414,21.455,0,0,0,0,6.377,4.668,0.028,0,,2.354,0
2025-03-12,3008110,대청,71.935,918.2001,28.075,33.203,61.62,74.9528,70.1972,1096.7748,0,60.1925,140.8022,71.1874,21.456,0,0,0,0,6.366,4.686,0.695,0,,2.3991,0
2025-03-11,3008110,대청,71.9429,918.6431,34.301,33.068,61.65,75.12,70.2166,1107.2144,0,60.1925,139.7306,68.7883,21.445,0,0,0,0,6.239,4.691,0.693,0,,0.2924,0
2025-03-10,3008110,대청,71.941,918.5366,40.15,33.075,61.65,75.282,70.2326,1117.3839,0,60.1925,139.7306,68.4959,21.436,0,0,0,0,6.238,4.708,0.693,0,,0.9963,0
2025-03-09,3008110,대청,71.9301,917.9253,37.163,33.205,61.61,75.44,70.2445,1127.3541,0,60.1925,139.7306,67.4996,21.463,0,0,0,0,6.32,4.73,0.692,0,,0.4176,0
2025-03-08,3008110,대청,71.924,917.5834,38.214,32.96,61.58,75.59,70.2513,1136.8667,0,60.1925,139.7306,67.082,21.449,0,0,0,0,6.215,4.604,0.692,0,,0.7566,0
2025-03-07,3008110,대청,71.9159,917.1294,48,33.154,61.55,75.74,70.2511,1146.4253,0,60.1925,139.7306,66.3254,21.443,0,0,0,0,6.308,4.711,0.692,0,,0.5995,0
2025-03-06,3008110,대청,71.893,915.8467,51.306,33.105,61.47,75.89,70.2406,1156.0299,0.615,60.1925,139.7306,65.7259,21.449,0,0,0,0,6.227,4.738,0.691,0,,0.969,0
2025-03-05,3008110,대청,71.8649,914.2741,68.535,32.966,61.36,76.03,70.2271,1165.0358,1.4312,59.5775,139.6736,64.7569,21.433,0,0,0,0,6.192,4.653,0.688,0,,4.3335,0
2025-03-04,3008110,대청,71.8099,911.2009,63.691,32.965,61.15,76.17,70.228,1174.0817,3.5201,58.1463,134.198,60.4234,21.452,0,0,0,0,6.134,4.691,0.688,0,,2.3115,0
2025-03-03,3008110,대청,71.7623,908.5462,48.522,32.857,60.98,76.308,70.235,1183.0376,18.4345,54.6262,134.141,58.1119,21.455,0,0,0,0,6.065,4.65,0.687,0,,1.2988,0
2025-03-02,3008110,대청,71.738,907.1928,23.851,32.23,60.89,76.44,70.2388,1191.6405,9.1232,36.1917,132.7954,56.8131,21.457,0,0,0,0,5.579,4.504,0.69,0,,1.1228,0
2025-03-01,3008110,대청,71.751,907.9167,10.672,29.958,60.93,76.5668,70.2449,1199.938,0.727,27.0685,132.7954,55.6903,18.78,0,0,0,0,5.81,4.678,0.69,0,,3.7707,0
2025-02-28,3008110,대청,71.7809,909.583,13.776,33.083,61.05,76.69,70.2628,1208.0315,0.0273,26.3415,132.7954,51.9196,21.45,0,0,0,0,6.204,4.735,0.694,0,,1.8799,0
2025-02-27,3008110,대청,71.8108,911.2512,18.706,33.055,61.16,76.91,70.2741,1222.5612,0,26.3142,131.7521,50.0397,21.458,0,0,0,0,6.215,4.693,0.689,0,,1.7705,0
2025-02-26,3008110,대청,71.833,912.4909,14.737,32.852,61.24,77,70.2765,1228.5336,0,26.3142,131.7521,48.2692,21.446,0,0,0,0,6.042,4.673,0.691,0,,0.3705,0
2025-02-25,3008110,대청,71.861,914.056,15.595,33.08,61.35,77.05,70.2705,1231.8588,0,26.3142,131.7521,47.8987,21.469,0,0,0,0,6.25,4.674,0.687,0,,3.6353,0
2025-02-24,3008110,대청,71.888,915.5667,13.868,32.603,61.45,77.02,70.2714,1229.8631,0,26.3142,129.6483,44.2634,21.448,0,0,0,0,5.811,4.659,0.685,0,,0.1721,0
2025-02-23,3008110,대청,71.9169,917.1854,17.054,32.692,61.56,76.8928,70.2739,1221.4216,0,26.3142,128.0992,44.0913,21.441,0,0,0,0,5.855,4.711,0.685,0,,0.2241,0
2025-02-22,3008110,대청,71.941,918.5366,16.493,32.73,61.65,76.6604,70.2759,1206.0841,0,26.3142,127.5925,43.8672,21.472,0,0,0,0,5.869,4.702,0.687,0,,2.9803,0
2025-02-21,3008110,대청,71.966,919.9394,15.583,32.55,61.74,76.36,70.2794,1186.4223,0,26.3142,124.3543,40.8869,21.499,0,0,0,0,5.729,4.637,0.685,0,,1.0801,0
2025-02-20,3008110,대청,71.9921,921.4054,16.499,32.701,61.84,76.1057,70.2885,1169.922,0,26.3142,109.7832,39.8068,21.438,0,0,0,0,5.88,4.696,0.687,0,,1.0055,0
2025-02-19,3008110,대청,72.017,922.8053,14.253,33.142,61.93,75.84,70.2917,1152.8233,0,26.3142,104.1899,38.8013,21.447,0,0,0,0,6.307,4.673,0.715,0,,1.7893,0
2025-02-18,3008110,대청,72.046,924.4373,17.67,33.056,62.04,75.7196,70.306,1145.1226,0,26.3142,84.0376,37.012,21.452,0,0,0,0,6.273,4.67,0.661,0,,0.8679,0
2025-02-17,3008110,대청,72.0696,925.7667,15.294,33.044,62.13,75.69,70.3197,1143.234,0.0663,26.3142,66.9121,36.1441,21.468,0,0,0,0,6.181,4.703,0.692,0,,0.4421,0
2025-02-16,3008110,대청,72.0968,927.3002,14.664,33.085,62.23,75.68,70.3354,1142.5963,0,26.2479,66.9121,35.702,21.454,0,0,0,0,6.18,4.758,0.693,0,,1.6844,0
2025-02-15,3008110,대청,72.125,928.8918,15.449,32.973,62.34,75.68,70.3481,1142.5963,0,26.2479,66.8569,34.0176,21.439,0,0,0,0,6.181,4.659,0.694,0,,0.9645,0
2025-02-14,3008110,대청,72.1518,930.4059,21.682,32.938,62.44,75.6656,70.3621,1141.6785,0.055,26.2479,63.9321,33.0531,21.459,0,0,0,0,6.088,4.696,0.695,0,,0.7863,0
2025-02-13,3008110,대청,72.169,931.3783,18.19,33.187,62.51,75.66,70.3807,1141.3216,0.3268,26.1929,63.3266,32.2668,21.462,0,0,0,0,6.284,4.746,0.695,0,,1.7933,0
2025-02-12,3008110,대청,72.1919,932.6741,14.458,32.877,62.6,75.65,70.3979,1140.6846,7.3732,25.8661,63.3266,30.4735,21.448,0,0,0,0,6.101,4.631,0.697,0,,1.4355,0
2025-02-11,3008110,대청,72.22,934.2655,17.535,33.15,62.7,75.6456,70.421,1140.4044,0.112,18.4929,63.3266,29.038,21.444,0,0,0,0,6.308,4.702,0.696,0,,0.718,0
2025-02-10,3008110,대청,72.2438,935.6146,22.634,32.745,62.79,75.64,70.4443,1140.0478,0.0273,18.3809,63.2761,28.32,21.462,0,0,0,0,5.833,4.755,0.695,0,,0.7366,0
2025-02-09,3008110,대청,72.2592,936.4882,14.653,32.92,62.85,75.64,70.4682,1140.0478,0.2676,18.3536,63.2761,27.5834,21.459,0,0,0,0,6.112,4.655,0.694,0,,0.4254,0
2025-02-08,3008110,대청,72.287,938.0665,13.326,33.059,62.96,75.63,70.498,1139.4111,0.2769,18.086,63.2761,27.158,21.455,0,0,0,0,6.192,4.719,0.693,0,,1.6552,0
2025-02-07,3008110,대청,72.317,939.7714,15.847,32.834,63.07,75.63,70.5201,1139.4111,1.1814,17.8091,63.2098,25.5028,21.446,0,0,0,0,6.047,4.647,0.694,0,,0.278,0
2025-02-06,3008110,대청,72.3428,941.2391,21.015,33.008,63.17,75.6084,70.5476,1138.0367,0.0553,16.6277,63.0638,25.2248,21.46,0,0,0,0,6.259,4.594,0.695,0,,0.238,0
2025-02-05,3008110,대청,72.361,942.2753,15.335,33.141,63.24,75.5996,70.5719,1137.477,0,16.5724,62.1116,24.9868,21.466,0,0,0,0,6.227,4.748,0.7,0,,0.8339,0
2025-02-04,3008110,대청,72.388,943.8138,10.813,32.93,63.34,75.58,70.593,1136.2311,0,16.5724,48.6803,24.1529,21.442,0,0,0,0,6.157,4.614,0.717,0,,0.4777,0
2025-02-03,3008110,대청,72.4215,945.7247,20.769,32.994,63.47,75.58,70.6162,1136.2311,0.1608,16.5724,46.683,23.6752,21.443,0,0,0,0,6.273,4.556,0.722,0,,0.8325,0
2025-02-02,3008110,대청,72.44,946.7809,14.41,32.995,63.54,75.59,70.6339,1136.8667,0.0273,16.4116,45.6575,22.8427,21.454,0,0,0,0,6.111,4.704,0.726,0,,0.0445,0
2025-02-01,3008110,대청,72.4681,948.3867,17.837,32.93,63.65,75.6,70.6563,1137.5025,1.4552,16.3843,45.6575,22.7982,21.465,0,0,0,0,6.089,4.652,0.724,0,,1.4742,0
2025-01-31,3008110,대청,72.4909,949.6907,15.628,32.788,63.74,75.5932,70.681,1137.0701,1.0128,14.9291,45.6575,21.324,21.433,0,0,0,0,5.949,4.684,0.722,0,,0.8286,0
2025-01-30,3008110,대청,72.5168,951.1734,17.705,32.36,63.84,75.59,70.7059,1136.8667,0.7154,13.9163,45.6575,20.4954,21.435,0,0,0,0,5.626,4.578,0.721,0,,0.2214,0
2025-01-29,3008110,대청,72.5389,952.4396,21.363,32.445,63.92,75.58,70.7333,1136.2311,0.8117,13.2009,45.6575,20.274,21.429,0,0,0,0,5.74,4.552,0.724,0,,0.5289,0
2025-01-28,3008110,대청,72.5556,953.3971,14.303,32.633,63.99,75.5604,70.7569,1134.9859,2.8645,12.3892,45.6575,19.7451,21.453,0,0,0,0,5.822,4.634,0.724,0,,0.3041,0
2025-01-27,3008110,대청,72.5832,954.9808,16.354,32.773,64.09,75.5404,70.7824,1133.7161,3.8805,9.5247,45.6575,19.441,21.44,0,0,0,0,6.007,4.599,0.727,0,,1.4393,0
2025-01-26,3008110,대청,72.6079,956.3994,13.721,33.017,64.19,75.52,70.8044,1132.4217,0,5.6442,45.6575,18.0017,21.435,0,0,0,0,6.249,4.605,0.728,0,,0.7831,0
2025-01-25,3008110,대청,72.6369,958.0666,17.333,32.917,64.3,75.49,70.8285,1130.5198,0,5.6442,45.6575,17.2186,21.45,0,0,0,0,6.077,4.663,0.727,0,,0.2291,0
2025-01-24,3008110,대청,72.6603,959.4131,18.424,33.021,64.39,75.45,70.8477,1127.9868,0,5.6442,45.6575,16.9895,21.427,0,0,0,0,6.273,4.595,0.726,0,,0.0769,0
2025-01-23,3008110,대청,72.6822,960.6743,13.202,33.017,64.47,75.4,70.8614,1124.8252,0,5.6442,45.6575,16.9126,21.438,0,0,0,0,6.215,4.637,0.727,0,,0.4465,0
2025-01-22,3008110,대청,72.7119,962.3863,12.961,32.997,64.59,75.3336,70.8748,1120.6344,0,5.6442,45.6575,16.4661,21.452,0,0,0,0,6.204,4.612,0.729,0,,0.6415,0
2025-01-21,3008110,대청,72.7419,964.1174,13.802,33.124,64.71,75.24,70.8852,1114.7422,0,5.6442,45.6575,15.8246,21.479,0,0,0,0,6.157,4.76,0.728,0,,1.9148,0
2025-01-20,3008110,대청,72.7708,965.7867,14.376,33.182,64.82,75.15,70.8994,1109.0936,0,5.6442,44.4619,13.9098,21.469,0,0,0,0,6.215,4.769,0.729,0,,1.4577,0
2025-01-19,3008110,대청,72.7989,967.4116,13.956,33.25,64.93,75.092,70.9135,1105.4622,0,5.6442,28.9759,12.4521,21.438,0,0,0,0,6.273,4.811,0.728,0,,0.2894,0
2025-01-18,3008110,대청,72.8277,969.0785,19.705,33.249,65.04,75.058,70.9278,1103.3366,0,5.6442,28.9189,12.1627,21.442,0,0,0,0,6.227,4.853,0.727,0,,0.8574,0
2025-01-17,3008110,대청,72.8479,970.2487,18.456,33.151,65.12,75.03,70.9366,1101.5879,0,5.6442,19.7379,11.3053,21.434,0,0,0,0,6.215,4.772,0.73,0,,1.1816,0
2025-01-16,3008110,대청,72.8698,971.5184,17.074,33.258,65.2,75.0184,70.9455,1100.8639,0,5.6442,11.8333,10.1237,21.45,0,0,0,0,6.308,4.773,0.727,0,,0.9771,0
2025-01-15,3008110,대청,72.8939,972.9167,18.364,33.217,65.3,75.02,70.966,1100.9637,0,5.6442,11.8333,9.1466,21.436,0,0,0,0,6.216,4.835,0.73,0,,1.554,0
2025-01-14,3008110,대청,72.916,974.2,9.168,33.321,65.38,75.02,70.9836,1100.9637,0.0663,5.6442,11.8333,7.5926,21.446,0,0,0,0,6.308,4.835,0.732,0,,0.4264,0
2025-01-13,3008110,대청,72.9519,976.2868,17.135,33.299,65.52,75.03,71.0045,1101.5879,0.073,5.5779,6.0109,7.1662,21.417,0,0,0,0,6.273,4.881,0.728,0,,1.1632,0
2025-01-12,3008110,대청,72.9759,977.6834,10.257,33.179,65.62,75.0376,71.0241,1102.0624,0.057,5.5049,6.0109,6.003,21.458,0,0,0,0,6.169,4.824,0.728,0,,0.492,0
2025-01-11,3008110,대청,73.0099,979.6639,20.499,33.118,65.75,75.04,71.0453,1102.2122,0.1393,5.4479,6.0109,5.511,21.447,0,0,0,0,6.076,4.867,0.728,0,,0.789,0
2025-01-10,3008110,대청,73.0286,980.7541,10.441,33,65.82,75.04,71.0633,1102.2122,0,5.3086,6.0109,4.722,21.437,0,0,0,0,6.123,4.712,0.728,0,,0.1547,0
2025-01-09,3008110,대청,73.062,982.7033,17.634,33.049,65.95,75.05,71.0844,1102.8368,0,5.3086,4.6497,4.5673,21.426,0,0,0,0,6.042,4.846,0.735,0,,0.214,0
2025-01-08,3008110,대청,73.0848,984.0351,17.93,33.087,66.04,75.0532,71.0934,1103.0367,0.9891,5.3086,1.9666,4.3533,21.456,0,0,0,0,6.123,4.768,0.74,0,,0.3393,0
2025-01-07,3008110,대청,73.1072,985.3447,17.005,32.444,66.13,75.0536,71.1067,1103.0617,0.0505,4.3195,1.9666,4.014,21.445,0,0,0,0,5.521,4.739,0.739,0,,1.8839,0
2025-01-06,3008110,대청,73.13,986.6786,12.02,33.032,66.22,75.06,71.1254,1103.4616,3.4313,4.269,1.8535,2.1301,21.446,0,0,0,0,6.03,4.814,0.742,0,,1.0906,0
2025-01-05,3008110,대청,73.161,988.4941,22.11,32.896,66.34,75.06,71.1471,1103.4616,0.8377,0.8377,1.7253,1.0395,21.475,0,0,0,0,5.995,4.683,0.743,0,,0.3413,0
2025-01-04,3008110,대청,73.1769,989.426,16.019,33.058,66.4,75.06,71.172,1103.4616,0,0,1.7253,0.6982,21.449,0,0,0,0,6.042,4.814,0.753,0,,0.2056,0
2025-01-03,3008110,대청,73.202,990.8982,16.194,33.044,66.5,75.05,71.1939,1102.8368,0,0,1.5113,0.4926,21.438,0,0,0,0,6.03,4.826,0.75,0,,0.1214,0
2025-01-02,3008110,대청,73.2268,992.354,12.622,33.093,66.6,75.0444,71.2164,1102.487,0,0,0,0.3712,21.447,0,0,0,0,6.204,4.693,0.749,0,,0.1882,0
2025-01-01,3008110,대청,73.2569,994.1227,17.053,32.642,66.72,75.04,71.2393,1102.2122,0,0,0,0.183,21.437,0,0,0,0,5.729,4.726,0.75,0,,0.183,0
2024-12-31,3008110,대청,73.2798,995.4696,14.545,32.123,66.81,75.028,71.6039,1101.463,0,1311.1945,1710.2349,1223.1649,20.445,0,0,0,0,6.088,4.838,0.752,0,,0.3275,0
2024-12-30,3008110,대청,73.3056,996.9883,11.619,32.146,66.91,75.02,71.6283,1100.9637,0,1311.1945,1706.2533,1222.8374,20.474,0,0,0,0,6.088,4.833,0.751,0,,0.3774,0
2024-12-29,3008110,대청,73.3357,998.7618,21.421,31.863,67.03,75.01,71.6511,1100.3398,0,1311.1945,1705.2696,1222.46,20.453,0,0,0,0,5.938,4.723,0.749,0,,0.5336,0
2024-12-28,3008110,대청,73.351,999.664,18.266,31.925,67.09,75.01,71.6733,1100.3398,0.3538,1311.1945,1705.2696,1221.9264,20.456,0,0,0,0,5.937,4.783,0.749,0,,0.6538,0
2024-12-27,3008110,대청,73.371,1000.8441,16.256,32.043,67.17,75,71.6944,1099.7161,0.1075,1310.8407,1705.2696,1221.2726,20.458,0,0,0,0,6.088,4.745,0.752,0,,0.2544,0
2024-12-26,3008110,대청,73.3941,1002.2082,14.264,31.98,67.26,74.9864,71.7169,1098.8681,0.0273,1310.7332,1705.2696,1221.0182,20.446,0,0,0,0,5.995,4.787,0.752,0,,0.6297,0
2024-12-25,3008110,대청,73.42,1003.7388,16.089,32.246,67.37,74.97,71.7392,1097.8461,0,1310.7059,1705.1461,1220.3885,20.45,0,0,0,0,6.203,4.839,0.754,0,,0.2132,0
2024-12-24,3008110,대청,73.4436,1005.1348,18.033,32.078,67.46,74.95,71.7595,1096.6005,0.037,1310.7059,1704.872,1220.1753,20.477,0,0,0,0,6.077,4.772,0.752,0,,0.9649,0
2024-12-23,3008110,대청,73.4641,1006.3483,15.405,32.341,67.54,74.93,71.7787,1095.3557,0.2352,1310.6689,1704.3615,1219.2104,20.467,0,0,0,0,6.249,4.873,0.752,0,,0.25,0
2024-12-22,3008110,대청,73.4888,1007.8115,16.929,32.026,67.64,74.9072,71.8044,1093.9376,0,1310.4337,1704.1344,1218.9604,20.456,0,0,0,0,5.989,4.826,0.755,0,,0.5861,0
2024-12-21,3008110,대청,73.5108,1009.1159,20.102,31.913,67.73,74.87,71.8222,1091.6261,3.2455,1310.4337,1704.1344,1218.3743,20.451,0,0,0,0,5.98,4.725,0.757,0,,1.0939,0
2024-12-20,3008110,대청,73.528,1010.1364,14.393,32.191,67.79,74.98,71.8457,1098.4692,0,1307.1882,1704.1344,1217.2804,20.448,0,0,0,0,6.25,4.735,0.758,0,,0.4497,0
2024-12-19,3008110,대청,73.5539,1011.6742,24.128,32.311,67.9,75.19,71.8746,1111.6021,0,1307.1882,1703.8578,1216.8307,20.463,0,0,0,0,6.192,4.899,0.757,0,,0.1982,0
2024-12-18,3008110,대청,73.5658,1012.3812,18.228,32.057,67.95,75.36,71.8973,1122.2995,0,1307.1882,1703.8208,1216.6325,20.444,0,0,0,0,6.053,4.8,0.76,0,,0.0522,0
2024-12-17,3008110,대청,73.5859,1013.576,13.314,31.975,68.03,75.48,71.9188,1129.8863,0.1645,1307.1882,1703.7178,1216.5803,20.452,0,0,0,0,6.042,4.72,0.761,0,,0.4158,0
2024-12-16,3008110,대청,73.613,1015.1883,21.108,32.065,68.13,75.46,71.9325,1128.6198,0.3145,1307.0237,1703.6905,1216.1645,20.451,0,0,0,0,6.053,4.801,0.76,0,,1.0286,0
2024-12-15,3008110,대청,73.6289,1016.135,17.953,31.95,68.2,74.9556,71.9262,1096.9492,1.1022,1306.7092,1699.8942,1215.1359,20.47,0,0,0,0,5.972,4.745,0.763,0,,2.3613,0
2024-12-14,3008110,대청,73.6492,1017.3443,16.251,31.984,68.28,74.5388,71.924,1071.1718,0.0663,1305.607,1655.3135,1212.7746,20.45,0,0,0,0,5.972,4.799,0.763,0,,1.8954,0
2024-12-13,3008110,대청,73.672,1018.7036,14.129,32.085,68.37,74.4604,71.9372,1066.3629,0,1305.5407,1632.5833,1210.8792,20.467,0,0,0,0,6.03,4.822,0.766,0,,1.0116,0
2024-12-12,3008110,대청,73.698,1020.255,22.602,32.277,68.47,74.374,71.948,1061.0778,0,1305.5407,1632.4791,1209.8676,20.437,0,0,0,0,6.181,4.891,0.768,0,,0.3804,0
2024-12-11,3008110,대청,73.712,1021.091,16.591,31.666,68.53,74.3216,71.9623,1057.88,0,1305.5407,1631.8263,1209.4872,20.468,0,0,0,0,5.602,4.825,0.771,0,,2.2205,0
2024-12-10,3008110,대청,73.7338,1022.3935,26.443,32.255,68.62,74.31,71.9788,1057.1728,0,1305.5407,1597.3274,1207.2667,20.459,0,0,0,0,6.076,4.951,0.769,0,,1.4232,0
2024-12-09,3008110,대청,73.7422,1022.8956,17.973,32.371,68.65,74.32,71.9957,1057.7824,0,1305.5407,1597.3274,1205.8435,20.444,0,0,0,0,6.18,4.977,0.77,0,,0.9073,0
2024-12-08,3008110,대청,73.763,1024.1396,25.047,32.111,68.73,74.34,72.0133,1059.0022,0,1305.5407,1597.3274,1204.9362,20.447,0,0,0,0,5.914,4.981,0.769,0,,0.9919,0
2024-12-07,3008110,대청,73.7732,1024.75,19.94,32.274,68.78,74.36,72.0297,1060.2229,0,1305.5407,1597.3274,1203.9443,20.463,0,0,0,0,6.18,4.858,0.773,0,,0.565,0
2024-12-06,3008110,대청,73.791,1025.8156,22.58,32.286,68.85,74.3792,72.045,1061.3955,0.3316,1305.5407,1597.3274,1203.3793,20.455,0,0,0,0,6.042,5.015,0.774,0,,0.9179,0
2024-12-05,3008110,대청,73.805,1026.6542,27.736,33.215,68.9,74.398,72.0579,1062.5444,0.3219,1305.2091,1594.0987,1202.4614,20.458,0,0,0,0,6.227,5.024,1.506,0,,0.7873,0
2024-12-04,3008110,대청,73.8129,1027.1276,18.998,31.418,68.93,74.4124,72.0711,1063.4249,0,1304.8872,1594.0987,1201.6741,20.444,0,0,0,0,5.972,4.971,0.031,0,,2.8542,0
2024-12-03,3008110,대청,73.8308,1028.2007,27.157,32.086,69.01,74.4236,72.0802,1064.11,0.0547,1304.8872,1594.0987,1198.8199,20.434,0,0,0,0,6.076,4.807,0.769,0,,1.7639,0
2024-12-02,3008110,대청,73.8379,1028.6266,22.49,32.281,69.04,74.4496,72.0942,1065.7014,0,1304.8325,1594.0987,1197.056,20.454,0,0,0,0,6.181,4.876,0.77,0,,0.6312,0
2024-12-01,3008110,대청,73.852,1029.4725,23.625,31.962,69.09,74.46,72.1075,1066.3384,0.1672,1304.8325,1594.0987,1196.4248,20.444,0,0,0,0,5.949,4.802,0.767,0,,0.6642,0
2024-11-30,3008110,대청,73.864,1030.1928,24.532,32.038,69.14,74.4836,72.1176,1067.7846,0.2353,1304.6653,1594.0987,1195.7606,20.439,0,0,0,0,5.972,4.862,0.765,0,,3.1924,0
2024-11-29,3008110,대청,73.8748,1030.8413,31.237,31.446,69.18,74.4976,72.1292,1068.6431,0.7351,1304.43,1594.0987,1192.5682,20.458,0,0,0,0,6.134,4.087,0.767,0,,1.5589,0
2024-11-28,3008110,대청,73.8751,1030.8593,27.534,30.94,69.19,74.52,72.1441,1070.0175,6.217,1303.6949,1594.0067,1191.0093,20.448,0,0,0,0,6.146,3.578,0.768,0,,1.4115,0
2024-11-27,3008110,대청,73.88,1031.1536,21.978,30.879,69.2,74.53,72.1578,1070.6314,3.3274,1297.4779,1593.85,1189.5978,20.452,0,0,0,0,5.625,4.034,0.768,0,,2.2798,0
2024-11-26,3008110,대청,73.8928,1031.9227,33.965,32.018,69.26,74.54,72.1736,1071.2456,15.6692,1294.1505,1590.4612,1187.318,20.445,0,0,0,0,5.949,4.854,0.77,0,,1.6975,0
2024-11-25,3008110,대청,73.89,1031.7544,15.627,32.117,69.25,74.5596,72.1851,1072.4498,0.2732,1278.4813,1589.749,1185.6205,20.479,0,0,0,0,6.111,4.759,0.768,0,,1.26,0
2024-11-24,3008110,대청,73.9137,1033.1791,13.813,31.988,69.34,74.58,72.2011,1073.704,0,1278.2081,1589.749,1184.3605,20.457,0,0,0,0,6.111,4.651,0.769,0,,2.3256,0
2024-11-23,3008110,대청,73.9398,1034.7494,16.098,32.127,69.45,74.5964,72.2197,1074.713,0,1278.2081,1589.749,1182.0349,20.463,0,0,0,0,6.214,4.681,0.769,0,,0.6649,0
2024-11-22,3008110,대청,73.9628,1036.1344,15.958,32.07,69.54,74.6144,72.2407,1075.821,0,1278.2081,1589.749,1181.37,20.454,0,0,0,0,6.182,4.664,0.77,0,,0.3399,0
2024-11-21,3008110,대청,73.9859,1037.5264,19.409,32.042,69.63,74.63,72.2626,1076.7818,0,1278.2081,1589.749,1181.0301,20.455,0,0,0,0,6.134,4.683,0.77,0,,0.1195,0
2024-11-20,3008110,대청,74.004,1038.618,17.914,31.882,69.71,74.64,72.2806,1077.3979,0,1278.2081,1589.749,1180.9106,20.445,0,0,0,0,6.018,4.648,0.771,0,,0.1977,0
2024-11-19,3008110,대청,74.024,1039.8248,11.737,31.239,69.79,74.65,72.2997,1078.0143,0,1278.2081,1589.749,1180.7129,20.448,0,0,0,0,5.291,4.73,0.77,0,,1.4991,0
2024-11-18,3008110,대청,74.0519,1041.5098,14.144,31.704,69.9,74.66,72.3149,1078.6309,0,1278.2081,1589.218,1179.2138,20.452,0,0,0,0,5.822,4.661,0.769,0,,1.7724,0
2024-11-17,3008110,대청,74.077,1043.027,17.901,31.904,70,74.672,72.3313,1079.371,0.1477,1278.2081,1587.8249,1177.4414,20.471,0,0,0,0,6.111,4.552,0.77,0,,1.1165,0
2024-11-16,3008110,대청,74.097,1044.2369,15.242,31.988,70.08,74.6828,72.3478,1080.0374,0.4598,1278.0604,1587.0204,1176.3249,20.452,0,0,0,0,5.976,4.792,0.768,0,,1.1914,0
2024-11-15,3008110,대청,74.1209,1045.6837,19.597,32.218,70.18,74.69,72.3645,1080.4818,2.2437,1277.6006,1577.7977,1175.1335,20.453,0,0,0,0,6.366,4.632,0.767,0,,0.1968,0
2024-11-14,3008110,대청,74.1389,1046.7742,14.346,32.52,70.25,74.7,72.3791,1081.0992,0,1275.3569,1577.7977,1174.9367,20.445,0,0,0,0,6.642,4.668,0.765,0,,0.2319,0
2024-11-13,3008110,대청,74.1648,1048.3444,19.046,31.826,70.36,74.72,72.3989,1082.3346,0,1275.3569,1577.7977,1174.7048,20.449,0,0,0,0,5.962,4.651,0.764,0,,1.8978,0
2024-11-12,3008110,대청,74.183,1049.4486,15.497,32.292,70.43,74.73,72.4208,1082.9526,0,1275.3569,1577.7977,1172.807,20.443,0,0,0,0,6.435,4.649,0.765,0,,0.3482,0
2024-11-11,3008110,대청,74.2069,1050.8997,22.193,32.037,70.53,74.73,72.4446,1082.9526,0,1275.3569,1577.6935,1172.4588,20.452,0,0,0,0,6.111,4.708,0.766,0,,1.4741,0
2024-11-10,3008110,대청,74.2209,1051.7503,18.998,32.295,70.59,74.73,72.4577,1082.9526,0,1275.3569,1577.6935,1170.9847,20.491,0,0,0,0,6.377,4.66,0.767,0,,1.7478,0
2024-11-09,3008110,대청,74.2398,1052.8991,19.646,32.459,70.66,74.7412,72.4713,1083.645,0,1275.3569,1573.9129,1169.2369,20.476,0,0,0,0,6.493,4.724,0.766,0,,1.6261,0
2024-11-08,3008110,대청,74.258,1054.0062,18.94,32.183,70.74,74.75,72.4843,1084.1892,0,1275.3569,1561.5882,1167.6108,20.451,0,0,0,0,6.285,4.683,0.764,0,,4.3435,0
2024-11-07,3008110,대청,74.2768,1055.1504,24.641,31.759,70.82,74.76,72.4984,1084.8078,0,1275.3569,1561.5882,1163.2673,20.438,0,0,0,0,5.89,4.665,0.766,0,,1.4566,0
2024-11-06,3008110,대청,74.2869,1055.7654,19.406,32.168,70.86,74.7672,72.5132,1085.2534,0,1275.3569,1561.5312,1161.8107,20.452,0,0,0,0,6.204,4.746,0.766,0,,2.6878,0
2024-11-05,3008110,대청,74.305,1056.8681,19.484,32.043,70.93,74.7764,72.5279,1085.8228,0,1275.3569,1549.2744,1159.1229,20.456,0,0,0,0,6.123,4.698,0.766,0,,1.6355,0
2024-11-04,3008110,대청,74.3228,1057.9531,20.818,32.113,71,74.78,72.5432,1086.0457,0,1275.3569,1543.1642,1157.4874,20.436,0,0,0,0,6.227,4.683,0.767,0,,0.1887,0
2024-11-03,3008110,대청,74.3388,1058.929,24.525,32.364,71.07,74.8,72.5651,1087.2843,0,1275.3569,1542.9369,1157.2987,20.448,0,0,0,0,6.366,4.784,0.766,0,,0.3605,0
2024-11-02,3008110,대청,74.3499,1059.6064,24.382,32.083,71.11,74.82,72.583,1088.5238,0.4799,1275.3569,1542.9369,1156.9382,20.451,0,0,0,0,6.18,4.687,0.765,0,,0.3777,0
2024-11-01,3008110,대청,74.3608,1060.2717,27.796,32.107,71.16,74.83,72.5954,1089.1439,3.2533,1274.877,1542.9369,1156.5605,20.451,0,0,0,0,6.157,4.734,0.765,0,,1.3341,0
2024-10-31,3008110,대청,74.3669,1060.6442,24.44,32.428,71.18,74.85,72.6055,1090.3846,0,1271.6237,1542.9369,1155.2264,20.444,0,0,0,0,6.4,4.82,0.764,0,,1.7717,0
2024-10-30,3008110,대청,74.3782,1061.3344,31.862,32.428,71.23,74.87,72.623,1091.6261,0,1271.6237,1542.9369,1153.4547,20.443,0,0,0,0,6.527,4.717,0.741,0,,0.002,0
2024-10-29,3008110,대청,74.379,1061.3832,25.741,32.106,71.23,74.88,72.6452,1092.2472,0,1271.6237,1542.9369,1153.4527,20.468,0,0,0,0,6.192,4.718,0.728,0,,0.0736,0
2024-10-28,3008110,대청,74.388,1061.9332,33.578,32.093,71.27,74.9,72.6642,1093.49,0.3412,1271.6237,1542.9369,1153.3791,20.456,0,0,0,0,6.204,4.661,0.772,0,,1.1369,0
2024-10-27,3008110,대청,74.3859,1061.8048,37.694,32.178,71.26,74.92,72.6827,1094.7336,1.5597,1271.2825,1542.9369,1152.2422,20.462,0,0,0,0,6.181,4.733,0.802,0,,1.8067,0
2024-10-26,3008110,대청,74.3781,1061.3283,43.857,31.77,71.23,74.94,72.6982,1095.978,0,1269.7228,1542.9369,1150.4355,20.445,0,0,0,0,5.891,4.632,0.802,0,,0.9807,0
2024-10-25,3008110,대청,74.361,1060.2839,49.826,32.167,71.16,74.95,72.7131,1096.6005,0,1269.7228,1542.9369,1149.4548,20.442,0,0,0,0,6.261,4.679,0.785,0,,0.9502,0
2024-10-24,3008110,대청,74.336,1058.7582,69.859,32.471,71.06,74.97,72.7263,1097.8461,0,1269.7228,1542.9369,1148.5046,20.474,0,0,0,0,6.458,4.747,0.792,0,,0.1256,0
2024-10-23,3008110,대청,74.283,1055.5279,68.787,33.295,70.84,74.98,72.7376,1098.4692,1.6346,1269.7228,1542.9369,1148.379,22.392,0,0,0,0,6.354,3.76,0.789,0,,0.3566,0
2024-10-22,3008110,대청,74.2326,1052.4614,56.05,32.282,70.63,74.99,72.7459,1099.0925,21.0488,1268.0882,1542.9369,1148.0224,22.394,0,0,0,0,6.308,2.795,0.785,0,,6.5706,0
2024-10-21,3008110,대청,74.1988,1050.4078,37.194,32.275,70.5,75,72.7495,1099.7161,2.5733,1247.0394,1542.9369,1141.4518,22.406,0,0,0,0,6.262,2.827,0.78,0,,2.7766,0
2024-10-20,3008110,대청,74.1918,1049.9828,49.644,32.085,70.47,75.01,72.7616,1100.3398,0,1244.4661,1542.9369,1138.6752,22.416,0,0,0,0,6.122,2.77,0.777,0,,0.9534,0
2024-10-19,3008110,대청,74.1668,1048.4657,54.667,32.214,70.37,75.0236,72.7795,1101.1884,9.8289,1244.4661,1539.7268,1137.7218,22.39,0,0,0,0,6.205,2.845,0.774,0,,0.9497,0
2024-10-18,3008110,대청,74.1348,1046.5258,66.445,32.25,70.24,75.02,72.7927,1100.9637,17.9437,1234.6372,1533.8197,1136.7721,22.388,0,0,0,0,6.365,2.725,0.772,0,,1.1642,0
2024-10-17,3008110,대청,74.086,1043.5714,24.763,32.466,70.04,75.03,72.8072,1101.5879,0,1216.6935,1533.8197,1135.6079,22.384,0,0,0,0,6.424,2.901,0.757,0,,0.5383,0
2024-10-16,3008110,대청,74.097,1044.2369,30.017,32.679,70.08,75.03,72.822,1101.5879,0.1491,1216.6935,1533.8197,1135.0696,22.409,0,0,0,0,6.655,2.904,0.711,0,,1.0798,0
2024-10-15,3008110,대청,74.1008,1044.4668,42.578,32.143,70.1,75.04,72.8387,1102.2122,11.8362,1216.5444,1533.8197,1133.9898,22.389,0,0,0,0,6.251,2.804,0.699,0,,1.47,0
2024-10-14,3008110,대청,74.0859,1043.5653,24.5,32.273,70.04,75.04,72.8499,1102.2122,6.6849,1204.7082,1533.8197,1132.5198,22.395,0,0,0,0,6.192,2.925,0.761,0,,0.6903,0
2024-10-13,3008110,대청,74.097,1044.2369,18.156,32.098,70.08,75.04,72.8602,1102.2122,0,1198.0233,1532.0836,1131.8295,22.392,0,0,0,0,6.238,2.712,0.756,0,,1.311,0
2024-10-12,3008110,대청,74.1169,1045.4415,18.349,32.371,70.16,75.04,72.868,1102.2122,0,1198.0233,1532.0836,1130.5185,22.412,0,0,0,0,6.33,2.877,0.752,0,,0.7578,0
2024-10-11,3008110,대청,74.1369,1046.653,19.569,32.197,70.25,75.03,72.8823,1101.5879,0,1198.0233,1532.0836,1129.7607,22.404,0,0,0,0,6.308,2.74,0.745,0,,0.9374,0
2024-10-10,3008110,대청,74.1549,1047.7441,19.156,32.494,70.32,75.026,72.8974,1101.3382,0.037,1198.0233,1532.0836,1128.8233,22.393,0,0,0,0,6.493,2.871,0.737,0,,0.9302,0
2024-10-09,3008110,대청,74.1739,1048.8965,21.777,32.313,70.4,75.01,72.914,1100.3398,0.0663,1197.9863,1532.0836,1127.8931,22.401,0,0,0,0,6.343,2.834,0.735,0,,0.561,0
2024-10-08,3008110,대청,74.1889,1049.8068,22.506,32.485,70.46,75.1812,72.9222,1111.0499,0,1197.92,1531.6045,1127.3321,22.399,0,0,0,0,6.492,2.86,0.734,0,,2.481,0
2024-10-07,3008110,대청,74.2031,1050.6689,26.569,32.052,70.51,75.44,72.934,1127.3541,3.8581,1197.92,1531.6045,1124.8511,22.395,0,0,0,0,6.274,2.81,0.573,0,,1.8078,0
2024-10-06,3008110,대청,74.2109,1051.1427,24.181,31.846,70.55,75.69,72.9251,1143.234,0.3325,1194.0619,1531.6045,1123.0433,22.41,0,0,0,0,6.134,2.78,0.522,0,,3.2381,0
2024-10-05,3008110,대청,74.2218,1051.805,27.65,32.011,70.59,75.9328,72.9025,1158.7789,0,1193.7294,1531.6045,1119.8052,22.384,0,0,0,0,6.273,2.77,0.584,0,,4.709,0
2024-10-04,3008110,대청,74.228,1052.1818,26.442,31.93,70.62,76.16,72.9233,1173.4342,0.0525,1193.7294,1531.6045,1115.0962,22.391,0,0,0,0,6.145,2.799,0.595,0,,1.7615,0
2024-10-03,3008110,대청,74.2358,1052.6559,30.557,31.964,70.65,76.3892,72.9219,1188.3254,6.1921,1193.6769,1531.552,1113.3347,22.392,0,0,0,0,6.193,2.786,0.593,0,,2.3364,0
2024-10-02,3008110,대청,74.2378,1052.7775,31.22,32.064,70.66,76.6,72.8769,1202.116,0,1187.4848,1531.552,1110.9983,22.39,0,0,0,0,6.308,2.774,0.592,0,,4.6972,0
2024-10-01,3008110,대청,74.239,1052.8505,24.442,32.255,70.66,76.7908,72.8962,1214.6764,0.7719,1187.4848,1531.552,1106.3011,22.399,0,0,0,0,6.353,2.89,0.613,0,,2.8969,0
2024-09-30,3008110,대청,74.2501,1053.5256,23.286,34.342,70.71,76.97,72.9092,1226.541,0,1186.7129,1531.552,1103.4042,24.436,0,0,0,0,6.389,2.909,0.608,0,,1.2823,0
2024-09-29,3008110,대청,74.2658,1054.4808,39.54,33.272,70.77,77.1276,72.9415,1237.0296,0,1186.7129,1526.272,1102.1219,23.387,0,0,0,0,6.32,2.921,0.644,0,,3.7995,0
2024-09-28,3008110,대청,74.2569,1053.9392,39.479,32.368,70.73,77.26,72.9666,1245.8803,0,1186.7129,1526.272,1098.3224,22.385,0,0,0,0,6.319,2.993,0.671,0,,1.9728,0
2024-09-27,3008110,대청,74.2468,1053.3248,46.358,32.354,70.69,77.35,72.9934,1251.917,0,1186.7129,1526.217,1096.3496,22.402,0,0,0,0,6.377,2.904,0.671,0,,3.4938,0
2024-09-26,3008110,대청,74.2269,1052.1149,62.742,32.515,70.61,77.38,73.0181,1253.933,0,1186.7129,1523.2183,1092.8558,22.372,0,0,0,0,6.424,3.051,0.668,0,,1.2559,0
2024-09-25,3008110,대청,74.1839,1049.5033,74.979,32.103,70.44,77.4476,73.0462,1258.4823,0,1186.7129,1496.0675,1091.5999,22.388,0,0,0,0,5.949,3.104,0.662,0,,0.3586,0
2024-09-24,3008110,대청,74.1228,1045.7988,114.977,31.865,70.19,77.58,73.0613,1267.4194,0,1186.7129,1494.5946,1091.2413,22.401,0,0,0,0,5.961,2.89,0.613,0,,3.1816,0
2024-09-23,3008110,대청,74.004,1038.618,204.251,33.215,69.71,77.6728,73.0586,1273.7049,0,1186.7129,1494.5946,1088.0597,23.382,0,0,0,0,6.378,2.859,0.596,0,,0.77,0
2024-09-22,3008110,대청,73.758,1023.8405,846.021,34.754,68.71,77.66,73.0072,1272.8369,0.0663,1186.7129,1494.5946,1087.2897,24.413,0,0,0,0,6.296,2.803,1.242,0,,4.4381,0
2024-09-21,3008110,대청,72.5617,953.747,1301.068,32.598,64.01,77.316,72.9196,1249.6345,150.6777,1186.6466,1494.5946,1082.8516,24.411,0,0,0,0,5.509,2.653,0.025,0,,13.2548,0
2024-09-20,3008110,대청,70.5809,844.1512,82.397,33.313,56.65,75.9955,72.7843,1162.8127,21.2737,1035.9689,1488.2209,1069.5968,23.068,0,0,0,0,6.827,2.823,0.595,0,,6.9932,0
2024-09-19,3008110,대청,70.5012,839.9103,73.944,33.412,56.37,75.51,72.784,1131.7876,1.8068,1014.6952,1404.6167,1062.6036,23.063,0,0,0,0,6.644,3.113,0.592,0,,0.5381,0
2024-09-18,3008110,대청,70.4352,836.4084,35.763,33.065,56.13,75.4292,72.8185,1126.6709,35.7486,1012.8884,1404.6167,1062.0655,23.088,0,0,0,0,6.806,2.572,0.599,0,,4.5051,0
2024-09-17,3008110,대청,70.4308,836.1752,16.236,32.863,56.12,75.2824,72.7539,1117.4091,0,977.1398,1404.0764,1057.5604,23.081,0,0,0,0,6.47,2.714,0.598,0,,10.866,0
2024-09-16,3008110,대청,70.4579,837.6118,15.978,33.176,56.22,75.14,72.6295,1108.467,0.0449,977.1398,1398.9262,1046.6944,23.081,0,0,0,0,6.632,2.861,0.602,0,,7.4731,0
2024-09-15,3008110,대청,70.4859,839.0977,19.275,33.477,56.32,75.0092,72.6615,1100.2899,0.0449,977.0949,1368.5014,1039.2213,23.061,0,0,0,0,7.025,2.789,0.602,0,,3.6306,0
2024-09-14,3008110,대청,70.509,840.3248,22.076,33.152,56.4,74.99,72.7128,1099.0925,0,977.05,1354.5739,1035.5907,23.078,0,0,0,0,6.448,3.023,0.603,0,,3.4546,0
2024-09-13,3008110,대청,70.527,841.2817,25.956,33.406,56.46,74.99,72.734,1099.0925,0.0505,977.05,1347.23,1032.1361,23.083,0,0,0,0,6.573,3.141,0.609,0,,2.8012,0
2024-09-12,3008110,대청,70.5391,841.9254,25.098,34.892,56.51,74.9976,72.6059,1099.5664,13.1994,976.9995,1336.0069,1029.3349,23.089,0,0,0,0,6.609,2.828,2.366,0,,8.4031,0
2024-09-11,3008110,대청,70.555,842.7716,10.289,33.475,56.56,75.0304,72.6272,1101.6129,7.3509,963.8001,1333.3635,1020.9318,23.129,0,0,0,0,6.62,3.091,0.635,0,,6.3166,0
2024-09-10,3008110,대청,70.5926,844.7748,16.511,32.81,56.7,75.07,72.6614,1104.0865,0,956.4492,1333.3635,1014.6152,23.117,0,0,0,0,5.804,3.267,0.622,0,,1.8643,0
2024-09-09,3008110,대청,70.619,846.1831,10.332,31.843,56.79,75.1,72.6778,1105.9626,0,956.4492,1333.3635,1012.7509,23.081,0,0,0,0,5.041,3.08,0.641,0,,2.9506,0
2024-09-08,3008110,대청,70.6538,848.0416,16.382,36.188,56.92,75.1316,72.6521,1107.9408,0,956.4492,1333.3635,1009.8003,23.093,0,0,0,0,5.699,2.956,4.44,0,,2.6211,0
2024-09-07,3008110,대청,70.6858,849.7528,13.9,36.955,57.03,75.166,72.5888,1110.0966,1.3035,956.4492,1333.3635,1007.1792,23.089,0,0,0,0,5.598,2.906,5.362,0,,4.5081,0
2024-09-06,3008110,대청,70.723,851.7448,14.717,37.618,57.16,75.14,72.6087,1108.467,0.6518,955.1457,1333.3635,1002.6711,23.083,0,0,0,0,6.458,2.87,5.207,0,,6.9399,0
2024-09-05,3008110,대청,70.7599,853.7234,9.829,36.557,57.3,75.1,72.6706,1105.9626,0.0525,954.4939,1333.3635,995.7312,23.087,0,0,0,0,5.971,3.018,4.481,0,,7.7856,0
2024-09-04,3008110,대청,70.8029,856.0327,15.109,34.592,57.45,75.04,72.8262,1102.2122,0,954.4414,1333.3635,987.9456,21.135,0,0,0,0,6.597,3.022,3.838,0,,5.028,0
2024-09-03,3008110,대청,70.8342,857.7161,14.649,30.851,57.56,74.96,72.9088,1097.2232,0,954.4414,1333.3635,982.9176,21.165,0,0,0,0,5.892,2.903,0.891,0,,5.9405,0
2024-09-02,3008110,대청,70.8602,859.1159,12.853,33.94,57.66,74.85,72.9087,1090.3846,0.1019,954.4414,1331.6996,976.9771,21.138,0,0,0,0,5.548,2.898,4.356,0,,6.5446,0
2024-09-01,3008110,대청,70.894,860.9378,11.507,35.246,57.78,74.6976,72.8435,1080.951,0,954.3395,1331.5894,970.4325,21.151,0,0,0,0,5.898,2.778,5.419,0,,8.1739,0
2024-08-31,3008110,대청,70.932,862.9889,14.165,47.332,57.92,74.618,72.497,1076.0427,0,954.3395,1331.5894,962.2586,32.728,0,0,0,0,6.389,2.788,5.427,0,,14.1576,0
2024-08-30,3008110,대청,70.985,865.8545,14.07,47.242,58.11,74.0516,72.3181,1041.4917,0,954.3395,1331.2988,948.101,32.736,0,0,0,0,5.913,2.985,5.608,0,,13.1587,0
2024-08-29,3008110,대청,71.0379,868.7206,19.287,47.62,58.3,73.82,72.1564,1027.5532,0.7092,954.3395,1283.2789,934.9423,32.764,0,0,0,0,6.494,2.789,5.573,0,,7.6628,0
2024-08-28,3008110,대청,71.083,871.1685,16.769,46.347,58.47,73.7932,72.1382,1025.9474,0,953.6303,1254.1816,927.2795,32.728,0,0,0,0,5.173,3.023,5.423,0,,6.1371,0
2024-08-27,3008110,대청,71.13,873.7241,15.05,45.817,58.64,73.78,72.1026,1025.157,0.0525,953.6303,1254.1816,921.1424,32.731,0,0,0,0,6.366,2.928,3.792,0,,9.3549,0
2024-08-26,3008110,대청,71.1788,876.3824,20.551,42.715,58.82,73.76,72.0391,1023.9601,4.1379,953.5778,1253.1174,911.7875,32.73,0,0,0,0,6.25,3.096,0.639,0,,7.9155,0
2024-08-25,3008110,대청,71.2139,878.2974,18.497,35.63,58.95,73.72,72.0593,1021.5688,0.0449,949.4399,1253.1174,903.872,26.603,0,0,0,0,6.308,2.708,0.011,0,,8.0543,0
2024-08-24,3008110,대청,71.241,879.7776,22.657,30.249,59.05,73.66,72.0196,1017.9881,5.053,949.395,1253.1174,895.8177,20.458,0,0,0,0,6.481,2.996,0.314,0,,8.5744,0
2024-08-23,3008110,대청,71.253,880.4336,23.321,30.22,59.09,73.7356,72.0681,1022.5011,0.0552,944.342,1240.9797,887.2433,20.446,0,0,0,0,6.482,2.969,0.323,0,,8.3958,0
2024-08-22,3008110,대청,71.2639,881.0297,26.054,36.883,59.13,73.7832,72.0847,1025.3486,2.6423,944.2868,1228.3599,878.8475,26.606,0,0,0,0,6.155,3.821,0.301,0,,8.2585,0
2024-08-21,3008110,대청,71.281,881.9653,28.987,43.944,59.19,73.7496,72.0665,1023.3381,7.9312,941.6445,1227.5144,870.589,32.729,0,0,0,0,6.344,4.568,0.303,0,,7.5998,0
2024-08-20,3008110,대청,71.3046,883.2575,29.435,47.578,59.28,73.7,71.9558,1020.3744,1.642,933.7133,1226.0824,862.9892,32.738,0,0,0,0,6.436,4.535,3.869,0,,9.5902,0
2024-08-19,3008110,대청,71.3332,884.8251,15.503,48.413,59.38,73.9088,71.8311,1032.8845,0,932.0713,1211.0619,853.399,32.73,0,0,0,0,6.216,4.38,5.087,0,,7.0245,0
2024-08-18,3008110,대청,71.385,887.6686,11.489,48.351,59.58,74.16,71.6024,1048.0533,0,932.0713,1210.9569,846.3745,32.734,0,0,0,0,6.145,4.38,5.092,0,,12.1079,0
2024-08-17,3008110,대청,71.4429,890.8534,14.079,48.53,59.79,74.4,71.547,1062.6666,0,932.0713,1210.7104,834.2666,32.744,0,0,0,0,6.308,4.38,5.098,0,,4.466,0
2024-08-16,3008110,대청,71.4969,893.83,15.528,48.704,59.99,74.6208,71.4047,1076.2151,0,932.0713,1210.2936,829.8006,32.737,0,0,0,0,6.308,4.549,5.11,0,,11.6279,0
2024-08-15,3008110,대청,71.5488,896.6964,17.42,48.865,60.18,74.83,71.1079,1089.1439,0,932.0713,1210.2936,818.1727,32.73,0,0,0,0,6.47,4.565,5.1,0,,8.8319,0
2024-08-14,3008110,대청,71.5979,899.4133,14.425,48.818,60.36,75,70.9543,1099.7161,0,932.0713,1210.2936,809.3408,32.731,0,0,0,0,6.527,4.616,4.944,0,,6.5496,0
2024-08-13,3008110,대청,71.6515,902.3848,34.035,49.007,60.56,75.12,70.8424,1107.2144,0.037,932.0713,1210.2936,802.7912,32.752,0,0,0,0,6.459,4.556,5.24,0,,9.288,0
2024-08-12,3008110,대청,71.6748,903.6784,23.541,57.259,60.65,75.13,70.7803,1107.8406,0.111,932.0343,1210.2366,793.5032,40.872,0,0,0,0,6.273,4.598,5.516,0,,5.865,0
2024-08-11,3008110,대청,71.7272,906.5916,19.994,49.39,60.85,74.8976,70.7687,1093.3408,0,931.9233,1207.7789,787.6382,32.734,0,0,0,0,6.4,4.583,5.673,0,,10.6809,0
2024-08-10,3008110,대청,71.7728,909.1314,29.009,49.732,61.02,73.1157,70.6106,985.8418,0,931.9233,1206.383,776.9573,32.737,0,0,0,0,6.481,4.704,5.81,0,,19.2861,0
2024-08-09,3008110,대청,71.8049,910.9218,29.966,49.355,61.14,71.19,70.4845,876.9931,0,931.9233,1080.8103,757.6712,32.699,0,0,0,0,6.47,4.569,5.617,0,,7.969,0
2024-08-08,3008110,대청,71.8349,912.5971,36.148,49.28,61.25,71.4716,70.3312,892.4347,0,931.9233,1035.2022,749.7022,32.747,0,0,0,0,6.447,4.647,5.439,0,,9.6714,0
2024-08-07,3008110,대청,71.8552,913.7317,50.791,49.432,61.32,71.5584,70.098,897.2272,0,931.9233,1034.8122,740.0308,32.742,0,0,0,0,6.539,4.62,5.531,0,,11.4576,0
2024-08-06,3008110,대청,71.8531,913.6143,30.564,49.016,61.32,71.58,69.9958,898.4222,0.0729,931.9233,1033.9604,728.5732,32.744,0,0,0,0,6.424,4.605,5.243,0,,9.8444,0
2024-08-05,3008110,대청,71.8816,915.2085,38.177,48.609,61.42,71.5992,70.0008,899.4853,11.9,931.8504,1033.7964,718.7288,32.739,0,0,0,0,6.343,4.572,4.955,0,,2.541,0
2024-08-04,3008110,대청,71.8977,916.1098,34.807,45.829,61.48,71.6092,70.016,900.0393,1.5222,919.9504,1033.7964,716.1878,32.742,0,0,0,0,6.296,4.596,2.195,0,,4.5223,0
2024-08-03,3008110,대청,71.9147,917.0621,36.276,45.358,61.55,71.6068,70.0057,899.9063,0.105,918.4282,1033.7964,711.6655,32.752,0,0,0,0,6.377,4.6,1.629,0,,7.9583,0
2024-08-02,3008110,대청,71.9287,917.8468,41.171,45.13,61.6,71.6072,69.9524,899.9284,0,918.3232,1032.884,703.7072,32.721,0,0,0,0,6.447,4.581,1.381,0,,5.0193,0
2024-08-01,3008110,대청,71.9348,918.1889,47.82,44.705,61.62,71.59,70.0365,898.9758,0,918.3232,1030.6215,698.6879,32.759,0,0,0,0,6.47,4.724,0.752,0,,5.0737,0
2024-07-31,3008110,대청,71.93,917.9197,48.448,43.257,61.61,71.55,70.113,896.7627,0,918.3232,1030.6215,693.6142,31.499,0,0,0,0,6.389,4.618,0.751,0,,3.8131,0
2024-07-30,3008110,대청,71.922,917.4712,58.871,43.308,61.58,71.49,70.1899,893.4493,0,918.3232,1030.3742,689.8011,31.502,0,0,0,0,6.342,4.717,0.747,0,,5.5639,0
2024-07-29,3008110,대청,71.898,916.1266,74.975,43.179,61.49,71.3932,70.0746,888.1192,0,918.3232,1029.6489,684.2372,31.505,0,0,0,0,6.32,4.61,0.744,0,,6.5887,0
2024-07-28,3008110,대청,71.8489,913.3795,89.781,43.259,61.3,71.23,70.063,879.1766,0,918.3232,1028.2347,677.6485,31.502,0,0,0,0,6.331,4.682,0.744,0,,6.935,0
2024-07-27,3008110,대청,71.7769,909.36,94.838,43.292,61.03,71.16,70.1386,875.3577,6.0151,918.3232,1027.354,670.7135,31.497,0,0,0,0,6.342,4.711,0.742,0,,2.3781,0
2024-07-26,3008110,대청,71.6969,904.9064,100.502,43.336,60.73,70.888,70.1737,860.6142,0.9444,912.3081,1025.2379,668.3354,31.499,0,0,0,0,6.458,4.639,0.74,0,,4.7066,0
2024-07-25,3008110,대청,71.6079,899.9672,115.096,43.488,60.4,70.5416,70.1043,842.0584,4.1167,911.3637,1015.1389,663.6288,31.511,0,0,0,0,6.597,4.646,0.734,0,,9.7135,0
2024-07-24,3008110,대청,71.496,893.7803,138.317,43.24,59.99,70.67,70.0159,848.9077,2.994,907.247,998.9064,653.9153,31.482,0,0,0,0,6.389,4.637,0.732,0,,4.8224,0
2024-07-23,3008110,대청,71.3467,885.5656,239.879,43.218,59.43,70.8872,69.984,860.5711,1.0622,904.253,980.8516,649.0929,31.45,0,0,0,0,6.447,4.594,0.727,0,,8.6395,0
2024-07-22,3008110,대청,71.0352,868.5741,358.653,238.588,58.29,71.426,69.9327,889.9231,0,903.1908,971.5419,640.4534,226.983,0,0,0,0,6.273,4.605,0.727,0,,6.3871,0
2024-07-21,3008110,대청,70.8432,858.2005,484.956,358.225,57.6,71.93,69.9579,917.9197,12.2056,903.1908,971.5049,634.0663,225.635,120.633,0,0,0,6.551,4.688,0.718,0,,6.2108,0
2024-07-20,3008110,대청,70.639,847.2509,438.223,479.075,56.86,72.34,69.9643,941.0798,15.2224,890.9852,969.3039,627.8555,226.061,241.594,0,0,0,6.193,4.504,0.723,0,,5.0453,0
2024-07-19,3008110,대청,70.705,850.7806,689.204,490.998,57.1,72.4,70.0184,944.498,2.5684,875.7628,969.3039,622.8102,118.571,360.9,0,0,0,6.261,4.551,0.715,0,,6.6077,0
2024-07-18,3008110,대청,70.3832,833.6555,631.806,494.748,55.95,71.36,69.9793,886.2956,23.1182,873.1944,969.1835,616.2025,119.345,363.759,0,0,0,6.458,4.472,0.714,0,,12.5146,0
2024-07-17,3008110,대청,70.1583,821.8137,648.305,484.575,55.16,71.9,69.9278,916.2386,1.1236,850.0762,904.2805,603.6879,120.001,353.515,0,0,0,5.85,4.501,0.708,0,,11.6846,0
2024-07-16,3008110,대청,69.887,807.6674,225.545,480.981,54.21,73.645,69.7849,1017.094,44.6404,848.9526,878.3839,592.0033,120.484,348.917,0,0,0,6.372,4.498,0.71,0,,11.7801,0
2024-07-15,3008110,대청,70.309,829.7371,193.933,1448.797,55.69,74.79,69.7909,1086.6649,1.3326,804.3122,874.9944,580.2232,124.334,1312.957,0,0,0,6.192,4.576,0.738,0,,11.1526,0
2024-07-14,3008110,대청,72.2886,938.1574,282.359,1774.304,62.96,72.2724,69.6522,937.2374,0,802.9796,812.5844,569.0706,231.076,1531.546,0,0,0,6.285,4.614,0.783,0,,14.9666,0
2024-07-13,3008110,대청,74.4718,1067.0614,380.56,1775.704,71.61,70.57,69.6953,843.5704,0.1093,802.9796,648.4167,554.104,226.73,1537.17,0,0,0,6.311,4.675,0.818,0,,10.3421,0
2024-07-12,3008110,대청,76.3781,1187.6018,527.029,1780.05,79.7,71.59,69.6565,898.9758,0.1042,802.8703,637.218,543.7619,219.227,1548.813,0,0,0,6.354,4.807,0.849,0,,9.8992,0
2024-07-11,3008110,대청,77.9979,1295.8628,1092.783,1777.618,86.97,72.3332,69.6659,940.6928,0.9203,802.7661,630.7219,533.8627,213.153,1552.428,0,0,0,6.389,4.782,0.866,0,,12.6612,0
2024-07-10,3008110,대청,78.851,1355.0326,3992.832,1096.323,90.94,73.0036,69.3605,979.2967,111.0349,801.8458,605.1525,521.2015,217.161,867.73,0,0,0,5.845,4.756,0.831,0,,21.3624,0
2024-07-09,3008110,대청,75.081,1104.7742,1377.586,429.502,74.15,73.145,68.7202,987.5568,42.2003,690.8109,591.5647,499.8391,224.95,192.848,0,0,0,6.273,4.635,0.796,0,,20.4783,0
2024-07-08,3008110,대청,73.7416,1022.8597,1695.691,149.304,68.65,73.02,68.454,980.2526,115.6252,648.6106,590.3487,479.3608,137.882,0,0,0,0,6.158,4.514,0.75,0,,14.2498,0
2024-07-07,3008110,대청,71.4138,889.2519,115.629,42.7,59.68,72.3076,68.1257,939.237,32.835,532.9854,588.2293,465.111,31.489,0,0,0,0,6.077,4.403,0.731,0,,9.747,0
2024-07-06,3008110,대청,71.299,882.9508,69.559,42.956,59.26,71.97,67.9082,920.164,0.037,500.1504,539.5758,455.364,31.507,0,0,0,0,6.18,4.539,0.73,0,,12.9219,0
2024-07-05,3008110,대청,71.257,880.6523,100.46,42.838,59.1,71.4436,67.6996,890.892,5.0485,500.1134,539.5758,442.4421,31.501,0,0,0,0,6.18,4.425,0.732,0,,11.8788,0
2024-07-04,3008110,대청,71.1658,875.6737,187.268,43.016,58.77,70.3328,67.5278,830.9927,0,495.0649,510.4269,430.5633,31.527,0,0,0,0,6.227,4.533,0.729,0,,11.0926,0
2024-07-03,3008110,대청,70.9361,863.2104,256.336,42.838,57.93,70.1,67.3337,818.761,24.0619,495.0649,459.4705,419.4707,31.487,0,0,0,0,6.192,4.439,0.72,0,,17.0857,0
2024-07-02,3008110,대청,70.5924,844.7642,148.431,43.013,56.7,69.96,67.18,811.459,33.9859,471.003,459.4705,402.385,31.512,0,0,0,0,6.296,4.485,0.72,0,,13.2311,0
2024-07-01,3008110,대청,70.421,835.6561,152.142,42.919,56.08,69.7004,67.0653,798.0256,0,437.0171,459.4705,389.1539,31.479,0,0,0,0,6.181,4.541,0.718,0,,11.2253,0
2024-06-30,3008110,대청,70.2422,826.2192,98.097,57.851,55.45,69.01,67.0366,762.9759,32.8859,437.0171,459.4705,377.9286,46.7,0,0,0,0,5.973,4.465,0.713,0,,5.9789,0
2024-06-29,3008110,대청,70.176,822.7419,48.9,58.132,55.22,68.11,67.0575,718.7616,35.641,404.1312,439.0721,371.9497,46.666,0,0,0,0,6.18,4.57,0.716,0,,8.974,0
2024-06-28,3008110,대청,70.1912,823.5395,14.651,59.673,55.27,67.8508,67.0826,706.3379,0,368.4902,391.4559,362.9757,46.682,0,0,0,0,6.285,4.541,2.165,0,,4.4424,0
2024-06-27,3008110,대청,70.2652,827.4294,19.918,62.015,55.53,67.58,67.0759,693.5065,0,368.4902,380.274,358.5333,46.661,0,0,0,0,6.25,4.544,4.56,0,,9.0924,0
2024-06-26,3008110,대청,70.3342,831.0666,18.092,58.404,55.78,67.486,67.0953,689.0879,0,368.4902,365.9493,349.4409,46.707,0,0,0,0,6.273,4.582,0.842,0,,7.761,0
2024-06-25,3008110,대청,70.4001,834.5496,21.071,58.478,56.01,67.46,67.1118,687.8689,0,368.4902,311.1385,341.6799,46.673,0,0,0,0,6.481,4.492,0.832,0,,3.9403,0
2024-06-24,3008110,대청,70.4611,837.7815,28.316,58.367,56.23,67.54,67.0448,691.624,0,368.4902,310.8027,337.7396,46.684,0,0,0,0,6.25,4.602,0.831,0,,9.5992,0
2024-06-23,3008110,대청,70.51,840.3779,21.39,57.97,56.4,67.62,67.0387,695.3923,3.4886,368.4902,310.8027,328.1404,46.677,0,0,0,0,6.019,4.438,0.836,0,,5.6444,0
2024-06-22,3008110,대청,70.5694,843.5384,26.182,61.116,56.61,67.6908,67.0922,698.7383,12.929,365.0016,310.8027,322.496,46.679,0,0,0,0,6.227,4.502,3.708,0,,5.4744,0
2024-06-21,3008110,대청,70.626,846.5567,16.378,63.592,56.82,67.77,67.1525,702.4935,0,352.0726,310.0814,317.0216,46.664,0,0,0,0,6.481,4.526,5.921,0,,3.8903,0
2024-06-20,3008110,대청,70.7023,850.636,14.768,151.491,57.09,67.8452,67.0682,706.071,0,352.0726,303.8483,313.1313,134.617,0,0,0,0,6.539,4.482,5.853,0,,6.9447,0
2024-06-19,3008110,대청,70.922,862.4488,13.36,151.295,57.88,67.93,67.0454,710.1193,0,352.0726,303.3775,306.1866,134.94,0,0,0,0,6.389,4.521,5.445,0,,5.5259,0
2024-06-18,3008110,대청,71.1418,874.3664,16.132,151.024,58.68,68.0164,67.1213,714.2592,0,352.0726,303.3775,300.6607,134.789,0,0,0,0,6.285,4.49,5.46,0,,5.6245,0
2024-06-17,3008110,대청,71.355,886.0211,11.853,150.901,59.46,68.0996,67.2206,718.2604,0,352.0726,303.3775,295.0362,134.617,0,0,0,0,6.296,4.53,5.458,0,,2.2611,0
2024-06-16,3008110,대청,71.573,898.0349,19.779,150.921,60.27,68.1776,67.3319,722.0245,0.1159,352.0726,303.3775,292.7751,134.744,0,0,0,0,6.193,4.461,5.523,0,,0.3159,0
2024-06-15,3008110,대청,71.777,909.3656,13.178,150.902,61.03,68.25,67.439,725.5296,3.8076,351.9567,303.3775,292.4592,134.481,0,0,0,0,6.377,4.535,5.509,0,,2.4871,0
2024-06-14,3008110,대청,71.9896,921.2649,17.262,151.278,61.83,68.3264,67.5227,729.24,1.3673,348.1491,302.8997,289.9721,134.885,0,0,0,0,6.366,4.505,5.522,0,,5.3526,0
2024-06-13,3008110,대청,72.1949,932.8439,20.037,151.16,62.61,68.3996,67.6171,732.8064,0,346.7818,298.152,284.6195,134.587,0,0,0,0,6.389,4.626,5.558,0,,1.3293,0
2024-06-12,3008110,대청,72.3943,944.173,16.443,151.37,63.37,68.45,67.7211,735.2683,0,346.7818,298.152,283.2902,134.673,0,0,0,0,6.481,4.636,5.58,0,,1.8637,0
2024-06-11,3008110,대청,72.598,955.8307,22.811,150.958,64.15,68.502,67.825,737.8139,0,346.7818,298.115,281.4265,134.354,0,0,0,0,6.516,4.502,5.586,0,,3.7299,0
2024-06-10,3008110,대청,72.7901,966.9025,21.635,151.265,64.89,68.568,67.9234,741.0529,0,346.7818,293.2975,277.6966,134.742,0,0,0,0,6.343,4.692,5.488,0,,6.2125,0
2024-06-09,3008110,대청,72.9831,978.1026,23.275,151.008,65.64,68.6356,68.0399,744.3797,0.073,346.7818,282.0005,271.4841,134.661,0,0,0,0,6.088,4.598,5.661,0,,0.5646,0
2024-06-08,3008110,대청,73.172,989.1387,29.227,156.373,66.39,68.71,68.1636,748.0521,4.3726,346.7088,281.7875,270.9195,134.705,0,0,0,0,6.053,4.528,11.087,0,,2.5162,0
2024-06-07,3008110,대청,73.3588,1000.1242,16.576,145.582,67.12,68.784,68.2888,751.7161,0.3141,342.3362,281.7875,268.4033,134.608,0,0,0,0,6.203,4.541,0.23,0,,1.1323,0
2024-06-06,3008110,대청,73.5471,1011.2703,13.08,151.646,67.87,68.85,68.412,754.9935,0,342.0221,281.7875,267.271,135.07,0,0,0,0,6.273,4.567,5.736,0,,1.206,0
2024-06-05,3008110,대청,73.748,1023.2424,23.512,151.262,68.67,68.9132,68.5335,758.1402,0,342.0221,281.7875,266.065,134.695,0,0,0,0,6.18,4.627,5.76,0,,0.8758,0
2024-06-04,3008110,대청,73.932,1034.28,18.468,151.367,69.41,68.9696,68.6532,760.9554,0,342.0221,281.7875,265.1892,134.153,0.626,0,0,0,6.227,4.55,5.811,0,,0.0909,0
2024-06-03,3008110,대청,74.1222,1045.7625,19.628,151.692,70.19,69.0056,68.7673,762.7557,0,342.0221,281.7875,265.0983,135.037,0,0,0,0,6.134,4.685,5.836,0,,1.749,0
2024-06-02,3008110,대청,74.31,1057.1728,46.489,151.296,70.95,69.02,68.8751,763.4766,0,342.0221,281.7875,263.3493,134.695,0,0,0,0,6.099,4.616,5.886,0,,1,0
2024-06-01,3008110,대청,74.4582,1066.2281,189.23,151.618,71.56,68.99,68.9803,761.9752,0,342.0221,281.074,262.3493,134.919,0,0,0,0,6.146,4.623,5.93,0,,1.542,0
2024-05-31,3008110,대청,74.4051,1062.9784,318.561,108.65,71.34,68.882,69.0673,756.5857,0,342.0221,280.8592,260.8073,91.923,0,0,0,0,6.146,4.656,5.925,0,,0.4242,0
2024-05-30,3008110,대청,74.107,1044.8421,326.529,109.088,70.12,68.6256,69.1061,743.887,0,342.0221,280.8592,260.3831,91.909,0,0,0,0,6.585,4.679,5.915,0,,2.8955,0
2024-05-29,3008110,대청,73.795,1026.0552,319.307,78.748,68.86,67.7468,69.1211,701.3921,0,342.0221,280.8592,257.4876,62.204,0,0,0,0,6.053,4.558,5.933,0,,3.553,0
2024-05-28,3008110,대청,73.4459,1005.2709,141.772,78.243,67.47,67.4412,69.1664,686.9884,0,342.0221,213.6854,253.9346,62.113,0,0,0,0,6.193,4.606,5.331,0,,5.0187,0
2024-05-27,3008110,대청,73.353,999.782,49.999,65.708,67.1,67.4668,69.2343,688.1876,0.1918,342.0221,181.4149,248.9159,52.118,0,0,0,0,6.042,4.617,2.931,0,,2.6158,0
2024-05-26,3008110,대청,73.376,1001.1393,56.083,58.338,67.19,67.542,69.3138,691.718,19.5541,341.8303,181.2857,246.3001,42.127,0,0,0,0,6.042,4.56,5.609,0,,1.557,0
2024-05-25,3008110,대청,73.3793,1001.3341,22.432,59.231,67.2,67.6164,69.3776,695.2224,0,322.2762,181.2857,244.7431,42.064,0,0,0,0,6.55,4.636,5.981,0,,1.5822,0
2024-05-24,3008110,대청,73.4331,1004.5136,27.002,59.343,67.42,67.6984,69.4409,699.098,0,322.2762,181.2857,243.1609,42.114,0,0,0,0,6.625,4.679,5.925,0,,2.2672,0
2024-05-23,3008110,대청,73.4803,1007.3078,19.355,59.238,67.6,67.77,69.4935,702.4935,0,322.2762,181.2857,240.8937,42.114,0,0,0,0,6.504,4.594,6.026,0,,1.7522,0
2024-05-22,3008110,대청,73.5384,1010.7537,28.84,58.134,67.84,67.8433,69.5449,705.9805,0,322.2762,180.7837,239.1415,41.478,0,0,0,0.144,5.869,4.7,5.943,0,,1.6267,0
2024-05-21,3008110,대청,73.581,1013.2847,32.423,58.728,68.01,67.914,69.5878,709.3543,0,322.2762,179.5578,237.5148,42.116,0,0,0,0,6.076,4.677,5.859,0,,2.6025,0
2024-05-20,3008110,대청,73.6192,1015.5574,36.243,58.719,68.16,67.99,69.6352,712.9926,0,322.2762,179.5578,234.9123,42.121,0,0,0,0,6.053,4.662,5.883,0,,0.7132,0
2024-05-19,3008110,대청,73.6518,1017.4993,35.099,58.774,68.29,68.0668,69.6825,716.6813,0,322.2762,179.5578,234.1991,42.109,0,0,0,0,6.019,4.727,5.919,0,,2.4869,0
2024-05-18,3008110,대청,73.6861,1019.5448,51.103,58.909,68.43,68.1376,69.7236,720.0926,0,322.2762,179.5578,231.7122,42.136,0,0,0,0,6.065,4.729,5.979,0,,6.0521,0
2024-05-17,3008110,대청,73.6974,1020.2192,50.874,58.337,68.47,68.21,69.769,723.5917,0,322.2762,178.3804,225.6601,42.117,0,0,0,0,6.088,4.669,5.463,0,,1.9087,0
2024-05-16,3008110,대청,73.7082,1020.864,48.683,58.915,68.51,68.2896,69.8186,727.4513,6.1533,322.2762,178.3804,223.7514,42.105,0,0,0,0,6.076,4.765,5.969,0,,5.1467,0
2024-05-15,3008110,대청,73.723,1021.7481,45.486,58.837,68.57,68.35,69.8623,730.3886,10.3477,316.1229,178.3804,218.6047,42.114,0,0,0,0,6.134,4.672,5.917,0,,2.2071,0
2024-05-14,3008110,대청,73.7423,1022.9016,46.487,58.877,68.65,68.4144,69.9125,733.5288,0,305.7752,178.3804,216.3976,42.029,0,0,0,0,6.157,4.733,5.958,0,,0.8589,0
2024-05-13,3008110,대청,73.7602,1023.9721,59.06,59.06,68.72,68.47,69.9589,736.2467,0,305.7752,178.3804,215.5387,42.117,0,0,0,0,6.134,4.863,5.946,0,,0.6021,0
2024-05-12,3008110,대청,73.7602,1023.9721,53.296,58.628,68.72,68.5192,69.9874,738.6571,5.0529,305.7752,178.3804,214.9366,42.108,0,0,0,0,5.845,4.714,5.961,0,,2.954,0
2024-05-11,3008110,대청,73.7679,1024.4328,52.7,59.003,68.75,68.55,69.9831,740.1687,11.665,300.7223,177.6403,211.9826,42.106,0,0,0,0,6.202,4.681,6.014,0,,3.6172,0
2024-05-10,3008110,대청,73.777,1024.9774,59.337,59.406,68.79,68.57,69.9578,741.1512,0,289.0573,177.6403,208.3654,42.138,0,0,0,0,6.332,4.9,6.036,0,,6.3153,0
2024-05-09,3008110,대청,73.7771,1024.9834,71.732,59.196,68.79,68.54,69.9573,739.6777,0,289.0573,177.6403,202.0501,42.133,0,0,0,0,6.18,4.781,6.102,0,,3.1048,0
2024-05-08,3008110,대청,73.759,1023.9003,76.856,58.309,68.72,68.44,69.9582,734.7794,1.3255,289.0573,177.6403,198.9453,42.115,0,0,0,0,6.088,4.763,5.343,0,,0.6908,0
2024-05-07,3008110,대청,73.7322,1022.2978,73.171,56.507,68.61,68.2092,69.8979,723.553,13.6896,287.7318,177.6403,198.2545,42.127,0,0,0,0,6.053,4.769,3.558,0,,5.9638,0
2024-05-06,3008110,대청,73.7081,1020.8581,52.793,56.18,68.51,67.8332,69.8627,705.4994,7.2939,274.0422,177.4509,192.2907,42.11,0,0,0,0,5.822,4.607,3.641,0,,5.6476,0
2024-05-05,3008110,대청,73.713,1021.1507,51.943,55.4,68.53,67.746,69.8895,701.3542,23.9023,266.7483,152.811,186.6431,42.11,0,0,0,0,5.555,4.713,3.022,0,,3.8969,0
2024-05-04,3008110,대청,73.718,1021.4494,24.903,53.963,68.55,67.73,69.916,700.5953,0,242.846,103.5095,182.7462,42.103,0,0,0,0,6.412,4.873,0.575,0,,0.5615,0
2024-05-03,3008110,대청,73.76,1023.9601,21.676,57.158,68.72,67.81,69.929,704.395,0,242.846,103.4172,182.1847,42.113,0,0,0,0,6.354,4.754,3.937,0,,3.1194,0
2024-05-02,3008110,대청,73.8112,1027.0258,28.067,58.47,68.93,67.89,69.9405,708.2079,0,242.846,103.4172,179.0653,42.138,0,0,0,0,6.285,4.786,5.261,0,,1.4041,0
2024-05-01,3008110,대청,73.855,1029.6526,25.802,58.338,69.1,67.9668,69.9414,711.8807,1.7242,242.846,103.4172,177.6612,42.117,0,0,0,0,6.134,4.808,5.279,0,,0.7869,0
2024-04-30,3008110,대청,73.9018,1032.4636,26.133,36.015,69.29,68.04,69.9079,715.3927,0.6614,241.1218,103.4172,176.8743,20.69,0,0,0,0,6.123,4.847,4.355,0,,4.3135,0
2024-04-29,3008110,대청,73.916,1033.3175,26.804,33.07,69.35,68.0712,69.8884,716.893,2.5029,240.4604,103.4172,172.5608,20.691,0,0,0,0,5.984,4.769,1.626,0,,5.9169,0
2024-04-28,3008110,대청,73.925,1033.8588,27.648,33.15,69.39,68.1,69.8928,718.2797,0,237.9575,94.1042,166.6439,20.705,0,0,0,0,5.949,4.875,1.621,0,,1.4842,0
2024-04-27,3008110,대청,73.9329,1034.3342,28.035,33.468,69.42,68.14,69.9045,720.2084,0,237.9575,94.1042,165.1597,20.697,0,0,0,0,6.366,4.78,1.625,0,,2.2513,0
2024-04-26,3008110,대청,73.9407,1034.8036,31.635,33.237,69.45,68.1776,69.9069,722.0245,0,237.9575,94.1042,162.9084,20.695,0,0,0,0,6.146,4.771,1.625,0,,3.3986,0
2024-04-25,3008110,대청,73.943,1034.9421,35.264,33.244,69.46,68.2168,69.8674,723.9209,0,237.9575,93.9826,159.5098,20.692,0,0,0,0,6.156,4.773,1.623,0,,4.308,0
2024-04-24,3008110,대청,73.9401,1034.7675,32.054,33.517,69.45,68.25,69.8399,725.5296,5.2592,237.9575,90.7495,155.2018,20.701,0,0,0,0,6.459,4.735,1.622,0,,1.4886,0
2024-04-23,3008110,대청,73.9422,1034.8939,23.237,33.412,69.46,68.29,69.8484,727.4707,0,232.6983,90.7495,153.7132,20.689,0,0,0,0,6.412,4.684,1.627,0,,3.6079,0
2024-04-22,3008110,대청,73.9568,1035.773,42.117,33.057,69.51,68.3352,69.8504,729.6682,0,232.6983,90.7495,150.1053,20.69,0,0,0,0,5.984,4.757,1.626,0,,1.6466,0
2024-04-21,3008110,대청,73.9438,1034.9902,37.36,31.996,69.46,68.3744,69.8477,731.5774,0.3397,232.6983,90.7495,148.4587,20.689,0,0,0,0,5.637,4.7,0.97,0,,2.9471,0
2024-04-20,3008110,대청,73.9361,1034.5267,36.489,32.31,69.43,68.406,69.851,733.1187,3.4401,232.3586,90.7495,145.5116,20.695,0,0,0,0,6.134,4.72,0.761,0,,3.1174,0
2024-04-19,3008110,대청,73.9301,1034.1657,34.874,32.715,69.41,68.444,69.8492,734.975,0,228.9185,90.7495,142.3942,20.642,0,0,0,0,6.516,4.799,0.758,0,,2.9397,0
2024-04-18,3008110,대청,73.927,1033.9792,38.605,32.269,69.39,68.4732,69.8519,736.4034,0,228.9185,90.7495,139.4545,20.688,0,0,0,0,6.111,4.819,0.651,0,,2.0152,0
2024-04-17,3008110,대청,73.9179,1033.4317,46.376,32.388,69.36,68.506,69.8336,738.01,0,228.9185,87.1138,137.4393,20.689,0,0,0,0,6.47,4.726,0.503,0,,2.4137,0
2024-04-16,3008110,대청,73.8978,1032.2232,48.467,31.847,69.28,68.5328,69.8157,739.3243,0.6541,228.9185,87.1138,135.0256,20.709,0,0,0,0,6.031,4.703,0.404,0,,3.2645,0
2024-04-15,3008110,대청,73.8739,1030.7873,46.138,41.203,69.18,68.57,69.8319,741.1512,10.0376,228.2644,87.0689,131.7611,29.985,0,0,0,0,6.041,4.794,0.383,0,,0.966,0
2024-04-14,3008110,대청,73.8668,1030.3609,43.379,41.364,69.15,68.59,69.8478,742.1346,0,218.2268,82.7997,130.7951,29.966,0,0,0,0,6.238,4.775,0.385,0,,1.5008,0
2024-04-13,3008110,대청,73.8639,1030.1868,41.107,41.107,69.14,68.62,69.8639,743.6112,0,218.2268,82.7997,129.2943,29.952,0,0,0,0,5.925,4.845,0.385,0,,2.1901,0
2024-04-12,3008110,대청,73.8639,1030.1868,48.428,40.161,69.14,68.64,69.8763,744.5966,0,218.2268,82.7997,127.1042,28.04,0,0,0,0,6.192,4.774,1.155,0,,0.7219,0
2024-04-11,3008110,대청,73.852,1029.4725,57.57,40.629,69.09,68.67,69.8833,746.0763,0,218.2268,82.7997,126.3823,28.035,0,0,0,0,6.123,4.728,1.743,0,,1.9507,0
2024-04-10,3008110,대청,73.8276,1028.0088,52.846,40.635,68.99,68.69,69.8891,747.0638,0,218.2268,81.581,124.4316,28.034,0,0,0,0,6.065,4.801,1.735,0,,2.2825,0
2024-04-09,3008110,대청,73.81,1026.9538,69.479,229.63,68.92,68.71,69.9035,748.0521,0,218.2268,81.581,122.1491,216.76,0,0,0,0,6.33,4.8,1.74,0,,2.1611,0
2024-04-08,3008110,대청,74.04,1040.7909,75.822,229.903,69.85,68.724,69.9193,748.7444,0,218.2268,81.581,119.988,217.044,0,0,0,0,6.227,4.883,1.749,0,,0.6209,0
2024-04-07,3008110,대청,74.2596,1054.1035,86.626,206.974,70.75,68.7416,69.9274,749.6153,0,218.2268,81.581,119.3671,194.25,0,0,0,0,6.1,4.866,1.758,0,,2.3276,0
2024-04-06,3008110,대청,74.43,1064.5016,101.279,229.155,71.44,68.7608,69.9335,750.5662,0,218.2268,79.6934,117.0395,216.497,0,0,0,0,6.053,4.837,1.768,0,,3.7189,0
2024-04-05,3008110,대청,74.61,1075.5501,109.474,229.804,72.18,68.79,69.943,752.0136,0.2034,218.2268,75.1053,113.3206,217.01,0,0,0,0,6.18,4.842,1.772,0,,1.8391,0
2024-04-04,3008110,대청,74.7784,1085.9466,119.761,178.31,72.88,68.8064,69.9585,752.8274,1.4732,218.0234,64.8285,111.4815,165.614,0,0,0,0,6.111,4.806,1.779,0,,2.6915,0
2024-04-03,3008110,대청,74.86,1091.0053,88.567,129.703,73.22,68.84,69.9743,754.4963,17.2136,216.5502,57.1401,108.79,116.919,0,0,0,0,6.146,4.854,1.784,0,,3.2874,0
2024-04-02,3008110,대청,74.9172,1094.5594,79.609,129.767,73.46,68.88,69.9821,756.4862,1.8624,199.3366,57.1401,105.5026,116.945,0,0,0,0,6.157,4.882,1.783,0,,0.4172,0
2024-04-01,3008110,대청,74.9868,1098.8931,95.649,115.571,73.75,68.9136,69.9978,758.1602,0,197.4742,57.1401,105.0854,102.756,0,0,0,0,6.192,4.84,1.783,0,,1.7314,0
2024-03-31,3008110,대청,75.0144,1100.6143,118.432,122.476,73.87,68.95,69.9967,759.9763,0,197.4742,57.1401,103.354,109.683,0,0,0,0,6.111,4.899,1.783,0,,1.6446,0
2024-03-30,3008110,대청,75.02,1100.9637,180.186,122.48,73.89,68.9892,70.0057,761.9352,1.4558,197.4742,57.1401,101.7094,109.627,0,0,0,0,6.134,4.938,1.781,0,,1.5369,0
2024-03-29,3008110,대청,74.94,1095.978,206.327,95.957,73.56,69.02,70.0125,763.4766,0.212,196.0184,57.1401,100.1725,83.333,0,0,0,0,5.949,4.902,1.773,0,,1.2213,0
2024-03-28,3008110,대청,74.7864,1086.442,109.668,79.586,72.92,69.05,70.0144,764.9798,25.1402,195.8064,57.1401,98.9512,66.841,0,0,0,0,6.134,4.839,1.772,0,,1.7151,0
2024-03-27,3008110,대청,74.7444,1083.8429,82.81,55.343,72.74,69.08,70.0198,766.4849,0,170.6662,57.1401,97.2361,42.579,0,0,0,0,6.146,4.85,1.768,0,,1.5508,0
2024-03-26,3008110,대청,74.706,1081.4697,55.476,40.684,72.58,69.1016,70.019,767.5697,18.8232,170.6662,57.1401,95.6853,28.049,0,0,0,0,6.03,4.838,1.767,0,,2.2418,0
2024-03-25,3008110,대청,74.6853,1080.1917,38.321,40.821,72.5,69.1312,70.0259,769.0578,9.0732,151.843,57.0831,93.4435,28.026,0,0,0,0,6.111,4.915,1.769,0,,1.7691,0
2024-03-24,3008110,대청,74.6888,1080.4077,32.666,40.669,72.51,69.16,70.0291,770.5075,0,142.7698,57.0831,91.6744,28.029,0,0,0,0,6.03,4.838,1.772,0,,1.1729,0
2024-03-23,3008110,대청,74.7,1081.0992,32.757,40.763,72.56,69.2,70.0384,772.5237,0.2287,142.7698,57.0831,90.5015,28.054,0,0,0,0,6.03,4.907,1.772,0,,2.2563,0
2024-03-22,3008110,대청,74.7112,1081.7909,32.725,40.734,72.6,69.21,70.0421,773.0283,1.6839,142.5411,42.0086,88.2452,28.051,0,0,0,0,6.041,4.878,1.764,0,,2.7867,0
2024-03-21,3008110,대청,74.7224,1082.4829,31.941,40.812,72.65,69.2428,70.0507,774.6847,0,140.8572,41.7309,85.4585,28.029,0,0,0,0,6.157,4.858,1.768,0,,1.1207,0
2024-03-20,3008110,대청,74.7348,1083.2493,30.397,40.703,72.7,69.28,70.0534,776.5661,0,140.8572,41.7309,84.3378,28.026,0,0,0,0,6.076,4.831,1.77,0,,1.3913,0
2024-03-19,3008110,대청,74.7492,1084.1397,33.138,40.871,72.76,69.3164,70.0533,778.4097,0,140.8572,41.7309,82.9465,28.002,0,0,0,0,6.297,4.8,1.772,0,,1.4025,0
2024-03-18,3008110,대청,74.76,1084.8078,33.836,40.998,72.81,69.3552,70.0567,780.378,0,140.8572,41.7309,81.544,28.047,0,0,0,0,6.238,4.94,1.773,0,,2.8667,0
2024-03-17,3008110,대청,74.77,1085.4266,33.503,40.668,72.85,69.3848,70.0633,781.8816,0,140.8572,41.7309,78.6773,28.018,0,0,0,0,6.053,4.817,1.78,0,,1.7661,0
2024-03-16,3008110,대청,74.78,1086.0457,37.564,40.717,72.89,69.4208,70.0761,783.7127,0,140.8572,41.7309,76.9112,28.005,0,0,0,0,6.018,4.914,1.78,0,,0.7162,0
2024-03-15,3008110,대청,74.7844,1086.3181,34.938,40.672,72.91,69.4516,70.0865,785.2815,0,140.8572,41.7309,76.195,28.017,0,0,0,0,6.112,4.761,1.782,0,,1.0305,0
2024-03-14,3008110,대청,74.7924,1086.8136,44,42.28,72.94,69.49,70.0966,787.2401,0,140.8572,41.7309,75.1645,28.037,0,0,0,0,6.331,4.836,3.076,0,,0.6646,0
2024-03-13,3008110,대청,74.79,1086.6649,39.571,156.584,72.93,69.52,70.1065,788.7724,0.055,140.8572,41.7309,74.4999,146.811,0,0,0,0,5.902,3.836,0.035,0,,2.4564,0
2024-03-12,3008110,대청,74.9528,1096.7748,38.333,159.162,73.61,69.55,70.1217,790.3065,1.0716,140.8022,41.7309,72.0435,148.275,0,0,0,0,6.099,4.167,0.621,0,,2.5034,0
2024-03-11,3008110,대청,75.12,1107.2144,41.94,159.643,74.31,69.5736,70.1416,791.5147,0,139.7306,31.5755,69.5401,148.261,0,0,0,0,6.262,4.739,0.381,0,,0.3051,0
2024-03-10,3008110,대청,75.282,1117.3839,44.147,159.542,74.99,69.61,70.1583,793.3804,0,139.7306,31.5755,69.235,148.243,0,0,0,0,5.995,4.921,0.383,0,,1.0396,0
2024-03-09,3008110,대청,75.44,1127.3541,49.362,159.461,75.66,69.647,70.1712,795.2796,0,139.7306,31.5755,68.1954,148.249,0,0,0,0,5.972,4.856,0.384,0,,0.4358,0
2024-03-08,3008110,대청,75.59,1136.8667,49.017,159.649,76.3,69.6768,70.1786,796.8113,0,139.7306,31.5755,67.7596,148.246,0,0,0,0,6.226,4.791,0.386,0,,0.7895,0
2024-03-07,3008110,대청,75.74,1146.4253,48.641,159.806,76.94,69.71,70.1787,798.5199,0,139.7306,31.5755,66.9701,148.252,0,0,0,0,6.285,4.881,0.388,0,,0.6255,0
2024-03-06,3008110,대청,75.89,1156.0299,55.287,159.521,77.59,69.7424,70.1688,800.1896,0.057,139.7306,31.5755,66.3446,148.298,0,0,0,0,5.996,4.84,0.387,0,,0.9844,0
2024-03-05,3008110,대청,76.03,1165.0358,55.022,159.72,78.19,69.778,70.1559,802.0266,5.4756,139.6736,31.5755,65.3602,148.267,0,0,0,0,6.273,4.792,0.388,0,,4.4597,0
2024-03-04,3008110,대청,76.17,1174.0817,56.006,159.662,78.8,69.81,70.1592,803.6801,0.057,134.198,31.5755,60.9005,148.297,0,0,0,0,6.122,4.853,0.39,0,,2.259,0
2024-03-03,3008110,대청,76.308,1183.0376,59.866,159.437,79.4,69.84,70.1686,805.2322,1.3456,134.141,31.5755,58.6415,148.318,0,0,0,0,5.869,4.866,0.384,0,,0.5537,0
2024-03-02,3008110,대청,76.44,1191.6405,63.538,159.574,79.98,69.8728,70.1736,806.9312,0,132.7954,31.5755,58.0878,148.61,0,0,0,0,5.741,4.835,0.388,0,,0.775,0
2024-03-01,3008110,대청,76.5668,1199.938,65.618,159.292,80.53,69.91,70.1794,808.8608,0,132.7954,31.5755,57.3128,148.289,0,0,0,0,5.776,4.836,0.391,0,,3.903,0
2024-02-29,3008110,대청,76.69,1208.0315,67.468,159.054,81.08,69.9424,71.8567,810.5438,1.0433,132.7954,31.5755,53.4098,147.838,0,0,0,0,5.937,4.886,0.393,0,,0.3785,0
2024-02-28,3008110,대청,76.81,1215.9445,82.494,159.076,81.61,69.9424,70.1968,810.5438,0,131.7521,31.5755,53.0313,147.856,0,0,0,0,5.961,4.864,0.395,0,,1.9604,0
2024-02-27,3008110,대청,76.91,1222.5612,90.197,159.323,82.05,69.9784,70.2073,812.4163,0,131.7521,31.5755,51.0709,147.894,0,0,0,0,6.123,4.91,0.396,0,,1.8475,0
2024-02-26,3008110,대청,77,1228.5336,105.586,144.072,82.45,70.01,70.2088,814.0622,0,131.7521,31.5755,49.2234,132.815,0,0,0,0,5.949,4.912,0.396,0,,0.3866,0
2024-02-25,3008110,대청,77.05,1231.8588,123.095,99.996,82.68,70.04,70.2013,815.6266,2.1038,131.7521,31.5755,48.8368,88.984,0,0,0,0,5.787,4.83,0.395,0,,3.7933,0
2024-02-24,3008110,대청,77.02,1229.8631,156.165,58.463,82.54,70.0744,70.2011,817.4228,1.5491,129.6483,31.5755,45.0435,47.173,0,0,0,0,6.03,4.865,0.395,0,,0.1795,0
2024-02-23,3008110,대청,76.8928,1221.4216,217.911,40.393,81.97,70.11,70.2025,819.2842,0.5067,128.0992,31.5755,44.864,29.044,0,0,0,0,6.041,4.914,0.394,0,,0.2338,0
2024-02-22,3008110,대청,76.6604,1206.0841,267.863,40.296,80.95,70.13,70.2035,820.331,3.2382,127.5925,31.5185,44.6302,29.033,0,0,0,0,6.018,4.852,0.393,0,,3.1099,0
2024-02-21,3008110,대청,76.36,1186.4223,231.241,40.265,79.63,70.16,70.2061,821.9029,14.5711,124.3543,31.5185,41.5203,29.016,0,0,0,0,6.065,4.793,0.391,0,,1.1271,0
2024-02-20,3008110,대청,76.1057,1169.922,238.264,40.362,78.52,70.1888,70.2144,823.4136,5.5933,109.7832,31.5185,40.3932,29.041,0,0,0,0,6.065,4.865,0.391,0,,1.0492,0
2024-02-19,3008110,대청,75.84,1152.8233,129.184,40.056,77.37,70.2128,70.2167,824.6738,20.1523,104.1899,31.5185,39.344,29.037,0,0,0,0,5.845,4.784,0.39,0,,1.8671,0
2024-02-18,3008110,대청,75.7196,1145.1226,62.135,40.276,76.85,70.2428,70.2303,826.2508,17.1255,84.0376,30.2487,37.4769,29.032,0,0,0,0,6.053,4.804,0.387,0,,0.9056,0
2024-02-17,3008110,대청,75.69,1143.234,47.401,40.021,76.73,70.2728,70.2436,827.8296,0,66.9121,29.5678,36.5713,29.024,0,0,0,0,5.776,4.835,0.386,0,,0.4585,0
2024-02-16,3008110,대청,75.68,1142.5963,40.115,40.115,76.68,70.3036,70.2589,829.4524,0.0552,66.9121,29.5678,36.1128,29.028,0,0,0,0,5.926,4.773,0.388,0,,1.7576,0
2024-02-15,3008110,대청,75.68,1142.5963,42.178,31.555,76.68,70.33,70.2709,830.845,2.9248,66.8569,29.5678,34.3552,20.425,0,0,0,0,6.018,4.719,0.393,0,,1.0065,0
2024-02-14,3008110,대청,75.6656,1141.6785,35.947,31.817,76.62,70.3616,70.2843,832.5137,0.6055,63.9321,29.5678,33.3487,20.436,0,0,0,0,6.154,4.835,0.392,0,,0.8181,0
2024-02-13,3008110,대청,75.66,1141.3216,39.458,32.085,76.6,70.3908,70.303,834.0575,0,63.3266,29.5678,32.5306,20.421,0,0,0,0,6.158,4.861,0.645,0,,1.857,0
2024-02-12,3008110,대청,75.65,1140.6846,43.886,40.643,76.56,70.4188,70.3199,835.5396,0,63.3266,29.5678,30.6736,29.009,0,0,0,0,6.054,4.791,0.789,0,,1.1774,0
2024-02-11,3008110,대청,75.6456,1140.4044,44.218,40.091,76.54,70.4424,70.3428,836.7899,0.0505,63.3266,29.5678,29.4962,29.037,0,0,0,0,5.44,4.826,0.788,0,,0.7443,0
2024-02-10,3008110,대청,75.64,1140.0478,40.347,40.347,76.51,70.47,70.3661,838.2537,0,63.2761,29.5678,28.7519,29.033,0,0,0,0,5.775,4.751,0.788,0,,0.7674,0
2024-02-09,3008110,대청,75.64,1140.0478,48.454,41.086,76.51,70.4968,70.3903,839.6766,0,63.2761,25.3474,27.9845,29.025,0,0,0,0,6.343,4.93,0.788,0,,0.4323,0
2024-02-08,3008110,대청,75.63,1139.4111,41.027,41.027,76.47,70.526,70.4202,841.2285,0.0663,63.2761,24.7166,27.5522,29.034,0,0,0,0,6.342,4.866,0.785,0,,1.7151,0
2024-02-07,3008110,대청,75.63,1139.4111,56.693,40.785,76.47,70.5556,70.442,842.8035,0.146,63.2098,24.7166,25.8371,29.031,0,0,0,0,6.136,4.831,0.787,0,,0.2387,0
2024-02-06,3008110,대청,75.6084,1138.0367,47.25,40.772,76.38,70.58,70.4695,844.1032,0.9522,63.0638,24.7166,25.5984,29.026,0,0,0,0,6.137,4.814,0.795,0,,0.246,0
2024-02-05,3008110,대청,75.5996,1137.477,55.133,40.712,76.34,70.61,70.4942,845.7028,13.4313,62.1116,24.7166,25.3524,29.01,0,0,0,0,6.064,4.842,0.796,0,,0.8702,0
2024-02-04,3008110,대청,75.58,1136.2311,40.746,40.746,76.26,70.6392,70.515,847.2616,1.9973,48.6803,24.7166,24.4822,29.016,0,0,0,0,6.262,4.673,0.795,0,,0.4984,0
2024-02-03,3008110,대청,75.58,1136.2311,32.82,40.177,76.26,70.67,70.5377,848.9077,1.0255,46.683,24.7166,23.9838,29.041,0,0,0,0,6.111,4.23,0.795,0,,0.8617,0
2024-02-02,3008110,대청,75.59,1136.8667,32.849,40.208,76.3,70.694,70.5554,850.1917,0,45.6575,24.7166,23.1221,29.037,0,0,0,0,6.146,4.23,0.795,0,,0.0452,0
2024-02-01,3008110,대청,75.6,1137.5025,45.306,40.302,76.34,70.7228,70.5775,851.734,0,45.6575,24.7166,23.0769,29.039,0,0,0,0,6.238,4.23,0.795,0,,1.475,0
2024-01-31,3008110,대청,75.5932,1137.0701,34.946,32.591,76.31,70.75,70.6023,853.1923,0,45.6575,24.7166,21.6019,20.906,0,0,0,0,6.227,4.664,0.794,0,,0.8206,0
2024-01-30,3008110,대청,75.59,1136.8667,40.178,32.821,76.3,70.7756,70.6272,854.5662,0,45.6575,24.7166,20.7813,20.911,0,0,0,0,6.204,4.913,0.793,0,,0.1999,0
2024-01-29,3008110,대청,75.58,1136.2311,47.1,32.688,76.26,70.8,70.6548,855.8769,0,45.6575,24.7166,20.5814,20.903,0,0,0,0,6.134,4.859,0.792,0,,0.5166,0
2024-01-28,3008110,대청,75.5604,1134.9859,47.516,32.819,76.17,70.83,70.6787,857.4901,0,45.6575,24.7166,20.0648,20.906,0,0,0,0,6.239,4.881,0.793,0,,0.1927,0
2024-01-27,3008110,대청,75.5404,1133.7161,47.844,32.863,76.09,70.8528,70.7041,858.7174,0,45.6575,24.7166,19.8721,20.928,0,0,0,0,6.283,4.861,0.791,0,,1.3331,0
2024-01-26,3008110,대청,75.52,1132.4217,54.747,32.734,76,70.878,70.726,860.0751,0,45.6575,24.6061,18.539,20.92,0,0,0,0,6.193,4.833,0.788,0,,0.8172,0
2024-01-25,3008110,대청,75.49,1130.5198,62.027,32.71,75.87,70.9068,70.7499,861.6284,0,45.6575,24.6061,17.7218,20.891,0,0,0,0,6.18,4.852,0.787,0,,0.2391,0
2024-01-24,3008110,대청,75.45,1127.9868,69.428,32.835,75.7,70.9252,70.7689,862.6216,0,45.6575,24.6061,17.4827,20.896,0,0,0,0,6.33,4.825,0.784,0,,0.0802,0
2024-01-23,3008110,대청,75.4,1124.8252,80.982,32.478,75.49,70.9552,70.7823,864.2426,0,45.6575,24.6061,17.4025,20.928,0,0,0,0,6.008,4.756,0.786,0,,0.4659,0
2024-01-22,3008110,대청,75.3336,1120.6344,101.193,32.997,75.21,70.98,70.7949,865.584,0,45.6575,24.6061,16.9366,20.909,0,0,0,0,6.447,4.852,0.789,0,,0.6694,0
2024-01-21,3008110,대청,75.24,1114.7422,97.58,32.202,74.81,71.0028,70.8045,866.8183,1.1956,45.6575,24.6061,16.2672,20.909,0,0,0,0,5.695,4.809,0.789,0,,1.9981,0
2024-01-20,3008110,대청,75.15,1109.0936,74.767,32.736,74.44,71.0276,70.818,868.1621,15.486,44.4619,24.6061,14.2691,20.972,0,0,0,0,6.192,4.783,0.789,0,,1.521,0
2024-01-19,3008110,대청,75.092,1105.4622,57.549,32.947,74.19,71.0456,70.8315,869.1382,0.057,28.9759,24.4866,12.7481,20.909,0,0,0,0,6.492,4.759,0.787,0,,0.302,0
2024-01-18,3008110,대청,75.058,1103.3366,52.696,32.456,74.05,71.0504,70.8451,869.3986,9.181,28.9189,24.4866,12.4461,20.912,0,0,0,0,5.974,4.785,0.785,0,,0.8947,0
2024-01-17,3008110,대청,75.03,1101.5879,40.996,32.616,73.93,71.06,70.8535,869.9196,7.9046,19.7379,24.4136,11.5514,20.902,0,0,0,0,6.18,4.751,0.783,0,,1.233,0
2024-01-16,3008110,대청,75.0184,1100.8639,31.397,32.553,73.88,71.0636,70.8618,870.115,0,11.8333,24.4136,10.3184,20.909,0,0,0,0,6.076,4.767,0.801,0,,1.0196,0
2024-01-15,3008110,대청,75.02,1100.9637,32.61,32.61,73.89,71.0696,70.8822,870.4408,0,11.8333,24.4136,9.2988,20.903,0,0,0,0,6.031,4.852,0.824,0,,1.6215,0
2024-01-14,3008110,대청,75.02,1100.9637,25.261,32.485,73.89,71.06,70.8996,869.9196,5.8224,11.8333,22.3204,7.6773,20.922,0,0,0,0,6.006,4.734,0.823,0,,0.4421,0
2024-01-13,3008110,대청,75.03,1101.5879,27.117,32.609,73.93,71.06,70.9198,869.9196,0,6.0109,19.0772,7.2352,20.909,0,0,0,0,6.1,4.776,0.824,0,,1.2106,0
2024-01-12,3008110,대청,75.0376,1102.0624,30.891,32.626,73.96,71.0652,70.9393,870.2019,0,6.0109,2.164,6.0246,20.906,0,0,0,0,6.088,4.806,0.826,0,,0.5109,0
2024-01-11,3008110,대청,75.04,1102.2122,32.719,32.719,73.97,71.09,70.9599,871.5489,0,6.0109,2.164,5.5137,20.906,0,0,0,0,6.158,4.829,0.826,0,,0.8173,0
2024-01-10,3008110,대청,75.04,1102.2122,25.314,32.543,73.97,71.1208,70.9779,873.2235,1.3612,6.0109,2.164,4.6964,20.906,0,0,0,0,6.041,4.772,0.824,0,,0.1614,0
2024-01-09,3008110,대청,75.05,1102.8368,30.399,32.713,74.02,71.1456,70.9984,874.5733,2.6831,4.6497,2.164,4.535,20.907,0,0,0,0,6.192,4.79,0.824,0,,0.2233,0
2024-01-08,3008110,대청,75.0532,1103.0367,31.935,32.224,74.03,71.1552,71.0068,875.0962,0,1.9666,2.054,4.3117,20.904,0,0,0,0,5.753,4.742,0.825,0,,0.311,0
2024-01-07,3008110,대청,75.0536,1103.0617,28.504,33.132,74.03,71.1892,71.0197,876.9495,0.1131,1.9666,2.054,4.0007,20.89,0,0,0,0,6.539,4.876,0.827,0,,1.9636,0
2024-01-06,3008110,대청,75.06,1103.4616,32.633,32.633,74.06,71.21,71.0383,878.0845,0.1282,1.8535,0.4614,2.0371,20.915,0,0,0,0,6.065,4.826,0.827,0,,0.9889,0
2024-01-05,3008110,대청,75.06,1103.4616,32.841,32.841,74.06,71.2452,71.0595,880.0072,0,1.7253,0.073,1.0482,20.907,0,0,0,0,6.284,4.823,0.827,0,,0.3197,0
2024-01-04,3008110,대청,75.06,1103.4616,39.657,32.426,74.06,71.28,71.0848,881.9105,0.214,1.7253,0.073,0.7285,20.91,0,0,0,0,6.007,4.682,0.827,0,,0.2145,0
2024-01-03,3008110,대청,75.05,1102.8368,36.68,32.632,74.02,71.3104,71.1065,883.5753,1.5113,1.5113,0.073,0.514,20.898,0,0,0,0,6.227,4.82,0.687,0,,0.1267,0
2024-01-02,3008110,대청,75.0444,1102.487,35.724,32.544,73.99,71.3324,71.129,884.7813,0,0,0.073,0.3873,20.925,0,0,0,0,6.088,5.002,0.529,0,,0.1964,0
2024-01-01,3008110,대청,75.04,1102.2122,40.87,32.199,73.97,71.366,71.1516,886.625,0,0,0.073,0.1909,20.908,0,0,0,0,5.672,5.09,0.529,0,,0.1909,0
2023-12-31,3008110,대청,75.028,1101.463,38.406,32.627,73.92,71.4,71.5277,888.493,3.9816,1710.2349,973.3963,1218.8148,20.921,0,0,0,0,6.087,5.09,0.529,0,,0.3423,0
2023-12-30,3008110,대청,75.02,1100.9637,39.808,32.586,73.89,71.4312,71.5521,890.2093,0.9837,1706.2533,973.3393,1218.4725,20.915,0,0,0,0,6.053,5.09,0.528,0,,0.3945,0
2023-12-29,3008110,대청,75.01,1100.3398,32.62,32.62,73.85,71.4604,71.5746,891.8174,0,1705.2696,973.2815,1218.078,20.904,0,0,0,0,6.1,5.087,0.529,0,,0.5579,0
2023-12-28,3008110,대청,75.01,1100.3398,39.843,32.624,73.85,71.4852,71.5971,893.1845,0,1705.2696,973.2815,1217.5201,20.921,0,0,0,0,6.262,4.911,0.53,0,,0.6674,0
2023-12-27,3008110,대청,75,1099.7161,42.401,32.587,73.81,71.5204,71.6182,895.1272,0,1705.2696,973.1712,1216.8527,20.906,0,0,0,0,6.261,4.892,0.528,0,,0.2611,0
2023-12-26,3008110,대청,74.9864,1098.8681,44.091,32.262,73.75,71.549,71.6407,896.7075,0.1235,1705.2696,972.853,1216.5916,20.903,0,0,0,0,5.927,4.904,0.528,0,,0.6571,0
2023-12-25,3008110,대청,74.97,1097.8461,46.884,32.467,73.68,71.5812,71.6628,898.4887,0.2741,1705.1461,972.7371,1215.9345,20.907,0,0,0,0,6.134,4.9,0.526,0,,0.2229,0
2023-12-24,3008110,대청,74.95,1096.6005,47.097,32.689,73.6,71.6104,71.6829,900.1057,0.5105,1704.872,972.3654,1215.7116,20.912,0,0,0,0,6.399,4.852,0.526,0,,1.0071,0
2023-12-23,3008110,대청,74.93,1095.3557,48.9,32.487,73.51,71.6264,71.7021,900.9926,0.2271,1704.3615,972.2054,1214.7045,20.896,0,0,0,0,6.111,4.936,0.544,0,,0.2507,0
2023-12-22,3008110,대청,74.9072,1093.9376,59.174,32.421,73.42,71.6456,71.7279,902.0574,0,1704.1344,972.2054,1214.4538,20.912,0,0,0,0,6.169,4.839,0.501,0,,0.6127,0
2023-12-21,3008110,대청,74.87,1091.6261,65.281,144.483,73.26,71.6708,71.7455,903.4563,0,1704.1344,971.7125,1213.8411,132.944,0,0,0,0,6.192,4.821,0.526,0,,0.9961,0
2023-12-20,3008110,대청,74.98,1098.4692,82.092,234.093,73.72,71.6908,71.7693,904.5673,0.2766,1704.1344,967.9942,1212.845,222.481,0,0,0,0,6.227,4.853,0.532,0,,0.4701,0
2023-12-19,3008110,대청,75.19,1111.6021,109.043,232.856,74.6,71.725,71.7983,906.4692,0.037,1703.8578,967.9942,1212.3749,221.302,0,0,0,0,6.181,4.84,0.533,0,,0.2072,0
2023-12-18,3008110,대청,75.36,1122.2995,140.779,228.589,75.32,71.7528,71.8215,908.017,0.103,1703.8208,967.9164,1212.1677,217.413,0,0,0,0,5.81,4.835,0.531,0,,0.0545,0
2023-12-17,3008110,대청,75.48,1129.8863,243.27,228.611,75.83,71.7768,71.843,909.3544,0.0273,1703.7178,967.853,1212.1132,216.77,0,0,0,0,6.435,4.872,0.534,0,,0.4273,0
2023-12-16,3008110,대청,75.46,1128.6198,595.562,229.004,75.75,71.8136,71.8561,911.4075,3.7963,1703.6905,967.6335,1211.6859,217.665,0,0,0,0,5.984,4.814,0.541,0,,1.0611,0
2023-12-15,3008110,대청,74.9556,1096.9492,390.939,92.59,73.62,71.8484,71.8488,913.3515,44.5807,1699.8942,967.581,1210.6248,81.15,0,0,0,0,6.099,4.807,0.534,0,,2.4185,0
2023-12-14,3008110,대청,74.5388,1071.1718,88.036,32.377,71.89,71.864,71.8456,914.2238,22.7302,1655.3135,966.3822,1208.2063,20.883,0,0,0,0,6.18,4.782,0.532,0,,1.9786,0
2023-12-13,3008110,대청,74.4604,1066.3629,93.598,32.428,71.57,71.8936,71.8584,915.8802,0.1042,1632.5833,965.8538,1206.2277,20.91,0,0,0,0,6.216,4.771,0.531,0,,1.0576,0
2023-12-12,3008110,대청,74.374,1061.0778,69.351,32.339,71.21,71.913,71.8684,916.9669,0.6528,1632.4791,964.3457,1205.1701,20.895,0,0,0,0,6.134,4.78,0.53,0,,0.3977,0
2023-12-11,3008110,대청,74.3216,1057.88,40.275,32.09,71,71.91,71.8828,916.7988,34.4989,1631.8263,964.3457,1204.7724,20.899,0,0,0,0,5.799,4.861,0.531,0,,2.3214,0
2023-12-10,3008110,대청,74.31,1057.1728,25.46,32.516,70.95,71.93,71.899,917.9197,0,1597.3274,964.3457,1202.451,20.92,0,0,0,0,6.33,4.735,0.531,0,,1.4879,0
2023-12-09,3008110,대청,74.32,1057.7824,18.23,32.348,70.99,71.95,71.9164,919.0415,0,1597.3274,964.3457,1200.9631,20.931,0,0,0,0,6.065,4.822,0.53,0,,0.9485,0
2023-12-08,3008110,대청,74.34,1059.0022,18.336,32.464,71.07,71.99,71.9338,921.2874,0,1597.3274,964.3457,1200.0146,20.935,0,0,0,0,6.169,4.833,0.527,0,,1.037,0
2023-12-07,3008110,대청,74.36,1060.2229,18.767,32.339,71.16,72.02,71.9504,922.974,0,1597.3274,964.3457,1198.9776,20.897,0,0,0,0,6.158,4.758,0.526,0,,0.5907,0
2023-12-06,3008110,대청,74.3792,1061.3955,19.188,32.485,71.23,72.0656,71.9657,925.5413,3.2287,1597.3274,964.3457,1198.3869,20.933,0,0,0,0,6.192,4.834,0.526,0,,0.9446,0
2023-12-05,3008110,대청,74.398,1062.5444,22.061,32.252,71.31,72.0876,71.9784,926.7814,0,1594.0987,964.3457,1197.4423,20.909,0,0,0,0,6.03,4.785,0.528,0,,0.8084,0
2023-12-04,3008110,대청,74.4124,1063.4249,24.171,32.101,71.37,72.11,71.9919,928.045,0,1594.0987,964.3457,1196.6339,20.928,0,0,0,0,5.764,4.873,0.536,0,,2.9839,0
2023-12-03,3008110,대청,74.4236,1064.11,14.112,32.532,71.42,72.14,72.0006,929.739,0,1594.0987,964.3457,1193.65,20.891,0,0,0,0,6.331,4.784,0.526,0,,1.8416,0
2023-12-02,3008110,대청,74.4496,1065.7014,25.011,32.383,71.52,72.17,72.015,931.4349,0,1594.0987,964.3184,1191.8084,20.927,0,0,0,0,6.123,4.809,0.524,0,,0.6599,0
2023-12-01,3008110,대청,74.46,1066.3384,15.667,32.406,71.57,72.1812,72.0282,932.0685,0,1594.0987,964.3184,1191.1485,20.973,0,0,0,0,6.123,4.786,0.524,0,,0.6868,0
2023-11-30,3008110,대청,74.4836,1067.7846,22.647,32.583,71.66,72.18,72.0383,932.0006,0,1594.0987,964.3184,1190.4617,20.904,0,0,0,0,6.332,4.821,0.526,0,,3.3268,0
2023-11-29,3008110,대청,74.4976,1068.6431,16.453,32.361,71.72,72.1796,72.0499,931.978,0.092,1594.0987,964.2679,1187.1349,20.886,0,0,0,0,6.146,4.801,0.528,0,,1.5963,0
2023-11-28,3008110,대청,74.52,1070.0175,25.105,32.21,71.81,72.1796,72.0654,931.978,0.1567,1594.0067,946.6881,1185.5386,20.901,0,0,0,0,6.042,4.739,0.528,0,,1.1931,0
2023-11-27,3008110,대청,74.53,1070.6314,25.073,32.181,71.85,72.19,72.0795,932.5665,3.3888,1593.85,932.2709,1184.3455,20.936,0,0,0,0,5.823,4.893,0.529,0,,2.2322,0
2023-11-26,3008110,대청,74.54,1071.2456,18.561,32.499,71.9,72.2192,72.0954,934.2201,0.7122,1590.4612,932.2709,1182.1133,20.927,0,0,0,0,6.285,4.76,0.527,0,,1.0624,0
2023-11-25,3008110,대청,74.5596,1072.4498,17.844,32.361,71.98,72.2528,72.1076,936.1251,0,1589.749,932.2709,1181.0509,20.904,0,0,0,0,6.087,4.843,0.527,0,,1.3049,0
2023-11-24,3008110,대청,74.58,1073.704,20.764,32.441,72.06,72.28,72.1232,937.6689,0,1589.749,932.2709,1179.746,20.928,0,0,0,0,6.227,4.756,0.53,0,,2.4313,0
2023-11-23,3008110,대청,74.5964,1074.713,19.587,32.411,72.13,72.3104,72.1415,939.3962,0,1589.749,932.2709,1177.3147,20.911,0,0,0,0,6.169,4.8,0.531,0,,0.6951,0
2023-11-22,3008110,대청,74.6144,1075.821,21.261,32.381,72.2,72.34,72.1625,941.0798,0,1589.749,932.1109,1176.6196,20.883,0,0,0,0,6.192,4.776,0.53,0,,0.3553,0
2023-11-21,3008110,대청,74.63,1076.7818,25.259,32.39,72.27,72.3732,72.1842,942.9703,0,1589.749,931.5781,1176.2643,20.891,0,0,0,0,6.181,4.788,0.53,0,,0.1249,0
2023-11-20,3008110,대청,74.64,1077.3979,24.997,32.131,72.31,72.4,72.2023,944.498,0,1589.749,931.5781,1176.1394,20.911,0,0,0,0,5.799,4.89,0.531,0,,0.2067,0
2023-11-19,3008110,대청,74.65,1078.0143,25.466,32.602,72.35,72.43,72.2214,946.2099,0.531,1589.749,931.5781,1175.9327,20.92,0,0,0,0,6.343,4.81,0.529,0,,1.5673,0
2023-11-18,3008110,대청,74.66,1078.6309,23.747,32.314,72.39,72.46,72.2359,947.9236,1.3931,1589.218,931.5781,1174.3654,20.922,0,0,0,0,6.007,4.856,0.529,0,,1.853,0
2023-11-17,3008110,대청,74.672,1079.371,24.769,32.482,72.44,72.48,72.2519,949.0672,0.8045,1587.8249,931.5508,1172.5124,20.904,0,0,0,0,6.227,4.822,0.529,0,,1.1605,0
2023-11-16,3008110,대청,74.6828,1080.0374,27.309,32.452,72.49,72.5,72.2683,950.2115,9.2227,1587.0204,931.5508,1171.3519,20.922,0,0,0,0,6.192,4.81,0.528,0,,1.2246,0
2023-11-15,3008110,대청,74.69,1080.4818,25.317,32.463,72.52,72.5236,72.2847,951.5629,0,1577.7977,929.8013,1170.1273,20.913,0,0,0,0,6.25,4.77,0.53,0,,0.1037,0
2023-11-14,3008110,대청,74.7,1081.0992,18.053,32.352,72.56,72.55,72.2991,953.076,0,1577.7977,929.5397,1170.0236,20.933,0,0,0,0,6.008,4.882,0.529,0,,0.2424,0
2023-11-13,3008110,대청,74.72,1082.3346,24.779,31.932,72.64,72.58,72.3186,954.7971,0,1577.7977,929.5397,1169.7812,20.905,0,0,0,0,5.683,4.815,0.529,0,,1.984,0
2023-11-12,3008110,대청,74.73,1082.9526,32.443,32.443,72.68,72.6044,72.3407,956.1983,0.1042,1577.7977,918.1073,1167.7972,20.926,0,0,0,0,6.192,4.797,0.528,0,,0.3641,0
2023-11-11,3008110,대청,74.73,1082.9526,32.387,32.387,72.68,72.63,72.3645,957.6697,0,1577.6935,916.8163,1167.4331,20.908,0,0,0,0,6.122,4.827,0.53,0,,1.5411,0
2023-11-10,3008110,대청,74.73,1082.9526,24.347,32.361,72.68,72.6572,72.3776,959.2346,3.7806,1577.6935,916.8163,1165.892,20.933,0,0,0,0,6.076,4.821,0.531,0,,1.8272,0
2023-11-09,3008110,대청,74.7412,1083.645,26.059,32.358,72.73,72.68,72.391,960.5475,12.3247,1573.9129,916.8163,1164.0648,20.9,0,0,0,0,6.111,4.817,0.53,0,,1.7001,0
2023-11-08,3008110,대청,74.75,1084.1892,24.437,31.597,72.76,72.71,72.4036,962.2767,0,1561.5882,916.8163,1162.3647,20.911,0,0,0,0,5.329,4.826,0.531,0,,4.5409,0
2023-11-07,3008110,대청,74.76,1084.8078,26.921,32.078,72.81,72.7316,72.4175,963.5228,0.057,1561.5882,916.8163,1157.8238,20.914,0,0,0,0,5.828,4.804,0.532,0,,1.5228,0
2023-11-06,3008110,대청,74.7672,1085.2534,25.835,32.426,72.84,72.76,72.4326,965.1627,12.2568,1561.5312,916.8163,1156.301,20.921,0,0,0,0,6.146,4.825,0.534,0,,2.81,0
2023-11-05,3008110,대청,74.7764,1085.8228,29.596,32.176,72.87,72.79,72.4471,966.8968,6.1102,1549.2744,916.8163,1153.491,20.893,0,0,0,0,5.927,4.823,0.533,0,,1.7098,0
2023-11-04,3008110,대청,74.78,1086.0457,17.992,32.328,72.89,72.82,72.4623,968.6327,0.2273,1543.1642,916.8163,1151.7812,20.901,0,0,0,0,6.076,4.816,0.535,0,,0.1972,0
2023-11-03,3008110,대청,74.8,1087.2843,18.049,32.395,72.97,72.85,72.4845,970.3704,0,1542.9369,916.8163,1151.584,20.883,0,0,0,0,6.192,4.787,0.533,0,,0.3768,0
2023-11-02,3008110,대청,74.82,1088.5238,25.189,32.366,73.06,72.88,72.5027,972.11,0,1542.9369,916.8163,1151.2072,20.894,0,0,0,0,6.007,4.935,0.53,0,,0.3731,0
2023-11-01,3008110,대청,74.83,1089.1439,17.852,32.212,73.1,72.91,72.5152,973.8515,0,1542.9369,916.8163,1150.8341,20.9,0,0,0,0,5.88,4.904,0.528,0,,1.2468,0
2023-10-31,3008110,대청,74.85,1090.3846,18.383,32.753,73.18,72.93,72.5255,975.0135,0,1542.9369,916.8163,1149.5873,20.892,0,0,0,0,6.493,4.839,0.529,0,,1.8522,0
2023-10-30,3008110,대청,74.87,1091.6261,25.174,32.362,73.26,72.96,72.5432,976.758,0,1542.9369,916.8163,1147.7351,20.902,0,0,0,0,6.111,4.819,0.53,0,,0.002,0
2023-10-29,3008110,대청,74.88,1092.2472,17.729,32.113,73.31,72.99,72.5664,978.5044,0,1542.9369,916.8163,1147.7331,20.903,0,0,0,0,5.891,4.789,0.53,0,,0.0769,0
2023-10-28,3008110,대청,74.9,1093.49,17.987,32.38,73.39,73.0184,72.5858,980.1594,0,1542.9369,916.8163,1147.6562,20.898,0,0,0,0,6.157,4.795,0.53,0,,1.173,0
2023-10-27,3008110,대청,74.92,1094.7336,17.851,32.254,73.47,73.04,72.6053,981.4192,0,1542.9369,916.8163,1146.4832,20.888,0,0,0,0,6.019,4.815,0.532,0,,1.8179,0
2023-10-26,3008110,대청,74.94,1095.978,25.224,32.429,73.56,73.07,72.6218,983.1705,0,1542.9369,916.8163,1144.6653,20.896,0,0,0,0,6.169,4.832,0.532,0,,1.0252,0
2023-10-25,3008110,대청,74.95,1096.6005,17.884,32.301,73.6,73.1,72.6382,984.9236,0,1542.9369,916.8163,1143.6401,20.908,0,0,0,0,6.03,4.829,0.534,0,,0.9934,0
2023-10-24,3008110,대청,74.97,1097.8461,25.311,32.523,73.68,73.13,72.6532,986.6786,0,1542.9369,916.8163,1142.6467,20.888,0,0,0,0,6.262,4.84,0.533,0,,0.1313,0
2023-10-23,3008110,대청,74.98,1098.4692,23.216,30.43,73.72,73.15,72.6674,987.8496,0,1542.9369,916.8163,1142.5154,20.884,0,0,0,0,5.453,3.56,0.533,0,,0.2986,0
2023-10-22,3008110,대청,74.99,1099.0925,23.234,30.451,73.76,73.18,72.6784,989.6077,0,1542.9369,916.8163,1142.2168,20.9,0,0,0,0,6.237,2.778,0.536,0,,5.9125,0
2023-10-21,3008110,대청,75,1099.7161,23.095,30.314,73.81,73.2,72.6836,990.7808,0,1542.9369,916.8163,1136.3043,20.899,0,0,0,0,6.146,2.734,0.535,0,,2.7858,0
2023-10-20,3008110,대청,75.01,1100.3398,20.617,30.439,73.85,73.2252,72.6966,992.2601,3.2101,1542.9369,916.8163,1133.5185,20.903,0,0,0,0,6.123,2.879,0.534,0,,0.9968,0
2023-10-19,3008110,대청,75.0236,1101.1884,32.683,30.083,73.91,73.2488,72.7165,993.6466,5.9071,1539.7268,916.8163,1132.5217,20.909,0,0,0,0,5.835,2.804,0.535,0,,0.5461,0
2023-10-18,3008110,대청,75.02,1100.9637,22.978,30.202,73.89,73.268,72.7317,994.7754,0,1533.8197,916.8163,1131.9756,20.913,0,0,0,0,6.041,2.707,0.541,0,,0.4015,0
2023-10-17,3008110,대청,75.03,1101.5879,30.242,30.242,73.93,73.2916,72.7491,996.164,0,1533.8197,916.8163,1131.5741,20.918,0,0,0,0,5.938,2.855,0.531,0,,0.5628,0
2023-10-16,3008110,대청,75.03,1101.5879,22.882,30.108,73.93,73.316,72.7641,997.6008,0,1533.8197,916.8163,1131.0113,20.898,0,0,0,0,5.926,2.789,0.495,0,,1.1221,0
2023-10-15,3008110,대청,75.04,1102.2122,29.896,29.896,73.97,73.34,72.7814,999.0153,0,1533.8197,916.8163,1129.8892,20.891,0,0,0,0,5.718,2.794,0.493,0,,0.9988,0
2023-10-14,3008110,대청,75.04,1102.2122,30.285,30.285,73.97,73.35,72.7937,999.6051,1.7361,1533.8197,916.8163,1128.8904,20.918,0,0,0,0,6.054,2.817,0.496,0,,0.4178,0
2023-10-13,3008110,대청,75.04,1102.2122,30.386,30.386,73.97,73.3672,72.804,1000.6198,0,1532.0836,916.8163,1128.4726,20.897,0,0,0,0,6.226,2.768,0.495,0,,1.3706,0
2023-10-12,3008110,대청,75.04,1102.2122,37.5,30.274,73.97,73.38,72.8113,1001.3754,0,1532.0836,916.8163,1127.102,20.897,0,0,0,0,6.134,2.868,0.375,0,,0.7922,0
2023-10-11,3008110,대청,75.03,1101.5879,33.017,30.127,73.93,73.3968,72.8253,1002.3677,0,1532.0836,916.8163,1126.3098,20.909,0,0,0,0,6.273,2.771,0.174,0,,0.98,0
2023-10-10,3008110,대청,75.026,1101.3382,41.431,29.875,73.92,73.41,72.8403,1003.1477,0,1532.0836,916.7108,1125.3298,20.901,0,0,0,0,6.054,2.777,0.143,0,,0.9708,0
2023-10-09,3008110,대청,75.01,1100.3398,36.229,160.189,73.85,73.42,72.8567,1003.7388,0.4791,1532.0836,913.1204,1124.359,151.413,0,0,0,0,5.834,2.8,0.142,0,,0.5835,0
2023-10-08,3008110,대청,75.1812,1111.0499,39.827,228.533,74.57,73.41,72.8646,1003.1477,0,1531.6045,901.3975,1123.7755,219.665,0,0,0,0,5.915,2.8,0.153,0,,2.5938,0
2023-10-07,3008110,대청,75.44,1127.3541,44.422,228.217,75.66,73.43,72.8764,1004.3302,0,1531.6045,901.3975,1121.1817,219.17,0,0,0,0,6.065,2.799,0.183,0,,1.7146,0
2023-10-06,3008110,대청,75.69,1143.234,47.272,227.19,76.73,73.4316,72.8666,1004.4248,0,1531.6045,901.3341,1119.4671,218.001,0,0,0,0,6.122,2.883,0.184,0,,3.3702,0
2023-10-05,3008110,대청,75.9328,1158.7789,50.127,219.749,77.77,73.4132,72.8425,1003.3368,0,1531.6045,901.1869,1116.0969,210.305,0,0,0,0,6.227,3.041,0.176,0,,4.923,0
2023-10-04,3008110,대청,76.16,1173.4342,46.56,218.912,78.75,73.34,72.864,999.0153,0.0525,1531.6045,901.0128,1111.1739,210.054,0,0,0,0,5.719,2.998,0.141,0,,1.8392,0
2023-10-03,3008110,대청,76.3892,1188.3254,63.907,223.52,79.75,73.25,72.8621,993.7171,0,1531.552,865.8046,1109.3347,214.106,0,0,0,0,6.296,3.022,0.096,0,,2.1612,0
2023-10-02,3008110,대청,76.6,1202.116,76.693,222.068,80.68,73.2388,72.815,993.0589,0,1531.552,848.3783,1107.1735,213.211,0,0,0,0,5.787,2.97,0.1,0,,4.9107,0
2023-10-01,3008110,대청,76.7908,1214.6764,83.224,220.545,81.52,73.2532,72.8352,993.9052,0,1531.552,847.8869,1102.2628,212.139,0,0,0,0,5.337,2.967,0.102,0,,2.9935,0
2023-09-30,3008110,대청,76.97,1226.541,98.134,219.53,82.32,73.27,72.8483,994.893,5.28,1531.552,847.8869,1099.2693,211.198,0,0,0,0,5.313,2.919,0.1,0,,1.3406,0
2023-09-29,3008110,대청,77.1276,1237.0296,117.395,219.834,83.02,73.3,72.8813,996.6585,0,1526.272,847.8869,1097.9287,211.201,0,0,0,0,5.486,3.052,0.095,0,,3.9722,0
2023-09-28,3008110,대청,77.26,1245.8803,151.342,221.212,83.62,73.3352,72.908,998.7323,0.055,1526.272,847.8869,1093.9565,211.404,0,0,0,0,6.631,3.089,0.088,0,,2.0625,0
2023-09-27,3008110,대청,77.35,1251.917,196.615,219.948,84.02,73.37,72.9365,1000.7851,2.9987,1526.217,847.8869,1091.894,211.331,0,0,0,0,5.499,3.026,0.092,0,,3.6526,0
2023-09-26,3008110,대청,77.38,1253.933,166.786,219.44,84.16,73.4,72.9632,1002.5567,27.1508,1523.2183,847.8869,1088.2414,210.271,0,0,0,0,6.088,2.998,0.083,0,,1.3129,0
2023-09-25,3008110,대청,77.4476,1258.4823,115.218,218.658,84.46,73.42,72.9944,1003.7388,1.4729,1496.0675,847.8869,1086.9285,209.378,0,0,0,0,6.237,2.959,0.084,0,,0.3749,0
2023-09-24,3008110,대청,77.58,1267.4194,145.324,218.072,85.06,73.45,73.0131,1005.5135,0,1494.5946,847.8869,1086.5536,208.754,0,0,0,0,6.146,3.092,0.08,0,,3.3263,0
2023-09-23,3008110,대청,77.6728,1273.7049,227.872,217.826,85.48,73.47,73.0157,1006.6977,0,1494.5946,847.8869,1083.2273,208.642,0,0,0,0,6.1,3.002,0.082,0,,0.805,0
2023-09-22,3008110,대청,77.66,1272.8369,486.902,218.356,85.43,73.5068,72.973,1008.8787,0,1494.5946,847.8869,1082.4223,209.066,0,0,0,0,6.077,3.065,0.148,0,,4.6368,0
2023-09-21,3008110,대청,77.316,1249.6345,1224.968,220.086,83.87,73.536,72.9358,1010.6112,6.3737,1494.5946,847.8869,1077.7855,211.352,0,0,0,0,5.857,2.873,0.004,0,,7.0083,0
2023-09-20,3008110,대청,75.9955,1162.8127,418.943,59.855,78.04,73.5524,72.8845,1011.5851,83.6042,1488.2209,847.8869,1070.7772,52.081,0,0,0,0,4.703,2.999,0.072,0,,6.3441,0
2023-09-19,3008110,대청,75.51,1131.7876,119.264,60.044,75.96,73.57,72.8877,1012.6308,0,1404.6167,847.8869,1064.4331,51.704,0,0,0,0,5.25,3.02,0.07,0,,0.4804,0
2023-09-18,3008110,대청,75.4292,1126.6709,167.843,60.646,75.62,73.59,72.9268,1013.8198,0.5403,1404.6167,847.8869,1063.9527,51.718,0,0,0,0,5.891,2.959,0.078,0,,3.085,0
2023-09-17,3008110,대청,75.2824,1117.4091,163.91,60.413,74.99,73.61,72.8595,1015.0097,5.1502,1404.0764,847.8114,1060.8677,51.627,0,0,0,0,5.731,2.983,0.072,0,,11.3599,0
2023-09-16,3008110,대청,75.14,1108.467,155.197,60.555,74.39,73.62,72.7282,1015.605,30.4248,1398.9262,847.6,1049.5078,51.715,0,0,0,0,5.832,2.952,0.056,0,,7.8107,0
2023-09-15,3008110,대청,75.0092,1100.2899,74.264,60.406,73.84,73.61,72.7604,1015.0097,13.9275,1368.5014,847.6,1041.6971,51.707,0,0,0,0,5.729,2.915,0.055,0,,3.7936,0
2023-09-14,3008110,대청,74.99,1099.0925,60.309,60.309,73.76,73.5956,72.813,1014.1529,7.3439,1354.5739,847.6,1037.9035,51.708,0,0,0,0,5.695,2.843,0.063,0,,3.6116,0
2023-09-13,3008110,대청,74.99,1099.0925,55.385,60.87,73.76,73.58,72.8343,1013.2252,11.2231,1347.23,847.6,1034.2919,51.648,0,0,0,0,5.902,2.766,0.554,0,,2.9263,0
2023-09-12,3008110,대청,74.9976,1099.5664,39.849,63.535,73.8,73.6,72.6999,1014.4147,2.6434,1336.0069,847.4735,1031.3656,51.704,0,0,0,0,5.683,2.5,3.648,0,,8.1851,0
2023-09-11,3008110,대청,75.0304,1101.6129,36.343,64.973,73.93,73.68,72.7214,1019.1808,0,1333.3635,847.4735,1023.1805,51.7,0,0,0,0,5.868,2.5,4.905,0,,6.2696,0
2023-09-10,3008110,대청,75.07,1104.0865,43.14,64.854,74.1,73.75,72.7555,1023.362,0,1333.3635,847.4735,1016.9109,51.703,0,0,0,0,5.729,2.502,4.92,0,,1.949,0
2023-09-09,3008110,대청,75.1,1105.9626,41.996,64.892,74.23,73.78,72.7714,1025.157,0,1333.3635,847.4735,1014.9619,51.697,0,0,0,0,5.683,2.584,4.928,0,,3.0847,0
2023-09-08,3008110,대청,75.1316,1107.9408,40.178,65.129,74.36,73.7636,72.743,1024.1755,0,1333.3635,847.4735,1011.8772,51.709,0,0,0,0,5.821,2.685,4.914,0,,2.7402,0
2023-09-07,3008110,대청,75.166,1110.0966,61.841,42.98,74.5,73.6,72.6753,1014.4147,0,1333.3635,847.4735,1009.137,30.464,0,0,0,0,5.915,2.611,3.99,0,,4.6538,0
2023-09-06,3008110,대청,75.14,1108.467,60.443,31.457,74.39,72.8372,72.6944,969.6288,0,1333.3635,847.4735,1004.4832,21.681,0,0,0,0,5.811,2.607,1.358,0,,7.2257,0
2023-09-05,3008110,대청,75.1,1105.9626,75.106,31.699,74.23,71.734,72.7575,906.9701,0,1333.3635,796.1627,997.2575,21.693,0,0,0,0,6.006,2.724,1.276,0,,8.1371,0
2023-09-04,3008110,대청,75.04,1102.2122,89.288,31.544,73.97,72.6392,72.9181,958.1989,0,1333.3635,757.4721,989.1204,21.706,0,0,0,0,5.787,2.774,1.277,0,,5.2565,0
2023-09-03,3008110,대청,74.96,1097.2232,110.747,31.597,73.64,73.2992,73.0031,996.6114,1.6639,1333.3635,756.9535,983.8639,21.716,0,0,0,0,5.948,2.66,1.273,0,,6.2106,0
2023-09-02,3008110,대청,74.85,1090.3846,140.547,31.362,73.18,73.5,73.0018,1008.4755,0.1102,1331.6996,756.4524,977.6533,21.713,0,0,0,0,5.776,2.606,1.267,0,,6.8375,0
2023-09-01,3008110,대청,74.6976,1080.951,244.39,187.58,72.55,73.56,72.9322,1012.0365,0,1331.5894,756.4075,970.8158,177.761,0,0,0,0,5.914,2.642,1.263,0,,8.5454,0
2023-08-31,3008110,대청,74.618,1076.0427,504.734,104.838,72.22,73.6,72.5681,1014.4147,0.2906,1331.5894,756.4075,962.2704,95.363,0,0,0,0,5.672,2.55,1.253,0,,14.8011,0
2023-08-30,3008110,대청,74.0516,1041.4917,204.415,43.09,69.9,73.65,72.3787,1017.392,48.0199,1331.2988,741.8854,947.4693,33.198,0,0,0,0,5.961,2.682,1.249,0,,13.7569,0
2023-08-29,3008110,대청,73.82,1027.5532,61.73,43.144,68.96,73.73,72.2073,1022.1664,29.0973,1283.2789,728.8664,933.7124,33.195,0,0,0,0,5.925,2.779,1.245,0,,7.9789,0
2023-08-28,3008110,대청,73.7932,1025.9474,52.095,42.947,68.86,73.8428,72.1862,1028.9205,0,1254.1816,726.0367,925.7335,33.192,0,0,0,0,5.637,2.873,1.245,0,,6.4161,0
2023-08-27,3008110,대청,73.78,1025.157,57.001,43.148,68.8,73.95,72.1468,1035.3635,1.0642,1254.1816,726.0367,919.3174,33.199,0,0,0,0,5.891,2.811,1.247,0,,9.7778,0
2023-08-26,3008110,대청,73.76,1023.9601,72.188,44.511,68.72,74.03,72.0782,1040.1871,0,1253.1174,726.0367,909.5396,33.205,0,0,0,0,6.052,2.813,2.441,0,,8.0872,0
2023-08-25,3008110,대청,73.72,1021.5688,83.398,41.954,68.56,74.09,72.0977,1043.8133,0,1253.1174,726.0367,901.4524,33.197,0,0,0,0,5.914,2.792,0.051,0,,8.4183,0
2023-08-24,3008110,대청,73.66,1017.9881,138.247,190.481,68.32,74.12,72.055,1045.6292,12.1377,1253.1174,725.8907,893.0341,180.635,0,0,0,0,5.891,2.712,1.243,0,,8.7344,0
2023-08-23,3008110,대청,73.7356,1022.5011,113.882,146.839,68.62,74.1076,72.1051,1044.8784,12.6198,1240.9797,723.9118,884.2997,136.877,0,0,0,0,5.903,2.812,1.247,0,,8.7749,0
2023-08-22,3008110,대청,73.7832,1025.3486,69.396,46.126,68.82,74.07,72.122,1042.6038,0.8455,1228.3599,705.3697,875.5248,33.194,0,0,0,0,6.099,2.806,4.027,0,,8.5137,0
2023-08-21,3008110,대청,73.7496,1023.3381,80.669,46.368,68.68,74.03,72.1023,1040.1871,1.432,1227.5144,705.3697,867.0111,33.192,0,0,0,0,5.707,2.793,4.676,0,,7.5847,0
2023-08-20,3008110,대청,73.7,1020.3744,65.772,210.564,68.48,73.8084,71.9854,1026.858,15.0205,1226.0824,705.3697,859.4264,197.044,0,0,0,0,6.065,2.762,4.693,0,,9.9515,0
2023-08-19,3008110,대청,73.9088,1032.8845,60.538,236.103,69.32,73.2328,71.8537,992.7064,0.105,1211.0619,665.1296,849.4749,222.752,0,0,0,0,5.821,2.803,4.727,0,,7.3438,0
2023-08-18,3008110,대청,74.16,1048.0533,65.736,234.872,70.34,73.08,71.6123,983.7546,0.2465,1210.9569,665.1296,842.1311,221.229,0,0,0,0,6.076,2.808,4.759,0,,12.6583,0
2023-08-17,3008110,대청,74.4,1062.6666,75.045,231.856,71.32,72.7784,71.5517,966.226,0.4168,1210.7104,665.0746,829.4728,218.599,0,0,0,0,6.099,2.794,4.364,0,,4.669,0
2023-08-16,3008110,대청,74.6208,1076.2151,80.647,230.286,72.23,71.9708,71.4005,920.2089,0,1210.2936,657.2689,824.8038,217.406,0,0,0,0,5.961,3.776,3.143,0,,12.1565,0
2023-08-15,3008110,대청,74.83,1089.1439,105.196,227.559,73.1,70.812,71.0878,856.5219,0,1210.2936,592.4981,812.6473,215.893,0,0,0,0,6.018,4.023,1.625,0,,9.2334,0
2023-08-14,3008110,대청,75,1099.7161,139.671,226.457,73.81,70.62,70.925,846.2365,0,1210.2936,591.9789,803.4139,215.231,0,0,0,0,5.914,4.078,1.234,0,,6.8474,0
2023-08-13,3008110,대청,75.12,1107.2144,218.147,225.395,74.31,70.3728,70.8056,833.1056,0.057,1210.2936,588.6329,796.5665,214.081,0,0,0,0,6.007,4.072,1.235,0,,9.7085,0
2023-08-12,3008110,대청,75.13,1107.8406,393.774,225.952,74.35,70.0028,70.7397,813.687,2.4577,1210.2366,578.8308,786.858,214.609,0,0,0,0,6.006,4.103,1.234,0,,6.1266,0
2023-08-11,3008110,대청,74.8976,1093.3408,1473.352,229.151,73.38,69.1364,70.7252,769.3194,1.3959,1207.7789,573.834,780.7314,218.269,0,0,0,0,5.696,3.972,1.214,0,,11.1664,0
2023-08-10,3008110,대청,73.1157,985.8418,1502.682,242.859,66.16,68.3948,70.5578,732.5722,125.5727,1206.383,519.2333,769.565,231.976,0,0,0,0,5.913,3.841,1.129,0,,20.1628,0
2023-08-09,3008110,대청,71.19,876.9931,64.825,243.546,58.86,68.0284,70.4245,714.8354,45.6081,1080.8103,460.1183,749.4022,232.388,0,0,0,0,6.146,3.89,1.122,0,,8.3312,0
2023-08-08,3008110,대청,71.4716,892.4347,31.862,87.331,59.89,68.0804,70.2628,717.3358,0.39,1035.2022,458.1616,741.071,72.838,0,0,0,0,6.216,3.989,4.288,0,,10.111,0
2023-08-07,3008110,대청,71.5584,897.2272,32.987,46.818,60.22,68.15,70.0181,720.6911,0.8518,1034.8122,458.1246,730.96,33.2,0,0,0,0,5.279,3.908,4.431,0,,11.9784,0
2023-08-06,3008110,대청,71.58,898.4222,34.467,46.771,60.3,68.21,69.9114,723.5917,0.164,1033.9604,456.6543,718.9816,33.205,0,0,0,0,5.093,3.997,4.476,0,,10.2885,0
2023-08-05,3008110,대청,71.5992,899.4853,39.78,46.192,60.37,68.2676,69.9153,726.3833,0,1033.7964,456.6543,708.6931,33.259,0,0,0,0,6.006,3.964,2.963,0,,2.1156,0
2023-08-04,3008110,대청,71.6092,900.0393,46.985,45.446,60.41,68.31,69.9304,728.4425,0,1033.7964,454.9947,706.5775,33.201,0,0,0,0,6.134,4.492,1.619,0,,4.6587,0
2023-08-03,3008110,대청,71.6068,899.9063,44.766,45.022,60.4,68.2896,69.9189,727.4513,0.9124,1033.7964,448.8827,701.9188,33.204,0,0,0,0,6.065,4.729,1.024,0,,8.3153,0
2023-08-02,3008110,대청,71.6072,899.9284,56.005,44.979,60.4,68.24,69.8626,725.0448,2.2625,1032.884,448.2961,693.6035,33.209,0,0,0,0,6.065,4.687,1.018,0,,5.2474,0
2023-08-01,3008110,대청,71.59,898.9758,70.651,45.037,60.33,68.2452,69.9502,725.2968,0,1030.6215,445.4413,688.3561,33.195,0,0,0,0,6.146,4.679,1.017,0,,5.3044,0
2023-07-31,3008110,대청,71.55,896.7627,81.922,43.572,60.19,68.29,70.0305,727.4707,0.2473,1030.6215,440.8642,683.0517,31.973,0,0,0,0,5.834,4.746,1.019,0,,3.9864,0
2023-07-30,3008110,대청,71.49,893.4493,105.52,43.829,59.96,68.3148,70.1111,728.6759,0.7253,1030.3742,422.0353,679.0653,31.966,0,0,0,0,6.077,4.765,1.021,0,,5.8168,0
2023-07-29,3008110,대청,71.3932,888.1192,147.151,43.648,59.61,68.3644,69.9917,731.09,1.4142,1029.6489,422.0353,673.2485,31.962,0,0,0,0,5.96,4.705,1.021,0,,6.8881,0
2023-07-28,3008110,대청,71.23,879.1766,187.04,142.84,59.01,68.41,69.9818,733.314,0.8807,1028.2347,422.0353,666.3604,131.004,0,0,0,0,6.076,4.748,1.012,0,,7.2502,0
2023-07-27,3008110,대청,71.16,875.3577,416.623,245.981,58.75,68.44,70.0641,734.7794,2.1161,1027.354,422.0353,659.1102,234.72,0,0,0,0,6.088,4.159,1.014,0,,2.2128,0
2023-07-26,3008110,대청,70.888,860.6142,658.086,443.319,57.76,68.46,70.1045,735.7574,10.099,1025.2379,422.0353,656.8974,238.883,193.417,0,0,0,6.065,3.951,1.003,0,,4.8776,0
2023-07-25,3008110,대청,70.5416,842.0584,672.163,751.437,56.51,68.4488,70.0359,735.2096,16.2325,1015.1389,422.0353,652.0198,245.732,494.687,0,0,0,6.123,3.896,0.999,0,,9.9679,0
2023-07-24,3008110,대청,70.67,848.9077,654.618,789.611,56.97,68.42,69.9486,733.8022,18.0548,998.9064,421.6436,642.0519,243.678,535.293,0,0,0,5.695,3.94,1.005,0,,4.9055,0
2023-07-23,3008110,대청,70.8872,860.5711,618.576,958.299,57.76,68.398,69.9221,732.7283,9.3097,980.8516,412.7064,637.1464,242.744,704.62,0,0,0,6.007,3.912,1.016,0,,8.9839,0
2023-07-22,3008110,대청,71.426,889.9231,660.428,984.463,59.73,68.34,69.8825,729.9018,0.037,971.5419,407.3572,628.1625,237.014,736.435,0,0,0,5.902,4.081,1.031,0,,6.6774,0
2023-07-21,3008110,대청,71.93,917.9197,716.726,984.782,61.61,68.2896,69.9177,727.4513,2.201,971.5049,406.3532,621.4851,234.225,739.269,0,0,0,6.18,4.064,1.044,0,,5.9383,0
2023-07-20,3008110,대청,72.34,941.0798,943.313,982.876,63.16,68.19,69.9336,722.624,0,969.3039,392.5207,615.5468,232.997,738.354,0,0,0,6.4,4.071,1.054,0,,4.5828,0
2023-07-19,3008110,대청,72.4,944.498,2101.729,1428.09,63.39,68.0172,69.9871,714.2976,0.1204,969.3039,392.5207,610.964,236.342,666.099,0,0,514.643,5.926,4.043,1.037,0,,6.7913,0
2023-07-18,3008110,대청,71.36,886.2956,1437.19,1783.753,59.48,67.71,69.9609,699.6474,64.903,969.1835,391.9453,604.1727,241.912,628.925,0,0,902.619,5.972,3.301,1.024,0,,12.0326,0
2023-07-17,3008110,대청,71.9,916.2386,959.921,2127.229,61.49,67.63,69.9173,695.8642,25.8966,904.2805,323.3023,592.1401,236.042,899.344,0,0,981.978,5.996,2.815,1.054,0,,12.1647,0
2023-07-16,3008110,대청,73.645,1017.094,1679.185,2484.403,68.26,67.67,69.7802,697.7542,3.3895,878.3839,323.3023,579.9754,232.373,1159.719,0,0,1082.474,5.868,2.876,1.093,0,,10.2864,0
2023-07-15,3008110,대청,74.79,1086.6649,3829.855,2100.37,72.93,67.6912,69.7673,698.7572,62.41,874.9944,319.6455,569.689,229.763,778.026,0,0,1082.149,5.683,3.665,1.084,0,,11.599,0
2023-07-14,3008110,대청,72.2724,937.2374,2229.68,1145.571,62.9,67.72,69.5324,700.1212,164.1677,812.5844,319.6455,558.09,240.921,0,0,0,893.704,5.579,4.385,0.982,0,,15.6469,0
2023-07-13,3008110,대청,70.57,843.5704,384.206,1025.472,56.62,67.75,69.4782,701.544,11.1987,648.4167,319.3192,542.4431,235.833,0,0,0,778.055,6.123,4.463,0.998,0,,10.8072,0
2023-07-12,3008110,대청,71.59,898.9758,503.135,985.971,60.33,67.772,69.351,702.5885,6.4961,637.218,304.3638,531.6359,233.005,185.639,0,0,555.747,5.972,4.588,1.02,0,,10.3444,0
2023-07-11,3008110,대청,72.3332,940.6928,395.353,842.157,63.13,67.815,69.2872,704.6329,25.5694,630.7219,302.6452,521.2915,231.898,449.49,0,0,149.009,6.03,4.692,1.038,0,,13.1949,0
2023-07-10,3008110,대청,73.0036,979.2967,374.481,470.084,65.72,67.847,68.9291,706.1568,13.5878,605.1525,294.128,508.0966,227.701,230.598,0,0,0,5.972,4.767,1.046,0,,17.2864,0
2023-07-09,3008110,대청,73.145,987.5568,321.821,237.282,66.28,67.889,68.4311,708.1601,1.216,591.5647,289.014,490.8102,225.399,0,0,0,0,6.123,4.715,1.045,0,,19.4909,0
2023-07-08,3008110,대청,73.02,980.2526,670.523,195.805,65.79,67.93,68.2136,710.1193,2.1194,590.3487,289.014,471.3193,184.494,0,0,0,0,5.602,4.673,1.036,0,,9.6418,0
2023-07-07,3008110,대청,72.3076,939.237,349.147,128.395,63.04,67.97,67.9763,712.034,48.6535,588.2293,286.6272,461.6775,116.538,0,0,0,0,6.168,4.67,1.019,0,,8.6975,0
2023-07-06,3008110,대청,71.97,920.164,406.96,68.163,61.76,67.99,67.7541,712.9926,0,539.5758,286.461,452.98,56.12,0,0,0,0,6.354,4.681,1.008,0,,13.5076,0
2023-07-05,3008110,대청,71.4436,890.892,725.464,32.186,59.79,68.01,67.5379,713.952,29.1489,539.5758,282.8295,439.4724,20.892,0,0,0,0,5.788,4.523,0.983,0,,12.1893,0
2023-07-04,3008110,대청,70.3328,830.9927,174.157,32.586,55.77,68.03,67.3624,714.9123,50.9564,510.4269,280.7525,427.2831,20.892,0,0,0,0,6.065,4.664,0.965,0,,11.5969,0
2023-07-03,3008110,대청,70.1,818.761,116.858,32.343,54.95,68.058,67.1699,716.258,0,459.4705,278.4606,415.6862,20.681,0,0,0,0,6.053,4.648,0.961,0,,16.7686,0
2023-07-02,3008110,대청,69.96,811.459,187.449,31.971,54.46,68.068,67.0249,716.739,0,459.4705,268.2389,398.9176,20.345,0,0,0,0,6.065,4.602,0.959,0,,12.2877,0
2023-07-01,3008110,대청,69.7004,798.0256,442.191,36.523,53.56,68.09,66.9127,717.798,0,459.4705,268.2389,386.6299,25.003,0,0,0,0,5.949,4.628,0.943,0,,11.7355,0
2023-06-30,3008110,대청,69.01,762.9759,554.985,43.244,51.21,68.11,66.8909,718.7616,20.3984,459.4705,268.2389,374.8944,31.831,0,0,0,0,5.915,4.587,0.911,0,,4.7558,0
2023-06-29,3008110,대청,68.11,718.7616,175.707,31.915,48.24,68.167,66.9158,721.5122,47.6162,439.0721,264.0003,370.1386,20.379,0,0,0,0,6.03,4.606,0.9,0,,7.7619,0
2023-06-28,3008110,대청,67.8508,706.3379,180.453,31.941,47.41,68.218,66.9413,723.979,11.1819,391.4559,261.9774,362.3767,20.339,0,0,0,0,6.088,4.623,0.891,0,,4.6443,0
2023-06-27,3008110,대청,67.58,693.5065,94.322,43.181,46.54,68.271,66.931,726.5482,14.3247,380.274,261.9774,357.7324,31.842,0,0,0,0,5.857,4.597,0.885,0,,9.5057,0
2023-06-26,3008110,대청,67.486,689.0879,69.697,55.589,46.25,68.301,66.948,728.0051,54.8108,365.9493,259.8648,348.2267,44.324,0,0,0,0,5.822,4.558,0.885,0,,8.1137,0
2023-06-25,3008110,대청,67.46,687.8689,15.232,58.694,46.17,68.301,66.9623,728.0051,0.3358,311.1385,258.7737,340.113,44.643,0,0,0,0,6.111,4.599,3.341,0,,4.1195,0
2023-06-24,3008110,대청,67.54,691.624,16.068,59.683,46.42,68.22,66.8895,724.0759,0,310.8027,258.4822,335.9935,44.646,0,0,0,0,5.892,4.547,4.598,0,,10.0355,0
2023-06-23,3008110,대청,67.62,695.3923,20.042,58.769,46.67,68.219,66.8809,724.0274,0,310.8027,227.6021,325.958,44.646,0,0,0,0,5.915,3.865,4.343,0,,5.7424,0
2023-06-22,3008110,대청,67.6908,698.7383,14.012,57.475,46.9,68.26,66.9341,726.0145,0.7213,310.8027,202.2749,320.2156,44.648,0,0,0,0,6.053,2.795,3.979,0,,5.1356,0
2023-06-21,3008110,대청,67.77,702.4935,16.3,57.707,47.15,68.352,66.9946,730.486,6.2331,310.0814,202.2749,315.08,44.641,0,0,0,0,5.938,2.728,4.4,0,,4.0672,0
2023-06-20,3008110,대청,67.8452,706.071,13.09,59.945,47.39,68.44,66.903,734.7794,0.4708,303.8483,202.2749,311.0128,44.654,0,0,0,0,6.076,4.185,5.03,0,,7.2603,0
2023-06-19,3008110,대청,67.93,710.1193,12.238,60.154,47.66,68.523,66.8692,738.8435,0,303.3775,202.0761,303.7525,44.641,0,0,0,0,5.822,4.632,5.059,0,,5.7771,0
2023-06-18,3008110,대청,68.0164,714.2592,13.49,59.8,47.94,68.611,66.9385,743.168,0,303.3775,202.0761,297.9754,44.644,0,0,0,0,5.51,4.566,5.08,0,,5.8801,0
2023-06-17,3008110,대청,68.0996,718.2604,16.718,60.284,48.21,68.69,67.0327,747.0638,0,303.3775,202.0761,292.0953,44.632,0,0,0,0,6.065,4.485,5.102,0,,2.3639,0
2023-06-16,3008110,대청,68.1776,722.0245,19.833,60.401,48.46,68.763,67.1391,750.6752,0,303.3775,202.0761,289.7314,44.647,0,0,0,0,6.146,4.485,5.123,0,,0.325,0
2023-06-15,3008110,대청,68.25,725.5296,17.506,60.451,48.69,68.83,67.2418,753.9994,0.4778,303.3775,202.0761,289.4064,44.647,0,0,0,0,6.169,4.47,5.165,0,,2.427,0
2023-06-14,3008110,대청,68.3264,729.24,19.023,60.3,48.94,68.887,67.3197,756.8347,4.7477,302.8997,184.7204,286.9794,44.257,0,0,0,0,6.192,4.516,5.335,0,,5.5338,0
2023-06-13,3008110,대청,68.3996,732.8064,31.693,60.188,49.18,68.969,67.409,760.9254,0,298.152,177.3808,281.4456,44.663,0,0,0,0,5.776,4.467,5.282,0,,1.3898,0
2023-06-12,3008110,대청,68.45,735.2683,30.931,60.394,49.35,69.06,67.5086,765.4813,0.037,298.152,177.3808,280.0558,44.647,0,0,0,0,5.707,4.426,5.614,0,,1.9484,0
2023-06-11,3008110,대청,68.502,737.8139,23.234,60.722,49.52,69.155,67.608,770.2557,4.8175,298.115,177.2758,278.1074,44.642,0,0,0,0,5.995,4.425,5.66,0,,3.8994,0
2023-06-10,3008110,대청,68.568,741.0529,22.224,60.729,49.74,69.23,67.7022,774.0381,11.297,293.2975,177.0001,274.208,44.643,0,0,0,0,5.914,4.511,5.661,0,,6.4949,0
2023-06-09,3008110,대청,68.6356,744.3797,18.203,60.707,49.96,69.31,67.8153,778.0854,0.213,282.0005,176.7963,267.7131,44.658,0,0,0,0,5.903,4.442,5.704,0,,0.587,0
2023-06-08,3008110,대청,68.71,748.0521,18.418,60.825,50.2,69.39,67.9359,782.1459,0,281.7875,174.5029,267.1261,44.635,0,0,0,0,6.064,4.41,5.716,0,,2.4318,0
2023-06-07,3008110,대청,68.784,751.7161,22.553,60.486,50.45,69.46,68.0584,785.7097,0,281.7875,174.5029,264.6943,44.648,0,0,0,0,5.614,4.352,5.872,0,,1.1695,0
2023-06-06,3008110,대청,68.85,754.9935,23.921,60.342,50.67,69.55,68.1786,790.3065,0,281.7875,164.7778,263.5248,44.64,0,0,0,0,6.158,4.287,5.257,0,,1.2608,0
2023-06-05,3008110,대청,68.9132,758.1402,27.144,59.727,50.88,69.64,68.2965,794.9201,0,281.7875,162.1367,262.264,44.64,0,0,0,0,5.961,4.332,4.794,0,,0.9156,0
2023-06-04,3008110,대청,68.9696,760.9554,38.687,59.524,51.07,69.712,68.4133,798.6229,0,281.7875,151.0094,261.3484,44.645,0,0,0,0,5.717,4.37,4.792,0,,0.0951,0
2023-06-03,3008110,대청,69.0056,762.7557,51.331,59.675,51.19,69.81,68.5239,803.6801,0,281.7875,151.0094,261.2533,44.649,0,0,0,0,5.868,4.357,4.801,0,,1.8285,0
2023-06-02,3008110,대청,69.02,763.4766,65.086,47.709,51.24,69.897,68.628,808.1862,0.7135,281.7875,151.0094,259.4248,32.493,0,0,0,0,6.041,4.38,4.795,0,,1.0454,0
2023-06-01,3008110,대청,68.99,761.9752,98.238,35.859,51.14,69.989,68.7313,812.9682,0.2148,281.074,151.0094,258.3794,20.339,0,0,0,0,6.215,4.412,4.893,0,,1.6121,0
2023-05-31,3008110,대청,68.882,756.5857,181.933,34.957,50.78,70.08,68.8246,817.7154,0,280.8592,151.0094,256.7673,20.351,0,0,0,0,5.857,4.38,4.369,0,,0.4435,0
2023-05-30,3008110,대청,68.6256,743.887,533.77,41.931,49.93,70.148,68.8788,821.2739,0,280.8592,150.9431,256.3238,29.792,0,0,0,0,5.984,4.513,1.642,0,,3.0272,0
2023-05-29,3008110,대청,67.7468,701.3921,217.053,50.343,47.07,70.214,68.9087,824.7368,67.1738,280.8592,150.3573,253.2966,39.233,0,0,0,0,5.418,4.322,1.37,0,,3.7145,0
2023-05-28,3008110,대청,67.4412,686.9884,39.826,53.706,46.11,70.28,68.9719,828.2088,32.2705,213.6854,150.3573,249.5821,40.557,0,0,0,0,5.844,4.2,3.105,0,,5.2469,0
2023-05-27,3008110,대청,67.4668,688.1876,14.657,55.519,46.19,70.35,69.0471,831.9009,0.1292,181.4149,150.3573,244.3352,40.564,0,0,0,0,5.821,4.168,4.966,0,,2.7259,0
2023-05-26,3008110,대청,67.542,691.718,15.188,55.748,46.42,70.42,69.1292,835.6031,0,181.2857,150.2531,241.6093,40.583,0,0,0,0,5.637,4.356,5.172,0,,0.739,0
2023-05-25,3008110,대청,67.6164,695.2224,11.115,55.972,46.66,70.48,69.1957,838.7845,0,181.2857,148.1721,240.8703,40.563,0,0,0,0,5.914,4.316,5.179,0,,1.6541,0
2023-05-24,3008110,대청,67.6984,699.098,16.804,56.103,46.92,70.55,69.2595,842.5054,0,181.2857,148.1721,239.2162,40.571,0,0,0,0,5.926,4.292,5.314,0,,2.3702,0
2023-05-23,3008110,대청,67.77,702.4935,15.539,55.898,47.15,70.61,69.3123,845.7028,0.502,181.2857,148.1721,236.846,40.57,0,0,0,0,5.695,4.381,5.252,0,,1.8318,0
2023-05-22,3008110,대청,67.8433,705.9805,16.828,55.877,47.38,70.67,69.3633,848.9077,1.2259,180.7837,148.1721,235.0142,40.558,0,0,0,0,5.822,4.29,5.207,0,,1.7006,0
2023-05-21,3008110,대청,67.914,709.3543,13.881,55.991,47.61,70.724,69.4063,851.7983,0,179.5578,148.1721,233.3136,40.562,0,0,0,0,5.867,4.331,5.231,0,,2.7208,0
2023-05-20,3008110,대청,67.99,712.9926,13.812,56.505,47.85,70.79,69.4541,855.3395,0,179.5578,148.1721,230.5928,40.566,0,0,0,0,6.1,4.344,5.495,0,,0.7456,0
2023-05-19,3008110,대청,68.0668,716.6813,16.332,55.815,48.1,70.85,69.5021,858.5666,0,179.5578,148.1721,229.8472,40.563,0,0,0,0,5.811,4.342,5.099,0,,2.6,0
2023-05-18,3008110,대청,68.1376,720.0926,16.298,56.797,48.33,70.91,69.5435,861.8011,1.1774,179.5578,148.1721,227.2472,40.553,0,0,0,0,6.25,4.388,5.606,0,,6.3272,0
2023-05-17,3008110,대청,68.21,723.5917,11.723,56.394,48.56,70.97,69.5905,865.0429,0,178.3804,148.1721,220.92,40.562,0,0,0,0,6.1,4.422,5.31,0,,1.9954,0
2023-05-16,3008110,대청,68.2896,727.4513,22.396,56.393,48.82,71.03,69.6418,868.2922,0,178.3804,148.1721,218.9246,40.559,0,0,0,0,5.995,4.376,5.463,0,,5.1009,0
2023-05-15,3008110,대청,68.35,730.3886,19.987,56.331,49.02,71.09,69.6868,871.5489,0,178.3804,148.1721,213.8237,40.57,0,0,0,0,5.719,4.453,5.589,0,,1.837,0
2023-05-14,3008110,대청,68.4144,733.5288,24.905,56.363,49.23,71.15,69.7384,874.813,0,178.3804,148.1721,211.9867,40.563,0,0,0,0,5.926,4.338,5.536,0,,0.898,0
2023-05-13,3008110,대청,68.47,736.2467,28.4,56.298,49.41,71.214,69.7861,878.3028,0,178.3804,148.1721,211.0887,40.572,0,0,0,0,5.902,4.384,5.44,0,,0.6295,0
2023-05-12,3008110,대청,68.5192,738.6571,38.153,55.647,49.57,71.27,69.8159,881.3633,0.7401,178.3804,147.7298,210.4592,40.024,0,0,0,0,5.972,4.351,5.3,0,,2.8586,0
2023-05-11,3008110,대청,68.55,740.1687,43.452,54.824,49.68,71.324,69.8111,884.3207,0,177.6403,147.7298,207.6006,39.227,0,0,0,0,5.939,4.513,5.145,0,,3.2513,0
2023-05-10,3008110,대청,68.57,741.1512,62.458,45.404,49.74,71.383,69.7842,887.5587,0,177.6403,147.7298,204.3493,29.79,0,0,0,0,5.983,4.412,5.219,0,,6.6024,0
2023-05-09,3008110,대청,68.54,739.6777,92.38,35.687,49.64,71.44,69.7836,890.6938,0,177.6403,147.7298,197.7469,20.351,0,0,0,0,5.938,4.376,5.022,0,,3.2459,0
2023-05-08,3008110,대청,68.44,734.7794,164.645,34.71,49.31,71.49,69.7855,893.4493,0,177.6403,146.4853,194.501,20.344,0,0,0,0,5.753,4.469,4.144,0,,0.6619,0
2023-05-07,3008110,대청,68.2092,723.553,249.85,40.896,48.56,71.55,69.7236,896.7627,0.1894,177.6403,146.3905,193.8391,29.795,0,0,0,0,5.51,4.377,1.214,0,,5.6126,0
2023-05-06,3008110,대청,67.8332,705.4994,98.069,50.092,47.35,71.6,69.6879,899.5296,24.6399,177.4509,146.3905,188.2265,39.242,0,0,0,0,5.37,4.296,1.184,0,,5.5727,0
2023-05-05,3008110,대청,67.746,701.3542,59.465,50.682,47.07,71.65,69.7157,902.3016,49.3015,152.811,146.3905,182.6538,39.253,0,0,0,0,5.74,4.31,1.379,0,,2.9875,0
2023-05-04,3008110,대청,67.73,700.5953,9.605,53.583,47.02,71.7,69.7432,905.0787,0.0923,103.5095,146.3905,179.6663,39.233,0,0,0,0,5.961,4.426,3.963,0,,0.587,0
2023-05-03,3008110,대청,67.81,704.395,9.969,54.1,47.27,71.737,69.7549,907.1371,0,103.4172,146.3905,179.0793,39.233,0,0,0,0,6.053,4.358,4.456,0,,3.2612,0
2023-05-02,3008110,대청,67.89,708.2079,11.863,54.373,47.53,71.78,69.7645,909.5328,0,103.4172,146.3905,175.8181,39.842,0,0,0,0,5.741,4.376,4.414,0,,1.4679,0
2023-05-01,3008110,대청,67.9668,711.8807,12.941,53.589,47.78,71.81,69.7635,911.2065,0,103.4172,146.3905,174.3502,40.556,0,0,0,0,5.729,4.385,2.919,0,,0.7443,0
2023-04-30,3008110,대청,68.04,715.3927,15.823,33.187,48.01,71.84,69.7264,912.882,0,103.4172,146.3905,173.6059,21.278,0,0,0,0,5.868,4.386,1.655,0,,4.4795,0
2023-04-29,3008110,대청,68.0712,716.893,17.313,33.362,48.11,71.847,69.7054,913.2733,9.313,103.4172,146.3905,169.1264,21.273,0,0,0,0,5.948,4.483,1.658,0,,6.0721,0
2023-04-28,3008110,대청,68.1,718.2797,10.924,33.248,48.21,71.84,69.7095,912.882,0,94.1042,137.4669,163.0543,21.274,0,0,0,0,6.042,4.502,1.43,0,,1.5517,0
2023-04-27,3008110,대청,68.14,720.2084,11.688,32.707,48.34,71.831,69.7214,912.3792,0,94.1042,137.4669,161.5026,21.267,0,0,0,0,6.019,4.385,1.036,0,,2.3536,0
2023-04-26,3008110,대청,68.1776,722.0245,10.767,32.716,48.46,71.83,69.7235,912.3233,0.1216,94.1042,137.4669,159.149,21.26,0,0,0,0,5.742,4.371,1.343,0,,3.5531,0
2023-04-25,3008110,대청,68.2168,723.9209,14.369,32.988,48.59,71.811,69.6822,911.2623,3.2331,93.9826,114.2021,155.5959,21.272,0,0,0,0,5.868,4.38,1.468,0,,4.5038,0
2023-04-24,3008110,대청,68.25,725.5296,10.61,33.077,48.69,71.838,69.6535,912.7703,0,90.7495,108.4624,151.0921,21.273,0,0,0,0,5.799,4.535,1.47,0,,1.3172,0
2023-04-23,3008110,대청,68.29,727.4707,7.993,33.427,48.82,71.86,69.6623,914.0001,0,90.7495,108.4624,149.7749,21.275,0,0,0,0,6.204,4.476,1.472,0,,3.7719,0
2023-04-22,3008110,대청,68.3352,729.6682,11.771,33.868,48.97,71.888,69.6638,915.5667,0,90.7495,108.4624,146.003,22,0,0,0,0,5.949,4.445,1.474,0,,1.7215,0
2023-04-21,3008110,대청,68.3744,731.5774,16.595,34.435,49.1,71.91,69.6616,916.7988,0,90.7495,108.4624,144.2815,22.471,0,0,0,0,6.042,4.445,1.477,0,,3.0656,0
2023-04-20,3008110,대청,68.406,733.1187,12.949,34.433,49.2,71.93,69.6653,917.9197,0,90.7495,108.4624,141.2159,22.489,0,0,0,0,6.018,4.448,1.478,0,,3.1028,0
2023-04-19,3008110,대청,68.444,734.975,17.698,34.23,49.33,71.958,69.6637,919.4904,0,90.7495,108.4624,138.1131,22.472,0,0,0,0,5.914,4.367,1.477,0,,3.0734,0
2023-04-18,3008110,대청,68.4732,736.4034,15.716,34.311,49.42,71.973,69.6666,920.3325,3.6357,90.7495,108.4624,135.0397,22.468,0,0,0,0,5.926,4.437,1.48,0,,2.1068,0
2023-04-17,3008110,대청,68.506,738.01,19.211,34.424,49.53,71.99,69.648,921.2874,0,87.1138,108.4624,132.9329,22.492,0,0,0,0,5.972,4.482,1.478,0,,2.5234,0
2023-04-16,3008110,대청,68.5328,739.3243,13.421,34.565,49.62,72,69.6301,921.8494,0.0449,87.1138,108.4624,130.4095,22.477,0,0,0,0,5.903,4.371,1.814,0,,3.3831,0
2023-04-15,3008110,대청,68.57,741.1512,21.975,33.357,49.74,72,69.6482,921.8494,4.2692,87.0689,108.4624,127.0264,20.921,0,0,0,0,5.868,4.408,2.16,0,,0.5536,0
2023-04-14,3008110,대청,68.59,742.1346,16.433,33.523,49.81,71.982,69.6651,920.838,0,82.7997,108.4624,126.4728,20.908,0,0,0,0,5.995,4.463,2.157,0,,1.569,0
2023-04-13,3008110,대청,68.62,743.6112,22.14,33.545,49.91,71.976,69.6821,920.501,0,82.7997,106.9939,124.9038,20.901,0,0,0,0,6.007,4.48,2.157,0,,2.2897,0
2023-04-12,3008110,대청,68.64,744.5966,16.385,33.511,49.97,71.97,69.695,920.164,0,82.7997,83.3815,122.6141,20.901,0,0,0,0,5.972,4.476,2.162,0,,0.7547,0
2023-04-11,3008110,대청,68.67,746.0763,22.246,33.675,50.07,71.984,69.7029,920.9503,1.2187,82.7997,83.3815,121.8594,20.912,0,0,0,0,6.007,4.594,2.162,0,,2.0393,0
2023-04-10,3008110,대청,68.69,747.0638,22.095,33.534,50.14,72.002,69.7101,921.9618,0,81.581,83.3815,119.8201,20.904,0,0,0,0,5.811,4.658,2.161,0,,2.3863,0
2023-04-09,3008110,대청,68.71,748.0521,25.707,33.72,50.2,72.02,69.7259,922.974,0,81.581,83.3815,117.4338,20.907,0,0,0,0,6.088,4.568,2.157,0,,2.2593,0
2023-04-08,3008110,대청,68.724,748.7444,23.558,33.638,50.25,72.04,69.732,924.0995,0,81.581,83.3815,115.1745,20.907,0,0,0,0,5.833,4.736,2.162,0,,0.6491,0
2023-04-07,3008110,대청,68.7416,749.6153,22.629,33.634,50.31,72.05,69.7305,924.6625,1.8876,81.581,83.3815,114.5254,20.898,0,0,0,0,5.984,4.584,2.168,0,,2.4335,0
2023-04-06,3008110,대청,68.7608,750.5662,16.727,33.48,50.37,72.07,69.7291,925.7892,4.5881,79.6934,81.9699,112.0919,20.893,0,0,0,0,5.88,4.536,2.171,0,,3.888,0
2023-04-05,3008110,대청,68.79,752.0136,23.869,33.287,50.47,72.08,69.7309,926.3528,10.2768,75.1053,81.9699,108.2039,20.902,0,0,0,0,5.845,4.562,1.978,0,,1.9135,0
2023-04-04,3008110,대청,68.8064,752.8274,14.046,33.362,50.53,72.09,69.7394,926.9167,7.6884,64.8285,81.9699,106.2904,20.908,0,0,0,0,5.995,4.634,1.825,0,,2.7469,0
2023-04-03,3008110,대청,68.84,754.4963,10.2,33.231,50.64,72.11,69.7523,928.045,0,57.1401,81.9699,103.5435,20.905,0,0,0,0,5.869,4.675,1.782,0,,2.6544,0
2023-04-02,3008110,대청,68.88,756.4862,14.192,33.567,50.77,72.11,69.7577,928.045,0,57.1401,81.9699,100.8891,20.904,0,0,0,0,6.168,4.713,1.782,0,,0.3515,0
2023-04-01,3008110,대청,68.9136,758.1602,12.126,33.146,50.88,72.11,69.7711,928.045,0,57.1401,81.9699,100.5376,20.903,0,0,0,0,5.787,4.673,1.783,0,,1.8101,0
2023-03-31,3008110,대청,68.95,759.9763,10.628,33.301,51.01,72.11,69.7686,928.045,0,57.1401,81.9121,98.7275,20.906,0,0,0,0,5.914,4.697,1.784,0,,1.7194,0
2023-03-30,3008110,대청,68.9892,761.9352,15.625,33.465,51.14,72.092,69.7778,927.0295,0,57.1401,81.7594,97.0081,20.907,0,0,0,0,6.018,4.753,1.787,0,,1.5406,0
2023-03-29,3008110,대청,69.02,763.4766,16.046,33.444,51.24,72.078,69.7885,926.2401,0,57.1401,81.3364,95.4675,20.911,0,0,0,0,6.03,4.714,1.789,0,,1.2672,0
2023-03-28,3008110,대청,69.05,764.9798,15.987,33.407,51.34,72.034,69.7975,923.7618,0,57.1401,81.3364,94.2003,20.901,0,0,0,0,6.065,4.652,1.789,0,,0.6503,0
2023-03-27,3008110,대청,69.08,766.4849,20.582,33.138,51.44,71.97,69.805,920.164,0,57.1401,81.3364,93.55,20.91,0,0,0,0,5.741,4.695,1.792,0,,1.6213,0
2023-03-26,3008110,대청,69.1016,767.5697,16.339,33.563,51.51,71.89,69.806,915.6787,0.057,57.1401,81.3364,91.9287,20.897,0,0,0,0,6.053,4.817,1.796,0,,1.4881,0
2023-03-25,3008110,대청,69.1312,769.0578,16.355,33.133,51.61,71.85,69.8141,913.4409,0,57.0831,67.0142,90.4406,20.907,0,0,0,0,5.856,4.572,1.798,0,,1.4371,0
2023-03-24,3008110,대청,69.16,770.5075,9.871,33.207,51.71,71.85,69.8173,913.4409,0,57.0831,55.8665,89.0035,20.91,0,0,0,0,5.903,4.595,1.799,0,,1.2262,0
2023-03-23,3008110,대청,69.2,772.5237,27.44,33.28,51.85,71.853,69.8265,913.6087,15.0745,57.0831,55.8665,87.7773,20.906,0,0,0,0,5.972,4.601,1.801,0,,2.3485,0
2023-03-22,3008110,대청,69.21,773.0283,14.128,33.3,51.88,71.858,69.8299,913.8882,0.2777,42.0086,55.8665,85.4288,20.899,0,0,0,0,5.995,4.603,1.803,0,,2.8368,0
2023-03-21,3008110,대청,69.2428,774.6847,11.327,33.102,51.99,71.85,69.8383,913.4409,0,41.7309,55.8665,82.592,20.895,0,0,0,0,6.03,4.539,1.638,0,,1.1717,0
2023-03-20,3008110,대청,69.28,776.5661,11.758,33.097,52.12,71.833,69.8406,912.4909,0,41.7309,55.8665,81.4203,20.905,0,0,0,0,5.788,4.675,1.729,0,,1.4545,0
2023-03-19,3008110,대청,69.3164,778.4097,10.603,33.383,52.24,71.82,69.8398,911.7648,0,41.7309,55.8665,79.9658,20.905,0,0,0,0,6.25,4.623,1.605,0,,1.4663,0
2023-03-18,3008110,대청,69.3552,780.378,15.584,32.987,52.37,71.8,69.843,910.6484,0,41.7309,44.3912,78.4995,20.907,0,0,0,0,5.915,4.569,1.596,0,,2.997,0
2023-03-17,3008110,대청,69.3848,781.8816,11.821,33.015,52.48,71.811,69.8494,911.2623,0,41.7309,39.9421,75.5025,20.895,0,0,0,0,5.983,4.563,1.574,0,,1.8463,0
2023-03-16,3008110,대청,69.4208,783.7127,14.467,32.624,52.6,71.82,69.8623,911.7648,0,41.7309,31.7781,73.6562,20.9,0,0,0,0,6.053,4.619,1.052,0,,0.7488,0
2023-03-15,3008110,대청,69.4516,785.2815,7.51,30.179,52.7,71.833,69.8729,912.4909,0,41.7309,31.7781,72.9074,19.212,0,0,0,0,5.995,4.59,0.382,0,,1.0773,0
2023-03-14,3008110,대청,69.49,787.2401,14.202,31.937,52.83,71.84,69.8832,912.882,0,41.7309,31.7781,71.8301,20.9,0,0,0,0,6.053,4.615,0.369,0,,0.6948,0
2023-03-13,3008110,대청,69.52,788.7724,13.942,31.698,52.94,71.85,69.8936,913.4409,0,41.7309,28.1987,71.1353,20.904,0,0,0,0,5.788,4.619,0.387,0,,2.5655,0
2023-03-12,3008110,대청,69.55,790.3065,18.161,32.144,53.04,71.836,69.9021,912.6585,10.1554,41.7309,4.9569,68.5698,20.904,0,0,0,0,6.261,4.602,0.377,0,,2.5685,0
2023-03-11,3008110,대청,69.5736,791.5147,10.4,31.994,53.12,71.863,69.9153,914.1679,0,31.5755,4.9569,66.0013,20.904,0,0,0,0,6.053,4.657,0.38,0,,0.3189,0
2023-03-10,3008110,대청,69.61,793.3804,10.052,32.034,53.25,71.89,69.9255,915.6787,0,31.5755,4.9569,65.6824,20.901,0,0,0,0,6.111,4.643,0.379,0,,1.0869,0
2023-03-09,3008110,대청,69.647,795.2796,14.586,32.314,53.37,71.92,69.9317,917.3591,0,31.5755,4.9569,64.5955,20.903,0,0,0,0,6.4,4.632,0.379,0,,0.4556,0
2023-03-08,3008110,대청,69.6768,796.8113,12.257,32.033,53.48,71.94,69.9326,918.4805,0,31.5755,4.9569,64.1399,20.906,0,0,0,0,6.112,4.621,0.394,0,,0.8254,0
2023-03-07,3008110,대청,69.71,798.5199,12.69,32.014,53.59,71.97,69.9259,920.164,0,31.5755,4.9569,63.3145,20.914,0,0,0,0,6.123,4.614,0.363,0,,0.654,0
2023-03-06,3008110,대청,69.7424,800.1896,10.5,31.762,53.7,72,69.9087,921.8494,0,31.5755,4.9569,62.6605,20.908,0,0,0,0,5.73,4.746,0.378,0,,1.0265,0
2023-03-05,3008110,대청,69.778,802.0266,13.316,32.454,53.83,72.028,69.8889,923.4241,0,31.5755,4.9569,61.634,20.908,0,0,0,0,6.527,4.641,0.378,0,,4.4135,0
2023-03-04,3008110,대청,69.81,803.6801,14.029,31.993,53.94,72.062,69.886,925.3384,0,31.5755,4.9569,57.2205,20.911,0,0,0,0,6.053,4.651,0.378,0,,2.3591,0
2023-03-03,3008110,대청,69.84,805.2322,12.268,31.933,54.04,72.09,69.8895,926.9167,0,31.5755,4.9569,54.8614,20.905,0,0,0,0,6.03,4.619,0.379,0,,0.5177,0
2023-03-02,3008110,대청,69.8728,806.9312,9.375,31.709,54.16,72.11,69.8888,928.045,0,31.5755,4.9569,54.3437,20.893,0,0,0,0,5.742,4.693,0.381,0,,0.8102,0
2023-03-01,3008110,대청,69.91,808.8608,12.704,32.183,54.29,72.14,69.8891,929.739,0,31.5755,4.9569,53.5335,20.904,0,0,0,0,6.192,4.703,0.384,0,,4.0804,0
2023-02-28,3008110,대청,69.9424,810.5438,10.306,31.979,54.4,72.164,69.8962,931.0956,0,31.5755,2.8846,49.4531,20.906,0,0,0,0,5.995,4.694,0.384,0,,2.0495,0
2023-02-27,3008110,대청,69.9784,812.4163,12.736,31.785,54.52,72.19,69.9027,932.5665,0,31.5755,2.8846,47.4036,20.912,0,0,0,0,5.739,4.751,0.383,0,,1.9315,0
2023-02-26,3008110,대청,70.01,814.0622,13.978,32.085,54.64,72.213,69.9001,933.8689,0,31.5755,2.8846,45.4721,20.891,0,0,0,0,6.111,4.701,0.382,0,,0.4042,0
2023-02-25,3008110,대청,70.04,815.6266,11.015,31.804,54.74,72.24,69.89,935.3991,0,31.5755,1.5648,45.0679,20.893,0,0,0,0,5.891,4.636,0.384,0,,3.8701,0
2023-02-24,3008110,대청,70.0744,817.4228,10.343,31.887,54.86,72.27,69.8911,937.1012,0,31.5755,1.5648,41.1978,20.909,0,0,0,0,5.914,4.678,0.386,0,,0.1173,0
2023-02-23,3008110,대청,70.11,819.2842,19.81,31.926,54.99,72.294,69.8984,938.4641,0.057,31.5755,1.5648,41.0805,20.904,0,0,0,0,5.937,4.699,0.386,0,,0.2214,0
2023-02-22,3008110,대청,70.13,820.331,13.667,31.86,55.06,72.32,69.91,939.942,0,31.5185,1.5648,40.8591,20.909,0,0,0,0,5.88,4.685,0.386,0,,3.1041,0
2023-02-21,3008110,대청,70.16,821.9029,14.415,31.9,55.16,72.35,69.9264,941.649,0,31.5185,1.5648,37.755,20.902,0,0,0,0,5.937,4.672,0.389,0,,0.516,0
2023-02-20,3008110,대청,70.1888,823.4136,17.21,31.796,55.26,72.377,69.9466,943.1868,0,31.5185,1.5648,37.239,20.896,0,0,0,0,5.707,4.802,0.391,0,,0.8426,0
2023-02-19,3008110,대청,70.2128,824.6738,13.837,32.089,55.35,72.401,69.9611,944.555,1.2698,31.5185,1.5648,36.3964,20.909,0,0,0,0,6.157,4.629,0.394,0,,1.036,0
2023-02-18,3008110,대청,70.2428,826.2508,13.445,31.718,55.45,72.435,69.9808,946.4954,0.6809,30.2487,1.5648,35.3604,20.899,0,0,0,0,5.752,4.673,0.394,0,,0.1683,0
2023-02-17,3008110,대청,70.2728,827.8296,13.157,31.94,55.56,72.46,69.996,947.9236,0,29.5678,1.5648,35.1921,20.905,0,0,0,0,5.926,4.716,0.393,0,,0.4793,0
2023-02-16,3008110,대청,70.3036,829.4524,15.978,32.096,55.67,72.48,70.0124,949.0672,0,29.5678,1.5648,34.7128,20.899,0,0,0,0,6.088,4.715,0.394,0,,1.835,0
2023-02-15,3008110,대청,70.33,830.845,12.692,32.006,55.76,72.51,70.025,950.784,0,29.5678,1.5648,32.8778,20.901,0,0,0,0,6.042,4.669,0.394,0,,0.9193,0
2023-02-14,3008110,대청,70.3616,832.5137,14.121,31.989,55.87,72.542,70.0397,952.6173,0,29.5678,1.5648,31.9585,20.902,0,0,0,0,5.914,4.776,0.397,0,,0.8277,0
2023-02-13,3008110,대청,70.3908,834.0575,14.531,31.684,55.98,72.568,70.0595,954.1084,0,29.5678,1.4985,31.1308,20.9,0,0,0,0,5.695,4.693,0.396,0,,1.9414,0
2023-02-12,3008110,대청,70.4188,835.5396,17.578,32.05,56.08,72.59,70.0777,955.3712,0,29.5678,1.4985,29.1894,20.906,0,0,0,0,6.041,4.707,0.396,0,,1.2309,0
2023-02-11,3008110,대청,70.4424,836.7899,15.241,32.183,56.16,72.617,70.1018,956.9224,0,29.5678,1.4985,27.9585,20.918,0,0,0,0,6.099,4.77,0.396,0,,0.7758,0
2023-02-10,3008110,대청,70.47,838.2537,15.539,32.007,56.26,72.64,70.1264,958.2449,4.2204,29.5678,1.4985,27.1827,20.902,0,0,0,0,6.053,4.655,0.397,0,,0.8023,0
2023-02-09,3008110,대청,70.4968,839.6766,14.249,32.211,56.35,72.67,70.1517,959.9716,0.6308,25.3474,1.4985,26.3804,20.901,0,0,0,0,6.157,4.754,0.399,0,,0.4519,0
2023-02-08,3008110,대청,70.526,841.2285,13.84,32.069,56.46,72.698,70.1834,961.5848,0,24.7166,1.4985,25.9285,20.899,0,0,0,0,5.996,4.774,0.4,0,,1.79,0
2023-02-07,3008110,대청,70.5556,842.8035,17.233,32.275,56.56,72.72,70.2062,962.8535,0,24.7166,1.4985,24.1385,20.905,0,0,0,0,6.088,4.88,0.402,0,,0.243,0
2023-02-06,3008110,대청,70.58,844.1032,13.584,32.098,56.65,72.75,70.2359,964.5851,0,24.7166,1.4985,23.8955,20.908,0,0,0,0,5.907,4.88,0.403,0,,0.2139,0
2023-02-05,3008110,대청,70.61,845.7028,14.454,32.495,56.76,72.776,70.2621,966.0873,0,24.7166,1.4985,23.6816,20.916,0,0,0,0,6.296,4.878,0.405,0,,0.2992,0
2023-02-04,3008110,대청,70.6392,847.2616,12.785,31.837,56.86,72.805,70.2847,967.7645,0,24.7166,1.4985,23.3824,20.897,0,0,0,0,5.775,4.76,0.405,0,,0.4303,0
2023-02-03,3008110,대청,70.67,848.9077,17.568,32.429,56.97,72.837,70.3085,969.6172,0,24.7166,1.4435,22.9521,20.905,0,0,0,0,6.308,4.811,0.405,0,,0.8543,0
2023-02-02,3008110,대청,70.694,850.1917,14.486,32.338,57.06,72.86,70.3265,970.9501,0,24.7166,1.4435,22.0978,20.894,0,0,0,0,6.204,4.834,0.406,0,,0.0473,0
2023-02-01,3008110,대청,70.7228,851.734,15.422,32.3,57.16,72.89,70.3492,972.6903,0,24.7166,1.4435,22.0505,20.906,0,0,0,0,6.262,4.722,0.41,0,,1.5421,0
2023-01-31,3008110,대청,70.75,853.1923,16.129,32.03,57.26,72.92,70.3755,974.4324,0,24.7166,1.2281,20.5084,20.439,0,0,0,0,6.262,4.92,0.409,0,,0.8579,0
2023-01-30,3008110,대청,70.7756,854.5662,16.732,31.902,57.35,72.94,70.4016,975.5948,0,24.7166,1.2281,19.6505,20.452,0,0,0,0,6.123,4.918,0.409,0,,0.209,0
2023-01-29,3008110,대청,70.8,855.8769,13.136,31.808,57.44,72.97,70.4309,977.34,0,24.7166,1.2281,19.4415,20.453,0,0,0,0,6.146,4.802,0.407,0,,0.5401,0
2023-01-28,3008110,대청,70.83,857.4901,17.601,31.806,57.55,73,70.4568,979.087,0,24.7166,1.2281,18.9014,20.449,0,0,0,0,6.169,4.78,0.408,0,,0.2015,0
2023-01-27,3008110,대청,70.8528,858.7174,16.05,31.764,57.63,73.02,70.4842,980.2526,0.1105,24.7166,1.2281,18.6999,20.477,0,0,0,0,6.077,4.801,0.409,0,,1.3937,0
2023-01-26,3008110,대청,70.878,860.0751,13.661,31.639,57.72,73.05,70.5081,982.0027,0,24.6061,1.2281,17.3062,20.443,0,0,0,0,6.076,4.712,0.408,0,,0.8543,0
2023-01-25,3008110,대청,70.9068,861.6284,20.158,31.654,57.83,73.07,70.5344,983.1705,0,24.6061,1.2281,16.4519,20.454,0,0,0,0,6.018,4.773,0.409,0,,0.2499,0
2023-01-24,3008110,대청,70.9252,862.6216,12.581,31.342,57.89,73.09,70.5561,984.339,0,24.6061,0.2648,16.202,20.442,0,0,0,0,5.719,4.764,0.417,0,,0.0839,0
2023-01-23,3008110,대청,70.9552,864.2426,15.027,30.552,58,73.117,70.5724,985.9179,0,24.6061,0.2648,16.1181,20.432,0,0,0,0,5.07,4.629,0.421,0,,0.4871,0
2023-01-22,3008110,대청,70.98,865.584,17.275,31.561,58.09,73.14,70.5886,987.264,0,24.6061,0.2648,15.631,20.442,0,0,0,0,5.994,4.704,0.421,0,,0.6998,0
2023-01-21,3008110,대청,71.0028,866.8183,16.514,32.067,58.18,73.16,70.6029,988.4355,0,24.6061,0.2648,14.9312,20.437,0,0,0,0,6.307,4.901,0.422,0,,2.0346,0
2023-01-20,3008110,대청,71.0276,868.1621,20.455,31.753,58.27,73.187,70.6211,990.0182,0.1195,24.6061,0.2648,12.8966,20.534,0,0,0,0,6.134,4.662,0.423,0,,0.8863,0
2023-01-19,3008110,대청,71.0456,869.1382,28.679,31.693,58.33,73.208,70.6379,991.2503,0,24.4866,0.2648,12.0103,20.425,0,0,0,0,6.1,4.745,0.423,0,,0.3131,0
2023-01-18,3008110,대청,71.0504,869.3986,25.804,31.834,58.35,73.24,70.6537,993.1294,0.073,24.4866,0.2375,11.6972,20.447,0,0,0,0,6.18,4.783,0.424,0,,0.5181,0
2023-01-17,3008110,대청,71.06,869.9196,29.295,31.557,58.38,73.26,70.6636,994.305,0,24.4136,0.2375,11.1791,20.44,0,0,0,0,6.019,4.673,0.425,0,,0.9297,0
2023-01-16,3008110,대청,71.0636,870.115,27.882,31.652,58.4,73.25,70.6729,993.7171,0,24.4136,0.1825,10.2494,20.438,0,0,0,0,6.031,4.755,0.428,0,,1.0659,0
2023-01-15,3008110,대청,71.0696,870.4408,37.512,31.48,58.42,73.28,70.6941,995.4813,2.0932,24.4136,0,9.1835,20.435,0,0,0,0,5.868,4.746,0.431,0,,1.6952,0
2023-01-14,3008110,대청,71.06,869.9196,31.605,31.605,58.38,73.33,70.7123,998.4258,3.2432,22.3204,0,7.4883,20.447,0,0,0,0,6.064,4.661,0.433,0,,0.1975,0
2023-01-13,3008110,대청,71.06,869.9196,28.417,31.684,58.38,73.356,70.733,999.959,16.9132,19.0772,0,7.2908,20.443,0,0,0,0,6.065,4.744,0.432,0,,1.2656,0
2023-01-12,3008110,대청,71.0652,870.2019,16.206,31.796,58.4,73.38,70.753,1001.3754,0,2.164,0,6.0252,20.466,0,0,0,0,6.134,4.767,0.429,0,,0.5341,0
2023-01-11,3008110,대청,71.09,871.5489,12.259,31.641,58.49,73.407,70.7744,1002.9704,0,2.164,0,5.4911,20.437,0,0,0,0,6.146,4.628,0.43,0,,0.8544,0
2023-01-10,3008110,대청,71.1208,873.2235,16.083,31.706,58.61,73.43,70.7932,1004.3302,0,2.164,0,4.6367,20.456,0,0,0,0,6.076,4.744,0.43,0,,0.1069,0
2023-01-09,3008110,대청,71.1456,874.5733,25.561,31.613,58.7,73.457,70.8142,1005.9279,0.11,2.164,0,4.5298,20.452,0,0,0,0,5.915,4.814,0.432,0,,0.1115,0
2023-01-08,3008110,대청,71.1552,875.0962,10.419,31.869,58.73,73.479,70.8229,1007.2308,0,2.054,0,4.4183,20.443,0,0,0,0,6.331,4.662,0.433,0,,0.3252,0
2023-01-07,3008110,대청,71.1892,876.9495,18.565,31.701,58.9,73.5,70.8363,1008.4755,1.5926,2.054,0,4.0931,20.44,0,0,0,0,6.088,4.733,0.44,0,,2.0477,0
2023-01-06,3008110,대청,71.21,878.0845,9.572,31.826,58.93,73.52,70.8555,1009.6617,0.3884,0.4614,0,2.0454,20.444,0,0,0,0,6.169,4.775,0.438,0,,1.028,0
2023-01-05,3008110,대청,71.2452,880.0072,9.723,31.753,59.06,73.544,70.8777,1011.0862,0,0.073,0,1.0174,20.449,0,0,0,0,6.215,4.651,0.438,0,,0.3342,0
2023-01-04,3008110,대청,71.28,881.9105,12.584,31.852,59.19,73.57,70.9041,1012.6308,0,0.073,0,0.6832,20.451,0,0,0,0,6.193,4.77,0.438,0,,0.2145,0
2023-01-03,3008110,대청,71.3104,883.5753,17.924,31.882,59.3,73.59,70.9273,1013.8198,0,0.073,0,0.4687,20.44,0,0,0,0,6.145,4.859,0.438,0,,0.0638,0
2023-01-02,3008110,대청,71.3324,884.7813,10.34,31.679,59.38,73.61,70.951,1015.0097,0,0.073,0,0.4049,20.449,0,0,0,0,5.927,4.862,0.441,0,,0.2053,0
2023-01-01,3008110,대청,71.366,886.625,10.242,31.863,59.51,73.64,70.9748,1016.7961,0.073,0.073,0,0.1996,20.439,0,0,0,0,6.215,4.767,0.442,0,,0.1996,0
2022-12-31,3008110,대청,71.4,888.493,11.835,31.699,59.63,73.652,71.361,1017.5112,0.057,973.3963,1181.1514,1195.4131,20.452,0,0,0,0,5.938,4.867,0.442,0,,0.169,0
2022-12-30,3008110,대청,71.4312,890.2093,13.13,31.742,59.75,73.674,71.3869,1018.8229,0.0578,973.3393,1181.1514,1195.2441,20.442,0,0,0,0,6.03,4.828,0.442,0,,0.3665,0
2022-12-29,3008110,대청,71.4604,891.8174,16.13,31.953,59.85,73.7,71.411,1020.3744,0,973.2815,1180.8558,1194.8776,20.822,0,0,0,0,5.88,4.808,0.443,0,,0.5844,0
2022-12-28,3008110,대청,71.4852,893.1845,14.003,36.487,59.95,73.72,71.4345,1021.5688,0.1103,973.2815,1180.8558,1194.2932,25.005,0,0,0,0,6.158,4.881,0.443,0,,0.6992,0
2022-12-27,3008110,대청,71.5204,895.1272,13.486,31.776,60.08,73.74,71.4572,1022.7641,0.3182,973.1712,1180.8558,1193.594,20.444,0,0,0,0,6.088,4.799,0.445,0,,0.2735,0
2022-12-26,3008110,대청,71.549,896.7075,11.198,31.814,60.18,73.77,71.4814,1024.5585,0.1159,972.853,1180.8558,1193.3205,20.452,0,0,0,0,6.042,4.874,0.446,0,,0.6825,0
2022-12-25,3008110,대청,71.5812,898.4887,12.981,31.697,60.3,73.79,71.5053,1025.7557,0.3717,972.7371,1180.8558,1192.638,20.451,0,0,0,0,5.926,4.874,0.446,0,,0.2205,0
2022-12-24,3008110,대청,71.6104,900.1057,21.309,31.573,60.41,73.814,71.5274,1027.1936,0.16,972.3654,1180.8558,1192.4175,20.44,0,0,0,0,5.927,4.756,0.45,0,,1.0308,0
2022-12-23,3008110,대청,71.6264,900.9926,19.418,31.743,60.47,73.84,71.5484,1028.7525,0,972.2054,1180.8558,1191.3867,20.426,0,0,0,0,6.042,4.818,0.457,0,,0.2518,0
2022-12-22,3008110,대청,71.6456,902.0574,15.637,31.827,60.54,73.86,71.5765,1029.9527,0.4929,972.2054,1180.8558,1191.1349,20.441,0,0,0,0,6.088,4.838,0.46,0,,0.6419,0
2022-12-21,3008110,대청,71.6708,903.4563,18.862,31.722,60.63,73.88,71.5967,1031.154,3.7183,971.7125,1180.8558,1190.493,20.44,0,0,0,0,5.984,4.838,0.46,0,,1.0436,0
2022-12-20,3008110,대청,71.6908,904.5673,9.803,31.815,60.71,73.903,71.6164,1032.536,0,967.9942,1180.8558,1189.4494,20.437,0,0,0,0,6.088,4.832,0.458,0,,0.4793,0
2022-12-19,3008110,대청,71.725,906.4692,13.877,31.791,60.84,73.927,71.6368,1033.979,0.0778,967.9942,1180.8558,1188.9701,20.449,0,0,0,0,5.764,5.121,0.457,0,,0.2153,0
2022-12-18,3008110,대청,71.7528,908.017,16.635,32.115,60.94,73.94,71.653,1034.761,0.0634,967.9164,1180.3936,1188.7548,20.442,0,0,0,0,6.169,5.043,0.461,0,,0.0522,0
2022-12-17,3008110,대청,71.7768,909.3544,7.842,31.604,61.03,73.96,71.6698,1035.966,0.2195,967.853,1180.3936,1188.7026,20.444,0,0,0,0,5.765,4.931,0.464,0,,0.4463,0
2022-12-16,3008110,대청,71.8136,911.4075,9.148,31.648,61.17,73.98,71.6845,1037.171,0.0525,967.6335,1180.3936,1188.2563,20.434,0,0,0,0,5.856,4.893,0.465,0,,0.9308,0
2022-12-15,3008110,대청,71.8484,913.3515,21.468,31.564,61.3,74.01,71.7009,1038.98,1.1988,967.581,1180.3936,1187.3255,20.44,0,0,0,0,5.833,4.824,0.467,0,,0.4108,0
2022-12-14,3008110,대청,71.864,914.2238,12.465,31.637,61.36,74.03,71.7173,1040.187,0.5284,966.3822,1180.3936,1186.9147,20.439,0,0,0,0,5.972,4.753,0.473,0,,0.9904,0
2022-12-13,3008110,대청,71.8936,915.8802,19.118,31.695,61.47,74.05,71.7345,1041.395,1.5081,965.8538,1180.3936,1185.9243,20.45,0,0,0,0,6.007,4.761,0.477,0,,1.1029,0
2022-12-12,3008110,대청,71.913,916.9669,42.795,40.85,61.54,74.068,71.7491,1042.483,0,964.3457,1180.3936,1184.8214,29.846,0,0,0,0,5.567,4.874,0.563,0,,0.3855,0
2022-12-11,3008110,대청,71.91,916.7988,19.169,32.143,61.53,74.09,71.7667,1043.813,0,964.3457,1180.3936,1184.4359,20.444,0,0,0,0,6.284,4.778,0.637,0,,0.7891,0
2022-12-10,3008110,대청,71.93,917.9197,18.68,31.663,61.61,74.109,71.7842,1044.9632,0,964.3457,1180.3936,1183.6468,20.447,0,0,0,0,5.799,4.779,0.638,0,,1.5588,0
2022-12-09,3008110,대청,71.95,919.0415,13.428,39.423,61.68,74.12,71.8019,1045.6292,0,964.3457,1180.0826,1182.088,28.006,0,0,0,0,6.018,4.761,0.638,0,,0.9937,0
2022-12-08,3008110,대청,71.99,921.2874,12.378,31.899,61.83,74.133,71.8192,1046.4167,0,964.3457,1180.0826,1181.0943,20.442,0,0,0,0,5.984,4.834,0.639,0,,1.0864,0
2022-12-07,3008110,대청,72.02,922.974,14.175,43.888,61.94,74.149,71.8357,1047.3864,0,964.3457,1180.0826,1180.0079,32.538,0,0,0,0,5.984,4.729,0.637,0,,0.6188,0
2022-12-06,3008110,대청,72.0656,925.5413,18.894,33.247,62.12,74.16,71.8507,1048.0533,0,964.3457,1180.0826,1179.3891,20.434,0,0,0,0,5.88,4.825,2.108,0,,0.8358,0
2022-12-05,3008110,대청,72.0876,926.7814,18.978,33.604,62.2,74.17,71.8632,1048.6598,0,964.3457,1180.0826,1178.5533,20.447,0,0,0,0,5.775,4.803,2.579,0,,0.8469,0
2022-12-04,3008110,대청,72.11,928.045,15.817,35.424,62.28,74.18,71.8767,1049.267,0,964.3457,1180.0826,1177.7064,22.492,0,0,0,0,5.684,4.859,2.389,0,,3.126,0
2022-12-03,3008110,대청,72.14,929.739,14.272,33.9,62.4,74.18,71.8852,1049.267,0.0273,964.3457,1180.0826,1174.5804,20.716,0,0,0,0,5.949,4.846,2.389,0,,1.9293,0
2022-12-02,3008110,대청,72.17,931.4349,26.386,33.719,62.51,74.18,71.899,1049.267,0,964.3184,1178.4417,1172.6511,20.439,0,0,0,0,5.96,4.932,2.388,0,,0.6913,0
2022-12-01,3008110,대청,72.1812,932.0685,33.568,32.782,62.55,74.18,71.9124,1049.267,0,964.3184,1178.1603,1171.9598,20.448,0,0,0,0,5.903,4.037,2.394,0,,0.7195,0
2022-11-30,3008110,대청,72.18,932.0006,31.969,31.707,62.55,74.188,71.9218,1049.752,0.0505,964.3184,1178.1603,1171.2403,20.558,0,0,0,0,5.903,3.642,1.604,0,,3.4852,0
2022-11-29,3008110,대청,72.1796,931.978,31.28,31.28,62.55,74.19,71.9333,1049.874,17.5798,964.2679,1159.4296,1167.7551,20.442,0,0,0,0,5.741,4.072,1.025,0,,1.668,0
2022-11-28,3008110,대청,72.1796,931.978,26.438,33.25,62.55,74.219,71.9485,1051.635,14.4172,946.6881,1159.4296,1166.0871,20.445,0,0,0,0,5.752,4.865,2.188,0,,1.2425,0
2022-11-27,3008110,대청,72.19,932.5665,14.543,33.682,62.59,74.24,71.9629,1052.911,0,932.2709,1159.4296,1164.8446,20.447,0,0,0,0,5.475,4.827,2.933,0,,2.1771,0
2022-11-26,3008110,대청,72.2192,934.2201,11.494,33.542,62.7,74.25,71.979,1053.5195,0,932.2709,1159.4296,1162.6675,20.435,0,0,0,0,5.822,4.813,2.472,0,,1.0791,0
2022-11-25,3008110,대청,72.2528,936.1251,13.809,31.677,62.83,74.275,71.9908,1055.0408,0,932.2709,1159.3541,1161.5884,20.446,0,0,0,0,5.763,4.792,0.676,0,,1.367,0
2022-11-24,3008110,대청,72.28,937.6689,11.385,31.376,62.93,74.291,72.0062,1056.0151,0,932.2709,1159.3541,1160.2214,20.437,0,0,0,0,5.752,4.804,0.383,0,,2.5471,0
2022-11-23,3008110,대청,72.3104,939.3962,11.831,31.317,63.05,74.316,72.0246,1057.5385,0.16,932.2709,1159.1286,1157.6743,20.443,0,0,0,0,5.753,4.771,0.35,0,,0.7282,0
2022-11-22,3008110,대청,72.34,941.0798,9.481,31.362,63.16,74.33,72.0457,1058.3922,0.5328,932.1109,1159.1286,1156.9461,20.437,0,0,0,0,5.752,4.823,0.35,0,,0.3723,0
2022-11-21,3008110,대청,72.3732,942.9703,13.741,31.423,63.29,74.35,72.0678,1059.612,0,931.5781,1155.4896,1156.5738,20.444,0,0,0,0,5.764,4.868,0.347,0,,0.1308,0
2022-11-20,3008110,대청,72.4,944.498,11.483,31.297,63.39,74.37,72.0862,1060.834,0,931.5781,1155.4896,1156.443,20.438,0,0,0,0,5.718,4.778,0.363,0,,0.2165,0
2022-11-19,3008110,대청,72.43,946.2099,11.678,31.513,63.5,74.39,72.1057,1062.055,0,931.5781,1155.4896,1156.2265,20.453,0,0,0,0,5.834,4.894,0.332,0,,1.6166,0
2022-11-18,3008110,대청,72.46,947.9236,18.251,31.486,63.62,74.41,72.1205,1063.278,0.0273,931.5781,1155.4896,1154.6099,20.446,0,0,0,0,5.88,4.813,0.347,0,,1.8749,0
2022-11-17,3008110,대청,72.48,949.0672,18.228,31.473,63.7,74.43,72.1367,1064.502,0,931.5508,1155.4896,1152.735,20.441,0,0,0,0,5.88,4.801,0.351,0,,1.1774,0
2022-11-16,3008110,대청,72.5,950.2115,15.71,31.351,63.77,74.44,72.1533,1065.114,1.7495,931.5508,1155.4896,1151.5576,20.453,0,0,0,0,5.764,4.804,0.33,0,,0.8438,0
2022-11-15,3008110,대청,72.5236,951.5629,13.841,31.353,63.86,74.46,72.1702,1066.338,0.2616,929.8013,1155.4896,1150.7138,20.444,0,0,0,0,5.81,4.807,0.292,0,,0.1087,0
2022-11-14,3008110,대청,72.55,953.076,11.275,31.196,63.96,74.47,72.1848,1066.951,0,929.5397,1155.4896,1150.6051,20.449,0,0,0,0,5.602,4.786,0.359,0,,0.254,0
2022-11-13,3008110,대청,72.58,954.7971,15.278,31.496,64.08,74.49,72.2043,1068.177,11.4324,929.5397,1155.4896,1150.3511,20.446,0,0,0,0,5.857,4.833,0.36,0,,2.0785,0
2022-11-12,3008110,대청,72.6044,956.1983,14.317,31.348,64.17,74.5,72.2269,1068.7903,1.291,918.1073,1155.4896,1148.2726,20.401,0,0,0,0,5.776,4.814,0.357,0,,0.3764,0
2022-11-11,3008110,대청,72.63,957.6697,13.355,31.467,64.27,74.51,72.2519,1069.4038,0,916.8163,1155.3528,1147.8962,20.455,0,0,0,0,5.833,4.81,0.369,0,,1.6145,0
2022-11-10,3008110,대청,72.6572,959.2346,16.29,31.486,64.38,74.52,72.2656,1070.018,0,916.8163,1154.2152,1146.2817,20.439,0,0,0,0,5.845,4.76,0.442,0,,1.7342,0
2022-11-09,3008110,대청,72.68,960.5475,11.43,31.443,64.47,74.53,72.279,1070.631,0,916.8163,1150.7567,1144.5475,20.444,0,0,0,0,5.799,4.851,0.349,0,,1.1941,0
2022-11-08,3008110,대청,72.71,962.2767,16.868,31.291,64.58,74.54,72.2919,1071.246,0,916.8163,1148.1656,1143.3534,20.444,0,0,0,0,5.753,4.741,0.353,0,,4.7572,0
2022-11-07,3008110,대청,72.7316,963.5228,12.1,31.08,64.67,74.544,72.306,1071.491,0,916.8163,1132.6648,1138.5962,20.444,0,0,0,0,5.428,4.853,0.355,0,,1.5926,0
2022-11-06,3008110,대청,72.76,965.1627,11.128,31.198,64.78,74.57,72.3214,1073.089,0,916.8163,1132.6648,1137.0036,20.459,0,0,0,0,5.567,4.817,0.355,0,,2.3601,0
2022-11-05,3008110,대청,72.79,966.8968,11.64,31.732,64.89,74.59,72.3362,1074.319,0,916.8163,1132.6648,1134.6435,20.442,0,0,0,0,6.122,4.814,0.354,0,,1.5003,0
2022-11-04,3008110,대청,72.82,968.6327,11.009,31.122,65.01,74.61,72.3519,1075.55,0,916.8163,1132.6648,1133.1432,20.433,0,0,0,0,5.509,4.824,0.356,0,,0.1958,0
2022-11-03,3008110,대청,72.85,970.3704,11.346,31.48,65.13,74.638,72.3742,1077.275,0,916.8163,1132.6648,1132.9474,20.453,0,0,0,0,5.834,4.834,0.359,0,,0.3948,0
2022-11-02,3008110,대청,72.88,972.11,10.856,31.012,65.24,74.65,72.3924,1078.014,0,916.8163,1132.6648,1132.5526,20.439,0,0,0,0,5.486,4.727,0.36,0,,0.3908,0
2022-11-01,3008110,대청,72.91,973.8515,17.202,30.651,65.36,74.674,72.405,1079.494,0,916.8163,1132.6648,1132.1618,20.461,0,0,0,0,5.116,4.714,0.36,0,,1.3062,0
2022-10-31,3008110,대청,72.93,975.0135,13.147,33.338,65.44,74.69,72.4148,1080.482,0,916.8163,1132.6648,1130.8556,22.441,0,0,0,0,5.775,4.76,0.362,0,,1.9404,0
2022-10-30,3008110,대청,72.96,976.758,12.8,33.013,65.55,74.71,72.4324,1081.717,0,916.8163,1132.6648,1128.9152,22.44,0,0,0,0,5.474,4.734,0.365,0,,0.0021,0
2022-10-29,3008110,대청,72.99,978.5044,14.045,33.199,65.67,74.73,72.4562,1082.953,0,916.8163,1132.6648,1128.9131,22.451,0,0,0,0,5.672,4.71,0.366,0,,0.0806,0
2022-10-28,3008110,대청,73.0184,980.1594,18.731,33.312,65.78,74.75,72.4756,1084.189,0,916.8163,1132.6648,1128.8325,22.447,0,0,0,0,5.857,4.642,0.366,0,,1.2289,0
2022-10-27,3008110,대청,73.04,981.4192,12.457,32.727,65.87,74.766,72.495,1085.179,0,916.8163,1132.6648,1127.6036,22.465,0,0,0,0,5.247,4.649,0.366,0,,1.9045,0
2022-10-26,3008110,대청,73.07,983.1705,12.774,33.065,65.98,74.78,72.5114,1086.046,0,916.8163,1132.6648,1125.6991,22.449,0,0,0,0,5.586,4.663,0.367,0,,1.0741,0
2022-10-25,3008110,대청,73.1,984.9236,12.551,32.864,66.1,74.8,72.5281,1087.284,0,916.8163,1132.6648,1124.625,22.455,0,0,0,0,5.324,4.719,0.366,0,,1.0407,0
2022-10-24,3008110,대청,73.13,986.6786,17.926,31.48,66.22,74.81,72.5429,1087.904,0,916.8163,1132.6648,1123.5843,20.436,0,0,0,0,6.007,4.67,0.367,0,,0.1375,0
2022-10-23,3008110,대청,73.15,987.8496,10.672,31.02,66.3,74.832,72.5572,1089.268,0,916.8163,1132.6648,1123.4468,20.444,0,0,0,0,5.498,4.708,0.37,0,,0.3128,0
2022-10-22,3008110,대청,73.18,989.6077,17.306,30.883,66.42,74.844,72.5683,1090.012,0,916.8163,1132.6648,1123.134,20.438,0,0,0,0,5.451,4.624,0.37,0,,6.194,0
2022-10-21,3008110,대청,73.2,990.7808,14.186,31.307,66.5,74.85,72.5733,1090.385,0,916.8163,1132.6648,1116.94,20.434,0,0,0,0,5.833,4.669,0.371,0,,2.9185,0
2022-10-20,3008110,대청,73.2252,992.2601,15.246,31.294,66.59,74.85,72.5864,1090.385,0,916.8163,1132.6648,1114.0215,20.444,0,0,0,0,5.81,4.67,0.37,0,,0.8914,0
2022-10-19,3008110,대청,73.2488,993.6466,17.995,31.06,66.69,74.85,72.6066,1090.385,0,916.8163,1132.6648,1113.1301,20.458,0,0,0,0,5.556,4.68,0.366,0,,0.2908,0
2022-10-18,3008110,대청,73.268,994.7754,17.358,33.43,66.76,74.86,72.6228,1091.005,0,916.8163,1130.7186,1112.8393,22.473,0,0,0,0,5.948,4.649,0.36,0,,0.4206,0
2022-10-17,3008110,대청,73.2916,996.164,16.542,33.172,66.86,74.848,72.6405,1090.26,0,916.8163,1130.7186,1112.4187,22.445,0,0,0,0,5.626,4.741,0.36,0,,0.5896,0
2022-10-16,3008110,대청,73.316,997.6008,16.738,33.109,66.95,74.834,72.6562,1089.392,0,916.8163,1130.7186,1111.8291,22.4,0,0,0,0,5.463,4.882,0.364,0,,1.1755,0
2022-10-15,3008110,대청,73.34,999.0153,26.202,33.027,67.05,74.84,72.6738,1089.764,0,916.8163,1121.424,1110.6536,22.43,0,0,0,0,5.521,4.709,0.367,0,,1.0463,0
2022-10-14,3008110,대청,73.35,999.6051,21.574,33.319,67.09,74.832,72.6868,1089.268,0,916.8163,1112.629,1109.6073,22.519,0,0,0,0,5.718,4.708,0.374,0,,0.355,0
2022-10-13,3008110,대청,73.3672,1000.6198,24.87,33.615,67.16,74.82,72.6975,1088.524,0,916.8163,1112.629,1109.2523,22.449,0,0,0,0,5.891,4.456,0.819,0,,1.4358,0
2022-10-12,3008110,대청,73.38,1001.3754,22.159,33.643,67.21,74.818,72.7051,1088.4,0,916.8163,1112.629,1107.8165,22.43,0,0,0,0,5.174,4.132,1.907,0,,0.83,0
2022-10-11,3008110,대청,73.3968,1002.3677,25.335,34.363,67.27,74.82,72.7203,1088.524,0.1055,916.8163,1107.6708,1106.9865,22.481,0,0,0,0,5.695,4.084,2.103,0,,1.0267,0
2022-10-10,3008110,대청,73.41,1003.1477,26.972,33.814,67.33,74.81,72.7362,1087.904,3.5904,916.7108,1096.4696,1105.9598,22.434,0,0,0,0,5.232,4.04,2.108,0,,1.017,0
2022-10-09,3008110,대청,73.42,1003.7388,40.748,33.906,67.37,74.828,72.7542,1089.02,11.7229,913.1204,1094.9651,1104.9428,22.446,0,0,0,0,5.312,4.04,2.108,0,,0.5885,0
2022-10-08,3008110,대청,73.41,1003.1477,20.698,34.385,67.33,74.82,72.7543,1088.524,0,901.3975,1094.9651,1104.3543,22.45,0,0,0,0,5.787,4.04,2.108,0,,2.7173,0
2022-10-07,3008110,대청,73.43,1004.3302,33.45,34.545,67.4,74.82,72.7543,1088.524,0.0634,901.3975,1094.6723,1101.637,22.467,0,0,0,0,5.833,4.139,2.106,0,,1.7962,0
2022-10-06,3008110,대청,73.4316,1004.4248,45.188,32.595,67.41,74.824,72.7322,1088.772,0.1472,901.3341,1093.4424,1099.8408,20.449,0,0,0,0,5.903,4.135,2.108,0,,3.5307,0
2022-10-05,3008110,대청,73.4132,1003.3368,82.507,32.49,67.34,74.82,72.6954,1088.524,0.1741,901.1869,1093.4424,1096.3101,20.439,0,0,0,0,5.729,4.219,2.103,0,,5.1574,0
2022-10-04,3008110,대청,73.34,999.0153,93.514,32.192,67.05,74.828,72.707,1089.02,35.2082,901.0128,1093.4424,1091.1527,20.494,0,0,0,0,5.428,4.171,2.099,0,,1.9243,0
2022-10-03,3008110,대청,73.25,993.7171,39.792,32.174,66.69,74.808,72.6942,1087.78,17.4263,865.8046,1093.4424,1089.2284,20.451,0,0,0,0,5.579,4.049,2.095,0,,2.2641,0
2022-10-02,3008110,대청,73.2388,993.0589,22.546,32.341,66.65,74.782,72.6348,1086.17,0.4914,848.3783,1093.4424,1086.9643,20.443,0,0,0,0,5.683,4.122,2.093,0,,5.1446,0
2022-10-01,3008110,대청,73.2532,993.9052,21.118,32.551,66.71,74.74,72.6468,1083.571,0,847.8869,1093.2403,1081.8197,20.442,0,0,0,0,5.822,4.193,2.094,0,,3.1361,0
2022-09-30,3008110,대청,73.27,994.893,20.063,40.497,66.77,74.672,72.652,1079.371,0,847.8869,1093.2403,1078.6836,28.526,0,0,0,0,5.695,4.178,2.098,0,,1.153,0
2022-09-29,3008110,대청,73.3,996.6585,16.723,40.726,66.89,74.59,72.679,1074.319,0,847.8869,1092.593,1077.5306,28.545,0,0,0,0,5.903,4.18,2.098,0,,4.1614,0
2022-09-28,3008110,대청,73.3352,998.7323,16.714,40.473,67.03,74.55,72.7007,1071.86,0,847.8869,1063.0186,1073.3692,28.541,0,0,0,0,5.718,4.117,2.097,0,,2.1581,0
2022-09-27,3008110,대청,73.37,1000.7851,18.893,39.398,67.17,74.552,72.7263,1071.983,0,847.8869,1062.5159,1071.2111,28.536,0,0,0,0,5.671,3.09,2.101,0,,3.6838,0
2022-09-26,3008110,대청,73.4,1002.5567,25.515,39.197,67.29,74.56,72.7529,1072.474,0,847.8869,1062.5159,1067.5273,28.528,0,0,0,0,5.822,2.744,2.103,0,,0.0826,0
2022-09-25,3008110,대청,73.42,1003.7388,18.474,39.014,67.37,74.55,72.7824,1071.86,0,847.8869,1062.5159,1067.4447,28.532,0,0,0,0,5.636,2.743,2.103,0,,0.3226,0
2022-09-24,3008110,대청,73.45,1005.5135,25.192,38.898,67.48,74.538,72.7956,1071.123,0,847.8869,1062.3812,1067.1221,28.532,0,0,0,0,5.545,2.717,2.104,0,,3.4846,0
2022-09-23,3008110,대청,73.47,1006.6977,14.131,39.374,67.56,74.502,72.7939,1068.913,0,847.8869,1062.3812,1063.6375,28.52,0,0,0,0,5.926,2.824,2.104,0,,0.8433,0
2022-09-22,3008110,대청,73.5068,1008.8787,19.235,39.288,67.71,74.44,72.7498,1065.114,0,847.8869,1062.3812,1062.7942,28.527,0,0,0,0,5.914,2.738,2.109,0,,4.8576,0
2022-09-21,3008110,대청,73.536,1010.6112,27.809,39.08,67.83,74.336,72.7272,1058.758,0,847.8869,1057.263,1057.9366,28.532,0,0,0,0,5.73,2.718,2.1,0,,7.0385,0
2022-09-20,3008110,대청,73.5524,1011.5851,26.806,38.909,67.89,74.27,72.7363,1054.736,0,847.8869,1033.0578,1050.8981,28.54,0,0,0,0,5.81,2.717,1.842,0,,2.665,0
2022-09-19,3008110,대청,73.57,1012.6308,25.21,38.972,67.96,74.24,72.7629,1052.911,0,847.8869,1033.0578,1048.2331,28.52,0,0,0,0,5.938,2.761,1.753,0,,0.5033,0
2022-09-18,3008110,대청,73.59,1013.8198,25.26,39.032,68.04,74.18,72.8076,1049.267,0.0755,847.8869,1033.0578,1047.7298,28.529,0,0,0,0,5.902,2.735,1.866,0,,3.2062,0
2022-09-17,3008110,대청,73.61,1015.0097,32.453,39.343,68.12,74.056,72.7441,1041.758,0.2114,847.8114,1033.0578,1044.5236,28.522,0,0,0,0,5.891,2.832,2.098,0,,11.6556,0
2022-09-16,3008110,대청,73.62,1015.605,42.237,35.347,68.16,74.06,72.6133,1041.999,0,847.6,1005.2737,1032.868,24.485,0,0,0,0,6.099,2.718,2.045,0,,6.7339,0
2022-09-15,3008110,대청,73.61,1015.0097,40.825,30.908,68.12,74.13,72.6533,1046.235,0,847.6,1005.021,1026.1341,20.435,0,0,0,0,5.718,2.703,2.052,0,,3.311,0
2022-09-14,3008110,대청,73.5956,1014.1529,46.018,35.28,68.06,74.21,72.7093,1051.088,0,847.6,1005.021,1022.8231,24.513,0,0,0,0,5.96,2.721,2.086,0,,3.4339,0
2022-09-13,3008110,대청,73.58,1013.2252,71.859,85.626,68,74.284,72.7316,1055.589,0.1265,847.6,1005.021,1019.3892,74.749,0,0,0,0,6.042,2.729,2.106,0,,2.5312,0
2022-09-12,3008110,대청,73.6,1014.4147,66.869,122.033,68.08,74.28,72.5905,1055.345,0,847.4735,1005.021,1016.858,111.941,0,0,0,0,5.278,2.704,2.11,0,,8.449,0
2022-09-11,3008110,대청,73.68,1019.1808,73.734,122.127,68.4,74.24,72.6114,1052.911,0,847.4735,1005.021,1008.409,112.015,0,0,0,0,5.337,2.661,2.114,0,,6.5681,0
2022-09-10,3008110,대청,73.75,1023.362,101.022,121.797,68.68,74.18,72.6452,1049.2666,0,847.4735,1005.021,1001.8409,112.04,0,0,0,0,4.977,2.664,2.116,0,,2.0419,0
2022-09-09,3008110,대청,73.78,1025.157,134.752,123.392,68.8,74.11,72.6605,1045.0237,0,847.4735,1005.021,999.799,111.968,0,0,0,0,5.96,3.352,2.112,0,,3.2316,0
2022-09-08,3008110,대청,73.7636,1024.1755,237.109,124.137,68.74,73.99,72.6292,1037.7736,0,847.4735,1004.9632,996.5674,111.98,0,0,0,0,6.099,3.956,2.102,0,,2.8707,0
2022-09-07,3008110,대청,73.6,1014.4147,643.405,125.049,68.08,73.84,72.5567,1028.753,0,847.4735,1004.127,993.6967,112.964,0,0,0,0,6.054,3.954,2.077,0,,4.8754,0
2022-09-06,3008110,대청,72.8372,969.6288,999.8,274.584,65.08,73.69,72.578,1019.778,51.3108,847.4735,997.742,988.8213,116.12,109.119,0,0,37.52,5.695,4.133,1.997,0,,7.5698,0
2022-09-05,3008110,대청,71.734,906.9701,193.618,786.544,60.87,73.59,72.6459,1013.82,38.6906,796.1627,974.0984,981.2515,116.789,493.053,0,0,164.263,5.81,4.615,2.014,0,,8.5246,0
2022-09-04,3008110,대청,72.6392,958.1989,77.505,522.094,64.31,73.5,72.8171,1008.475,0.5186,757.4721,973.0365,972.7269,114.306,395.326,0,0,0,5.775,4.626,2.061,0,,5.5068,0
2022-09-03,3008110,대청,73.2992,996.6114,76.571,213.886,66.89,73.37,72.91,1000.785,0.5011,756.9535,973.0365,967.2201,112.741,88.511,0,0,0,5.926,4.63,2.078,0,,6.4271,0
2022-09-02,3008110,대청,73.5,1008.4755,84.187,125.403,67.68,73,72.9138,979.087,0.0449,756.4524,973.0365,960.793,112.53,0,0,0,0,6.099,4.69,2.084,0,,7.1578,0
2022-09-01,3008110,대청,73.56,1012.0365,97.75,125.275,67.92,72.4,72.8481,944.498,0,756.4075,972.7676,953.6352,112.39,0,0,0,0,6.1,4.699,2.086,0,,8.9523,0
2022-08-31,3008110,대청,73.6,1014.4147,90.206,124.666,68.08,72.35,72.4705,941.649,14.5221,756.4075,933.113,944.6829,112.347,0,0,0,0,5.602,4.63,2.087,0,,15.4921,0
2022-08-30,3008110,대청,73.65,1017.392,69.364,124.623,68.28,72.91,72.299,973.852,13.019,741.8854,931.4555,929.1908,112.28,0,0,0,0,5.625,4.63,2.088,0,,12.1253,0
2022-08-29,3008110,대청,73.73,1022.1664,46.336,124.509,68.6,72.51,72.1305,950.784,2.8297,728.8664,931.3921,917.0655,112.059,0,0,0,0,5.718,4.674,2.058,0,,6.9733,0
2022-08-28,3008110,대청,73.8428,1028.9205,49.167,123.739,69.06,72.33,72.1097,940.511,0,726.0367,904.3032,910.0922,111.569,0,0,0,0,5.486,4.65,2.034,0,,6.7216,0
2022-08-27,3008110,대청,73.95,1035.3635,68.076,123.904,69.49,71.96,72.069,919.603,0,726.0367,904.2507,903.3706,111.499,0,0,0,0,5.694,4.675,2.036,0,,10.1927,0
2022-08-26,3008110,대청,74.03,1040.1871,82.288,124.259,69.81,72.06,71.9981,925.226,0,726.0367,870.8594,893.1779,111.581,0,0,0,0,6.041,4.674,1.963,0,,8.4723,0
2022-08-25,3008110,대청,74.09,1043.8133,100.995,122.012,70.05,72.03,72.0205,923.537,0.146,726.0367,869.9234,884.7056,111.576,0,0,0,0,5.706,4.643,0.087,0,,8.8192,0
2022-08-24,3008110,대청,74.12,1045.6292,132.736,124.046,70.18,71.21,71.9786,878.084,1.9789,725.8907,860.0799,875.8864,111.726,0,0,0,0,5.567,4.635,2.118,0,,8.5724,0
2022-08-23,3008110,대청,74.1076,1044.8784,137.045,110.718,70.13,70.67,72.0275,848.908,18.5421,723.9118,810.8607,867.314,98.222,0,0,0,0,5.81,4.572,2.114,0,,8.5918,0
2022-08-22,3008110,대청,74.07,1042.6038,124.785,96.814,69.97,70.7,72.0429,850.513,0,705.3697,762.3726,858.7222,84.261,0,0,0,0,5.775,4.672,2.106,0,,8.8789,0
2022-08-21,3008110,대청,74.03,1040.1871,250.754,96.482,69.81,70.7,72.0238,850.513,0,705.3697,762.2997,849.8433,84.327,0,0,0,0,5.347,4.714,2.094,0,,7.8777,0
2022-08-20,3008110,대청,73.8084,1026.858,461.417,66.145,68.92,70.68,71.9037,849.443,40.2401,705.3697,734.3909,841.9656,53.594,0,0,0,0,5.856,4.63,2.065,0,,9.7101,0
2022-08-19,3008110,대청,73.2328,992.7064,138.671,35.062,66.62,70.73,71.7558,852.12,0,665.1296,734.211,832.2555,22.451,0,0,0,0,5.972,4.588,2.051,0,,7.6885,0
2022-08-18,3008110,대청,73.08,983.7546,235.294,32.417,66.02,70.78,71.491,854.802,0.055,665.1296,727.9648,824.567,20.801,0,0,0,0,4.953,4.627,2.036,0,,13.2493,0
2022-08-17,3008110,대청,72.7784,966.226,565.555,32.95,64.85,70.84,71.4161,858.028,7.8057,665.0746,725.5177,811.3177,20.446,0,0,0,0,5.926,4.572,2.006,0,,4.8715,0
2022-08-16,3008110,대청,71.9708,920.2089,770.059,32.941,61.76,70.89,71.2472,860.722,64.7708,657.2689,724.6033,806.4462,20.434,0,0,0,0,6.053,4.518,1.936,0,,12.7354,0
2022-08-15,3008110,대청,70.812,856.5219,151.611,32.566,57.48,70.95,70.9096,863.961,0.5192,592.4981,724.6033,793.7108,20.46,0,0,0,0,5.695,4.501,1.91,0,,9.6731,0
2022-08-14,3008110,대청,70.62,846.2365,184.414,32.437,56.79,70.99,70.731,866.125,3.346,591.9789,724.6033,784.0377,20.45,0,0,0,0,5.695,4.399,1.893,0,,7.1734,0
2022-08-13,3008110,대청,70.3728,833.1056,257.391,32.638,55.91,71.04,70.6001,868.834,9.8021,588.6329,721.0779,776.8643,20.445,0,0,0,0,5.891,4.432,1.87,0,,10.1681,0
2022-08-12,3008110,대청,70.0028,813.687,546.143,32.629,54.61,71.08,70.5306,871.006,4.9968,578.8308,720.6502,766.6962,20.459,0,0,0,0,5.915,4.422,1.833,0,,6.3013,0
2022-08-11,3008110,대청,69.1364,769.3194,466.627,41.311,51.63,71.07,70.5265,870.462,54.6007,573.834,720.5977,760.3949,29.514,0,0,0,0,5.706,4.309,1.782,0,,11.6317,0
2022-08-10,3008110,대청,68.3948,732.5722,255.974,50.688,49.17,71.12,70.4359,873.18,59.115,519.2333,720.5424,748.7632,39.004,0,0,0,0,5.66,4.266,1.758,0,,15.1433,0
2022-08-09,3008110,대청,68.0284,714.8354,25.258,54.197,47.98,71.15,70.388,874.813,1.9567,460.1183,710.5052,733.6199,39.21,0,0,0,0,6.041,4.273,4.673,0,,6.5562,0
2022-08-08,3008110,대청,68.0804,717.3358,21.536,60.371,48.14,71.18,70.2053,876.448,0.037,458.1616,710.5052,727.0637,42.818,0,0,0,0,5.822,4.339,7.392,0,,10.5739,0
2022-08-07,3008110,대청,68.15,720.6911,26.336,59.907,48.37,71.18,69.9448,876.448,1.4703,458.1246,707.3024,716.4898,42.39,0,0,0,0,5.73,4.354,7.433,0,,12.5082,0
2022-08-06,3008110,대청,68.21,723.5917,27.949,60.259,48.56,71.17,69.8319,875.903,0,456.6543,707.0558,703.9816,42.374,0,0,0,0,6.145,4.323,7.417,0,,10.7706,0
2022-08-05,3008110,대청,68.2676,726.3833,39.26,63.094,48.75,71.17,69.8351,875.903,1.6596,456.6543,699.8165,693.211,42.381,0,0,0,0,5.938,4.334,10.441,0,,2.2163,0
2022-08-04,3008110,대청,68.31,728.4425,59.402,47.929,48.89,71.14,69.8505,874.268,6.112,454.9947,696.5986,690.9947,31.594,0,0,0,0,6.169,4.359,5.807,0,,4.8805,0
2022-08-03,3008110,대청,68.2896,727.4513,64.911,37.058,48.82,71,69.8386,866.667,0.5866,448.8827,696.4909,686.1142,20.785,0,0,0,0,5.972,4.369,5.932,0,,8.6678,0
2022-08-02,3008110,대청,68.24,725.0448,44.471,47.388,48.66,70.77,69.7795,854.266,2.8548,448.2961,692.6651,677.4464,31.592,0,0,0,0,5.914,4.31,5.572,0,,5.3895,0
2022-08-01,3008110,대청,68.2452,725.2968,31.848,57.008,48.68,70.69,69.8722,849.978,4.5771,445.4413,668.6144,672.0569,42.38,0,0,0,0,5.845,4.331,4.452,0,,5.557,0
2022-07-31,3008110,대청,68.29,727.4707,28.337,42.286,48.82,70.72,69.9581,851.584,18.8289,440.8642,627.1164,666.4999,26.322,0,0,0,0,5.741,4.444,5.779,0,,4.1645,0
2022-07-30,3008110,대청,68.3148,728.6759,16.409,44.351,48.9,70.77,70.0455,854.266,0,422.0353,617.4119,662.3354,26.358,0,0,0,0,6.065,4.464,7.464,0,,6.0592,0
2022-07-29,3008110,대청,68.3644,731.09,18.13,43.87,49.07,70.82,69.925,856.952,0,422.0353,617.2217,656.2762,26.361,0,0,0,0,6.111,4.375,7.023,0,,7.1488,0
2022-07-28,3008110,대청,68.41,733.314,24.32,41.281,49.22,70.86,69.9224,859.105,0,422.0353,613.1519,649.1274,26.35,0,0,0,0,5.961,4.333,4.637,0,,7.5535,0
2022-07-27,3008110,대청,68.44,734.7794,29.918,41.237,49.31,70.91,70.0119,861.801,0,422.0353,613.1519,641.5739,26.346,0,0,0,0,6.134,4.334,4.423,0,,2.2174,0
2022-07-26,3008110,대청,68.46,735.7574,42.257,35.917,49.38,70.96,70.0671,864.502,0,422.0353,613.1519,639.3565,23.595,0,0,0,0,6.053,4.262,2.007,0,,4.629,0
2022-07-25,3008110,대청,68.4488,735.2096,51.698,35.409,49.34,71,70.0118,866.667,0.3917,422.0353,613.1519,634.7275,23.578,0,0,0,0,5.81,4.458,1.563,0,,9.6696,0
2022-07-24,3008110,대청,68.42,733.8022,47.74,35.31,49.25,71.05,69.9143,869.377,8.9372,421.6436,613.1519,625.0579,23.574,0,0,0,0,5.788,4.388,1.56,0,,4.2794,0
2022-07-23,3008110,대청,68.398,732.7283,65.151,32.437,49.18,71.09,69.8761,871.549,5.3492,412.7064,613.1519,620.7785,20.73,0,0,0,0,5.798,4.354,1.555,0,,8.9684,0
2022-07-22,3008110,대청,68.34,729.9018,61.17,32.808,48.99,71.12,69.809,873.18,1.004,407.3572,613.1519,611.8101,20.809,0,0,0,0,6.053,4.402,1.544,0,,6.9937,0
2022-07-21,3008110,대청,68.2896,727.4513,88.601,32.73,48.82,71.15,69.8219,874.813,13.8325,406.3532,613.1519,604.8164,20.797,0,0,0,0,6.042,4.358,1.533,0,,6.1163,0
2022-07-20,3008110,대청,68.19,722.624,129.124,32.754,48.5,71.17,69.819,875.903,0,392.5207,613.1519,598.7001,20.8,0,0,0,0,6.076,4.356,1.522,0,,4.801,0
2022-07-19,3008110,대청,68.0172,714.2976,205.37,35.807,47.94,71.17,69.8722,875.903,0.5754,392.5207,613.0885,593.8991,24.265,0,0,0,0,5.915,4.371,1.256,0,,7.1089,0
2022-07-18,3008110,대청,67.71,699.6474,82.656,38.869,46.96,71.17,69.8943,875.903,68.643,391.9453,609.4758,586.7902,27.703,0,0,0,0,5.868,4.292,1.006,0,,9.515,0
2022-07-17,3008110,대청,67.63,695.8642,13.972,35.846,46.7,71.17,69.8229,875.903,0,323.3023,605.8781,577.2752,24.239,0,0,0,0,5.845,4.365,1.397,0,,11.5108,0
2022-07-16,3008110,대청,67.67,697.7542,21.033,32.642,46.83,71.17,69.5962,875.903,3.6568,323.3023,604.2178,565.7644,20.813,0,0,0,0,6.053,4.376,1.4,0,,10.6148,0
2022-07-15,3008110,대청,67.6912,698.7572,19.62,35.408,46.9,71.39,69.5282,887.943,0,319.6455,598.5135,555.1496,24.236,0,0,0,0,6.065,4.363,0.744,0,,9.1794,0
2022-07-14,3008110,대청,67.72,700.1212,22.015,38.482,46.99,71.6,69.4019,899.53,0.3263,319.6455,596.9316,545.9702,27.683,0,0,0,0,5.868,4.32,0.611,0,,8.5745,0
2022-07-13,3008110,대청,67.75,701.544,26.95,39.039,47.08,71.8,69.4262,910.648,14.9554,319.3192,596.1332,537.3957,27.773,0,0,0,0,6.284,4.367,0.615,0,,10.7886,0
2022-07-12,3008110,대청,67.772,702.5885,15.028,38.69,47.15,71.97,69.2444,920.164,1.7186,304.3638,596.1332,526.6071,27.683,0,0,0,0,6.054,4.334,0.619,0,,10.5277,0
2022-07-11,3008110,대청,67.815,704.6329,20.956,38.594,47.29,72.14,69.1421,929.739,8.5172,302.6452,595.9215,516.0794,27.676,0,0,0,0,5.903,4.399,0.616,0,,12.6057,0
2022-07-10,3008110,대청,67.847,706.1568,15.589,38.776,47.39,72.27,68.7351,937.101,5.114,294.128,592.769,503.4737,27.71,0,0,0,0,5.995,4.451,0.62,0,,17.4625,0
2022-07-09,3008110,대청,67.889,708.1601,16.026,38.701,47.53,72.3,68.2066,938.805,0,289.014,583.9787,486.0112,27.686,0,0,0,0,5.995,4.405,0.615,0,,20.3611,0
2022-07-08,3008110,대청,67.93,710.1193,16.559,38.72,47.66,71.83,67.9848,912.323,2.3868,289.014,581.394,465.6501,27.7,0,0,0,0,6.077,4.331,0.612,0,,10.0001,0
2022-07-07,3008110,대청,67.97,712.034,28.391,39.486,47.79,69.44,67.77,784.69,0.1662,286.6272,514.8173,455.65,27.697,0,0,0,0,6.308,4.41,1.071,0,,6.7948,0
2022-07-06,3008110,대청,67.99,712.9926,24.65,35.754,47.85,68.78,67.5533,751.518,3.6315,286.461,478.4414,448.8552,24.28,0,0,0,0,6.216,4.346,0.912,0,,14.1508,0
2022-07-05,3008110,대청,68.01,713.952,24.28,35.394,47.92,68.74,67.3519,749.536,2.077,282.8295,457.4126,434.7044,24.258,0,0,0,0,6.111,4.392,0.633,0,,11.3817,0
2022-07-04,3008110,대청,68.03,714.9123,19.841,35.417,47.98,69.07,67.221,765.983,2.2919,280.7525,425.4091,423.3227,24.239,0,0,0,0,6.123,4.437,0.618,0,,9.7226,0
2022-07-03,3008110,대청,68.058,716.258,26.206,31.773,48.07,69.25,67.0304,775.049,10.2217,278.4606,420.2914,413.6001,20.747,0,0,0,0,6.03,4.378,0.618,0,,17.5671,0
2022-07-02,3008110,대청,68.068,716.739,19.997,32.253,48.1,69.31,66.8851,778.085,0,268.2389,391.1911,396.033,20.784,0,0,0,0,6.389,4.461,0.619,0,,12.8728,0
2022-07-01,3008110,대청,68.09,717.798,24.319,35.471,48.17,69.42,66.78,783.672,0,268.2389,391.1911,383.1602,24.251,0,0,0,0,6.169,4.434,0.617,0,,12.2944,0
2022-06-30,3008110,대청,68.11,718.7616,26.006,57.842,48.24,69.53,66.79,789.284,4.2386,268.2389,391.0869,370.8658,46.749,0,0,0,0,6.042,4.434,0.617,0,,4.0109,0
2022-06-29,3008110,대청,68.167,721.5122,29.262,57.813,48.42,69.57,66.8589,791.33,2.0229,264.0003,390.4426,366.8549,46.746,0,0,0,0,6.111,4.342,0.614,0,,5.864,0
2022-06-28,3008110,대청,68.218,723.979,28.261,57.997,48.59,69.62,66.898,793.893,0,261.9774,387.3806,360.9909,46.765,0,0,0,0,6.183,4.428,0.621,0,,4.333,0
2022-06-27,3008110,대청,68.271,726.5482,42.755,59.617,48.76,69.69,66.9,797.49,2.1126,261.9774,386.7523,356.6579,46.755,0,0,0,0,6.054,4.375,2.433,0,,9.2762,0
2022-06-26,3008110,대청,68.301,728.0051,60.054,60.054,48.86,69.73,66.9224,799.55,1.0911,259.8648,386.6998,347.3817,46.758,0,0,0,0,5.984,4.37,2.942,0,,5.8901,0
2022-06-25,3008110,대청,68.301,728.0051,103.303,57.826,48.86,69.77,66.9386,801.614,0.2915,258.7737,381.7213,341.4916,46.735,0,0,0,0,5.984,4.43,0.677,0,,4.2996,0
2022-06-24,3008110,대청,68.22,724.0759,58.081,57.521,48.6,69.82,66.8586,804.197,30.8801,258.4822,374.4099,337.192,46.769,0,0,0,0,5.937,4.299,0.516,0,,10.5134,0
2022-06-23,3008110,대청,68.219,724.0274,34.903,57.902,48.59,69.87,66.8457,806.786,25.3272,227.6021,374.3529,326.6786,46.752,0,0,0,0,6.366,4.354,0.43,0,,6.0158,0
2022-06-22,3008110,대청,68.26,726.0145,10.743,62.496,48.73,69.94,66.8981,810.419,0,202.2749,369.2942,320.6628,46.762,0,0,0,0,6.4,4.429,4.905,0,,5.3458,0
2022-06-21,3008110,대청,68.352,730.486,13.711,63.403,49.03,70,66.9577,813.541,0,202.2749,368.0566,315.317,46.783,0,0,0,0,6.366,4.383,5.871,0,,3.964,0
2022-06-20,3008110,대청,68.44,734.7794,16.024,63.062,49.31,70.06,66.8581,816.671,0.1988,202.2749,368.0566,311.353,46.774,0,0,0,0,6.053,4.342,5.893,0,,7.5836,0
2022-06-19,3008110,대청,68.523,738.8435,13.014,63.066,49.59,70.12,66.8187,819.807,0,202.0761,368.0566,303.7694,46.751,0,0,0,0,5.996,4.414,5.905,0,,6.0522,0
2022-06-18,3008110,대청,68.611,743.168,17.832,62.922,49.88,70.18,66.8872,822.952,0,202.0761,368.0566,297.7172,46.764,0,0,0,0,5.914,4.309,5.935,0,,6.1601,0
2022-06-17,3008110,대청,68.69,747.0638,21.382,63.18,50.14,70.22,66.9819,825.052,0,202.0761,365.2749,291.5571,46.724,0,0,0,0,6.146,4.35,5.96,0,,2.4765,0
2022-06-16,3008110,대청,68.763,750.6752,24.128,62.603,50.38,70.28,67.0897,828.209,0,202.0761,364.9194,289.0806,46.765,0,0,0,0,5.846,4.338,5.654,0,,0.3404,0
2022-06-15,3008110,대청,68.83,753.9994,29.465,62.282,50.6,70.34,67.1938,831.373,17.3557,202.0761,364.542,288.7402,46.756,0,0,0,0,5.903,4.324,5.299,0,,2.5199,0
2022-06-14,3008110,대청,68.887,756.8347,15.636,62.982,50.79,70.4,67.2718,834.544,7.3396,184.7204,362.7086,286.2203,46.765,0,0,0,0,5.926,4.334,5.957,0,,5.5712,0
2022-06-13,3008110,대청,68.969,760.9254,10.269,62.999,51.07,70.46,67.3619,837.723,0,177.3808,362.7086,280.6491,46.73,0,0,0,0,5.88,4.401,5.988,0,,1.4559,0
2022-06-12,3008110,대청,69.06,765.4813,7.939,63.198,51.37,70.5,67.4638,839.847,0.105,177.3808,362.6561,279.1932,46.82,0,0,0,0,5.996,4.374,6.008,0,,2.0394,0
2022-06-11,3008110,대청,69.155,770.2557,19.848,63.626,51.7,70.52,67.5655,840.909,0.2757,177.2758,362.6561,277.1538,46.766,0,0,0,0,6.157,4.428,6.275,0,,3.8557,0
2022-06-10,3008110,대청,69.23,774.0381,16.179,63.023,51.95,70.54,67.661,841.973,0.2038,177.0001,347.652,273.2981,46.758,0,0,0,0,5.972,4.486,5.807,0,,6.2662,0
2022-06-09,3008110,대청,69.31,778.0854,16.289,63.286,52.22,70.58,67.7762,844.103,2.2934,176.7963,346.3567,267.0319,46.777,0,0,0,0,5.984,4.449,6.076,0,,0.6048,0
2022-06-08,3008110,대청,69.39,782.1459,22.042,63.289,52.49,70.62,67.899,846.236,0,174.5029,346.3567,266.4271,46.783,0,0,0,0,5.926,4.492,6.088,0,,2.5476,0
2022-06-07,3008110,대청,69.46,785.7097,10.049,63.253,52.73,70.65,68.0238,847.839,9.7251,174.5029,346.3567,263.8795,46.769,0,0,0,0,5.938,4.465,6.081,0,,1.2252,0
2022-06-06,3008110,대청,69.55,790.3065,9.272,62.669,53.04,70.65,68.1467,847.839,2.6411,164.7778,346.3567,262.6543,46.739,0,0,0,0,5.349,4.435,6.146,0,,1.3208,0
2022-06-05,3008110,대청,69.64,794.9201,20.196,63.053,53.35,70.64,68.2671,847.304,11.1273,162.1367,346.1817,261.3335,46.756,0,0,0,0,5.705,4.449,6.143,0,,0.9592,0
2022-06-04,3008110,대청,69.712,798.6229,5.273,63.805,53.6,70.57,68.3868,843.57,0,151.0094,346.1817,260.3743,46.792,0,0,0,0,6.273,4.572,6.168,0,,0.0996,0
2022-06-03,3008110,대청,69.81,803.6801,11.319,63.473,53.94,70.53,68.501,841.441,0,151.0094,344.538,260.2747,46.746,0,0,0,0,6.042,4.483,6.202,0,,1.9156,0
2022-06-02,3008110,대청,69.897,808.1862,8.358,63.706,54.24,70.52,68.6094,840.909,0,151.0094,317.1227,258.3591,46.757,0,0,0,0,6.146,4.576,6.227,0,,1.0612,0
2022-06-01,3008110,대청,69.989,812.9682,8.421,63.365,54.56,70.55,68.719,842.505,0,151.0094,317.1227,257.2979,46.752,0,0,0,0,5.891,4.478,6.244,0,,1.6786,0
2022-05-31,3008110,대청,70.08,817.7154,9.528,50.714,54.88,70.54,68.8219,841.973,0.0663,151.0094,317.1227,255.6193,34.182,0,0,0,0,5.741,4.515,6.276,0,,0.4646,0
2022-05-30,3008110,대청,70.148,821.2739,10.734,50.814,55.12,70.5,68.8909,839.847,0.5858,150.9431,309.3191,255.1547,34.18,0,0,0,0,5.787,4.56,6.287,0,,3.1713,0
2022-05-29,3008110,대청,70.214,824.7368,10.758,50.942,55.35,70.45,68.964,837.193,0,150.3573,303.8341,251.9834,34.176,0,0,0,0,5.949,4.513,6.304,0,,0.6926,0
2022-05-28,3008110,대청,70.28,828.2088,8.071,50.804,55.58,70.37,69.0448,832.958,0,150.3573,303.8341,251.2908,34.182,0,0,0,0,5.787,4.496,6.339,0,,3.96,0
2022-05-27,3008110,대청,70.35,831.9009,8.047,50.897,55.83,70.34,69.1224,831.373,0.1042,150.3573,274.2994,247.3308,34.179,0,0,0,0,5.903,4.475,6.34,0,,2.8496,0
2022-05-26,3008110,대청,70.42,835.6031,14.54,51.361,56.08,70.35,69.2048,831.901,2.081,150.2531,273.0604,244.4812,34.174,0,0,0,0,6.296,4.522,6.369,0,,0.7742,0
2022-05-25,3008110,대청,70.48,838.7845,7.899,50.966,56.29,70.38,69.271,833.486,0,148.1721,273.0604,243.707,34.179,0,0,0,0,5.845,4.548,6.394,0,,1.7329,0
2022-05-24,3008110,대청,70.55,842.5054,12.79,49.797,56.54,70.4,69.3338,834.544,0,148.1721,271.5631,241.9741,32.833,0,0,0,0,5.996,4.553,6.415,0,,2.4831,0
2022-05-23,3008110,대청,70.61,845.7028,12.787,49.88,56.76,70.41,69.3857,835.074,0,148.1721,271.5631,239.491,32.851,0,0,0,0,6.007,4.604,6.418,0,,1.8951,0
2022-05-22,3008110,대청,70.67,848.9077,16.199,49.656,56.97,70.4,69.4357,834.544,0,148.1721,271.5631,237.5959,32.849,0,0,0,0,5.834,4.527,6.446,0,,1.7232,0
2022-05-21,3008110,대청,70.724,851.7983,8.826,49.812,57.17,70.38,69.4773,833.486,0,148.1721,271.5631,235.8727,32.889,0,0,0,0,5.868,4.585,6.47,0,,2.8504,0
2022-05-20,3008110,대청,70.79,855.3395,12.54,49.89,57.41,70.36,69.5238,832.429,0,148.1721,268.5713,233.0223,32.842,0,0,0,0,6.006,4.558,6.484,0,,0.7811,0
2022-05-19,3008110,대청,70.85,858.5666,12.512,49.948,57.62,70.33,69.5705,830.845,0,148.1721,258.1745,232.2412,32.852,0,0,0,0,6.053,4.564,6.479,0,,2.7238,0
2022-05-18,3008110,대청,70.91,861.8011,12.503,50.025,57.84,70.29,69.6105,828.736,0,148.1721,258.1745,229.5174,32.844,0,0,0,0,6.181,4.515,6.485,0,,6.5724,0
2022-05-17,3008110,대청,70.97,865.0429,13.415,51.022,58.06,70.22,69.6562,825.052,0,148.1721,257.8024,222.945,34.172,0,0,0,0,5.821,4.515,6.514,0,,2.0905,0
2022-05-16,3008110,대청,71.03,868.2922,13.612,51.305,58.27,70.17,69.7062,822.427,0,148.1721,253.1151,220.8545,34.174,0,0,0,0,6.03,4.557,6.544,0,,5.3438,0
2022-05-15,3008110,대청,71.09,871.5489,13.887,51.666,58.49,70.15,69.7505,821.379,0,148.1721,213.3707,215.5107,34.897,0,0,0,0,5.613,4.577,6.579,0,,1.9245,0
2022-05-14,3008110,대청,71.15,874.813,12.225,52.617,58.71,70.18,69.8014,822.952,0,148.1721,211.0671,213.5862,34.913,0,0,0,0,6.551,4.57,6.583,0,,0.9407,0
2022-05-13,3008110,대청,71.214,878.3028,16.36,51.783,58.95,70.22,69.8488,825.052,0.4423,148.1721,211.0671,212.6455,34.896,0,0,0,0,5.695,4.588,6.604,0,,0.6594,0
2022-05-12,3008110,대청,71.27,881.3633,17.036,51.264,59.15,70.25,69.8776,826.63,0,147.7298,211.0671,211.9861,34.143,0,0,0,0,5.949,4.544,6.628,0,,2.9595,0
2022-05-11,3008110,대청,71.324,884.3207,13.83,51.307,59.35,70.28,69.8711,828.209,0,147.7298,211.0671,209.0266,34.135,0,0,0,0,5.96,4.575,6.637,0,,3.4062,0
2022-05-10,3008110,대청,71.383,887.5587,14.978,51.263,59.57,70.3,69.842,829.263,0,147.7298,201.4333,205.6204,34.123,0,0,0,0,5.972,4.522,6.646,0,,6.9168,0
2022-05-09,3008110,대청,71.44,890.6938,19.475,51.368,59.78,70.33,69.8429,830.845,1.2445,147.7298,189.4272,198.7036,34.121,0,0,0,0,5.961,4.614,6.672,0,,3.4005,0
2022-05-08,3008110,대청,71.49,893.4493,12.568,50.918,59.96,70.38,69.8495,833.486,0.0948,146.4853,189.4272,195.3031,34.129,0,0,0,0,5.579,4.523,6.687,0,,0.6934,0
2022-05-07,3008110,대청,71.55,896.7627,19.046,51.07,60.19,70.43,69.7957,836.133,0,146.3905,189.4272,194.6097,34.132,0,0,0,0,5.683,4.564,6.691,0,,5.8709,0
2022-05-06,3008110,대청,71.6,899.5296,17.95,50.033,60.37,70.46,69.7762,837.723,0,146.3905,187.8845,188.7388,34.124,0,0,0,0,5.281,4.586,6.042,0,,4.6648,0
2022-05-05,3008110,대청,71.65,902.3016,20.351,52.494,60.56,70.51,69.8095,840.378,0,146.3905,187.8845,184.074,34.116,0,0,0,0,5.983,4.536,7.859,0,,0.7821,0
2022-05-04,3008110,대청,71.7,905.0787,25.442,49.266,60.74,70.55,69.839,842.505,0,146.3905,185.4669,183.2919,34.124,0,0,0,0,6.227,4.595,4.32,0,,0.6105,0
2022-05-03,3008110,대청,71.737,907.1371,20.997,48.725,60.88,70.59,69.8475,844.636,0,146.3905,179.9962,182.6814,34.129,0,0,0,0,6.077,4.581,3.938,0,,3.4164,0
2022-05-02,3008110,대청,71.78,909.5328,29.337,48.708,61.04,70.64,69.8538,847.304,0,146.3905,179.9299,179.265,34.121,0,0,0,0,6.018,4.632,3.937,0,,1.5378,0
2022-05-01,3008110,대청,71.81,911.2065,29.037,48.43,61.15,70.69,69.849,849.978,0,146.3905,176.1592,177.7272,34.127,0,0,0,0,5.718,4.644,3.941,0,,0.7798,0
2022-04-30,3008110,대청,71.84,912.882,35.734,40.262,61.27,70.73,69.8067,852.12,0,146.3905,174.1598,176.9474,25.815,0,0,0,0,5.891,4.613,3.943,0,,4.6928,0
2022-04-29,3008110,대청,71.847,913.2733,45.031,40.503,61.29,70.77,69.7832,854.266,8.9236,146.3905,173.7849,172.2546,25.802,0,0,0,0,6.203,4.613,3.885,0,,5.9177,0
2022-04-28,3008110,대청,71.84,912.882,46.344,40.524,61.27,70.81,69.7862,856.414,0,137.4669,173.7479,166.3369,25.8,0,0,0,0,6.181,4.599,3.944,0,,1.6256,0
2022-04-27,3008110,대청,71.831,912.3792,40.436,39.789,61.23,70.84,69.7967,858.028,0,137.4669,173.7479,164.7113,25.803,0,0,0,0,6.123,4.638,3.225,0,,2.4657,0
2022-04-26,3008110,대청,71.83,912.3233,49.549,37.269,61.23,70.89,69.7971,860.722,23.2648,137.4669,173.7479,162.2456,25.808,0,0,0,0,6.018,4.618,0.825,0,,3.7165,0
2022-04-25,3008110,대청,71.811,911.2623,19.784,37.237,61.16,70.92,69.752,862.341,5.7397,114.2021,173.7479,158.5291,25.809,0,0,0,0,6.146,4.682,0.6,0,,4.5643,0
2022-04-24,3008110,대청,71.838,912.7703,21.519,35.753,61.26,70.95,69.7204,863.961,0,108.4624,173.7479,153.9648,24.474,0,0,0,0,6.018,4.662,0.599,0,,1.3799,0
2022-04-23,3008110,대청,71.86,914.0001,17.598,35.73,61.34,70.99,69.7276,866.125,0,108.4624,173.7479,152.5849,24.475,0,0,0,0,6.042,4.618,0.595,0,,3.9515,0
2022-04-22,3008110,대청,71.888,915.5667,21.577,35.837,61.45,71.03,69.727,868.292,0,108.4624,173.7479,148.6334,24.533,0,0,0,0,6.1,4.608,0.596,0,,1.8034,0
2022-04-21,3008110,대청,71.91,916.7988,22.885,35.859,61.53,71.06,69.7229,869.92,0,108.4624,173.7479,146.83,24.482,0,0,0,0,6.134,4.646,0.597,0,,3.2116,0
2022-04-20,3008110,대청,71.93,917.9197,17.885,36.064,61.61,71.08,69.7252,871.006,0,108.4624,173.7479,143.6184,24.486,0,0,0,0,6.319,4.66,0.599,0,,3.2505,0
2022-04-19,3008110,대청,71.958,919.4904,26.068,35.814,61.71,71.09,69.7218,871.549,0,108.4624,173.7479,140.3679,24.48,0,0,0,0,6.007,4.663,0.664,0,,3.2197,0
2022-04-18,3008110,대청,71.973,920.3325,24.889,35.941,61.77,71.11,69.7235,872.636,0,108.4624,173.7479,137.1482,24.473,0,0,0,0,6.111,4.62,0.737,0,,2.034,0
2022-04-17,3008110,대청,71.99,921.2874,30.677,37.182,61.83,71.12,69.7024,873.18,0,108.4624,173.7479,135.1142,25.806,0,0,0,0,5.96,4.679,0.737,0,,2.6436,0
2022-04-16,3008110,대청,72,921.8494,36.851,36.851,61.87,71.14,69.6824,874.268,0,108.4624,173.7479,132.4706,25.802,0,0,0,0,5.613,4.701,0.735,0,,3.5421,0
2022-04-15,3008110,대청,72,921.8494,43.97,32.263,61.87,71.14,69.6995,874.268,0,108.4624,173.7479,128.9285,20.805,0,0,0,0,5.972,4.751,0.735,0,,0.3767,0
2022-04-14,3008110,대청,71.982,920.838,35.971,32.07,61.8,71.12,69.7163,873.18,1.4685,108.4624,173.7479,128.5518,20.806,0,0,0,0,5.972,4.556,0.736,0,,1.6437,0
2022-04-13,3008110,대청,71.976,920.501,35.611,31.711,61.78,71.11,69.7327,872.636,23.6124,106.9939,173.7479,126.9081,20.805,0,0,0,0,5.509,4.659,0.738,0,,2.3987,0
2022-04-12,3008110,대청,71.97,920.164,23.312,32.413,61.76,71.11,69.7452,872.636,0,83.3815,172.8788,124.5094,20.807,0,0,0,0,6.169,4.699,0.738,0,,0.7906,0
2022-04-11,3008110,대청,71.984,920.9503,20.599,32.307,61.81,71.11,69.7521,872.636,0,83.3815,159.4905,123.7188,20.81,0,0,0,0,5.995,4.763,0.739,0,,2.0784,0
2022-04-10,3008110,대청,72.002,921.9618,20.663,32.378,61.88,71.11,69.7587,872.636,0,83.3815,159.4905,121.6404,20.802,0,0,0,0,6.123,4.719,0.734,0,,2.4999,0
2022-04-09,3008110,대청,72.02,922.974,19.165,32.191,61.94,71.09,69.7743,871.549,0,83.3815,159.4905,119.1405,20.803,0,0,0,0,6.049,4.615,0.724,0,,2.3669,0
2022-04-08,3008110,대청,72.04,924.0995,25.536,32.053,62.02,71.07,69.78,870.462,0,83.3815,159.4905,116.7736,20.804,0,0,0,0,5.856,4.656,0.737,0,,0.68,0
2022-04-07,3008110,대청,72.05,924.6625,19.213,32.253,62.06,71.05,69.7776,869.377,1.4116,83.3815,159.4905,116.0936,20.807,0,0,0,0,6.018,4.69,0.738,0,,2.4594,0
2022-04-06,3008110,대청,72.07,925.7892,25.581,32.105,62.13,71,69.7752,866.667,0,81.9699,159.4905,113.6342,20.81,0,0,0,0,5.868,4.689,0.738,0,,3.8546,0
2022-04-05,3008110,대청,72.08,926.3528,25.607,32.133,62.17,70.91,69.7757,861.801,0,81.9699,159.4905,109.7796,20.805,0,0,0,0,5.856,4.733,0.739,0,,1.5152,0
2022-04-04,3008110,대청,72.09,926.9167,19.259,32.318,62.21,70.77,69.7838,854.266,0,81.9699,159.44,108.2644,20.79,0,0,0,0,6.122,4.668,0.738,0,,2.5116,0
2022-04-03,3008110,대청,72.11,928.045,32.182,32.182,62.28,70.72,69.7957,851.584,0,81.9699,144.1787,105.7528,20.8,0,0,0,0,5.926,4.718,0.738,0,,2.7808,0
2022-04-02,3008110,대청,72.11,928.045,32.144,32.144,62.28,70.7,69.7995,850.513,0,81.9699,124.4934,102.972,20.823,0,0,0,0,5.868,4.714,0.739,0,,0.3682,0
2022-04-01,3008110,대청,72.11,928.045,32.138,32.138,62.28,70.7,69.8119,850.513,0.0578,81.9699,124.4934,102.6038,20.799,0,0,0,0,5.868,4.732,0.739,0,,1.8963,0
2022-03-31,3008110,대청,72.11,928.045,44.035,32.281,62.28,70.71,69.8076,851.048,0.1527,81.9121,124.4934,100.7075,20.804,0,0,0,0,5.868,4.872,0.737,0,,1.8013,0
2022-03-30,3008110,대청,72.092,927.0295,41.41,32.274,62.22,70.69,69.8153,849.978,0.423,81.7594,124.4934,98.9062,20.794,0,0,0,0,5.926,4.815,0.739,0,,1.614,0
2022-03-29,3008110,대청,72.078,926.2401,60.921,32.237,62.16,70.71,69.8251,851.048,0,81.3364,124.4934,97.2922,20.819,0,0,0,0,5.972,4.709,0.737,0,,1.3276,0
2022-03-28,3008110,대청,72.034,923.7618,73.968,32.327,62,70.71,69.833,851.048,0,81.3364,124.4934,95.9646,20.815,0,0,0,0,6.03,4.746,0.736,0,,0.6813,0
2022-03-27,3008110,대청,71.97,920.164,83.986,32.072,61.76,70.71,69.8395,851.048,0,81.3364,121.7568,95.2833,20.8,0,0,0,0,5.868,4.668,0.736,0,,1.6985,0
2022-03-26,3008110,대청,71.89,915.6787,57.937,32.037,61.45,70.71,69.8395,851.048,14.3222,81.3364,105.9075,93.5848,20.815,0,0,0,0,5.868,4.62,0.734,0,,1.5562,0
2022-03-25,3008110,대청,71.85,913.4409,31.978,31.978,61.3,70.73,69.8467,852.12,11.1477,67.0142,105.9075,92.0286,20.803,0,0,0,0,5.891,4.549,0.735,0,,1.5055,0
2022-03-24,3008110,대청,71.85,913.4409,30.294,32.235,61.3,70.76,69.8486,853.729,0,55.8665,105.9075,90.5231,20.816,0,0,0,0,6.134,4.552,0.733,0,,1.2846,0
2022-03-23,3008110,대청,71.853,913.6087,28.997,32.233,61.32,70.77,69.8563,854.266,0,55.8665,105.9075,89.2385,20.804,0,0,0,0,6.134,4.562,0.733,0,,1.7425,0
2022-03-22,3008110,대청,71.858,913.8882,37.497,32.32,61.33,70.78,69.8594,854.802,0,55.8665,105.9075,87.496,20.806,0,0,0,0,6.111,4.674,0.729,0,,2.9587,0
2022-03-21,3008110,대청,71.85,913.4409,43.253,32.257,61.3,70.8,69.8667,855.877,0,55.8665,105.9075,84.5373,20.804,0,0,0,0,5.973,4.747,0.733,0,,1.2275,0
2022-03-20,3008110,대청,71.833,912.4909,41.434,33.03,61.24,70.8,69.8673,855.877,0,55.8665,105.8412,83.3098,21.819,0,0,0,0,5.764,4.714,0.733,0,,1.5238,0
2022-03-19,3008110,대청,71.82,911.7648,46.041,33.12,61.19,70.81,69.8648,856.414,11.4753,55.8665,101.8527,81.786,21.839,0,0,0,0,5.879,4.669,0.733,0,,1.5361,0
2022-03-18,3008110,대청,71.8,910.6484,25.805,32.911,61.12,70.82,69.8662,856.952,4.4491,44.3912,101.8527,80.2499,21.804,0,0,0,0,5.81,4.562,0.735,0,,3.1397,0
2022-03-17,3008110,대청,71.811,911.2623,27.327,33.143,61.16,70.82,69.8715,856.952,8.164,39.9421,101.8527,77.1102,21.854,0,0,0,0,5.925,4.628,0.736,0,,1.9343,0
2022-03-16,3008110,대청,71.82,911.7648,25.285,33.689,61.19,70.81,69.8833,856.414,0,31.7781,101.8527,75.1759,21.812,0,0,0,0,6.401,4.743,0.733,0,,0.7844,0
2022-03-15,3008110,대청,71.833,912.4909,28.644,33.171,61.24,70.82,69.893,856.952,0,31.7781,101.1169,74.3915,21.797,0,0,0,0,5.903,4.736,0.735,0,,1.1286,0
2022-03-14,3008110,대청,71.84,912.882,27.393,33.862,61.27,70.8,69.9019,855.877,3.5794,31.7781,101.0619,73.2629,21.843,0,0,0,0,5.891,4.686,1.442,0,,0.7279,0
2022-03-13,3008110,대청,71.85,913.4409,40.335,31.279,61.3,70.78,69.9114,854.802,23.2418,28.1987,101.0619,72.535,20.783,0,0,0,0,5.787,4.679,0.03,0,,2.6877,0
2022-03-12,3008110,대청,71.836,912.6585,14.673,32.142,61.25,70.77,69.9189,854.266,0,4.9569,100.9542,69.8473,20.823,0,0,0,0,5.891,4.691,0.737,0,,2.2072,0
2022-03-11,3008110,대청,71.863,914.1679,14.599,32.086,61.35,70.77,69.9316,854.266,0,4.9569,82.9556,67.6401,20.805,0,0,0,0,5.891,4.656,0.734,0,,0.3341,0
2022-03-10,3008110,대청,71.89,915.6787,12.68,32.13,61.45,70.78,69.9405,854.802,0,4.9569,82.9556,67.306,20.806,0,0,0,0,5.891,4.699,0.734,0,,1.1386,0
2022-03-09,3008110,대청,71.92,917.3591,18.938,31.916,61.57,70.78,69.9452,854.802,0,4.9569,82.9556,66.1674,20.809,0,0,0,0,5.775,4.599,0.733,0,,0.4773,0
2022-03-08,3008110,대청,71.94,918.4805,12.293,31.778,61.64,70.78,69.9448,854.802,0,4.9569,82.9556,65.6901,20.809,0,0,0,0,5.903,4.333,0.733,0,,0.8647,0
2022-03-07,3008110,대청,71.97,920.164,12.6,32.107,61.76,70.8,69.9362,855.877,0,4.9569,82.9556,64.8254,20.806,0,0,0,0,5.903,4.667,0.731,0,,0.6851,0
2022-03-06,3008110,대청,72,921.8494,13.86,32.086,61.87,70.79,69.9167,855.34,0,4.9569,82.9556,64.1403,20.81,0,0,0,0,5.903,4.64,0.733,0,,1.0754,0
2022-03-05,3008110,대청,72.028,923.4241,9.914,32.07,61.97,70.77,69.8942,854.266,0,4.9569,82.9556,63.0649,20.787,0,0,0,0,5.845,4.702,0.736,0,,4.6236,0
2022-03-04,3008110,대청,72.062,925.3384,13.916,32.183,62.1,70.75,69.8896,853.192,0,4.9569,82.9031,58.4413,20.812,0,0,0,0,5.925,4.711,0.735,0,,2.4714,0
2022-03-03,3008110,대청,72.09,926.9167,19.092,32.151,62.21,70.69,69.8919,849.978,0,4.9569,78.1956,55.9699,20.806,0,0,0,0,5.926,4.685,0.734,0,,0.5424,0
2022-03-02,3008110,대청,72.11,928.045,12.55,32.157,62.28,70.58,69.8895,844.103,0,4.9569,78.1956,55.4275,20.838,0,0,0,0,5.926,4.659,0.734,0,,0.8488,0
2022-03-01,3008110,대청,72.14,929.739,16.414,32.115,62.4,70.52,69.8881,840.909,2.0723,4.9569,76.3236,54.5787,20.81,0,0,0,0,5.856,4.715,0.734,0,,4.2747,0
2022-02-28,3008110,대청,72.164,931.0956,15.233,32.258,62.49,70.51,69.894,840.378,0,2.8846,31.6706,50.304,20.816,0,0,0,0,5.926,4.782,0.734,0,,2.1471,0
2022-02-27,3008110,대청,72.19,932.5665,16.954,32.028,62.59,70.54,69.899,841.973,0,2.8846,31.0269,48.1569,20.807,0,0,0,0,5.798,4.689,0.734,0,,2.0234,0
2022-02-26,3008110,대청,72.213,933.8689,14.463,32.174,62.68,70.57,69.8949,843.57,1.3198,2.8846,31.0269,46.1335,20.816,0,0,0,0,5.937,4.689,0.732,0,,0.4234,0
2022-02-25,3008110,대청,72.24,935.3991,12.61,32.309,62.78,70.6,69.8829,845.169,0,1.5648,30.982,45.7101,20.813,0,0,0,0,5.96,4.675,0.861,0,,4.0544,0
2022-02-24,3008110,대청,72.27,937.1012,15.97,31.745,62.89,70.61,69.8824,845.703,0,1.5648,30.2437,41.6557,20.803,0,0,0,0,5.949,4.152,0.841,0,,0.1229,0
2022-02-23,3008110,대청,72.294,938.4641,14.203,31.308,62.98,70.64,69.8883,847.304,0,1.5648,30.2437,41.5328,20.807,0,0,0,0,5.96,3.766,0.775,0,,0.2293,0
2022-02-22,3008110,대청,72.32,939.942,11.638,31.395,63.08,70.67,69.8995,848.908,0,1.5648,30.2437,41.3035,20.796,0,0,0,0,5.96,3.741,0.898,0,,3.2519,0
2022-02-21,3008110,대청,72.35,941.649,14.505,32.304,63.2,70.71,69.9152,851.048,0,1.5648,30.2437,38.0516,20.802,0,0,0,0,5.856,4.685,0.961,0,,0.5405,0
2022-02-20,3008110,대청,72.377,943.1868,16.692,32.528,63.3,70.74,69.9351,852.656,0,1.5648,30.2437,37.5111,20.817,0,0,0,0,5.915,4.784,1.012,0,,0.8827,0
2022-02-19,3008110,대청,72.401,944.555,10.014,32.472,63.39,70.75,69.9491,853.192,0,1.5648,30.2437,36.6284,20.806,0,0,0,0,5.867,4.783,1.016,0,,1.0249,0
2022-02-18,3008110,대청,72.435,946.4954,15.952,32.483,63.52,70.76,69.9683,853.729,0,1.5648,29.9484,35.6035,20.799,0,0,0,0,5.961,4.71,1.013,0,,0.1439,0
2022-02-17,3008110,대청,72.46,947.9236,19.156,32.391,63.62,70.79,69.9829,855.34,0,1.5648,29.7601,35.4596,20.799,0,0,0,0,5.868,4.694,1.03,0,,0.5022,0
2022-02-16,3008110,대청,72.48,949.0672,12.535,32.406,63.7,70.82,69.9986,856.952,0,1.5648,29.7601,34.9574,20.806,0,0,0,0,5.868,4.678,1.054,0,,1.9223,0
2022-02-15,3008110,대청,72.51,950.784,11.094,32.313,63.81,70.85,70.0105,858.567,0,1.5648,28.2582,33.0351,20.769,0,0,0,0,5.81,4.655,1.079,0,,0.963,0
2022-02-14,3008110,대청,72.542,952.6173,14.816,32.074,63.93,70.88,70.0244,860.183,0.0663,1.5648,26.8091,32.0721,20.811,0,0,0,0,5.937,4.725,0.601,0,,0.8671,0
2022-02-13,3008110,대청,72.568,954.1084,16.944,31.56,64.03,70.91,70.0437,861.801,0,1.4985,25.4755,31.205,20.802,0,0,0,0,5.856,4.687,0.215,0,,2.0339,0
2022-02-12,3008110,대청,72.59,955.3712,13.659,31.612,64.12,70.94,70.0614,863.421,0,1.4985,25.4755,29.1711,20.807,0,0,0,0,5.81,4.781,0.214,0,,1.2895,0
2022-02-11,3008110,대청,72.617,956.9224,16.224,31.531,64.22,70.97,70.0856,865.043,0,1.4985,25.4755,27.8816,20.803,0,0,0,0,5.787,4.728,0.213,0,,0.8128,0
2022-02-10,3008110,대청,72.64,958.2449,11.703,31.688,64.31,70.99,70.11,866.125,0,1.4985,25.4755,27.0688,20.814,0,0,0,0,5.96,4.731,0.183,0,,0.6395,0
2022-02-09,3008110,대청,72.67,959.9716,12.479,31.151,64.43,71.02,70.1352,867.75,0,1.4985,25.4755,26.4293,20.808,0,0,0,0,5.474,4.698,0.171,0,,0.4434,0
2022-02-08,3008110,대청,72.698,961.5848,16.779,31.463,64.54,71.04,70.167,868.834,0,1.4985,25.4755,25.9859,20.814,0,0,0,0,5.891,4.581,0.177,0,,1.8753,0
2022-02-07,3008110,대청,72.72,962.8535,10.239,30.281,64.62,71.07,70.1895,870.462,0,1.4985,25.4755,24.1106,20.808,0,0,0,0,5.967,3.323,0.183,0,,0.2545,0
2022-02-06,3008110,대청,72.75,964.5851,12.401,29.788,64.74,71.11,70.2195,872.636,0,1.4985,25.4755,23.8561,20.798,0,0,0,0,5.833,2.972,0.185,0,,0.224,0
2022-02-05,3008110,대청,72.776,966.0873,11.929,31.341,64.84,71.13,70.2455,873.724,0,1.4985,25.4755,23.6321,20.81,0,0,0,0,5.694,4.654,0.183,0,,0.3135,0
2022-02-04,3008110,대청,72.805,967.7645,9.856,31.299,64.95,71.15,70.2679,874.813,0.055,1.4985,25.4755,23.3186,20.83,0,0,0,0,5.683,4.608,0.178,0,,0.4508,0
2022-02-03,3008110,대청,72.837,969.6172,15.897,31.324,65.07,71.17,70.2913,875.9026,0,1.4435,24.807,22.8678,20.804,0,0,0,0,5.717,4.625,0.178,0,,0.8949,0
2022-02-02,3008110,대청,72.86,970.9501,11.155,31.296,65.16,71.18,70.309,876.4478,0,1.4435,24.77,21.9729,20.814,0,0,0,0,5.66,4.644,0.178,0,,0.0495,0
2022-02-01,3008110,대청,72.89,972.6903,10.835,30.998,65.28,71.21,70.3314,878.084,0.2154,1.4435,24.77,21.9234,20.751,0,0,0,0,5.417,4.657,0.173,0,,1.6155,0
2022-01-31,3008110,대청,72.92,974.4324,18.439,31.893,65.4,71.24,70.3576,879.723,0,1.2281,16.7793,20.3079,21.413,0,0,0,0,5.52,4.773,0.187,0,,0.8987,0
2022-01-30,3008110,대청,72.94,975.5948,11.827,32.026,65.48,71.26,70.3838,880.816,0,1.2281,16.7793,19.4092,21.41,0,0,0,0,5.671,4.757,0.188,0,,0.219,0
2022-01-29,3008110,대청,72.97,977.34,11.963,32.183,65.59,71.29,70.4133,882.458,0,1.2281,16.6673,19.1902,21.412,0,0,0,0,5.81,4.775,0.186,0,,0.5658,0
2022-01-28,3008110,대청,73,979.087,18.73,32.222,65.71,71.32,70.439,884.101,0,1.2281,16.6673,18.6244,21.409,0,0,0,0,5.903,4.728,0.182,0,,0.2111,0
2022-01-27,3008110,대청,73.02,980.2526,11.964,32.22,65.79,71.35,70.4667,885.747,0,1.2281,15.8399,18.4133,21.423,0,0,0,0,5.891,4.744,0.162,0,,1.4548,0
2022-01-26,3008110,대청,73.05,982.0027,18.62,32.136,65.91,71.37,70.4905,886.845,0,1.2281,15.8399,16.9585,21.411,0,0,0,0,5.88,4.684,0.161,0,,0.895,0
2022-01-25,3008110,대청,73.07,983.1705,18.78,32.305,65.98,71.4,70.5167,888.493,0.9633,1.2281,11.0799,16.0635,21.407,0,0,0,0,6.111,4.624,0.163,0,,0.2618,0
2022-01-24,3008110,대청,73.09,984.339,14.031,32.305,66.06,71.41,70.5386,889.043,0,0.2648,11.0799,15.8017,21.406,0,0,0,0,5.995,4.741,0.163,0,,0.0879,0
2022-01-23,3008110,대청,73.117,985.9179,16.571,32.151,66.17,71.43,70.5541,890.143,0,0.2648,11.0799,15.7138,21.403,0,0,0,0,5.88,4.703,0.165,0,,0.5103,0
2022-01-22,3008110,대청,73.14,987.264,18.7,32.258,66.26,71.46,70.57,891.795,0,0.2648,10.9566,15.2035,21.39,0,0,0,0,5.995,4.679,0.194,0,,0.7331,0
2022-01-21,3008110,대청,73.16,988.4355,13.999,32.318,66.34,71.47,70.5838,892.346,0,0.2648,8.828,14.4704,21.4,0,0,0,0,6.007,4.733,0.178,0,,2.1314,0
2022-01-20,3008110,대청,73.187,990.0182,18.104,32.364,66.44,71.49,70.6018,893.449,0,0.2648,3.6551,12.339,21.411,0,0,0,0,6.111,4.657,0.185,0,,0.9228,0
2022-01-19,3008110,대청,73.208,991.2503,10.802,32.552,66.53,71.51,70.6185,894.553,0.0273,0.2648,3.6001,11.4162,21.416,0,0,0,0,6.296,4.654,0.186,0,,0.328,0
2022-01-18,3008110,대청,73.24,993.1294,18.504,32.11,66.65,71.53,70.6348,895.6574,0,0.2375,3.4901,11.0882,21.409,0,0,0,0,5.856,4.66,0.185,0,,0.5393,0
2022-01-17,3008110,대청,73.26,994.305,39.195,32.391,66.73,71.56,70.6448,897.3157,0.055,0.2375,2.2974,10.5489,21.431,0,0,0,0,6.053,4.721,0.186,0,,0.974,0
2022-01-16,3008110,대청,73.25,993.7171,11.699,32.118,66.69,71.59,70.6543,898.976,0.1825,0.1825,2.2974,9.5749,21.405,0,0,0,0,5.822,4.708,0.183,0,,1.1167,0
2022-01-15,3008110,대청,73.28,995.4813,0,32.281,66.81,71.63,70.6762,901.192,0,0,2.2974,8.4582,21.423,0,0,0,0,5.937,4.736,0.185,0,,1.6763,0
2022-01-14,3008110,대청,73.33,998.4258,14.441,32.186,67.01,71.65,70.6957,902.302,0,0,2.2974,6.7819,21.391,0,0,0,0,6.019,4.59,0.186,0,,0.0525,0
2022-01-13,3008110,대청,73.356,999.959,15.704,32.098,67.11,71.67,70.7174,903.412,0,0,2.2974,6.7294,21.42,0,0,0,0,5.833,4.658,0.187,0,,0.5205,0
2022-01-12,3008110,대청,73.38,1001.3754,13.765,32.225,67.21,71.69,70.7381,904.523,0,0,1.9227,6.2089,21.407,0,0,0,0,5.926,4.706,0.186,0,,0.5596,0
2022-01-11,3008110,대청,73.407,1002.9704,16.493,32.232,67.31,71.72,70.7594,906.191,0,0,1.8307,5.6493,21.423,0,0,0,0,5.995,4.635,0.179,0,,0.8951,0
2022-01-10,3008110,대청,73.43,1004.3302,13.606,32.098,67.4,71.75,70.7776,907.861,0,0,1.8307,4.7542,21.408,0,0,0,0,5.799,4.713,0.178,0,,0.112,0
2022-01-09,3008110,대청,73.457,1005.9279,17.145,32.225,67.51,71.78,70.7984,909.533,0,0,1.8307,4.6422,21.388,0,0,0,0,5.914,4.734,0.189,0,,0.1115,0
2022-01-08,3008110,대청,73.479,1007.2308,17.728,32.133,67.6,71.81,70.8071,911.207,0,0,1.8307,4.5307,21.414,0,0,0,0,5.822,4.727,0.17,0,,0.3406,0
2022-01-07,3008110,대청,73.5,1008.4755,18.649,32.378,67.68,71.83,70.8195,912.323,0,0,1.8307,4.1901,21.425,0,0,0,0,6.076,4.69,0.187,0,,2.0694,0
2022-01-06,3008110,대청,73.52,1009.6617,15.634,32.122,67.76,71.86,70.8386,914,0,0,1.214,2.1207,21.405,0,0,0,0,5.845,4.689,0.183,0,,1.0584,0
2022-01-05,3008110,대청,73.544,1011.0862,14.445,32.322,67.86,71.89,70.8602,915.679,0,0,0.9339,1.0623,21.414,0,0,0,0,6.03,4.694,0.184,0,,0.3501,0
2022-01-04,3008110,대청,73.57,1012.6308,18.62,32.382,67.96,71.91,70.8862,916.799,0,0,0.7711,0.7122,21.401,0,0,0,0,6.064,4.725,0.192,0,,0.2247,0
2022-01-03,3008110,대청,73.59,1013.8198,17.405,31.177,68.04,71.94,70.909,918.48,0,0,0.6499,0.4875,20.404,0,0,0,0,5.857,4.74,0.176,0,,0.0668,0
2022-01-02,3008110,대청,73.61,1015.0097,10.469,31.145,68.12,71.97,70.9329,920.164,0,0,0.5949,0.4207,20.404,0,0,0,0,5.833,4.726,0.182,0,,0.2151,0
2022-01-01,3008110,대청,73.64,1016.7961,22.87,31.146,68.24,71.99,70.9562,921.287,0,0,0.4451,0.2056,20.405,0,0,0,0,5.752,4.808,0.181,0,,0.2056,0
2021-12-31,3008110,대청,73.652,1017.5112,17.384,32.566,68.29,72.02,71.3591,922.974,0,1181.1514,1642.4647,1182.097,21.506,0,0,0,0,6.053,4.822,0.185,0,,0.1747,0
2021-12-30,3008110,대청,73.674,1018.8229,14.512,32.469,68.38,72.04,71.3847,924.099,0.2956,1181.1514,1642.3547,1181.9223,21.508,0,0,0,0,5.995,4.771,0.195,0,,0.3819,0
2021-12-29,3008110,대청,73.7,1020.3744,18.468,32.292,68.5,72.09,70.261,926.917,0,1180.8558,1642.1337,1181.5404,21.509,0,0,0,0,5.857,4.749,0.177,0,,0.5652,0
2021-12-28,3008110,대청,73.72,1021.5688,18.602,32.436,68.6,72.13,70.2946,929.174,0,1180.8558,1640.9008,1180.9752,21.487,0,0,0,0,6.064,4.706,0.179,0,,0.5871,0
2021-12-27,3008110,대청,73.74,1022.7641,11.52,32.288,68.6,72.15,70.3332,930.304,0,1180.8558,1640.9008,1180.3881,21.503,0,0,0,0,5.903,4.707,0.175,0,,0.4811,0
2021-12-26,3008110,대청,73.77,1024.5585,16.848,30.705,68.8,72.18,70.3698,932.001,0,1180.8558,1640.8483,1179.907,20.114,0,0,0,0,5.637,4.77,0.184,0,,0.6272,0
2021-12-25,3008110,대청,73.79,1025.7557,15.639,32.28,68.8,72.19,70.4068,932.567,0,1180.8558,1640.8483,1179.2798,21.501,0,0,0,0,5.891,4.71,0.178,0,,0.5868,0
2021-12-24,3008110,대청,73.814,1027.1936,14.239,32.283,68.9,72.22,70.4325,934.265,0,1180.8558,1640.8483,1178.693,21.499,0,0,0,0,5.926,4.673,0.185,0,,0.8484,0
2021-12-23,3008110,대청,73.84,1028.7525,18.454,32.345,69,72.24,70.4656,935.399,0,1180.8558,1640.8483,1177.8446,21.51,0,0,0,0,5.961,4.69,0.184,0,,0.4851,0
2021-12-22,3008110,대청,73.86,1029.9527,18.444,32.344,69.1,72.27,70.5007,937.101,0,1180.8558,1640.8483,1177.3595,21.502,0,0,0,0,5.972,4.69,0.18,0,,0.868,0
2021-12-21,3008110,대청,73.88,1031.154,16.349,32.346,69.2,72.29,70.5327,938.237,0,1180.8558,1640.8483,1176.4915,21.503,0,0,0,0,5.961,4.696,0.186,0,,0.5511,0
2021-12-20,3008110,대청,73.903,1032.536,15.62,32.326,69.3,72.32,70.5647,939.942,0,1180.8558,1640.7933,1175.9404,21.508,0,0,0,0,5.891,4.735,0.192,0,,0.3528,0
2021-12-19,3008110,대청,73.927,1033.979,23.021,32.076,69.4,72.34,70.5926,941.08,0.4622,1180.8558,1640.7933,1175.5876,21.512,0,0,0,0,5.671,4.703,0.19,0,,0.3718,0
2021-12-18,3008110,대청,73.94,1034.761,18.183,32.121,69.5,72.36,70.6188,942.218,0,1180.3936,1640.7933,1175.2158,21.527,0,0,0,0,5.706,4.699,0.189,0,,0.5545,0
2021-12-17,3008110,대청,73.96,1035.966,18.06,32.008,69.5,72.39,70.6498,943.928,0,1180.3936,1640.7933,1174.6613,21.504,0,0,0,0,5.717,4.605,0.182,0,,0.6696,0
2021-12-16,3008110,대청,73.98,1037.171,11.179,32.118,69.6,72.41,70.6815,945.068,0,1180.3936,1640.7933,1173.9917,21.522,0,0,0,0,5.753,4.653,0.19,0,,0.7779,0
2021-12-15,3008110,대청,74.01,1038.98,18.097,32.068,69.7,72.44,70.7115,946.781,0,1180.3936,1640.7933,1173.2138,21.512,0,0,0,0,5.706,4.659,0.191,0,,0.3446,0
2021-12-14,3008110,대청,74.03,1040.187,18.054,32.035,69.8,72.47,70.7417,948.495,0,1180.3936,1640.7933,1172.8692,21.504,0,0,0,0,5.729,4.619,0.183,0,,1.0578,0
2021-12-13,3008110,대청,74.05,1041.395,19.661,32.252,69.9,72.5,70.7715,950.212,0,1180.3936,1640.7933,1171.8114,21.501,0,0,0,0,5.891,4.684,0.176,0,,0.7086,0
2021-12-12,3008110,대청,74.068,1042.483,16.632,32.031,70,72.52,70.7978,951.357,0,1180.3936,1638.624,1171.1028,21.539,0,0,0,0,5.602,4.713,0.177,0,,0.3023,0
2021-12-11,3008110,대청,74.09,1043.813,18.773,32.082,70.1,72.55,70.832,953.076,0,1180.3936,1638.624,1170.8005,21.526,0,0,0,0,5.717,4.668,0.171,0,,0.8896,0
2021-12-10,3008110,대청,74.109,1044.9632,24.344,32.053,70.1,72.58,70.8597,954.797,0.311,1180.3936,1638.624,1169.9109,21.515,0,0,0,0,5.683,4.708,0.147,0,,1.6179,0
2021-12-09,3008110,대청,74.12,1045.6292,22.97,32.084,70.2,72.61,70.8871,956.52,0,1180.0826,1638.624,1168.293,21.508,0,0,0,0,5.752,4.677,0.147,0,,1.009,0
2021-12-08,3008110,대청,74.133,1046.4167,20.915,32.138,70.2,72.62,70.9106,957.095,0,1180.0826,1638.624,1167.284,21.514,0,0,0,0,5.764,4.707,0.153,0,,0.832,0
2021-12-07,3008110,대청,74.149,1047.3864,24.451,32.17,70.3,72.64,70.9324,958.245,0,1180.0826,1638.624,1166.452,21.502,0,0,0,0,5.787,4.667,0.214,0,,0.9096,0
2021-12-06,3008110,대청,74.16,1048.0533,24.141,31.161,70.3,72.67,70.9571,959.972,0,1180.0826,1638.624,1165.5424,20.503,0,0,0,0,5.775,4.667,0.216,0,,1.4549,0
2021-12-05,3008110,대청,74.17,1048.6598,24.182,31.204,70.4,72.69,70.978,961.124,0,1180.0826,1638.624,1164.0875,20.499,0,0,0,0,5.602,4.706,0.397,0,,0.6411,0
2021-12-04,3008110,대청,74.18,1049.267,30.969,30.969,70.4,72.71,71.0034,962.277,0,1180.0826,1638.624,1163.4464,20.522,0,0,0,0,5.741,4.697,0.009,0,,2.9133,0
2021-12-03,3008110,대청,74.18,1049.267,30.918,30.918,70.4,72.73,71.0254,963.43,1.6409,1180.0826,1638.624,1160.5331,20.508,0,0,0,0,5.614,4.577,0.219,0,,1.4339,0
2021-12-02,3008110,대청,74.18,1049.267,31.133,31.133,70.4,72.76,71.0488,965.163,0.2814,1178.4417,1638.624,1159.0992,20.485,0,0,0,0,5.764,4.657,0.227,0,,0.7077,0
2021-12-01,3008110,대청,74.18,1049.267,25.624,31.244,70.4,72.78,71.0654,966.319,0,1178.1603,1638.624,1158.3915,20.543,0,0,0,0,5.833,4.653,0.215,0,,0.8295,0
2021-11-30,3008110,대청,74.188,1049.752,30.652,32.057,70.5,72.81,71.0753,968.054,18.7307,1178.1603,1638.624,1157.562,21.503,0,0,0,0,5.706,4.646,0.202,0,,2.5156,0
2021-11-29,3008110,대청,74.19,1049.874,11.866,32.251,70.5,72.83,71.0846,969.212,0,1159.4296,1638.624,1155.0464,21.506,0,0,0,0,5.787,4.742,0.216,0,,2.1792,0
2021-11-28,3008110,대청,74.219,1051.635,17.204,31.978,70.6,72.85,71.0985,970.37,0,1159.4296,1638.624,1152.8672,21.491,0,0,0,0,5.555,4.709,0.223,0,,1.3628,0
2021-11-27,3008110,대청,74.24,1052.911,25.254,32.293,70.7,72.88,71.1198,972.11,0,1159.4296,1638.624,1151.5044,21.507,0,0,0,0,5.845,4.721,0.22,0,,2.2102,0
2021-11-26,3008110,대청,74.25,1053.5195,14.427,32.035,70.7,72.91,71.1432,973.852,0.0755,1159.4296,1638.624,1149.2942,21.477,0,0,0,0,5.648,4.681,0.229,0,,0.8868,0
2021-11-25,3008110,대청,74.275,1055.0408,20.928,32.205,70.8,72.92,71.1662,974.432,0,1159.3541,1638.624,1148.4074,21.507,0,0,0,0,5.787,4.684,0.227,0,,1.1124,0
2021-11-24,3008110,대청,74.291,1056.0151,14.657,32.289,70.9,72.94,71.1866,975.595,0.2255,1159.3541,1638.5715,1147.295,21.508,0,0,0,0,5.856,4.702,0.223,0,,1.7827,0
2021-11-23,3008110,대청,74.316,1057.5385,22.368,32.249,71,72.95,71.2092,976.176,0,1159.1286,1638.5715,1145.5123,21.5,0,0,0,0,5.856,4.667,0.226,0,,0.9715,0
2021-11-22,3008110,대청,74.33,1058.3922,18.333,32.456,71,72.98,71.2327,977.922,3.639,1159.1286,1638.5715,1144.5408,21.504,0,0,0,0,6.018,4.707,0.227,0,,0.9338,0
2021-11-21,3008110,대청,74.35,1059.612,17.942,32.075,71.1,72.97,71.2561,977.34,0,1155.4896,1635.5273,1143.607,21.547,0,0,0,0,5.579,4.721,0.228,0,,0.5914,0
2021-11-20,3008110,대청,74.37,1060.834,18.073,32.215,71.2,72.95,71.278,976.176,0,1155.4896,1635.5273,1143.0156,21.501,0,0,0,0,5.81,4.682,0.222,0,,0.8036,0
2021-11-19,3008110,대청,74.39,1062.055,18.175,32.327,71.3,72.95,71.3005,976.176,0,1155.4896,1635.5273,1142.212,21.513,0,0,0,0,5.949,4.647,0.218,0,,1.889,0
2021-11-18,3008110,대청,74.41,1063.278,18.052,32.213,71.4,72.93,71.319,975.013,0,1155.4896,1606.5432,1140.323,21.509,0,0,0,0,5.845,4.639,0.22,0,,1.4645,0
2021-11-17,3008110,대청,74.43,1064.502,25.083,32.167,71.4,72.95,71.3415,976.176,0,1155.4896,1604.3419,1138.8585,21.545,0,0,0,0,5.753,4.652,0.217,0,,1.0348,0
2021-11-16,3008110,대청,74.44,1065.114,18.018,32.193,71.5,72.97,71.3656,977.34,0,1155.4896,1599.2795,1137.8237,21.5,0,0,0,0,5.833,4.644,0.216,0,,0.9871,0
2021-11-15,3008110,대청,74.46,1066.338,24.999,32.09,71.6,72.97,71.3871,977.34,0,1155.4896,1599.2795,1136.8366,21.51,0,0,0,0,5.694,4.675,0.211,0,,0.3273,0
2021-11-14,3008110,대청,74.47,1066.951,17.649,31.838,71.6,73,71.4105,979.087,0,1155.4896,1599.2795,1136.5093,21.52,0,0,0,0,5.463,4.65,0.205,0,,0.7423,0
2021-11-13,3008110,대청,74.49,1068.177,25.103,32.201,71.7,73.01,71.4378,979.67,0,1155.4896,1599.2795,1135.767,21.506,0,0,0,0,5.81,4.687,0.198,0,,1.8077,0
2021-11-12,3008110,대청,74.5,1068.7903,24.873,31.974,71.7,73.04,71.4671,981.419,0.1368,1155.4896,1599.2795,1133.9593,21.497,0,0,0,0,5.671,4.622,0.184,0,,1.5077,0
2021-11-11,3008110,대청,74.51,1069.4038,24.91,32.013,71.8,73.06,71.4941,982.586,1.1376,1155.3528,1599.2795,1132.4516,21.502,0,0,0,0,5.787,4.553,0.171,0,,3.5489,0
2021-11-10,3008110,대청,74.52,1070.018,25.111,32.216,71.8,73.08,71.5161,983.755,3.4585,1154.2152,1599.2795,1128.9027,21.577,0,0,0,0,5.798,4.671,0.17,0,,1.2419,0
2021-11-09,3008110,대청,74.53,1070.631,24.988,32.096,71.9,73.11,71.5437,985.508,2.5911,1150.7567,1599.2795,1127.6608,21.526,0,0,0,0,5.822,4.568,0.18,0,,1.8555,0
2021-11-08,3008110,대청,74.54,1071.246,28.975,31.819,71.9,73.13,71.5749,986.679,15.5008,1148.1656,1599.2795,1125.8053,21.506,0,0,0,0,5.498,4.638,0.177,0,,2.7366,0
2021-11-07,3008110,대청,74.544,1071.491,13.352,31.846,71.9,73.17,71.6016,989.021,0,1132.6648,1599.2795,1123.0687,21.501,0,0,0,0,5.578,4.599,0.168,0,,1.4011,0
2021-11-06,3008110,대청,74.57,1073.089,17.879,32.116,72,73.19,71.6278,990.194,0,1132.6648,1599.2795,1121.6676,21.55,0,0,0,0,5.741,4.657,0.168,0,,2.382,0
2021-11-05,3008110,대청,74.59,1074.319,17.973,32.219,72.1,73.2,71.6556,990.781,0,1132.6648,1599.2795,1119.2856,21.502,0,0,0,0,5.903,4.654,0.16,0,,1.4319,0
2021-11-04,3008110,대청,74.61,1075.55,11.961,31.922,72.2,73.21,71.6822,991.368,0,1132.6648,1599.2795,1117.8537,21.494,0,0,0,0,5.637,4.632,0.159,0,,0.3174,0
2021-11-03,3008110,대청,74.638,1077.275,23.481,32.041,72.3,73.23,72.3504,992.542,0,1132.6648,1599.2795,1117.5632,21.492,0,0,0,0,5.74,4.648,0.161,0,,0.4145,0
2021-11-02,3008110,대청,74.65,1078.014,14.704,31.835,72.4,73.26,71.7354,994.305,0,1132.6648,1598.931,1117.1487,21.542,0,0,0,0,5.556,4.578,0.159,0,,0.8197,0
2021-11-01,3008110,대청,74.674,1079.494,20.5,31.928,72.5,73.28,71.7594,995.481,0,1132.8318,1598.8758,1116.329,21.5,0,0,0,0,5.648,4.619,0.161,0,,1.9129,0
2021-10-31,3008110,대청,74.69,1080.482,17.429,31.723,72.5,73.3,71.7766,996.659,0,1132.8318,1593.8619,1114.4161,21.503,0,0,0,0,5.324,4.735,0.161,0,,2.9207,0
2021-10-30,3008110,대청,74.71,1081.717,17.777,32.08,72.6,73.33,71.8022,998.426,0,1132.8318,1593.8619,1111.4954,21.495,0,0,0,0,5.763,4.664,0.158,0,,0.9304,0
2021-10-29,3008110,대청,74.73,1082.953,18.005,32.318,72.7,73.34,71.8349,999.015,0,1132.8318,1593.8619,1110.565,21.523,0,0,0,0,5.926,4.713,0.156,0,,2.0632,0
2021-10-28,3008110,대청,74.75,1084.189,20.824,32.281,72.8,73.37,71.8624,1000.785,0,1132.6648,1593.8619,1108.5018,21.51,0,0,0,0,5.903,4.716,0.152,0,,1.7099,0
2021-10-27,3008110,대청,74.766,1085.179,22.15,32.18,72.8,73.39,71.8894,1001.966,0,1132.6648,1593.8619,1106.7919,21.516,0,0,0,0,5.868,4.649,0.147,0,,1.3584,0
2021-10-26,3008110,대청,74.78,1086.046,17.755,32.091,72.9,73.41,71.9159,1003.148,0,1132.6648,1593.8619,1105.4335,21.501,0,0,0,0,5.833,4.61,0.147,0,,0.7062,0
2021-10-25,3008110,대청,74.8,1087.284,24.177,31.349,73,73.43,71.9415,1004.33,0,1132.6648,1593.8619,1104.7273,21.511,0,0,0,0,5.047,4.647,0.144,0,,0.8745,0
2021-10-24,3008110,대청,74.81,1087.904,16.009,31.795,73,73.45,71.9656,984.002,0,1132.6648,1593.8619,1103.8528,21.504,0,0,0,0,5.474,4.674,0.143,0,,0.9168,0
2021-10-23,3008110,대청,74.832,1089.268,23.412,32.028,73.1,73.48,71.9915,985.742,0,1132.8318,1593.8619,1102.936,21.5,0,0,0,0,5.729,4.657,0.142,0,,0.5261,0
2021-10-22,3008110,대청,74.844,1090.012,27.836,32.145,73.2,73.5,72.0174,986.904,0,1132.8318,1593.8619,1102.4099,21.492,0,0,0,0,5.903,4.608,0.142,0,,3.553,0
2021-10-21,3008110,대청,74.85,1090.385,32.036,32.036,73.2,73.53,72.0429,988.648,0,1132.8318,1593.5818,1098.8569,21.51,0,0,0,0,5.776,4.608,0.142,0,,2.7143,0
2021-10-20,3008110,대청,74.85,1090.385,31.95,31.95,73.2,73.54,72.0668,989.229,0,1132.8318,1592.5168,1096.1426,21.496,0,0,0,0,5.636,4.679,0.139,0,,0.5614,0
2021-10-19,3008110,대청,74.85,1090.385,24.722,31.906,73.2,73.56,72.0956,990.393,1.9462,1132.8318,1592.5168,1095.5812,21.507,0,0,0,0,5.636,4.628,0.135,0,,0.7441,0
2021-10-18,3008110,대청,74.86,1091.005,40.77,32.15,73.2,73.59,72.1271,992.141,0,1130.8856,1592.5168,1094.8371,21.503,0,0,0,0,5.914,4.598,0.135,0,,0.7252,0
2021-10-17,3008110,대청,74.848,1090.26,41.846,31.794,73.2,73.6,72.1507,992.723,0,1130.8856,1592.5168,1094.1119,21.533,0,0,0,0,5.474,4.646,0.141,0,,1.0508,0
2021-10-16,3008110,대청,74.834,1089.392,27.405,31.713,73.1,73.63,72.1767,994.473,9.2946,1130.8856,1592.5168,1093.0611,21.497,0,0,0,0,5.452,4.605,0.159,0,,1.7119,0
2021-10-15,3008110,대청,74.84,1089.764,37.657,31.914,73.1,73.64,72.202,995.057,8.795,1121.591,1592.5168,1091.3492,21.511,0,0,0,0,5.625,4.607,0.171,0,,0.614,0
2021-10-14,3008110,대청,74.832,1089.268,40.874,32.262,73.1,73.66,72.2179,996.225,0,1112.796,1592.5168,1090.7352,21.506,0,0,0,0,5.949,4.664,0.143,0,,1.094,0
2021-10-13,3008110,대청,74.82,1088.524,32.221,30.786,73.1,73.68,72.2202,997.394,0,1112.796,1592.5168,1089.6412,20.491,0,0,0,0,5.498,4.629,0.168,0,,0.9744,0
2021-10-12,3008110,대청,74.818,1088.4,29.84,31.275,73.1,73.7,72.22,998.563,4.9582,1112.796,1592.5168,1088.6668,20.497,0,0,0,0,5.59,4.558,0.63,0,,2.7495,0
2021-10-11,3008110,대청,74.82,1088.524,38.39,31.216,73.1,73.71,72.2234,1020.972,11.2012,1107.8378,1592.5168,1085.9173,20.486,0,0,0,0,5.371,4.658,0.701,0,,2.2891,0
2021-10-10,3008110,대청,74.81,1087.904,18.434,31.349,73,73.73,72.2432,1022.166,1.5045,1096.6366,1592.5168,1083.6282,20.482,0,0,0,0,5.578,4.587,0.702,0,,2.9992,0
2021-10-09,3008110,대청,74.828,1089.02,36.984,31.243,73.1,73.74,72.2712,1022.764,0,1095.1321,1592.5168,1080.629,20.508,0,0,0,0,5.464,4.57,0.701,0,,1.0569,0
2021-10-08,3008110,대청,74.82,1088.524,31.569,31.569,73.1,73.76,72.2968,1023.96,0.2928,1095.1321,1592.5168,1079.5721,20.5,0,0,0,0,5.763,4.603,0.703,0,,1.9796,0
2021-10-07,3008110,대청,74.82,1088.524,28.465,31.335,73.1,73.78,72.3193,1025.157,1.2299,1094.8393,1592.5168,1077.5925,20.505,0,0,0,0,5.544,4.591,0.695,0,,1.116,0
2021-10-06,3008110,대청,74.824,1088.772,34.555,31.685,73.1,73.8,72.3325,1026.355,0,1093.6094,1592.5168,1076.4765,20.493,0,0,0,0,5.845,4.645,0.702,0,,2.795,0
2021-10-05,3008110,대청,74.82,1088.524,25.99,31.731,73.1,73.8,72.3444,1026.355,0,1093.6094,1592.5168,1073.6815,20.552,0,0,0,0,5.776,4.703,0.7,0,,3.613,0
2021-10-04,3008110,대청,74.828,1089.02,45.815,31.465,73.1,73.82,72.3778,1027.553,0,1093.6094,1592.5168,1070.0685,20.5,0,0,0,0,5.648,4.618,0.699,0,,0.4171,0
2021-10-03,3008110,대청,74.808,1087.78,49.89,31.25,73,73.83,72.3951,1028.153,0,1093.6094,1591.7604,1069.6514,20.49,0,0,0,0,5.393,4.642,0.725,0,,0.9834,0
2021-10-02,3008110,대청,74.782,1086.17,61.606,31.528,72.9,73.84,72.3825,1006.773,0.2021,1093.6094,1590.6676,1068.668,20.504,0,0,0,0,5.752,4.604,0.668,0,,4.4133,0
2021-10-01,3008110,대청,74.74,1083.571,80.244,31.635,72.7,73.84,72.3968,1006.773,0,1093.4073,1590.6676,1064.2547,20.539,0,0,0,0,5.764,4.637,0.695,0,,2.2575,0
2021-09-30,3008110,대청,74.672,1079.371,99.582,41.112,72.4,73.83,72.3322,1006.185,0.6473,1093.4073,1590.6676,1061.9972,29.806,0,0,0,0,5.914,4.695,0.697,0,,4.2271,0
2021-09-29,3008110,대청,74.59,1074.319,69.194,40.73,72.1,73.84,72.3307,1006.773,29.5744,1092.76,1590.6676,1057.7701,29.806,0,0,0,0,5.602,4.628,0.694,0,,4.4339,0
2021-09-28,3008110,대청,74.55,1071.86,39.375,40.797,71.9,73.84,72.3637,1006.773,0.5027,1063.1856,1590.6676,1053.3362,29.793,0,0,0,0,5.775,4.536,0.693,0,,1.3444,0
2021-09-27,3008110,대청,74.552,1071.983,35.225,40.915,72,73.85,72.3988,1007.361,0,1062.6829,1590.6676,1051.9918,29.82,0,0,0,0,5.741,4.663,0.691,0,,2.899,0
2021-09-26,3008110,대청,74.56,1072.474,47.82,40.707,72,73.85,72.4273,1007.361,0,1062.6829,1590.6676,1049.0928,29.806,0,0,0,0,5.556,4.654,0.691,0,,0.852,0
2021-09-25,3008110,대청,74.55,1071.86,49.169,40.637,71.9,73.85,72.4512,1007.361,0.1347,1062.6829,1590.6676,1048.2408,29.783,0,0,0,0,5.59,4.575,0.689,0,,0.5189,0
2021-09-24,3008110,대청,74.538,1071.123,66.219,40.644,71.9,73.84,72.4741,1006.773,0,1062.5482,1590.6123,1047.7219,29.799,0,0,0,0,5.578,4.575,0.692,0,,5.7434,0
2021-09-23,3008110,대청,74.502,1068.913,84.781,40.807,71.7,73.84,72.4742,1006.773,0,1062.5482,1590.6123,1041.9785,29.786,0,0,0,0,5.683,4.637,0.701,0,,3.1344,0
2021-09-22,3008110,대청,74.44,1065.114,114.711,41.153,71.5,73.83,72.4388,1006.185,5.1182,1062.5482,1590.6123,1038.8441,29.805,0,0,0,0,5.336,4.637,1.375,0,,2.8222,0
2021-09-21,3008110,대청,74.336,1058.758,86.13,39.582,71.1,73.83,72.4387,1006.185,24.2052,1057.4358,1590.6123,1036.0219,29.793,0,0,0,0,5.208,4.553,0.028,0,,5.0319,0
2021-09-20,3008110,대청,74.27,1054.736,61.776,40.652,70.8,73.8,72.4707,1004.423,0,1033.2306,1590.6123,1030.99,29.792,0,0,0,0,5.498,4.665,0.697,0,,2.8187,0
2021-09-19,3008110,대청,74.24,1052.911,83.031,40.847,70.7,73.77,72.4895,1002.663,0,1033.2248,1590.6123,1028.1713,29.814,0,0,0,0,5.695,4.641,0.697,0,,2.6602,0
2021-09-18,3008110,대청,74.18,1049.267,127.924,41.014,70.4,73.73,72.5173,1000.319,0,1033.2248,1589.8408,1025.5111,29.806,0,0,0,0,5.798,4.712,0.698,0,,2.6111,0
2021-09-17,3008110,대청,74.056,1041.758,74.361,77.159,69.9,73.67,72.4909,996.809,27.7841,1033.2306,1589.7229,1022.9,66.068,0,0,0,0,5.741,4.65,0.7,0,,8.4794,0
2021-09-16,3008110,대청,74.06,1041.999,46.3,95.324,69.9,73.61,72.4022,993.306,0.2527,1005.4465,1586.1455,1014.4206,84.306,0,0,0,0,5.683,4.633,0.702,0,,6.071,0
2021-09-15,3008110,대청,74.13,1046.235,39.157,95.327,70.2,73.54,72.3832,989.229,0,1005.1938,1583.5526,1008.3496,84.278,0,0,0,0,5.729,4.616,0.704,0,,4.9764,0
2021-09-14,3008110,대청,74.21,1051.088,43.477,95.569,70.5,73.45,72.4078,984.002,0,1005.1938,1583.5526,1003.3732,84.2,0,0,0,0,6.053,4.613,0.703,0,,5.2052,0
2021-09-13,3008110,대청,74.284,1055.589,57.503,54.684,70.8,73.33,72.356,977.057,0,1005.1938,1583.5526,998.168,43.44,0,0,0,0,5.903,4.637,0.704,0,,3.4397,0
2021-09-12,3008110,대청,74.28,1055.345,68.939,40.769,70.8,73.18,72.54,968.417,0,1005.1938,1583.2365,995.1967,29.794,0,0,0,0,5.66,4.61,0.705,0,,8.8715,0
2021-09-11,3008110,대청,74.24,1052.911,83.243,41.059,70.7,72.99,72.2427,957.538,0,1005.1938,1576.6541,989.4617,29.758,0,0,0,0,5.972,4.626,0.703,0,,5.9276,0
2021-09-10,3008110,대청,74.18,1049.2666,90.161,41.054,70.4,72.76,72.2341,944.465,0,1005.021,1573.728,983.5341,29.806,0,0,0,0,5.891,4.657,0.7,0,,4.158,0
2021-09-09,3008110,대청,74.11,1045.0237,124.441,40.528,70.1,72.44,72.2049,926.452,0.0578,1005.021,1573.5116,979.3761,29.812,0,0,0,0,5.417,4.599,0.7,0,,5.0601,0
2021-09-08,3008110,대청,73.99,1037.7736,145.399,40.988,69.65,71.91,72.1966,897.064,0.8362,1004.9632,1558.5456,974.316,29.806,0,0,0,0,5.879,4.606,0.697,0,,3.7728,0
2021-09-07,3008110,대청,73.84,1028.753,144.533,40.656,69,70.7,72.1724,832.037,6.385,1004.2998,1558.378,970.5432,29.786,0,0,0,0,5.648,4.528,0.694,0,,4.4679,0
2021-09-06,3008110,대청,73.69,1019.778,109.371,40.416,68.4,70.59,72.2,826.267,23.6436,997.9148,1515.1577,966.0753,29.802,0,0,0,0,5.348,4.58,0.686,0,,3.8257,0
2021-09-05,3008110,대청,73.59,1013.82,102.308,40.452,68,72.02,72.2878,903.118,1.0619,974.2712,1496.6283,962.2496,29.794,0,0,0,0,5.428,4.542,0.688,0,,6.0592,0
2021-09-04,3008110,대청,73.5,1008.475,129.794,40.785,67.7,73.26,72.3573,973.019,0,973.2093,1496.5264,956.1904,29.804,0,0,0,0,5.717,4.576,0.688,0,,4.0177,0
2021-09-03,3008110,대청,73.37,1000.785,366.888,115.752,67.2,73.79,72.3202,1003.836,0,973.2093,1496.5264,952.1727,104.746,0,0,0,0,5.81,4.513,0.683,0,,6.6016,0
2021-09-02,3008110,대청,73,979.087,641.289,240.954,65.7,72.09,72.2256,906.983,0.2689,973.2093,1415.9499,945.5711,230.061,0,0,0,0,5.672,4.546,0.675,0,,9.9553,0
2021-09-01,3008110,대청,72.4,944.498,756.178,723.203,63.4,72.79,72.2029,946.164,39.6546,972.9404,1368.5169,935.6158,236.287,475.989,0,0,0.178,5.601,4.48,0.668,0,,6.3756,0
2021-08-31,3008110,대청,72.35,941.649,409.422,782.137,63.2,72.8,71.9373,946.731,1.6575,933.2858,1368.472,929.2402,233.836,537.31,0,0,0,5.741,4.571,0.679,0,,12.432,0
2021-08-30,3008110,대청,72.91,973.852,431.387,164.402,65.4,72.5,71.6798,929.814,0.0634,931.6283,1367.4109,916.8082,153.399,0,0,0,0,5.752,4.573,0.678,0,,13.8027,0
2021-08-29,3008110,대청,72.51,950.784,345.085,226.182,63.8,72.11,71.481,908.089,27.0889,931.5649,1355.0841,903.0055,215.555,0,0,0,0,5.452,4.502,0.673,0,,7.3173,0
2021-08-28,3008110,대청,72.33,940.511,483.186,241.194,63.1,71.9,71.4471,896.515,0.0525,904.476,1330.9341,895.6882,230.271,0,0,0,0,5.683,4.565,0.675,0,,8.4038,0
2021-08-27,3008110,대청,71.96,919.603,175.622,240.704,61.7,71.75,71.402,888.302,33.3913,904.4235,1309.4818,887.2844,229.843,0,0,0,0,5.671,4.523,0.667,0,,8.1938,0
2021-08-26,3008110,대청,72.06,925.226,260.913,241.363,62.1,71.89,71.2461,895.966,0.936,871.0322,1298.6756,879.0906,229.714,0,0,0,0,5.81,4.537,1.302,0,,10.0639,0
2021-08-25,3008110,대청,72.03,923.537,766.205,240.138,62,72.9,71.1502,952.41,9.8435,870.0962,1283.5365,869.0267,229.913,0,0,0,0,5.672,4.527,0.026,0,,9.7843,0
2021-08-24,3008110,대청,71.21,878.084,578.054,240.36,58.9,73.25,71.0607,972.443,49.2192,860.2527,1283.2329,859.2424,229.808,0,0,0,0,5.475,4.433,0.644,0,,8.8595,0
2021-08-23,3008110,대청,70.67,848.908,139.555,158.134,57,73.52,71.0866,988.066,48.4881,811.0335,1282.8477,850.3829,147.472,0,0,0,0,5.652,4.366,0.644,0,,6.5728,0
2021-08-22,3008110,대청,70.7,850.513,53.922,53.922,57.1,73.55,71.1124,989.811,0.0729,762.5454,1282.7748,843.8101,43.313,0,0,0,0,5.522,4.44,0.647,0,,7.3136,0
2021-08-21,3008110,대청,70.7,850.513,69,56.612,57.1,73.55,71.0468,989.811,27.9088,762.4725,1273.3419,836.4965,43.336,0,0,0,0,5.752,4.408,3.116,0,,10.4764,0
2021-08-20,3008110,대청,70.68,849.443,28.375,59.363,57,73.56,70.9902,990.393,0.1799,734.5637,1273.3419,826.0201,43.34,0,0,0,0,5.648,4.417,5.958,0,,8.9822,0
2021-08-19,3008110,대청,70.73,852.12,25.116,56.164,57.2,73.63,70.9841,994.473,6.2462,734.3838,1273.3419,817.0379,43.323,0,0,0,0,5.787,4.428,2.626,0,,4.7502,0
2021-08-18,3008110,대청,70.78,854.802,19.027,56.363,57.4,73.69,70.912,997.978,2.4471,728.1376,1273.3419,812.2877,43.331,0,0,0,0,5.891,4.45,2.691,0,,8.3849,0
2021-08-17,3008110,대청,70.84,858.028,26.907,58.086,57.6,73.72,70.92,999.733,0.9144,725.6905,1273.3419,803.9028,42.685,0,0,0,0,5.567,4.449,5.385,0,,5.3389,0
2021-08-16,3008110,대청,70.89,860.722,21.437,58.93,57.8,73.72,70.861,999.733,0,724.7761,1273.3419,798.5639,42.352,0,0,0,0,5.799,4.478,6.301,0,,9.6554,0
2021-08-15,3008110,대청,70.95,863.961,33.044,58.087,58,73.68,70.6463,997.394,0,724.7761,1273.3419,788.9085,41.982,0,0,0,0,5.382,4.44,6.283,0,,9.8101,0
2021-08-14,3008110,대청,70.99,866.125,27.298,58.655,58.1,73.56,70.5295,990.393,3.5254,724.7761,1273.3419,779.0984,42.018,0,0,0,0,5.776,4.417,6.444,0,,7.2267,0
2021-08-13,3008110,대청,71.04,868.834,33.375,58.504,58.3,73.56,70.4739,990.393,0.4277,721.2507,1273.1318,771.8717,42.005,0,0,0,0,5.694,4.496,6.309,0,,8.8055,0
2021-08-12,3008110,대청,71.08,871.006,65.179,58.893,58.5,74.41,70.512,1040.608,0.0525,720.823,1273.1318,763.0662,41.999,0,0,0,0,5.799,4.572,6.523,0,,7.6763,0
2021-08-11,3008110,대청,71.07,870.462,27.167,58.62,58.4,75.81,70.4459,1126.546,0.0553,720.7705,1265.9189,755.3899,41.979,0,0,0,0,5.683,4.47,6.488,0,,7.7552,0
2021-08-10,3008110,대청,71.12,873.18,39.222,58.122,58.6,75.97,70.3915,1136.627,10.0372,720.7152,1214.7244,747.6347,42.028,0,0,0,0,5.902,4.535,5.657,0,,11.4755,0
2021-08-09,3008110,대청,71.15,874.813,39.153,58.075,58.7,77.41,70.4346,1229.778,0,710.678,1180.7326,736.1592,42.03,0,0,0,0,5.776,4.534,5.735,0,,6.2006,0
2021-08-08,3008110,대청,71.18,876.448,57.859,57.859,58.8,75.27,70.3888,1092.919,3.2028,710.678,1171.9573,729.9586,41.989,0,0,0,0,5.649,4.506,5.715,0,,7.876,0
2021-08-07,3008110,대청,71.18,876.448,61.624,55.314,58.8,72.29,70.3593,918.078,0.2466,707.4752,1090.0934,722.0826,42.001,0,0,0,0,5.74,4.511,3.062,0,,8.0098,0
2021-08-06,3008110,대청,71.17,875.903,57.887,57.887,58.8,72.31,70.3854,919.192,7.2393,707.2286,1018.3802,714.0728,42.03,0,0,0,0,5.857,4.524,5.476,0,,6.4094,0
2021-08-05,3008110,대청,71.17,875.903,75.399,56.485,58.8,72.9,70.3495,952.41,3.2179,699.9893,998.331,707.6634,42.012,0,0,0,0,5.787,4.52,4.166,0,,1.6776,0
2021-08-04,3008110,대청,71.14,874.268,141.514,53.53,58.7,73.61,70.2832,993.306,0.1077,696.7714,986.4002,705.9858,42.021,0,0,0,0,5.88,4.551,1.078,0,,9.5019,0
2021-08-03,3008110,대청,71,866.667,196.349,52.817,58.2,74.77,70.1466,1062.32,3.8258,696.6637,978.6477,696.4839,41.987,0,0,0,0,5.684,4.459,0.687,0,,9.7058,0
2021-08-02,3008110,대청,70.77,854.266,102.657,53.028,57.3,76.26,70.0846,1155.034,24.0507,692.8379,977.1635,686.7781,42.038,0,0,0,0,5.798,4.28,0.912,0,,6.6055,0
2021-08-01,3008110,대청,70.69,849.978,39.992,58.585,57.1,77.56,70.1415,1239.735,41.498,668.7872,974.9602,680.1726,42.009,0,0,0,0,5.672,4.426,6.478,0,,6.6249,0
2021-07-31,3008110,대청,70.72,851.584,12.677,43.713,57.2,78.52,70.2124,1304.602,9.7045,627.2892,970.4559,673.5477,25.916,0,0,0,0,5.683,4.631,7.483,0,,3.6299,0
2021-07-30,3008110,대청,70.77,854.266,12.711,43.806,57.3,79.14,70.2598,1347.558,0.1902,617.5847,965.8842,669.9178,25.909,0,0,0,0,5.81,4.597,7.49,0,,5.6937,0
2021-07-29,3008110,대청,70.82,856.952,19.054,43.973,57.5,75.96,70.2061,1135.995,4.0698,617.3945,870.1191,664.2241,25.909,0,0,0,0,5.903,4.663,7.498,0,,6.2152,0
2021-07-28,3008110,대청,70.86,859.105,12.729,43.932,57.7,75.44,70.2395,1103.44,0,613.3247,831.9102,658.0089,25.914,0,0,0,0,5.903,4.604,7.511,0,,5.2786,0
2021-07-27,3008110,대청,70.91,861.801,12.707,43.969,57.84,75.7,70.3388,1119.647,0,613.3247,810.7351,652.7303,25.908,0,0,0,0,5.903,4.638,7.52,0,,3.0113,0
2021-07-26,3008110,대청,70.96,864.502,18.923,43.976,58,75.98,70.3012,1137.259,0,613.3247,807.2933,649.719,25.905,0,0,0,0,5.926,4.615,7.53,0,,7.8246,0
2021-07-25,3008110,대청,71,866.667,12.547,43.916,58.2,76.13,70.2834,1146.761,0,613.3247,804.8949,641.8944,25.912,0,0,0,0,5.88,4.591,7.533,0,,8.0993,0
2021-07-24,3008110,대청,71.05,869.377,18.892,44.03,58.4,75.65,70.2032,1116.519,0,613.3247,794.6074,633.7951,25.909,0,0,0,0,5.961,4.626,7.534,0,,4.2324,0
2021-07-23,3008110,대청,71.09,871.549,25.211,44.09,58.5,74.54,69.9866,1048.418,0,613.3247,772.8396,629.5627,25.912,0,0,0,0,5.996,4.635,7.547,0,,13.1363,0
2021-07-22,3008110,대청,71.12,873.18,25.291,44.191,58.6,74.25,69.689,1031.044,0,613.3247,725.2194,616.4264,25.893,0,0,0,0,6.099,4.643,7.556,0,,10.0381,0
2021-07-21,3008110,대청,71.15,874.813,31.617,44.229,58.7,74.55,69.6844,1049.02,0,613.3247,682.1785,606.3883,25.923,0,0,0,0,6.1,4.652,7.554,0,,5.971,0
2021-07-20,3008110,대청,71.17,875.903,42.876,42.876,58.8,75.04,69.6841,1078.779,0.0634,613.3247,682.1512,600.4173,25.92,0,0,0,0,5.892,4.593,6.471,0,,4.0249,0
2021-07-19,3008110,대청,71.17,875.903,39.169,39.169,58.8,75.51,69.6471,1107.789,3.6127,613.2613,658.5223,596.3924,25.911,0,0,0,0,5.799,4.637,2.822,0,,5.6466,0
2021-07-18,3008110,대청,71.17,875.903,38.936,38.936,58.8,75.98,69.562,1137.259,3.5977,609.6486,655.7566,590.7458,25.902,0,0,0,0,5.579,4.636,2.819,0,,6.2554,0
2021-07-17,3008110,대청,71.17,875.903,38.79,38.79,58.8,76.22,69.28,1152.485,1.6603,606.0509,655.7566,584.4904,25.891,0,0,0,0,5.741,4.648,2.51,0,,12.4787,0
2021-07-16,3008110,대청,71.17,875.903,54.437,193.797,58.8,76.16,68.8176,1148.667,5.7043,604.3906,655.7566,572.0117,181.902,0,0,0,0,5.914,4.632,1.349,0,,12.7355,0
2021-07-15,3008110,대청,71.39,887.943,58.956,193.056,59.6,75.92,68.5849,1133.471,1.5819,598.6863,655.5328,559.2762,182.08,0,0,0,0,5.845,4.607,0.524,0,,14.0895,0
2021-07-14,3008110,대청,71.6,899.53,63.887,192.577,60.4,75.58,68.3627,1112.149,0.7984,597.1044,650.8934,545.1867,181.898,0,0,0,0,5.903,4.65,0.126,0,,10.3229,0
2021-07-13,3008110,대청,71.8,910.648,82.823,192.958,61.1,74.4,69.51,1040.009,0,596.306,646.1661,531.4696,182.051,0,0,0,0,6.146,4.633,0.128,0,,10.5803,0
2021-07-12,3008110,대청,71.97,920.164,135.169,245.991,61.8,71.92,67.7922,897.614,0.2117,596.306,560.091,522.8832,235.281,0,0,0,0,5.973,4.607,0.13,0,,13.8113,0
2021-07-11,3008110,대청,72.14,929.739,159.841,245.051,62.4,72.02,67.6876,903.118,3.1525,596.0943,510.8934,509.0719,234.582,0,0,0,0,5.729,4.606,0.134,0,,14.3854,0
2021-07-10,3008110,대청,72.27,937.101,219.585,239.306,62.9,72.16,67.4649,910.857,8.7903,592.9418,510.7794,494.6865,229.115,0,0,0,0,5.394,4.66,0.137,0,,11.6097,0
2021-07-09,3008110,대청,72.3,938.805,552.105,245.603,63,72.31,67.2171,919.192,2.5847,584.1515,497.6913,483.0768,234.966,0,0,0,0,5.999,4.521,0.117,0,,12.7386,0
2021-07-08,3008110,대청,71.83,912.323,1625.774,148.542,61.2,72.42,67.9875,925.333,66.5767,581.5668,497.6913,468.3443,138.343,0,0,0,0,5.787,4.285,0.127,0,,10.3807,0
2021-07-07,3008110,대청,69.44,784.69,466.301,82.358,52.7,72.4,67.76,924.214,36.3759,514.9901,497.6913,457.9636,72.013,0,0,0,0,5.799,4.429,0.117,0,,7.1263,0
2021-07-06,3008110,대청,68.78,751.518,189.147,166.212,50.4,72.39,66.6846,923.656,21.0288,478.6142,497.4419,453.9738,155.851,0,0,0,0,5.614,4.396,0.351,0,,12.0301,0
2021-07-05,3008110,대청,68.74,749.536,59.953,250.31,50.3,72.56,66.3995,933.183,32.0035,457.5854,466.8191,441.9437,239.738,0,0,0,0,5.73,4.419,0.423,0,,9.4741,0
2021-07-04,3008110,대청,69.07,765.983,46.043,150.97,51.4,72.74,66.2661,964.008,5.1177,425.5819,466.8191,432.4696,140.661,0,0,0,0,5.51,4.434,0.365,0,,9.4484,0
2021-07-03,3008110,대청,69.25,775.049,46.88,82.027,52,72.91,66.1356,973.852,29.1003,420.4642,466.5526,423.0212,72,0,0,0,0,5.201,4.449,0.377,0,,12.0826,0
2021-07-02,3008110,대청,69.31,778.085,18.902,83.562,52.2,73.05,66.0202,960.966,0,391.3639,462.2346,410.9386,72.024,0,0,0,0,6.512,4.521,0.505,0,,9.9983,0
2021-07-01,3008110,대청,69.42,783.672,18.446,83.395,52.6,73.16,65.9466,967.268,0.1042,391.3639,462.2346,400.9403,72.095,0,0,0,0,6.088,4.507,0.705,0,,10.0874,0
2021-06-30,3008110,대청,69.53,789.284,32.428,56.117,53,73.22,65.9359,970.717,0.6443,391.2597,460.4956,390.8529,45.103,0,0,0,0,5.776,4.524,0.714,0,,4.9144,0
2021-06-29,3008110,대청,69.57,791.33,31.264,60.929,53.1,73.17,65.8976,967.843,3.062,390.6154,442.5125,385.9385,45.154,0,0,0,0,5.799,4.424,5.552,0,,7.4761,0
2021-06-28,3008110,대청,69.62,793.893,18.981,60.613,53.3,73.15,65.9037,966.694,0.6283,387.5534,407.7963,378.4624,45.113,0,0,0,0,5.556,4.377,5.567,0,,5.0633,0
2021-06-27,3008110,대청,69.69,797.49,37.036,60.878,53.5,73.2,65.8715,969.566,0.0525,386.9251,407.7963,373.3991,45.03,0,0,0,0,5.51,4.46,5.878,0,,9.7704,0
2021-06-26,3008110,대청,69.73,799.55,36.669,60.549,53.7,73.24,65.8478,971.868,4.9785,386.8726,407.7963,363.6287,45.106,0,0,0,0,5.706,4.439,5.298,0,,4.9927,0
2021-06-25,3008110,대청,69.77,801.614,31.594,61.498,53.8,73.29,65.7098,974.749,7.3114,381.8941,407.6863,358.636,45.107,0,0,0,0,5.729,4.43,6.232,0,,9.1781,0
2021-06-24,3008110,대청,69.82,804.197,32.36,62.323,54,73.32,65.5498,976.48,0.057,374.5827,405.7299,349.4579,45.115,0,0,0,0,5.718,4.322,7.168,0,,11.7171,0
2021-06-23,3008110,대청,69.87,806.786,16.857,58.906,54.2,73.36,65.521,978.791,5.0587,374.5257,401.3943,337.7408,45.067,0,0,0,0,5.81,4.272,3.757,0,,7.1099,0
2021-06-22,3008110,대청,69.94,810.419,19.366,55.501,54.4,73.41,65.5641,981.684,1.2376,369.467,401.3943,330.6309,45.126,0,0,0,0,5.799,4.498,0.078,0,,4.5454,0
2021-06-21,3008110,대청,70,813.541,22.364,58.585,54.6,73.44,65.598,983.422,0,368.2294,401.3943,326.0855,45.12,0,0,0,0,5.857,4.444,3.164,0,,3.1011,0
2021-06-20,3008110,대청,70.06,816.671,25.411,61.718,54.8,73.47,65.52,985.162,0,368.2294,401.2901,322.9844,45.122,0,0,0,0,5.671,4.577,6.348,0,,10.2453,0
2021-06-19,3008110,대청,70.12,819.807,24.931,61.323,55,73.5,65.5366,986.904,0,368.2294,401.2901,312.7391,45.121,0,0,0,0,5.301,4.466,6.435,0,,6.6023,0
2021-06-18,3008110,대청,70.18,822.952,37.114,61.423,55.2,73.5,65.6039,986.904,2.7817,368.2294,401.0315,306.1368,45.119,0,0,0,0,5.66,4.44,6.204,0,,5.104,0
2021-06-17,3008110,대청,70.22,825.052,25.137,61.672,55.4,73.5,65.5963,986.904,0.3555,365.4477,398.5842,301.0328,45.097,0,0,0,0,5.764,4.557,6.254,0,,5.3855,0
2021-06-16,3008110,대청,70.28,828.209,25.147,61.768,55.6,73.47,67.006,985.162,0.3774,365.0922,398.5842,292.5108,45.085,0,0,0,0,5.845,4.537,6.301,0,,0.3574,0
2021-06-15,3008110,대청,70.34,831.373,25.308,62.015,55.8,73.32,65.712,976.48,1.8334,364.7148,398.5842,292.1534,45.09,0,0,0,0,5.857,4.466,6.602,0,,1.0113,0
2021-06-14,3008110,대청,70.4,834.544,25.737,62.53,56,72.7,65.7959,941.072,0,362.8814,398.5842,291.1421,45.103,0,0,0,0,5.914,4.624,6.889,0,,3.9721,0
2021-06-13,3008110,대청,70.46,837.723,38.55,63.126,56.2,72.29,65.8854,918.078,0.0525,362.8814,342.2481,287.17,45.099,0,0,0,0,5.684,4.504,7.839,0,,2.0482,0
2021-06-12,3008110,대청,70.5,839.847,51.139,63.441,56.4,72.22,65.972,914.186,0,362.8289,328.8962,285.1218,45.112,0,0,0,0,5.856,4.635,7.838,0,,1.9688,0
2021-06-11,3008110,대청,70.52,840.909,45.771,58.083,56.4,72.15,66.0585,910.303,15.0041,362.8289,324.1588,283.153,45.118,0,0,0,0,5.926,4.594,2.445,0,,3.2096,0
2021-06-10,3008110,대청,70.54,841.973,34.478,59.13,56.5,72.01,66.1278,902.567,1.2953,347.8248,294.5425,279.9434,45.114,0,0,0,0,5.729,4.638,3.649,0,,5.246,0
2021-06-09,3008110,대청,70.58,844.103,37.943,62.633,56.7,72.02,66.2039,903.118,0,346.5295,267.1313,274.6974,45.111,0,0,0,0,5.88,4.575,7.067,0,,1.9294,0
2021-06-08,3008110,대청,70.62,846.236,42.953,61.496,56.8,72.08,66.2673,906.43,0,346.5295,267.1313,272.768,45.109,0,0,0,0,5.695,4.613,6.079,0,,4.1073,0
2021-06-07,3008110,대청,70.65,847.839,55.759,55.759,56.9,72.16,66.3624,910.857,0,346.5295,267.1313,268.6607,45.111,0,0,0,0,5.787,4.546,0.315,0,,3.9928,0
2021-06-06,3008110,대청,70.65,847.839,68.316,62.133,56.9,72.22,66.4705,914.186,0.175,346.5295,267.0271,264.6679,45.114,0,0,0,0,5.66,4.592,6.767,0,,1.1267,0
2021-06-05,3008110,대청,70.64,847.304,101.442,58.225,56.9,72.29,66.5702,918.078,0,346.3545,263.8242,263.5412,45.11,0,0,0,0,5.81,4.597,2.708,0,,1.6224,0
2021-06-04,3008110,대청,70.57,843.57,80.625,55.982,56.6,72.36,66.6744,921.98,1.6437,346.3545,263.8242,261.9188,45.097,0,0,0,0,5.267,4.617,1.001,0,,0.2193,0
2021-06-03,3008110,대청,70.53,841.441,65.592,59.437,56.5,72.42,66.7629,925.333,27.4153,344.7108,263.8242,261.6995,45.126,0,0,0,0,5.833,4.482,3.996,0,,2.1568,0
2021-06-02,3008110,대청,70.52,840.909,44.409,62.88,56.4,72.48,66.8698,949.067,0,317.2955,263.8242,259.5427,45.107,0,0,0,0,5.394,4.613,7.766,0,,3.1094,0
2021-06-01,3008110,대청,70.55,842.505,68.586,62.426,56.5,72.54,66.9727,952.503,0,317.2955,263.8242,256.4333,45.162,0,0,0,0,5.81,4.566,6.888,0,,2.7159,0
2021-05-31,3008110,대청,70.54,841.973,73.113,48.499,56.5,72.61,67.0759,935.996,7.8036,317.2955,263.3934,253.7174,32.584,0,0,0,0,5.556,4.569,5.79,0,,0.6973,0
2021-05-30,3008110,대청,70.5,839.847,80.488,49.774,56.4,72.65,67.1546,938.25,5.485,309.4919,263.3934,253.0201,32.507,0,0,0,0,5.74,4.608,6.919,0,,2.2954,0
2021-05-29,3008110,대청,70.45,837.193,95.036,46.017,56.2,72.69,67.2361,940.507,0,304.0011,263.3934,250.7247,32.512,0,0,0,0,5.545,4.55,3.41,0,,0.9035,0
2021-05-28,3008110,대청,70.37,832.958,63.585,45.242,55.9,72.73,67.3305,942.767,29.5347,304.0011,263.3934,249.8212,32.53,0,0,0,0,5.498,4.472,2.742,0,,2.2039,0
2021-05-27,3008110,대청,70.34,831.373,41.558,47.67,55.8,72.77,67.418,945.031,1.239,274.4664,263.3934,247.6173,32.513,0,0,0,0,5.498,4.519,5.14,0,,1.7643,0
2021-05-26,3008110,대청,70.35,831.901,27.93,46.28,55.8,72.81,67.5139,947.298,0,273.2274,263.3934,245.853,32.507,0,0,0,0,5.359,4.559,3.855,0,,1.9409,0
2021-05-25,3008110,대청,70.38,833.486,34.108,46.353,55.9,72.84,67.6041,949,1.4973,273.2274,263.3934,243.9121,32.515,0,0,0,0,5.533,4.448,3.857,0,,1.7022,0
2021-05-24,3008110,대청,70.4,834.544,40.287,46.413,56,72.86,67.6968,950.136,0,271.7301,263.3934,242.2099,32.477,0,0,0,0,5.521,4.557,3.858,0,,2.1304,0
2021-05-23,3008110,대청,70.41,835.074,52.596,46.47,56.1,72.89,67.7732,951.841,0,271.7301,260.5814,240.0795,32.503,0,0,0,0,5.521,4.584,3.862,0,,1.4365,0
2021-05-22,3008110,대청,70.4,834.544,58.648,46.403,56,72.91,67.8459,952.979,0,271.7301,260.5814,238.643,32.526,0,0,0,0,5.452,4.566,3.859,0,,1.9021,0
2021-05-21,3008110,대청,70.38,833.486,58.494,46.258,55.9,72.92,67.921,953.548,2.9918,271.7301,260.5541,236.7409,32.51,0,0,0,0,5.44,4.502,3.806,0,,2.199,0
2021-05-20,3008110,대청,70.36,832.429,64.7,46.364,55.9,72.92,67.9932,953.548,10.3968,268.7383,260.5541,234.5419,32.508,0,0,0,0,5.544,4.498,3.814,0,,1.4025,0
2021-05-19,3008110,대청,70.33,830.845,70.862,46.448,55.8,72.9,68.0646,952.41,0,258.3415,260.5268,233.1394,32.513,0,0,0,0,5.533,4.546,3.856,0,,2.2317,0
2021-05-18,3008110,대청,70.29,828.736,89.073,46.44,55.6,72.9,68.1422,952.41,0.3721,258.3415,257.5683,230.9077,32.507,0,0,0,0,5.498,4.576,3.859,0,,4.3663,0
2021-05-17,3008110,대청,70.22,825.052,76.376,45.995,55.4,72.88,68.2095,951.272,4.6873,257.9694,236.9889,226.5414,32.509,0,0,0,0,5.659,4.539,3.288,0,,1.8585,0
2021-05-16,3008110,대청,70.17,822.427,55.914,43.778,55.2,72.9,68.2656,952.41,39.7444,253.2821,236.9889,224.6829,32.501,0,0,0,0,5.556,4.589,1.132,0,,3.5566,0
2021-05-15,3008110,대청,70.15,821.379,29.4,47.607,55.1,72.92,68.2844,953.548,2.3036,213.5377,236.9226,221.1263,32.509,0,0,0,0,5.695,4.615,4.788,0,,1.3808,0
2021-05-14,3008110,대청,70.18,822.952,23.274,47.583,55.2,72.93,68.2888,954.117,0,211.2341,220.7286,219.7455,32.507,0,0,0,0,5.521,4.552,5.003,0,,2.0623,0
2021-05-13,3008110,대청,70.22,825.052,29.684,47.941,55.4,72.95,68.3059,955.257,0,211.2341,220.7286,217.6832,32.508,0,0,0,0,5.66,4.558,5.215,0,,6.6977,0
2021-05-12,3008110,대청,70.25,826.63,29.799,48.077,55.5,72.99,68.3376,957.538,0,211.2341,220.7286,210.9855,32.514,0,0,0,0,5.798,4.554,5.211,0,,2.3475,0
2021-05-11,3008110,대청,70.28,828.209,33.951,46.149,55.6,73.02,68.359,959.251,9.6338,211.2341,220.7286,208.638,32.52,0,0,0,0,5.579,4.547,3.503,0,,4.2666,0
2021-05-10,3008110,대청,70.3,829.263,27.91,46.224,55.7,73.04,68.3732,960.394,12.0061,201.6003,220.7286,204.3714,32.552,0,0,0,0,5.521,4.472,3.679,0,,4.4769,0
2021-05-09,3008110,대청,70.33,830.845,16.181,46.752,55.8,73.05,68.3944,960.966,0,189.5942,220.3997,199.8945,32.501,0,0,0,0,5.579,4.626,4.046,0,,2.1797,0
2021-05-08,3008110,대청,70.38,833.486,15.998,46.629,55.9,73.06,68.3968,961.537,0,189.5942,204.242,197.7148,32.517,0,0,0,0,5.474,4.585,4.053,0,,1.0285,0
2021-05-07,3008110,대청,70.43,836.133,28.472,46.879,56.1,73.1,68.3678,963.827,1.5427,189.5942,198.1438,196.6863,32.516,0,0,0,0,5.833,4.559,3.971,0,,6.2241,0
2021-05-06,3008110,대청,70.46,837.723,15.617,46.343,56.2,73.14,68.3515,966.121,0,188.0515,198.1438,190.4622,32.498,0,0,0,0,5.336,4.537,3.972,0,,4.4405,0
2021-05-05,3008110,대청,70.51,840.378,21.961,46.585,56.4,73.17,68.3902,967.843,2.4176,188.0515,198.1438,186.0217,32.495,0,0,0,0,5.567,4.559,3.964,0,,1.8152,0
2021-05-04,3008110,대청,70.55,842.505,22.088,46.75,56.5,73.21,68.4193,970.141,5.4707,185.6339,194.9104,184.2065,32.508,0,0,0,0,5.741,4.521,3.98,0,,1.1713,0
2021-05-03,3008110,대청,70.59,844.636,15.918,46.799,56.7,73.25,68.44,972.443,0.0663,180.1632,194.9104,183.0352,32.493,0,0,0,0,5.799,4.513,3.994,0,,3.9304,0
2021-05-02,3008110,대청,70.64,847.304,15.685,46.626,56.9,73.29,68.4727,974.749,3.7707,180.0969,191.8743,179.1048,32.493,0,0,0,0,5.556,4.577,4,0,,2.1925,0
2021-05-01,3008110,대청,70.69,849.978,21.932,46.727,57.1,73.32,68.4883,976.48,1.9994,176.3262,191.8743,176.9123,32.509,0,0,0,0,5.637,4.531,4.05,0,,1.5214,0
2021-04-30,3008110,대청,70.73,852.12,11.237,36.07,57.2,73.36,68.4737,978.791,0.3749,174.3268,191.8743,175.3909,22.112,0,0,0,0,5.787,4.607,3.564,0,,3.1231,0
2021-04-29,3008110,대청,70.77,854.266,10.697,35.569,57.33,73.41,68.4739,981.684,0.037,173.9519,191.8743,172.2678,22.094,0,0,0,0,5.88,4.536,3.059,0,,4.1768,0
2021-04-28,3008110,대청,70.81,856.414,16.509,35.188,57.5,73.44,68.4854,983.422,0,173.9149,191.8743,168.091,22.086,0,0,0,0,5.444,4.542,3.116,0,,2.7936,0
2021-04-27,3008110,대청,70.84,858.028,11.987,43.166,57.6,73.48,68.5185,985.742,0,173.9149,191.8743,165.2974,29.602,0,0,0,0,5.945,4.486,3.133,0,,1.4995,0
2021-04-26,3008110,대청,70.89,860.722,17.057,35.793,57.8,73.53,68.5527,988.648,0,173.9149,191.8743,163.7979,22.114,0,0,0,0,5.903,4.641,3.135,0,,1.8117,0
2021-04-25,3008110,대청,70.92,862.341,16.939,35.696,57.9,73.56,68.5529,990.393,0,173.9149,191.8743,161.9862,22.094,0,0,0,0,5.799,4.662,3.141,0,,2.3832,0
2021-04-24,3008110,대청,70.95,863.961,10.752,35.795,58,73.59,68.541,992.141,0,173.9149,191.8743,159.603,22.095,0,0,0,0,5.995,4.561,3.144,0,,0.7312,0
2021-04-23,3008110,대청,70.99,866.125,10.77,35.851,58.1,73.63,68.5395,994.473,0,173.9149,191.8743,158.8718,22.116,0,0,0,0,6.03,4.549,3.156,0,,3.3069,0
2021-04-22,3008110,대청,71.03,868.292,17.202,36.038,58.3,73.66,68.5537,996.225,0,173.9149,191.8743,155.5649,22.114,0,0,0,0,6.18,4.583,3.161,0,,2.7725,0
2021-04-21,3008110,대청,71.06,869.92,23.215,35.784,58.4,73.68,68.5627,997.394,0,173.9149,191.8743,152.7924,22.086,0,0,0,0,5.915,4.618,3.165,0,,3.0303,0
2021-04-20,3008110,대청,71.08,871.006,28.99,35.278,58.5,73.7,68.5417,998.563,0,173.9149,191.808,149.7621,22.11,0,0,0,0,5.845,4.581,2.742,0,,2.0869,0
2021-04-19,3008110,대청,71.09,871.549,20.41,32.993,58.5,73.71,68.538,999.148,0,173.9149,191.5049,147.6752,22.106,0,0,0,0,5.451,4.657,0.779,0,,3.2052,0
2021-04-18,3008110,대청,71.11,872.636,26.512,32.807,58.6,73.74,68.51,1000.905,0,173.9149,174.6339,144.47,22.097,0,0,0,0,5.694,4.631,0.385,0,,3.7857,0
2021-04-17,3008110,대청,71.12,873.18,20.256,32.854,58.6,73.76,68.5224,1002.077,0,173.9149,173.6098,140.6843,22.101,0,0,0,0,5.752,4.611,0.39,0,,3.7272,0
2021-04-16,3008110,대청,71.14,874.268,32.801,32.801,58.7,73.79,68.5302,1003.836,0,173.9149,166.1338,136.9571,22.073,0,0,0,0,5.775,4.569,0.384,0,,2.2825,0
2021-04-15,3008110,대청,71.14,874.268,44.025,31.427,58.7,73.83,68.5546,1006.185,0,173.9149,166.1338,134.6746,20.496,0,0,0,0,5.949,4.599,0.383,0,,0.8027,0
2021-04-14,3008110,대청,71.12,873.18,37.459,31.164,58.6,73.87,68.5729,1008.537,0,173.9149,166.1338,133.8719,20.502,0,0,0,0,5.683,4.591,0.388,0,,1.4183,0
2021-04-13,3008110,대청,71.11,872.636,31.19,31.19,58.6,73.9,68.5795,1010.303,0.8691,173.9149,166.1338,132.4536,20.498,0,0,0,0,5.705,4.601,0.386,0,,1.2551,0
2021-04-12,3008110,대청,71.11,872.636,31.244,31.244,58.6,73.94,68.5871,1012.661,13.3883,173.0458,165.9847,131.1985,20.476,0,0,0,0,5.776,4.613,0.379,0,,2.5513,0
2021-04-11,3008110,대청,71.11,872.636,31.329,31.329,58.6,73.96,68.5893,1013.841,0,159.6575,165.5659,128.6472,20.488,0,0,0,0,5.845,4.614,0.382,0,,2.1377,0
2021-04-10,3008110,대청,71.11,872.636,43.803,31.22,58.6,74,68.5871,1016.204,0,159.6575,165.5659,126.5095,20.519,0,0,0,0,5.671,4.65,0.38,0,,2.278,0
2021-04-09,3008110,대청,71.09,871.549,43.9,31.326,58.5,74.03,68.6059,1017.978,0,159.6575,165.5659,124.2315,20.501,0,0,0,0,5.81,4.637,0.378,0,,3.7221,0
2021-04-08,3008110,대청,71.07,870.462,43.889,31.325,58.4,74.06,68.6276,1019.754,0,159.6575,165.5659,120.5094,20.503,0,0,0,0,5.764,4.679,0.379,0,,0.5434,0
2021-04-07,3008110,대청,71.05,869.377,62.761,31.392,58.4,74.1,68.6385,1022.124,0,159.6575,165.5659,119.966,20.512,0,0,0,0,5.868,4.632,0.38,0,,1.4643,0
2021-04-06,3008110,대청,71,866.667,87.733,31.418,58.2,74.13,68.6385,1023.905,0,159.6575,165.5659,118.5017,20.494,0,0,0,0,5.926,4.622,0.376,0,,2.3841,0
2021-04-05,3008110,대청,70.91,861.801,117.873,30.656,57.8,74.15,68.629,1025.092,0.0505,159.6575,165.5659,116.1176,20.493,0,0,0,0,5.093,4.693,0.377,0,,2.198,0
2021-04-04,3008110,대청,70.77,854.266,62.327,31.291,57.3,74.19,68.6332,1027.471,15.2613,159.607,165.5659,113.9196,20.523,0,0,0,0,5.787,4.605,0.376,0,,1.384,0
2021-04-03,3008110,대청,70.72,851.584,43.436,31.038,57.2,74.22,68.6398,1029.256,19.6853,144.3457,165.5659,112.5356,20.495,0,0,0,0,5.59,4.573,0.38,0,,2.5316,0
2021-04-02,3008110,대청,70.7,850.513,31.175,31.175,57.1,74.25,68.6473,1031.044,0,124.6604,165.5659,110.004,20.515,0,0,0,0,5.648,4.634,0.378,0,,1.8057,0
2021-04-01,3008110,대청,70.7,850.513,25.036,31.234,57.1,74.27,68.6607,1032.237,0,124.6604,165.5659,108.1983,20.491,0,0,0,0,5.729,4.642,0.372,0,,2.1698,0
2021-03-31,3008110,대청,70.71,851.048,43.836,31.443,57.1,74.3,68.6678,1034.027,0,124.6604,165.5659,106.0285,20.498,0,0,0,0,5.88,4.693,0.372,0,,1.0457,0
2021-03-30,3008110,대청,70.69,849.978,19.043,31.436,57.1,74.4,68.6802,1040.009,0,124.6604,165.5659,104.9828,20.509,0,0,0,0,5.868,4.687,0.372,0,,1.37,0
2021-03-29,3008110,대청,70.71,851.048,31.474,31.474,57.1,74.5,68.6902,1046.012,0,124.6604,165.5659,103.6128,20.488,0,0,0,0,5.938,4.674,0.374,0,,0.98,0
2021-03-28,3008110,대청,70.71,851.048,31.157,31.157,57.1,74.59,68.692,1051.431,2.7366,124.6604,165.5659,102.6328,20.503,0,0,0,0,5.729,4.553,0.372,0,,0.9026,0
2021-03-27,3008110,대청,70.71,851.048,31.008,31.008,57.1,74.7,68.6834,1058.078,15.8493,121.9238,165.5659,101.7302,20.5,0,0,0,0,5.475,4.66,0.373,0,,1.5334,0
2021-03-26,3008110,대청,70.71,851.048,18.951,31.353,57.1,74.79,68.68,1063.535,0,106.0745,157.5667,100.1968,20.507,0,0,0,0,5.81,4.663,0.373,0,,1.077,0
2021-03-25,3008110,대청,70.73,852.12,12.807,31.428,57.2,74.9,68.6795,1070.226,0,106.0745,157.5033,99.1198,20.51,0,0,0,0,5.938,4.608,0.372,0,,1.287,0
2021-03-24,3008110,대청,70.76,853.729,25.216,31.428,57.3,75,68.6783,1076.332,0,106.0745,157.3932,97.8328,20.499,0,0,0,0,5.961,4.598,0.37,0,,2.6336,0
2021-03-23,3008110,대청,70.77,854.266,25.116,31.33,57.3,75.1,68.681,1082.457,0,106.0745,157.3932,95.1992,20.508,0,0,0,0,5.81,4.641,0.371,0,,1.873,0
2021-03-22,3008110,대청,70.78,854.802,18.75,31.186,57.4,75.2,68.6876,1088.604,0,106.0745,157.3932,93.3262,20.525,0,0,0,0,5.775,4.517,0.369,0,,1.9179,0
2021-03-21,3008110,대청,70.8,855.877,30.894,30.894,57.4,75.3,68.6959,1094.771,0.0663,106.0745,157.3932,91.4083,20.503,0,0,0,0,5.394,4.621,0.376,0,,1.7824,0
2021-03-20,3008110,대청,70.8,855.877,25.109,31.33,57.4,75.39,68.7068,1100.339,3.9885,106.0082,157.3932,89.6259,20.499,0,0,0,0,5.856,4.598,0.377,0,,1.0512,0
2021-03-19,3008110,대청,70.81,856.414,25.213,31.437,57.5,75.49,68.711,1106.546,0,102.0197,157.3932,88.5747,20.529,0,0,0,0,5.764,4.648,0.496,0,,1.102,0
2021-03-18,3008110,대청,70.82,856.952,31.156,31.156,57.5,75.59,68.7166,1112.773,0,102.0197,157.3932,87.4727,20.502,0,0,0,0,5.405,4.644,0.605,0,,2.8753,0
2021-03-17,3008110,대청,70.82,856.952,37.759,31.535,57.5,75.67,68.72,1117.77,0,102.0197,157.3932,84.5974,20.498,0,0,0,0,5.764,4.669,0.604,0,,2.1282,0
2021-03-16,3008110,대청,70.81,856.414,25.315,31.539,57.5,75.76,68.7246,1123.407,0.7358,102.0197,157.3932,82.4692,20.505,0,0,0,0,5.799,4.631,0.604,0,,1.1676,0
2021-03-15,3008110,대청,70.82,856.952,43.872,31.427,57.5,75.84,68.7337,1128.432,0.055,101.2839,157.3932,81.3016,20.518,0,0,0,0,5.648,4.66,0.601,0,,1.7098,0
2021-03-14,3008110,대청,70.8,855.877,44.434,31.998,57.4,75.93,68.7478,1134.102,0,101.2289,157.3932,79.5918,20.503,0,0,0,0,5.59,4.732,1.173,0,,1.4563,0
2021-03-13,3008110,대청,70.78,854.802,37.042,30.828,57.4,76.02,68.7629,1139.788,0.1077,101.2289,157.3932,78.1355,20.512,0,0,0,0,5.648,4.644,0.024,0,,1.4659,0
2021-03-12,3008110,대청,70.77,854.266,31.245,31.245,57.3,76.1,68.7749,1144.857,17.9986,101.1212,157.3932,76.6696,20.524,0,0,0,0,5.544,4.578,0.599,0,,1.3305,0
2021-03-11,3008110,대청,70.77,854.266,25.249,31.463,57.3,76.13,68.7873,1146.761,0,83.1226,157.3932,75.3391,20.497,0,0,0,0,5.694,4.675,0.597,0,,1.3028,0
2021-03-10,3008110,대청,70.78,854.802,31.322,31.322,57.4,76.12,68.7905,1146.126,0,83.1226,157.3298,74.0363,20.506,0,0,0,0,5.603,4.611,0.602,0,,1.2978,0
2021-03-09,3008110,대청,70.78,854.802,31.486,31.486,57.4,76.09,68.7929,1144.222,0,83.1226,145.812,72.7385,20.517,0,0,0,0,5.752,4.61,0.607,0,,0.8494,0
2021-03-08,3008110,대청,70.78,854.802,19.045,31.481,57.4,76.09,68.8044,1144.222,0,83.1226,143.5756,71.8891,20.492,0,0,0,0,5.787,4.592,0.61,0,,1.4331,0
2021-03-07,3008110,대청,70.8,855.877,37.608,31.389,57.4,76.08,68.8054,1143.588,0,83.1226,143.5756,70.456,20.517,0,0,0,0,5.602,4.66,0.61,0,,1.6875,0
2021-03-06,3008110,대청,70.79,855.34,43.761,31.33,57.4,76.07,68.7976,1142.954,0,83.1226,142.9532,68.7685,20.507,0,0,0,0,5.556,4.658,0.609,0,,1.2752,0
2021-03-05,3008110,대청,70.77,854.266,43.742,31.321,57.3,76.05,68.7876,1141.687,0.0525,83.1226,142.9532,67.4933,20.501,0,0,0,0,5.752,4.461,0.607,0,,2.8633,0
2021-03-04,3008110,대청,70.75,853.192,68.323,31.116,57.3,76.03,68.7727,1140.421,4.7075,83.0701,142.9532,64.63,20.489,0,0,0,0,5.637,4.385,0.605,0,,2.1805,0
2021-03-03,3008110,대청,70.69,849.978,99.689,31.698,57.1,76.01,68.7641,1139.155,0,78.3626,142.849,62.4495,20.507,0,0,0,0,5.983,4.605,0.603,0,,1.2632,0
2021-03-02,3008110,대청,70.58,844.103,68.165,31.201,56.7,76.06,68.758,1142.321,1.872,78.3626,142.849,61.1863,20.497,0,0,0,0,5.487,4.616,0.601,0,,0.5567,0
2021-03-01,3008110,대청,70.52,840.909,37.621,31.469,56.4,76.11,68.7488,1145.491,44.653,76.4906,142.849,60.6296,20.531,0,0,0,0,5.683,4.653,0.602,0,,2.7633,0
2021-02-28,3008110,대청,70.51,840.378,12.479,30.943,56.4,76.15,68.7398,1148.031,0.6437,31.8376,142.849,57.8663,20.506,0,0,0,0,5.186,4.649,0.602,0,,2.3924,0
2021-02-27,3008110,대청,70.54,841.973,12.908,31.394,56.51,76.13,68.7393,1146.761,0,31.1939,139.6272,55.4739,20.515,0,0,0,0,5.601,4.676,0.602,0,,1.8657,0
2021-02-26,3008110,대청,70.57,843.57,13.197,31.704,56.6,75.99,68.7405,1137.891,0.0449,31.1939,139.6272,53.6082,20.497,0,0,0,0,5.926,4.685,0.596,0,,0.2823,0
2021-02-25,3008110,대청,70.6,845.169,25.016,31.19,56.7,75.67,68.7346,1117.77,0.7383,31.149,139.6272,53.3259,20.489,0,0,0,0,5.475,4.626,0.6,0,,3.6425,0
2021-02-24,3008110,대청,70.61,845.703,13.268,31.804,56.8,75.57,68.7254,1111.526,0,30.4107,95.6621,49.6834,20.5,0,0,0,0,5.995,4.709,0.6,0,,0.7898,0
2021-02-23,3008110,대청,70.64,847.304,13.03,31.587,56.9,75.57,68.7139,1111.526,0,30.4107,95.6621,48.8936,20.521,0,0,0,0,5.556,4.908,0.602,0,,1.3662,0
2021-02-22,3008110,대청,70.67,848.908,7.303,32.079,56.97,75.57,68.7063,1111.526,0,30.4107,95.6621,47.5274,20.485,0,0,0,0,6.088,4.902,0.604,0,,2.6754,0
2021-02-21,3008110,대청,70.71,851.048,13.061,31.668,57.1,75.58,68.7105,1112.149,0,30.4107,92.1907,44.852,20.5,0,0,0,0,5.66,4.905,0.603,0,,0.9793,0
2021-02-20,3008110,대청,70.74,852.656,24.42,30.627,57.2,75.58,68.7227,1112.149,0,30.4107,90.9858,43.8727,20.515,0,0,0,0,4.978,4.6,0.534,0,,1.218,0
2021-02-19,3008110,대청,70.75,853.192,25.153,31.363,57.3,75.58,68.7356,1112.149,0.2953,30.4107,90.9858,42.6547,20.513,0,0,0,0,5.59,4.664,0.596,0,,1.1347,0
2021-02-18,3008110,대청,70.76,853.729,12.428,31.071,57.3,75.58,68.7583,1112.149,0.1883,30.1154,90.9858,41.52,20.511,0,0,0,0,5.856,4.109,0.595,0,,0.6176,0
2021-02-17,3008110,대청,70.79,855.34,12.571,31.235,57.41,75.58,68.778,1112.149,0,29.9271,90.8758,40.9024,20.548,0,0,0,0,5.475,4.617,0.595,0,,0.7304,0
2021-02-16,3008110,대청,70.82,856.952,12.647,31.333,57.5,75.58,68.8032,1112.149,1.5019,29.9271,90.3132,40.172,20.503,0,0,0,0,5.671,4.559,0.6,0,,2.3383,0
2021-02-15,3008110,대청,70.85,858.567,12.613,31.32,57.6,75.57,68.821,1111.526,1.4491,28.4252,83.3388,37.8337,20.518,0,0,0,0,5.625,4.61,0.567,0,,1.025,0
2021-02-14,3008110,대청,70.88,860.183,12.672,31.401,57.73,75.57,68.8356,1111.526,1.3336,26.9761,81.8046,36.8087,20.53,0,0,0,0,5.625,4.641,0.605,0,,0.562,0
2021-02-13,3008110,대청,70.91,861.801,11.803,30.553,57.8,75.58,68.8476,1112.149,0,25.6425,81.8046,36.2467,20.514,0,0,0,0,4.954,4.598,0.487,0,,1.2052,0
2021-02-12,3008110,대청,70.94,863.421,12.312,31.084,58,75.58,68.8507,1112.149,0,25.6425,81.4515,35.0415,20.489,0,0,0,0,5.416,4.574,0.605,0,,1.2434,0
2021-02-11,3008110,대청,70.97,865.043,18.066,30.592,58.06,75.58,68.8744,1112.149,0,25.6425,70.2737,33.7981,20.526,0,0,0,0,5.255,4.247,0.564,0,,1.2846,0
2021-02-10,3008110,대청,70.99,866.125,12.208,31.015,58.1,75.59,68.9039,1112.773,0,25.6425,70.2737,32.5135,20.51,0,0,0,0,5.718,4.183,0.604,0,,1.5593,0
2021-02-09,3008110,대청,71.02,867.75,18.852,31.402,58.2,75.6,68.9351,1113.397,0,25.6425,70.2737,30.9542,20.512,0,0,0,0,5.66,4.626,0.604,0,,1.193,0
2021-02-08,3008110,대청,71.04,868.834,12.619,31.462,58.3,75.62,68.97,1114.645,0,25.6425,70.2737,29.7612,20.493,0,0,0,0,5.776,4.588,0.605,0,,1.2873,0
2021-02-07,3008110,대청,71.07,870.462,5.635,30.792,58.4,75.63,69.001,1115.27,0,25.6425,70.2737,28.4739,20.514,0,0,0,0,4.981,4.689,0.608,0,,0.2962,0
2021-02-06,3008110,대청,71.11,872.636,13.167,25.76,58.6,75.64,69.0327,1115.894,0,25.6425,70.2737,28.1777,20.507,0,0,0,0,0.239,4.409,0.605,0,,0.1733,0
2021-02-05,3008110,대청,71.13,873.724,18.697,31.299,58.6,75.65,69.0646,1116.519,0,25.6425,70.2737,28.0044,20.528,0,0,0,0,5.509,4.658,0.604,0,,0.2581,0
2021-02-04,3008110,대청,71.15,874.813,18.621,31.233,58.7,75.66,69.0927,1117.144,0.6685,25.6425,70.1911,27.7463,20.503,0,0,0,0,5.533,4.592,0.605,0,,0.3588,0
2021-02-03,3008110,대청,71.17,875.9026,25.302,31.612,58.8,75.66,69.1227,1117.144,0.037,24.807,70.1911,27.3875,20.527,0,0,0,0,5.88,4.6,0.605,0,,0.8023,0
2021-02-02,3008110,대청,71.18,876.4478,12.496,31.439,58.8,75.67,69.1561,1117.77,0,24.77,70.1911,26.5852,20.515,0,0,0,0,5.625,4.693,0.606,0,,0.401,0
2021-02-01,3008110,대청,71.21,878.084,12.932,31.896,58.93,75.67,69.1873,1117.77,7.9907,24.937,70.1911,26.1842,20.538,0,0,0,0,6.041,4.708,0.609,0,,1.1954,0
2021-01-31,3008110,대청,71.24,879.723,18.422,31.077,59,75.67,69.2183,1117.77,0,16.9463,70.1911,24.9888,20.013,0,0,0,0,5.672,4.786,0.606,0,,1.0701,0
2021-01-30,3008110,대청,71.26,880.816,12.004,31.004,59.1,75.66,69.2527,1117.144,0.112,16.9463,70.1341,23.9187,20.031,0,0,0,0,5.59,4.78,0.603,0,,0.5878,0
2021-01-29,3008110,대청,71.29,882.458,11.914,30.935,59.23,75.66,69.2846,1117.144,0,16.8343,70.1341,23.3309,19.997,0,0,0,0,5.567,4.726,0.645,0,,0.4971,0
2021-01-28,3008110,대청,71.32,884.101,12.333,31.376,59.34,75.64,69.3178,1115.894,0.8274,16.8343,69.4604,22.8338,20.031,0,0,0,0,5.799,4.864,0.682,0,,0.2496,0
2021-01-27,3008110,대청,71.35,885.747,18.617,31.324,59.5,75.65,69.3529,1116.519,0,16.0069,69.3425,22.5842,20.005,0,0,0,0,5.88,4.75,0.689,0,,0.8598,0
2021-01-26,3008110,대청,71.37,886.845,11.846,30.925,59.5,75.65,69.3822,1116.519,4.76,16.0069,57.4573,21.7244,20.004,0,0,0,0,5.522,4.699,0.7,0,,0.534,0
2021-01-25,3008110,대청,71.4,888.493,24.418,30.782,59.63,75.66,69.4188,1117.144,0,11.2469,57.4573,21.1904,20.002,0,0,0,0,5.371,4.718,0.691,0,,0.1326,0
2021-01-24,3008110,대청,71.41,889.043,18.54,31.276,59.7,75.66,69.4451,1117.144,0,11.2469,57.4573,21.0578,19.993,0,0,0,0,5.845,4.746,0.692,0,,0.2889,0
2021-01-23,3008110,대청,71.43,890.143,11.732,30.853,59.7,75.67,69.47,1117.77,0.1233,11.2469,57.4573,20.7689,20.016,0,0,0,0,5.429,4.716,0.692,0,,1.0028,0
2021-01-22,3008110,대청,71.46,891.795,21.193,27.572,59.9,75.68,69.4954,1118.395,2.1286,11.1236,53.7123,19.7661,20.09,0,0,0,0,2.492,4.673,0.317,0,,1.2755,0
2021-01-21,3008110,대청,71.47,892.346,17.169,29.933,59.89,75.69,69.5156,1119.021,5.1729,8.995,53.4888,18.4906,20.001,0,0,0,0,4.741,4.647,0.544,0,,1.4649,0
2021-01-20,3008110,대청,71.49,893.449,18.701,31.475,60,75.69,69.5349,1119.021,0.055,3.8221,53.4888,17.0257,20.018,0,0,0,0,6.088,4.682,0.687,0,,0.8458,0
2021-01-19,3008110,대청,71.51,894.553,18.869,31.652,60,75.69,69.5595,1119.021,0.11,3.7671,53.4888,16.1799,19.971,0,0,0,0,5.984,4.69,1.007,0,,0.7356,0
2021-01-18,3008110,대청,71.53,895.6574,14.644,33.837,60.1,75.7,69.5805,1119.647,1.1927,3.4901,53.4888,15.4443,22.014,0,0,0,0,5.961,4.713,1.149,0,,0.8494,0
2021-01-17,3008110,대청,71.56,897.3157,14.783,33.997,60.2,75.7,69.6046,1119.647,0,2.2974,53.4888,14.5949,22.014,0,0,0,0,5.984,4.794,1.205,0,,0.8292,0
2021-01-16,3008110,대청,71.59,898.976,8.537,34.189,60.3,75.69,69.6315,1119.021,0,2.4644,53.4888,13.7657,22.047,0,0,0,0,6.088,4.844,1.21,0,,1.2602,0
2021-01-15,3008110,대청,71.63,901.192,21.242,34.082,60.5,75.68,69.6673,1118.395,0,2.4644,53.4888,12.5055,21.925,0,0,0,0,6.204,4.728,1.225,0,,1.3317,0
2021-01-14,3008110,대청,71.65,902.302,21.173,34.023,60.6,75.67,69.6956,1117.77,0,2.4644,53.4888,11.1738,21.996,0,0,0,0,6.516,4.814,0.697,0,,0.4464,0
2021-01-13,3008110,대청,71.67,903.412,18.761,31.62,60.6,75.65,69.7198,1116.519,0.3747,2.4644,53.4888,10.7274,20.017,0,0,0,0,6.388,5.057,0.158,0,,0.4886,0
2021-01-12,3008110,대청,71.69,904.523,12.037,31.344,60.71,75.61,69.7476,1114.021,0.092,2.0897,53.4888,10.2388,20.028,0,0,0,0,6.077,5.115,0.124,0,,0.6061,0
2021-01-11,3008110,대청,71.72,906.191,11.938,31.266,60.8,75.57,69.7727,1111.526,0,1.9977,53.4888,9.6327,19.965,0,0,0,0,6.192,5.055,0.054,0,,0.8926,0
2021-01-10,3008110,대청,71.75,907.861,11.719,31.069,60.9,75.5,69.7998,1107.167,0,1.8307,53.4888,8.7401,20.012,0,0,0,0,5.764,5.293,0,0,,0.3159,0
2021-01-09,3008110,대청,71.78,909.533,12.375,31.746,61,75.38,69.8229,1099.719,0,1.8307,53.4888,8.4242,20.008,0,0,0,0,5.845,5.893,0,0,,0.3937,0
2021-01-08,3008110,대청,71.81,911.207,17.65,30.576,61.2,75.14,69.8444,1084.913,0,1.8307,53.431,8.0305,20.017,0,0,0,0,5.671,4.888,0,0,,0.8233,0
2021-01-07,3008110,대청,71.83,912.323,10.912,30.319,61.2,74.92,69.8695,1071.446,0.6167,1.8307,48.9698,7.2072,20.004,0,0,0,0,5.671,4.644,0,0,,2.7648,0
2021-01-06,3008110,대청,71.86,914,11.238,30.666,61.3,74.85,69.8949,1067.182,0.2801,1.214,11.1622,4.4424,20.061,0,0,0,0,5.926,4.679,0,0,,0.9251,0
2021-01-05,3008110,대청,71.89,915.679,17.445,30.409,61.5,74.86,69.9161,1067.79,0.1628,0.9339,0,3.5173,20.011,0,0,0,0,5.695,4.703,0,0,,0.7915,0
2021-01-04,3008110,대청,71.91,916.799,11.011,30.475,61.5,74.88,69.9354,1069.008,0.1212,0.7711,0,2.7258,20.067,0,0,0,0,5.717,4.691,0,0,,0.5346,0
2021-01-03,3008110,대청,71.94,918.48,10.749,30.234,61.6,74.9,69.952,1070.226,0.055,0.6499,0,2.1912,19.964,0,0,0,0,5.532,4.738,0,0,,0.4562,0
2021-01-02,3008110,대청,71.97,920.164,17.221,30.223,61.8,74.91,69.9705,1070.836,0.1498,0.5949,0,1.735,20.024,0,0,0,0,5.486,4.713,0,0,,1.1321,0
2021-01-01,3008110,대청,71.99,921.287,10.516,30.037,61.8,74.93,69.9876,1072.056,0.4451,0.4451,0,0.6029,20,0,0,0,0,5.371,4.666,0,0,,0.6029,0
2020-12-31,3008110,대청,72.02,922.974,17.606,30.632,61.9,74.95,70.0905,1073.276,0.11,1642.4647,995.9694,1182.862,20.432,0,0,0,0,5.497,4.703,0,0,,0.2998,0
2020-12-30,3008110,대청,72.04,924.099,0,30.809,62,74.97,70.14,1074.498,0.221,1642.3547,995.8652,1182.5622,20.388,0,0,0,0,5.636,4.785,0,0,,0.8311,0
2020-12-29,3008110,대청,72.09,926.917,4.685,30.813,62.2,74.99,70.18,1075.72,1.2329,1642.1337,993.7864,1181.7311,20.425,0,0,0,0,5.683,4.705,0,0,,0.5793,0
2020-12-28,3008110,대청,72.13,929.174,17.738,30.816,62.4,75,70.21,1076.332,0,1640.9008,985.4926,1181.1518,20.423,0,0,0,0,5.66,4.724,0.009,0,,0.6018,0
2020-12-27,3008110,대청,72.15,930.304,10.978,30.613,62.4,75.02,70.25,1077.555,0.0525,1640.9008,985.4926,1180.55,20.432,0,0,0,0,5.428,4.753,0,0,,0.4932,0
2020-12-26,3008110,대청,72.18,932.001,23.936,30.486,62.6,75.04,70.28,1078.779,0,1640.8483,985.4926,1180.0568,20.374,0,0,0,0,5.44,4.672,0,0,,0.6429,0
2020-12-25,3008110,대청,72.19,932.567,10.874,30.538,62.6,75.06,70.32,1080.004,0,1640.8483,983.7635,1179.4139,20.389,0,0,0,0,5.486,4.663,0,0,,0.6014,0
2020-12-24,3008110,대청,72.22,934.265,17.662,30.783,62.7,75.08,70.35,1081.23,0,1640.8483,983.7635,1178.8125,20.412,0,0,0,0,5.775,4.596,0,0,,0.8697,0
2020-12-23,3008110,대청,72.24,935.399,10.997,30.696,62.8,75.1,70.3813,1082.457,0,1640.8483,983.7635,1177.9428,20.423,0,0,0,0,5.636,4.637,0,0,,0.4972,0
2020-12-22,3008110,대청,72.27,937.101,17.652,30.797,62.9,75.12,70.42,1083.685,0,1640.8483,983.6784,1177.4456,20.438,0,0,0,0,5.729,4.63,0,0,,0.8897,0
2020-12-21,3008110,대청,72.29,938.237,11.021,30.756,63,75.14,70.45,1084.913,0.055,1640.8483,983.6784,1176.5559,20.404,0,0,0,0,5.694,4.658,0,0,,0.5649,0
2020-12-20,3008110,대청,72.32,939.942,17.409,30.578,63.1,75.16,70.48,1086.143,0,1640.7933,983.6784,1175.991,20.422,0,0,0,0,5.417,4.739,0,0,,0.3616,0
2020-12-19,3008110,대청,72.34,941.08,17.463,30.641,63.2,75.19,70.51,1087.988,0,1640.7933,983.6784,1175.6294,20.387,0,0,0,0,5.544,4.71,0,0,,0.3696,0
2020-12-18,3008110,대청,72.36,942.218,10.486,30.271,63.2,75.21,70.54,1089.219,0,1640.7933,983.6784,1175.2598,20.373,0,0,0,0,5.264,4.634,0,0,,0.5683,0
2020-12-17,3008110,대청,72.39,943.928,17.528,30.73,63.4,75.23,70.57,1090.452,0,1640.7933,983.6784,1174.6915,20.427,0,0,0,0,5.556,4.747,0,0,,0.6863,0
2020-12-16,3008110,대청,72.41,945.068,10.768,30.589,63.4,75.25,70.6,1091.685,0,1640.7933,981.3175,1174.0052,20.428,0,0,0,0,5.532,4.629,0,0,,0.7974,0
2020-12-15,3008110,대청,72.44,946.781,10.764,30.606,63.5,75.27,70.63,1092.919,0,1640.7933,981.3175,1173.2078,20.428,0,0,0,0,5.567,4.611,0,0,,0.3532,0
2020-12-14,3008110,대청,72.47,948.495,10.672,30.535,63.7,75.29,70.66,1094.153,0,1640.7933,981.3175,1172.8546,20.371,0,0,0,0,5.532,4.632,0,0,,1.0843,0
2020-12-13,3008110,대청,72.5,950.212,17.316,30.57,63.8,75.31,70.69,1095.389,2.1693,1640.7933,980.8763,1171.7703,20.446,0,0,0,0,5.463,4.661,0,0,,0.7263,0
2020-12-12,3008110,대청,72.52,951.357,10.595,30.494,63.9,75.34,70.72,1097.244,0,1638.624,980.8763,1171.044,20.431,0,0,0,0,5.486,4.577,0,0,,0.3099,0
2020-12-11,3008110,대청,72.55,953.076,10.598,30.519,64,75.36,70.75,1098.481,0,1638.624,980.8763,1170.7341,20.401,0,0,0,0,5.509,4.609,0,0,,0.9118,0
2020-12-10,3008110,대청,72.58,954.797,10.715,30.657,64.1,75.38,70.7785,1099.719,0,1638.624,980.7318,1169.8223,20.439,0,0,0,0,5.614,4.604,0,0,,1.6506,0
2020-12-09,3008110,대청,72.61,956.52,23.984,30.636,64.2,75.4,70.81,1100.959,0,1638.624,980.7318,1168.1717,20.428,0,0,0,0,5.579,4.629,0,0,,1.0342,0
2020-12-08,3008110,대청,72.62,957.095,17.313,30.624,64.2,75.41,70.83,1101.579,0,1638.624,980.7318,1167.1375,20.408,0,0,0,0,5.59,4.626,0,0,,0.8528,0
2020-12-07,3008110,대청,72.64,958.245,10.843,30.828,64.3,75.43,70.85,1102.819,0,1638.624,980.7318,1166.2847,20.428,0,0,0,0,5.752,4.648,0,0,,0.9324,0
2020-12-06,3008110,대청,72.67,959.972,17.095,30.43,64.4,75.45,70.88,1104.06,0,1638.624,980.7318,1165.3523,20.394,0,0,0,0,5.371,4.665,0,0,,1.4913,0
2020-12-05,3008110,대청,72.69,961.124,17.342,30.687,64.5,75.47,70.9,1105.303,0,1638.624,980.7318,1163.861,20.451,0,0,0,0,5.59,4.646,0,0,,0.6571,0
2020-12-04,3008110,대청,72.71,962.277,17.344,30.698,64.6,75.48,70.92,1105.924,0,1638.624,980.7318,1163.2039,20.444,0,0,0,0,5.625,4.629,0,0,,2.9862,0
2020-12-03,3008110,대청,72.73,963.43,10.655,30.704,64.7,75.5,70.95,1107.167,0,1638.624,980.7318,1160.2177,20.436,0,0,0,0,5.683,4.585,0,0,,1.4287,0
2020-12-02,3008110,대청,72.76,965.163,17.588,30.966,64.8,75.51,70.97,1107.789,0,1638.624,980.4744,1158.789,20.394,0,0,0,0,5.999,4.573,0,0,,0.7184,0
2020-12-01,3008110,대청,72.78,966.319,10.389,30.473,64.9,75.53,70.99,1109.034,0,1638.624,980.3147,1158.0706,20.449,0,0,0,0,5.601,4.423,0,0,,0.8502,0
2020-11-30,3008110,대청,72.81,968.054,17.39,30.792,65,75.54,71,1109.657,0,1638.624,968.0954,1157.2204,20.394,0,0,0,0,5.694,4.704,0,0,,2.1102,0
2020-11-29,3008110,대청,72.83,969.212,17.291,30.702,65.1,75.56,71.01,1110.902,0,1638.624,968.0954,1155.1102,20.43,0,0,0,0,5.555,4.717,0,0,,2.2337,0
2020-11-28,3008110,대청,72.85,970.37,10.766,30.9,65.1,75.58,71.02,1112.149,0,1638.624,968.0954,1152.8765,20.418,0,0,0,0,5.798,4.684,0,0,,1.3969,0
2020-11-27,3008110,대청,72.88,972.11,10.557,30.713,65.2,75.59,71.04,1112.773,0,1638.624,968.0954,1151.4796,20.433,0,0,0,0,5.706,4.574,0,0,,2.2655,0
2020-11-26,3008110,대청,72.91,973.852,23.989,30.712,65.4,75.61,71.07,1114.021,0,1638.624,968.0954,1149.2141,20.423,0,0,0,0,5.66,4.629,0,0,,0.9071,0
2020-11-25,3008110,대청,72.92,974.432,17.209,30.663,65.4,75.62,71.09,1114.645,0.0525,1638.624,968.0429,1148.307,20.447,0,0,0,0,5.637,4.579,0,0,,1.1402,0
2020-11-24,3008110,대청,72.94,975.595,24.183,30.913,65.5,75.63,71.11,1115.27,0,1638.5715,968.0429,1147.1668,20.417,0,0,0,0,5.891,4.605,0,0,,1.8216,0
2020-11-23,3008110,대청,72.95,976.176,8.625,28.831,65.5,75.65,71.13,1116.519,0,1638.5715,967.1129,1145.3452,18.515,0,0,0,0,5.672,4.644,0,0,,0.9958,0
2020-11-22,3008110,대청,72.98,977.922,35.442,28.704,65.6,75.66,71.16,1117.144,3.0442,1638.5715,967.1129,1144.3494,18.46,0,0,0,0,5.59,4.654,0,0,,0.8661,0
2020-11-21,3008110,대청,72.97,977.34,42.334,28.866,65.6,75.66,71.18,1117.144,0,1635.5273,967.1129,1143.4833,18.407,0,0,0,0,5.798,4.661,0,0,,0.6062,0
2020-11-20,3008110,대청,72.95,976.176,30.546,30.546,65.5,75.66,71.2,1117.144,0,1635.5273,967.1129,1142.8771,20.409,0,0,0,0,5.555,4.582,0,0,,0.8237,0
2020-11-19,3008110,대청,72.95,976.176,44.202,30.743,65.5,75.65,71.22,1116.519,28.9841,1635.5273,967.1129,1142.0534,20.441,0,0,0,0,5.683,4.619,0,0,,1.9362,0
2020-11-18,3008110,대청,72.93,975.013,17.269,30.728,65.4,75.63,71.24,1115.27,2.2013,1606.5432,967.1129,1140.1172,20.46,0,0,0,0,5.671,4.597,0,0,,1.5011,0
2020-11-17,3008110,대청,72.95,976.176,15.072,28.54,65.5,75.59,71.26,1112.773,5.0624,1604.3419,949.5358,1138.6161,18.436,0,0,0,0,5.463,4.641,0,0,,1.0607,0
2020-11-16,3008110,대청,72.97,977.34,28.68,28.68,65.6,75.56,71.29,1110.902,0,1599.2795,935.3146,1137.5554,18.425,0,0,0,0,5.636,4.619,0,0,,1.0117,0
2020-11-15,3008110,대청,72.97,977.34,8.269,28.489,65.6,75.57,71.31,1111.526,0,1599.2795,934.68,1136.5437,18.423,0,0,0,0,5.428,4.638,0,0,,0.3355,0
2020-11-14,3008110,대청,73,979.087,21.74,28.485,65.7,75.59,71.33,1112.773,0,1599.2795,934.5878,1136.2082,18.423,0,0,0,0,5.405,4.657,0,0,,0.7608,0
2020-11-13,3008110,대청,73.01,979.67,8.521,28.769,65.8,75.59,71.36,1112.773,0,1599.2795,934.5878,1135.4474,18.422,0,0,0,0,5.752,4.595,0,0,,1.8529,0
2020-11-12,3008110,대청,73.04,981.419,17.133,30.644,65.9,75.61,71.39,1114.021,0,1599.2795,932.1941,1133.5945,20.437,0,0,0,0,5.66,4.547,0,0,,1.5419,0
2020-11-11,3008110,대청,73.06,982.586,15.125,28.645,66,75.63,71.42,1115.27,0,1599.2795,932.1941,1132.0526,18.429,0,0,0,0,5.637,4.579,0,0,,3.6092,0
2020-11-10,3008110,대청,73.08,983.755,8.513,28.811,66,75.64,71.44,1115.894,0,1599.2795,929.0965,1128.4434,18.44,0,0,0,0,5.752,4.619,0,0,,1.1865,0
2020-11-09,3008110,대청,73.11,985.508,14.99,28.534,66.1,75.65,71.47,1116.519,0,1599.2795,918.1987,1127.2569,18.451,0,0,0,0,5.498,4.585,0,0,,1.8371,0
2020-11-08,3008110,대청,73.13,986.679,3.278,30.395,66.2,75.67,71.5,1117.77,0,1599.2795,918.1987,1125.4198,20.418,0,0,0,0,5.475,4.502,0,0,,2.4175,0
2020-11-07,3008110,대청,73.17,989.021,14.744,28.317,66.4,75.69,71.53,1119.021,0,1599.2795,918.1987,1123.0023,18.46,0,0,0,0,5.44,4.417,0,0,,1.4361,0
2020-11-06,3008110,대청,73.19,990.194,23.852,30.642,66.5,75.71,71.55,1120.273,0,1599.2795,918.1987,1121.5662,20.389,0,0,0,0,5.706,4.547,0,0,,2.4416,0
2020-11-05,3008110,대청,73.2,990.781,21.7,28.492,66.5,75.73,71.58,1121.526,0,1599.2795,918.1987,1119.1246,18.425,0,0,0,0,5.463,4.604,0,0,,1.4677,0
2020-11-04,3008110,대청,73.21,991.368,14.872,28.464,66.5,75.75,71.61,1122.78,0,1599.2795,918.1987,1117.6569,18.426,0,0,0,0,5.579,4.459,0,0,,0.3253,0
2020-11-03,3008110,대청,73.23,992.542,8.219,28.624,66.6,75.77,71.63,1124.035,0.3485,1599.2795,918.1987,1117.3316,18.427,0,0,0,0,5.718,4.479,0,0,,0.3973,0
2020-11-02,3008110,대청,73.26,994.305,15.007,28.622,66.7,75.79,71.66,1125.29,0.0552,1598.931,918.1987,1116.9343,18.436,0,0,0,0,5.579,4.607,0,0,,0.8402,0
2020-11-01,3008110,대청,73.28,995.481,14.834,28.459,66.8,75.81,71.69,1126.546,5.0139,1598.8758,918.1987,1116.0941,18.426,0,0,0,0,5.428,4.605,0,0,,1.9608,0
2020-10-31,3008110,대청,73.3,996.659,10.627,31.082,66.9,75.83,71.7,1127.803,0,1593.8619,918.1987,1114.1333,20.872,0,0,0,0,5.543,4.667,0,0,,2.9937,0
2020-10-30,3008110,대청,73.33,998.426,24.555,31.378,67,75.84,71.73,1128.432,0,1593.8619,918.1987,1111.1396,20.814,0,0,0,0,5.833,4.731,0,0,,0.9536,0
2020-10-29,3008110,대청,73.34,999.015,10.728,31.211,67.1,75.86,71.76,1129.691,0,1593.8619,918.1987,1110.186,20.806,0,0,0,0,5.729,4.676,0,0,,2.1148,0
2020-10-28,3008110,대청,73.37,1000.785,17.824,31.492,67.2,75.88,71.79,1130.95,0,1593.8619,917.9908,1108.0712,20.863,0,0,0,0,5.88,4.749,0,0,,1.7527,0
2020-10-27,3008110,대청,73.39,1001.966,17.373,31.05,67.3,75.9,71.82,1132.21,0,1593.8619,917.9908,1106.3185,20.815,0,0,0,0,5.567,4.668,0,0,,1.3924,0
2020-10-26,3008110,대청,73.41,1003.148,17.377,31.064,67.3,75.91,71.84,1132.84,0,1593.8619,917.9908,1104.9261,20.789,0,0,0,0,5.521,4.754,0,0,,0.7239,0
2020-10-25,3008110,대청,73.43,1004.33,17.134,30.83,66,75.92,71.87,1133.471,0,1593.8619,917.9908,1104.2022,20.791,0,0,0,0,5.452,4.587,0,0,,0.8964,0
2020-10-24,3008110,대청,73.45,984.002,10.929,31.076,66,75.94,71.89,1134.733,0,1593.8619,917.9908,1103.3058,20.833,0,0,0,0,5.613,4.63,0,0,,0.9397,0
2020-10-23,3008110,대청,73.48,985.742,17.575,31.018,66.2,75.97,71.92,1136.627,0,1593.8619,917.9908,1102.3661,20.828,0,0,0,0,5.556,4.634,0,0,,0.5392,0
2020-10-22,3008110,대청,73.5,986.904,10.866,31.048,66.2,76.18,71.95,1149.939,0.2801,1593.8619,917.9908,1101.8269,20.846,0,0,0,0,5.521,4.681,0,0,,3.6419,0
2020-10-21,3008110,대청,73.53,988.648,24.433,31.165,66.4,76.4,71.97,1163.984,1.065,1593.5818,917.9908,1098.185,20.837,0,0,0,0,5.706,4.622,0,0,,2.7822,0
2020-10-20,3008110,대청,73.54,989.229,17.583,31.054,66.4,76.46,72,1167.832,0,1592.5168,917.9908,1095.4028,20.845,0,0,0,0,5.637,4.572,0,0,,0.5755,0
2020-10-19,3008110,대청,73.56,990.393,10.658,30.882,66.5,76.46,72.03,1167.832,0,1592.5168,917.9908,1094.8273,20.815,0,0,0,0,5.556,4.511,0,0,,0.714,0
2020-10-18,3008110,대청,73.59,992.141,23.874,30.62,66.6,76.46,72.06,1167.832,0,1592.5168,917.9908,1094.1133,20.788,0,0,0,0,5.428,4.404,0,0,,0.7433,0
2020-10-17,3008110,대청,73.6,992.723,10.585,30.837,66.6,76.47,72.08,1168.474,0,1592.5168,917.3314,1093.37,20.838,0,0,0,0,5.59,4.409,0,0,,1.077,0
2020-10-16,3008110,대청,73.63,994.473,24.311,31.066,66.7,76.46,72.11,1167.832,0,1592.5168,917.3314,1092.293,20.812,0,0,0,0,5.66,4.594,0,0,,1.5223,0
2020-10-15,3008110,대청,73.64,995.057,17.628,31.146,66.8,76.47,72.14,1168.474,0,1592.5168,917.3314,1090.7707,20.841,0,0,0,0,5.752,4.553,0,0,,0.4095,0
2020-10-14,3008110,대청,73.66,996.225,17.498,31.025,66.9,76.46,72.15,1167.832,0,1592.5168,917.3314,1090.3612,20.825,0,0,0,0,5.613,4.587,0,0,,1.1214,0
2020-10-13,3008110,대청,73.68,997.394,17.41,30.946,66.9,76.46,72.16,1167.832,0,1592.5168,917.3314,1089.2398,20.801,0,0,0,0,5.671,4.474,0,0,,0.9988,0
2020-10-12,3008110,대청,73.7,998.563,23.944,30.716,67,76.44,72.16,1166.549,0,1592.5168,917.3314,1088.241,20.829,0,0,0,0,5.637,4.25,0,0,,2.6943,0
2020-10-11,3008110,대청,73.71,1020.972,16.706,30.535,67.1,76.42,72.16,1165.266,0,1592.5168,917.3314,1085.5467,20.796,0,0,0,0,5.451,4.288,0,0,,2.0663,0
2020-10-10,3008110,대청,73.73,1022.166,23.549,30.467,67.1,76.38,72.18,1162.703,0,1592.5168,917.3314,1083.4804,20.789,0,0,0,0,5.428,4.25,0,0,,3.0366,0
2020-10-09,3008110,대청,73.74,1022.764,16.839,30.682,67.2,76.54,72.21,1172.975,0,1592.5168,917.3314,1080.4438,20.821,0,0,0,0,5.613,4.248,0,0,,1.0834,0
2020-10-08,3008110,대청,73.76,1023.96,17.155,31.008,67.3,76.74,72.23,1185.891,0,1592.5168,917.3314,1079.3604,20.849,0,0,0,0,5.799,4.36,0,0,,2.0218,0
2020-10-07,3008110,대청,73.78,1025.157,17.009,30.871,67.3,76.92,72.26,1197.588,0,1592.5168,917.1284,1077.3386,20.819,0,0,0,0,5.741,4.311,0,0,,1.1132,0
2020-10-06,3008110,대청,73.8,1026.355,30.9,30.9,67.4,77.08,72.27,1208.043,0,1592.5168,908.2446,1076.2254,20.807,0,0,0,0,5.556,4.537,0,0,,2.8649,0
2020-10-05,3008110,대청,73.8,1026.355,18.003,31.875,67.4,77.18,72.28,1214.605,0,1592.5168,908.2446,1073.3605,20.85,0,0,0,0,6.313,4.712,0,0,,3.7033,0
2020-10-04,3008110,대청,73.82,1027.553,24.961,31.9,69,77.17,72.32,1213.948,0.7564,1592.5168,908.1267,1069.6572,20.835,0,0,0,0,6.35,4.715,0,0,,0.4275,0
2020-10-03,3008110,대청,73.83,1028.153,24.941,31.883,67.5,76.73,72.33,1185.243,1.0928,1591.7604,907.9875,1069.2297,20.818,0,0,0,0,6.35,4.715,0,0,,1.008,0
2020-10-02,3008110,대청,73.84,1006.773,31.897,31.897,67.6,75.44,72.32,1103.44,0,1590.6676,892.0144,1068.2217,20.832,0,0,0,0,6.35,4.715,0,0,,4.5186,0
2020-10-01,3008110,대청,73.84,1006.773,38.689,31.887,67.6,75.6,72.34,1113.397,0,1590.6676,808.0903,1063.7031,20.822,0,0,0,0,6.35,4.715,0,0,,2.3139,0
2020-09-30,3008110,대청,73.83,1006.185,33.203,40.005,67.5,75.72,72.27,1120.9,0,1590.6676,808.0903,1061.3892,28.94,0,0,0,0,6.35,4.715,0,0,,4.3166,0
2020-09-29,3008110,대청,73.84,1006.773,39.982,39.982,67.6,75.72,72.27,1120.9,0,1590.6676,808.0903,1057.0726,28.917,0,0,0,0,6.35,4.715,0,0,,3.8054,0
2020-09-28,3008110,대청,73.84,1006.773,33.222,40.027,67.6,75.72,72.31,1120.9,0,1590.6676,808.0903,1053.2672,28.921,0,0,0,0,6.355,4.751,0,0,,1.3654,0
2020-09-27,3008110,대청,73.85,1007.361,39.289,39.289,67.6,75.69,72.35,1119.021,0,1590.6676,808.0903,1051.9018,28.905,0,0,0,0,5.579,4.805,0,0,,2.9715,0
2020-09-26,3008110,대청,73.85,1007.361,39.36,39.36,67.6,75.64,72.37,1115.894,0,1590.6676,808.0903,1048.9303,28.921,0,0,0,0,5.567,4.762,0.11,0,,0.8734,0
2020-09-25,3008110,대청,73.85,1007.361,46.195,39.39,67.6,75.55,72.4,1110.279,0.0553,1590.6676,808.0903,1048.0569,28.877,0,0,0,0,5.694,4.774,0.045,0,,0.5285,0
2020-09-24,3008110,대청,73.84,1006.773,39.679,39.679,67.6,75.38,72.42,1099.719,0,1590.6123,808.0903,1047.5284,29.01,0,0,0,0,5.81,4.789,0.07,0,,5.8869,0
2020-09-23,3008110,대청,73.84,1006.773,46.25,39.448,67.6,74.99,72.42,1075.72,0,1590.6123,807.9001,1041.6415,28.904,0,0,0,0,5.729,4.679,0.136,0,,3.2127,0
2020-09-22,3008110,대청,73.83,1006.185,40.845,40.845,67.5,73.53,72.39,988.648,0,1590.6123,807.6261,1038.4288,28.926,0,0,0,0,5.868,4.764,1.287,0,,2.7648,0
2020-09-21,3008110,대청,73.83,1006.185,59.7,39.307,67.5,72.83,72.39,948.432,0,1590.6123,731.1003,1035.664,28.937,0,0,0,0,5.567,4.775,0.028,0,,4.5526,0
2020-09-20,3008110,대청,73.8,1004.423,60.119,39.747,67.4,72.82,72.43,947.865,0,1590.6123,684.4243,1031.1114,28.939,0,0,0,0,5.466,4.678,0.664,0,,2.8891,0
2020-09-19,3008110,대청,73.77,1002.663,67.068,39.939,67.3,72.86,72.45,950.136,0.7715,1590.6123,684.4243,1028.2223,28.916,0,0,0,0,5.555,4.764,0.704,0,,2.7267,0
2020-09-18,3008110,대청,73.73,1000.319,80.793,40.169,67.1,72.88,72.48,951.272,0.1179,1589.8408,684.4243,1025.4956,28.918,0,0,0,0,5.81,4.739,0.702,0,,2.6763,0
2020-09-17,3008110,대청,73.67,996.809,80.562,40.023,66.9,72.91,72.45,952.979,3.5774,1589.7229,684.4243,1022.8193,28.945,0,0,0,0,5.637,4.739,0.702,0,,7.9968,0
2020-09-16,3008110,대청,73.61,993.306,87.431,40.242,66.7,72.93,72.36,954.117,2.5929,1586.1455,684.4243,1014.8225,29.008,0,0,0,0,5.775,4.761,0.698,0,,6.2165,0
2020-09-15,3008110,대청,73.54,989.229,100.53,40.026,66.4,72.92,72.34,953.548,0,1583.5526,684.4243,1008.606,28.901,0,0,0,0,5.694,4.739,0.692,0,,5.1008,0
2020-09-14,3008110,대청,73.45,984.002,120.553,40.175,66,72.9,72.36,952.41,0,1583.5526,684.4243,1003.5052,28.886,0,0,0,0,5.833,4.769,0.687,0,,5.3353,0
2020-09-13,3008110,대청,73.33,977.057,139.917,39.916,65.6,72.84,72.31,949,0.3161,1583.5526,684.4243,998.1699,28.923,0,0,0,0,5.567,4.742,0.684,0,,3.5257,0
2020-09-12,3008110,대청,73.18,968.417,165.508,39.591,65,72.82,72.21,947.865,6.5824,1583.2365,684.4243,994.6442,28.915,0,0,0,0,5.347,4.66,0.669,0,,5.3982,0
2020-09-11,3008110,대청,72.99,957.538,191.399,40.092,64.3,72.81,72.19,947.298,2.9261,1576.6541,673.2297,989.246,28.894,0,0,0,0,5.845,4.704,0.649,0,,6.0758,0
2020-09-10,3008110,대청,72.76,944.465,248.624,40.14,63.4,72.78,72.1855,945.597,0.2164,1573.728,673.0414,983.1702,28.909,0,0,0,0,5.822,4.733,0.676,0,,4.262,0
2020-09-09,3008110,대청,72.44,926.452,380.187,40.055,62.2,72.73,72.1573,942.767,14.966,1573.5116,672.9302,978.9082,28.913,0,0,0,0,5.787,4.684,0.671,0,,5.1851,0
2020-09-08,3008110,대청,71.91,897.064,792.523,39.896,60.2,72.6,72.15,935.433,0.1676,1558.5456,666.6856,973.7231,28.928,0,0,0,0,5.671,4.644,0.653,0,,3.8462,0
2020-09-07,3008110,대청,70.7,832.037,628.308,561.52,55.8,72.43,72.13,925.892,43.2203,1558.378,666.5444,969.8769,147.447,403.403,0,0,0,5.474,4.566,0.63,0,,4.42,0
2020-09-06,3008110,대청,70.59,826.267,390.038,1279.519,55.5,72.38,72.16,923.097,18.5294,1515.1577,646.6178,965.4569,259.922,1008.814,0,0,0,5.544,4.584,0.655,0,,3.3303,0
2020-09-05,3008110,대청,72.02,903.118,465.088,1274.132,60.6,72.32,72.26,919.749,0.1019,1496.6283,644.5961,962.1266,240.033,1023.095,0,0,0,5.682,4.637,0.685,0,,6.1841,0
2020-09-04,3008110,대청,73.26,973.019,928.145,1284.819,65.3,72.26,72.33,916.409,0,1496.5264,622.1935,955.9425,234.408,1039.126,0,0,0,5.799,4.782,0.704,0,,4.1181,0
2020-09-03,3008110,대청,73.79,1003.836,2407.154,1286.167,67.4,72.26,72.29,916.409,80.5765,1496.5264,618.1147,951.8244,241.165,1034.011,0,0,0,5.648,4.657,0.686,0,,6.7667,0
2020-09-02,3008110,대청,72.09,906.983,177.207,630.693,60.9,72.27,72.21,916.965,47.433,1415.9499,615.2915,945.0577,235.918,383.746,0,0,0,5.66,4.679,0.69,0,,10.1975,0
2020-09-01,3008110,대청,72.79,946.164,142.598,149.158,63.5,72.29,72.2,918.078,0.0449,1368.5169,600.6541,934.8602,137.515,0,0,0,0,6.181,4.768,0.694,0,,5.5436,0
2020-08-31,3008110,대청,72.8,946.7308,246.666,50.867,63.5,72.33,71.927,920.307,1.0611,1368.472,599.9587,929.3166,39.62,0,0,0,0,5.73,4.827,0.69,0,,12.7013,0
2020-08-30,3008110,대청,72.5,929.8137,302.444,50.998,62.4,72.35,71.649,921.422,12.3268,1367.4109,599.9587,916.6153,39.799,0,0,0,0,5.787,4.728,0.684,0,,14.1462,0
2020-08-29,3008110,대청,72.11,908.0888,184.883,50.93,61,72.38,71.4553,923.097,24.15,1355.0841,599.8272,902.4691,39.739,0,0,0,0,5.81,4.698,0.683,0,,6.823,0
2020-08-28,3008110,대청,71.9,896.515,148.558,53.493,60.2,72.39,71.43,923.656,21.4523,1330.9341,598.0182,895.6461,39.751,0,0,0,0,6.018,4.687,3.037,0,,8.6125,0
2020-08-27,3008110,대청,71.75,888.302,107.724,196.436,59.6,72.38,71.39,923.097,10.8062,1309.4818,596.9076,887.0336,108.271,76.08,0,0,0,6.018,4.647,1.42,0,,7.5639,0
2020-08-26,3008110,대청,71.89,895.966,124.093,777.373,60.1,72.36,71.23,921.98,15.1391,1298.6756,575.907,879.4697,237.257,528.517,0,0,0,6.134,4.747,0.718,0,,10.2921,0
2020-08-25,3008110,대청,72.9,952.41,70.997,302.869,63.9,72.38,71.13,923.097,0.3036,1283.5365,575.907,869.1776,231.297,55.628,0,0,0,6.25,4.744,4.95,0,,9.7828,0
2020-08-24,3008110,대청,73.25,972.443,66.149,246.968,65.3,72.37,71.06,922.539,0.3852,1283.2329,575.907,859.3948,229.649,0,0,0,0,6.227,4.782,6.31,0,,7.8506,0
2020-08-23,3008110,대청,73.52,988.066,70.095,90.291,66.3,72.3,71.1,918.635,0.0729,1282.8477,575.907,851.5442,73.306,0,0,0,0,5.857,4.774,6.354,0,,5.525,0
2020-08-22,3008110,대청,73.55,989.811,56.953,56.953,66.4,72.1,71.12,907.536,9.4329,1282.7748,575.907,846.0192,39.697,0,0,0,0,6.1,4.799,6.357,0,,7.4946,0
2020-08-21,3008110,대청,73.55,989.811,49.407,56.144,66.4,72.1,71.06,907.536,0,1273.3419,532.6166,838.5246,39.646,0,0,0,0,5.972,4.804,5.722,0,,10.0406,0
2020-08-20,3008110,대청,73.56,990.393,81.868,129.09,66.5,72.15,71,910.303,0,1273.3419,516.6368,828.484,113.576,0,0,0,0,6.227,4.824,4.463,0,,9.2023,0
2020-08-19,3008110,대청,73.63,994.473,85.364,125.931,66.7,72.21,70.99,913.631,0,1273.3419,516.6368,819.2817,114.033,0,0,0,0,6.135,4.834,0.929,0,,4.7128,0
2020-08-18,3008110,대청,73.69,997.978,105.103,125.418,67,72.26,70.92,916.409,0,1273.3419,516.6368,814.5689,113.933,0,0,0,0,5.891,4.82,0.774,0,,8.5333,0
2020-08-17,3008110,대청,73.72,999.733,125.277,125.277,67.1,72.32,70.92,919.749,0,1273.3419,516.6368,806.0356,113.97,0,0,0,0,5.741,4.792,0.774,0,,5.4495,0
2020-08-16,3008110,대청,73.72,999.733,152.237,125.155,67.1,72.37,70.86,922.539,0,1273.3419,514.938,800.5861,114.029,0,0,0,0,5.625,4.741,0.76,0,,9.8968,0
2020-08-15,3008110,대청,73.68,997.394,206.779,125.757,66.9,72.42,70.64,925.333,0,1273.3419,513.0345,790.6893,114.141,0,0,0,0,6.065,4.818,0.733,0,,10.0554,0
2020-08-14,3008110,대청,73.56,990.393,405.649,405.649,66.5,72.48,70.52,928.692,0.2101,1273.3419,510.1259,780.6339,200.697,193.16,0,0,0,6.239,4.819,0.734,0,,7.3193,0
2020-08-13,3008110,대청,73.56,990.393,935.688,1516.883,66.5,72.53,70.46,931.497,0,1273.1318,510.1259,773.3146,236.007,1269.142,0,0,0,6.158,4.838,0.738,0,,9.015,0
2020-08-12,3008110,대청,74.41,1040.608,1836.91,2831.561,69.8,72.59,70.5,934.87,7.2129,1273.1318,509.9605,764.2996,237.396,2582.824,0,0,0,5.764,4.814,0.763,0,,7.8669,0
2020-08-11,3008110,대청,75.81,1126.546,2882.408,2999.081,75.6,72.64,70.43,937.686,51.1945,1265.9189,509.5166,756.4327,234.566,2753.013,0,0,0,5.891,4.837,0.774,0,,7.9477,0
2020-08-10,3008110,대청,75.97,1136.627,2195.99,3274.129,76.3,72.66,70.37,938.814,33.9918,1214.7244,509.5166,748.485,232.644,3030.065,0,0,0,5.764,4.871,0.785,0,,11.5114,0
2020-08-09,3008110,대청,77.41,1229.778,4590.323,3006.301,82.5,72.68,70.42,939.942,8.7753,1180.7326,509.4124,736.9736,229.827,2765.278,0,0,0,5.568,4.843,0.785,0,,6.3556,0
2020-08-08,3008110,대청,75.27,1092.919,3869.868,1846.254,73.4,72.69,70.37,940.507,81.8639,1171.9573,506.7084,730.618,237.095,1598.101,0,0,0,5.613,4.715,0.73,0,,7.9928,0
2020-08-07,3008110,대청,72.29,918.078,969.281,982.173,61.6,72.7,70.34,941.072,71.7132,1090.0934,499.4304,722.6252,240.568,730.701,0,0,0,5.521,4.685,0.698,0,,8.2039,0
2020-08-06,3008110,대청,72.31,919.192,593.931,978.393,61.7,72.74,70.37,943.333,20.0492,1018.3802,486.6962,714.4213,238.029,729.136,0,0,0,5.799,4.72,0.709,0,,6.3886,0
2020-08-05,3008110,대청,72.9,952.41,493.641,966.983,63.9,72.79,70.33,946.164,11.9308,998.331,485.2249,708.0327,234.462,721.167,0,0,0,5.868,4.764,0.722,0,,1.6391,0
2020-08-04,3008110,대청,73.61,993.306,420.762,1219.536,66.7,72.84,70.26,949,7.7525,986.4002,485.2249,706.3936,231.719,976.395,0,0,0,5.926,4.757,0.739,0,,9.7368,0
2020-08-03,3008110,대청,74.77,1062.32,384.843,1457.921,71.3,72.88,70.13,951.272,1.4842,978.6477,485.1976,696.6568,226.267,1220.251,0,0,0,5.845,4.795,0.763,0,,9.8528,0
2020-08-02,3008110,대청,76.26,1155.034,484.106,1464.432,77.5,72.92,70.07,953.548,2.2033,977.1635,484.8294,686.804,219.786,1233.279,0,0,0,5.729,4.849,0.789,0,,6.1694,0
2020-08-01,3008110,대청,77.56,1239.735,728.388,1479.173,83.2,72.94,70.13,954.687,4.5043,974.9602,484.8294,680.6346,214.844,1252.938,0,0,0,5.614,4.972,0.805,0,,5.753,0
2020-07-31,3008110,대청,78.52,1304.602,1631.419,2128.592,87.6,72.94,70.2,954.687,4.5717,970.4559,484.8294,674.8816,215.042,1901.756,0,0,0,5.949,5.031,0.814,0,,3.478,0
2020-07-30,3008110,대청,79.14,1347.558,3494.615,1045.97,90.4,72.91,70.25,952.979,95.7651,965.8842,484.8294,671.4036,216.119,818.521,0,0,0,5.613,4.93,0.787,0,,5.8313,0
2020-07-29,3008110,대청,75.96,1135.995,1162.776,785.976,76.2,72.84,70.19,949,38.2089,870.1191,484.8021,665.5723,221.686,553.044,0,0,0,5.66,4.825,0.761,0,,6.2689,0
2020-07-28,3008110,대청,75.44,1103.44,598.147,785.732,74.1,72.75,70.22,943.899,21.1751,831.9102,484.8021,659.3034,221.791,552.657,0,0,0,5.776,4.746,0.762,0,,5.4106,0
2020-07-27,3008110,대청,75.7,1119.647,587.659,791.498,75.1,72.63,70.32,937.122,3.4418,810.7351,477.5997,653.8928,220.734,559.478,0,0,0,5.671,4.849,0.766,0,,3.0866,0
2020-07-26,3008110,대청,75.98,1137.259,687.086,797.066,76.3,72.5,70.28,929.814,2.3984,807.2933,470.8736,650.8062,219.635,566.223,0,0,0,5.614,4.825,0.769,0,,8.0202,0
2020-07-25,3008110,대청,76.13,1146.761,1143.911,793.892,77,72.32,70.27,919.749,10.2875,804.8949,467.254,642.786,220.249,562.58,0,0,0,5.532,4.765,0.766,0,,8.3017,0
2020-07-24,3008110,대청,75.65,1116.519,1601.456,813.25,74.9,72.18,70.18,911.966,21.7678,794.6074,441.5177,634.4843,224.11,578.017,0,0,0,5.648,4.728,0.747,0,,4.3383,0
2020-07-23,3008110,대청,74.54,1048.418,1009.351,808.258,70.4,72.08,69.96,906.43,47.6202,772.8396,441.5177,630.146,227.646,569.532,0,0,0,5.614,4.727,0.739,0,,13.4647,0
2020-07-22,3008110,대청,74.25,1031.044,454.8,662.863,69.2,71.85,69.65,893.772,43.0409,725.2194,441.5177,616.6813,226.577,425.01,0,0,0,5.787,4.751,0.738,0,,10.2891,0
2020-07-21,3008110,대청,74.55,1049.02,197.867,542.299,70.4,71.16,69.65,856.422,0.0273,682.1785,441.4627,606.3922,223.621,307.479,0,0,0,5.66,4.795,0.744,0,,6.1202,0
2020-07-20,3008110,대청,75.04,1078.779,169.897,505.661,72.4,70.62,69.65,827.838,23.6289,682.1512,391.7529,600.272,222.38,272.07,0,0,0,5.683,4.776,0.752,0,,4.1239,0
2020-07-19,3008110,대청,75.51,1107.789,159.351,500.431,74.4,70.59,69.61,826.267,2.7657,658.5223,361.911,596.1481,220.278,269.074,0,0,0,5.509,4.811,0.759,0,,5.6975,0
2020-07-18,3008110,대청,75.98,1137.259,328.321,504.552,76.3,70.58,69.52,825.743,0,655.7566,361.354,590.4506,218.911,274.19,0,0,0,5.845,4.844,0.762,0,,6.3218,0
2020-07-17,3008110,대청,76.22,1152.485,386.954,342.765,77.4,70.54,69.23,823.652,0,655.7566,352.6944,584.1288,217.348,113.962,0,0,0,5.822,4.866,0.767,0,,12.7492,0
2020-07-16,3008110,대청,76.16,1148.667,404.067,228.186,77.1,70.48,68.76,820.52,0.2238,655.7566,352.6124,571.3796,217.559,0,0,0,0,5.684,4.181,0.762,0,,12.9113,0
2020-07-15,3008110,대청,75.92,1133.471,476.893,230.114,76.1,70.42,68.51,817.395,4.6394,655.5328,338.1652,558.4683,219.003,0,0,0,0,5.532,4.821,0.758,0,,14.4021,0
2020-07-14,3008110,대청,75.58,1112.149,1065.806,230.851,74.6,70.38,68.28,815.315,4.7273,650.8934,322.5491,544.0662,219.952,0,0,0,0,5.51,4.641,0.748,0,,10.561,0
2020-07-13,3008110,대청,74.4,1040.009,1824.759,176.664,69.8,70.38,68.03,815.315,86.0751,646.1661,312.6666,533.5052,166.088,0,0,0,0,5.266,4.611,0.699,0,,12.2801,0
2020-07-12,3008110,대청,71.92,897.614,92.6,156.307,60.2,70.37,67.69,814.796,49.1976,560.091,312.3096,521.2251,145.565,0,0,0,0,5.428,4.625,0.689,0,,14.1513,0
2020-07-11,3008110,대청,72.02,903.118,67.051,156.625,60.6,70.37,67.58,814.796,0.114,510.8934,311.6786,507.0738,145.731,0,0,0,0,5.556,4.633,0.705,0,,14.6662,0
2020-07-10,3008110,대청,72.16,910.857,66.059,162.528,61.1,70.42,67.34,817.395,13.0881,510.7794,305.3724,492.4076,151.63,0,0,0,0,5.521,4.677,0.7,0,,11.6802,0
2020-07-09,3008110,대청,72.31,919.192,88.862,159.934,61.7,70.49,67.09,821.041,0,497.6913,278.377,480.7274,148.672,0,0,0,0,5.868,4.695,0.699,0,,12.9925,0
2020-07-08,3008110,대청,72.42,925.333,172.81,159.867,62.1,70.56,66.99,824.697,0,497.6913,278.377,467.7349,148.619,0,0,0,0,5.857,4.689,0.702,0,,6.8659,0
2020-07-07,3008110,대청,72.4,924.214,166.065,159.597,62,70.63,66.84,828.363,0.2494,497.6913,278.377,460.869,148.466,0,0,0,0,5.706,4.726,0.699,0,,7.3337,0
2020-07-06,3008110,대청,72.39,923.656,49.453,159.721,62,70.7,66.63,832.037,30.6228,497.4419,278.377,453.5353,148.531,0,0,0,0,5.775,4.713,0.702,0,,11.8052,0
2020-07-05,3008110,대청,72.56,933.183,41.974,159.453,62.6,70.77,66.34,835.722,0,466.8191,278.377,441.7301,148.628,0,0,0,0,5.429,4.692,0.704,0,,8.9109,0
2020-07-04,3008110,대청,72.74,964.008,45.59,159.523,63.3,70.83,66.2,838.887,0.2665,466.8191,278.377,432.8192,148.658,0,0,0,0,5.463,4.695,0.707,0,,9.5566,0
2020-07-03,3008110,대청,72.91,973.852,65.119,159.462,64,70.9,66.06,842.589,4.318,466.5526,278.377,423.2626,148.581,0,0,0,0,5.474,4.702,0.705,0,,11.6572,0
2020-07-02,3008110,대청,73.05,960.966,86.696,159.646,64.5,70.96,65.94,845.77,0,462.2346,278.377,411.6054,148.543,0,0,0,0,5.671,4.733,0.699,0,,10.2482,0
2020-07-01,3008110,대청,73.16,967.268,119.388,159.298,64.9,71.02,65.86,848.957,1.739,462.2346,278.377,401.3572,148.606,0,0,0,0,5.695,4.766,0.231,0,,10.3369,0
2020-06-30,3008110,대청,73.22,970.717,86.507,53.243,65.2,71.06,65.85,851.086,17.9831,460.4956,278.377,391.0203,42.849,0,0,0,0,5.578,4.722,0.094,0,,5.0212,0
2020-06-29,3008110,대청,73.17,967.843,66.525,53.236,65,71.09,65.81,852.685,34.7162,442.5125,278.1638,385.9991,42.707,0,0,0,0,5.671,4.849,0.009,0,,7.5865,0
2020-06-28,3008110,대청,73.15,966.694,19.879,53.12,64.9,71.13,65.81,854.819,0,407.7963,250.5296,378.4126,42.758,0,0,0,0,5.544,4.818,0,0,,5.1741,0
2020-06-27,3008110,대청,73.2,969.566,26.469,53.103,65.1,71.19,65.78,858.027,0,407.7963,250.0446,373.2385,42.703,0,0,0,0,5.625,4.775,0,0,,10.0134,0
2020-06-26,3008110,대청,73.24,971.868,19.979,53.324,65.2,71.25,65.75,861.241,0.11,407.7963,247.5126,363.2251,42.739,0,0,0,0,5.776,4.809,0,0,,4.993,0
2020-06-25,3008110,대청,73.29,974.749,33.102,53.137,65.4,71.32,65.61,865,1.9564,407.6863,237.727,358.2321,42.733,0,0,0,0,5.567,4.739,0.098,0,,9.2247,0
2020-06-24,3008110,대청,73.32,976.48,29.33,56.076,65.5,71.4,65.44,869.308,4.3356,405.7299,237.727,349.0074,42.725,0,0,0,0,5.637,4.75,2.964,0,,12.0086,0
2020-06-23,3008110,대청,73.36,978.791,26.363,59.848,65.7,71.48,65.41,873.628,0,401.3943,237.727,336.9988,42.684,0,0,0,0,5.961,4.814,6.389,0,,7.1612,0
2020-06-22,3008110,대청,73.41,981.684,39.986,60.105,65.9,71.55,65.45,877.419,0,401.3943,237.727,329.8376,42.727,0,0,0,0,5.961,4.855,6.562,0,,4.6281,0
2020-06-21,3008110,대청,73.44,983.422,40.586,60.726,66,71.63,65.49,881.762,0.1042,401.3943,237.0111,325.2095,42.714,0,0,0,0,5.567,4.788,7.657,0,,3.1786,0
2020-06-20,3008110,대청,73.47,985.162,38.267,58.428,66.1,71.7,65.41,885.574,0,401.2901,237.0111,322.0309,42.744,0,0,0,0,5.405,4.773,5.506,0,,10.5014,0
2020-06-19,3008110,대청,73.5,986.904,59.975,59.975,66.2,71.77,65.42,889.394,0.2586,401.2901,237.0111,311.5295,42.708,0,0,0,0,5.891,4.79,6.586,0,,6.7674,0
2020-06-18,3008110,대청,73.5,986.904,59.824,59.824,66.2,71.84,65.49,893.224,2.4473,401.0315,237.0111,304.7621,42.709,0,0,0,0,5.787,4.733,6.595,0,,5.162,0
2020-06-17,3008110,대청,73.5,986.904,80.075,59.914,66.2,71.91,65.48,897.064,0,398.5842,237.0111,299.6001,42.668,0,0,0,0,5.845,4.848,6.553,0,,5.5113,0
2020-06-16,3008110,대청,73.47,985.162,160.198,59.708,66.1,71.98,65.5,900.914,0,398.5842,237.0111,294.0888,42.7,0,0,0,0,5.672,4.765,6.571,0,,3.5718,0
2020-06-15,3008110,대청,73.32,976.48,464.909,55.096,65.5,72.05,65.6,904.773,0,398.5842,237.0111,290.517,42.713,0,0,0,0,5.798,4.831,1.754,0,,0.9907,0
2020-06-14,3008110,대청,72.7,941.072,320.162,54.032,63.2,72.12,65.68,908.642,56.3361,398.5842,236.9662,289.5263,42.701,0,0,0,0,5.833,4.794,0.704,0,,4.0714,0
2020-06-13,3008110,대청,72.29,918.078,86.598,41.547,61.6,72.18,65.77,911.966,13.3519,342.2481,236.9662,285.4549,30.491,0,0,0,0,5.567,4.782,0.707,0,,2.0981,0
2020-06-12,3008110,대청,72.22,914.186,87.958,43.019,61.4,72.25,65.86,915.853,4.7374,328.8962,236.9662,283.3568,30.547,0,0,0,0,5.903,4.781,1.788,0,,2.0181,0
2020-06-11,3008110,대청,72.15,910.303,144.24,54.698,61.1,72.3,65.95,918.635,29.6163,324.1588,236.9662,281.3387,42.687,0,0,0,0,5.868,4.846,1.297,0,,2.9148,0
2020-06-10,3008110,대청,72.01,902.567,52.198,58.579,60.6,72.35,66.02,921.422,27.4112,294.5425,236.8612,278.4239,42.732,0,0,0,0,6.076,4.856,4.915,0,,5.3448,0
2020-06-09,3008110,대청,72.02,903.118,20.953,59.287,60.6,72.34,66.09,920.864,0,267.1313,228.5183,273.0791,42.672,0,0,0,0,6.076,4.844,5.695,0,,1.9777,0
2020-06-08,3008110,대청,72.08,906.43,13.775,65.015,60.8,72.35,66.16,921.422,0,267.1313,225.8584,271.1014,42.752,0,0,0,0,5.996,4.801,11.466,0,,4.21,0
2020-06-07,3008110,대청,72.16,910.857,14.701,53.227,61.1,72.36,66.26,921.98,0.1042,267.1313,225.7534,266.8914,42.704,0,0,0,0,5.522,4.76,0.241,0,,4.0926,0
2020-06-06,3008110,대청,72.22,914.186,14.564,59.615,61.4,72.39,66.37,923.656,3.2029,267.0271,212.8222,262.7988,42.757,0,0,0,0,6.145,4.782,5.931,0,,1.1505,0
2020-06-05,3008110,대청,72.29,918.078,13.909,59.072,61.6,72.44,66.47,926.452,0,263.8242,198.7802,261.6483,42.687,0,0,0,0,5.613,4.835,5.937,0,,1.6629,0
2020-06-04,3008110,대청,72.36,921.98,20.756,59.557,61.9,72.51,66.58,930.375,0,263.7503,198.7802,259.9854,42.759,0,0,0,0,5.961,4.812,6.025,0,,0.1837,0
2020-06-03,3008110,대청,72.42,925.333,19.853,58.737,62.1,72.58,66.67,934.307,0,263.7503,198.7802,259.8017,42.701,0,0,0,0,5.579,4.713,5.744,0,,1.5253,0
2020-06-02,3008110,대청,72.48,949.067,18.063,57.826,62.3,72.65,66.78,938.25,0,263.8242,198.7802,258.2764,42.79,0,0,0,0,5.277,4.51,5.249,0,,3.1871,0
2020-06-01,3008110,대청,72.54,952.503,12.661,59.159,62.6,72.72,66.88,942.202,0.4308,263.8242,198.7802,255.0893,42.563,0,0,0,0,5.822,4.776,5.998,0,,2.7838,0
2020-05-31,3008110,대청,72.61,935.996,20.558,46.646,62.8,72.79,66.99,946.164,0,263.3934,198.7802,252.3055,30.143,0,0,0,0,5.452,4.865,6.186,0,,0.5197,0
2020-05-30,3008110,대청,72.65,938.25,20.554,46.679,63,72.86,67.07,950.136,0,263.3195,198.4961,251.7858,30.076,0,0,0,0,5.648,4.785,6.17,0,,2.2157,0
2020-05-29,3008110,대청,72.69,940.507,20.555,46.717,63.1,72.93,67.16,954.117,0,263.3934,198.3886,249.5701,30.132,0,0,0,0,5.834,4.798,5.953,0,,0.9261,0
2020-05-28,3008110,대청,72.73,942.767,20.065,46.264,63.3,73.01,67.25,958.68,0,263.3934,198.3886,248.644,30.083,0,0,0,0,5.544,4.817,5.82,0,,1.5206,0
2020-05-27,3008110,대청,72.77,945.031,20.141,46.377,63.4,73.05,67.35,960.966,0,263.3195,198.3886,247.1234,30.105,0,0,0,0,5.625,4.807,5.84,0,,1.7775,0
2020-05-26,3008110,대청,72.81,947.298,26.124,45.825,63.6,73.12,67.44,964.974,0,263.3195,182.8782,245.3459,30.11,0,0,0,0,5.556,4.313,5.846,0,,1.9894,0
2020-05-25,3008110,대청,72.84,949,33.244,46.39,63.7,73.18,67.53,968.417,0,263.3195,182.8782,243.3565,30.088,0,0,0,0,5.359,4.827,6.116,0,,1.7073,0
2020-05-24,3008110,대청,72.86,950.136,26.737,46.473,63.8,73.27,67.63,973.596,2.812,263.3195,182.8782,241.6492,30.125,0,0,0,0,5.335,4.765,6.248,0,,2.1836,0
2020-05-23,3008110,대청,72.89,951.841,32.988,46.157,63.9,73.35,67.71,978.213,0,260.5075,182.8782,239.4656,30.15,0,0,0,0,4.989,4.771,6.247,0,,1.4724,0
2020-05-22,3008110,대청,72.91,952.979,37.054,43.642,64,73.42,67.78,982.263,0.0273,260.5075,182.8782,237.9932,30.066,0,0,0,0,5.463,4.824,3.289,0,,1.9497,0
2020-05-21,3008110,대청,72.92,953.548,43.264,43.264,64,73.49,67.86,986.323,0,260.4802,182.8782,236.0435,30.013,0,0,0,0,5.705,4.826,2.72,0,,2.1792,0
2020-05-20,3008110,대청,72.92,953.548,57.605,44.432,64,73.55,67.93,989.811,0.0273,260.4802,182.8782,233.8643,30.083,0,0,0,0,5.51,4.743,4.096,0,,1.1777,0
2020-05-19,3008110,대청,72.9,952.41,43.848,43.848,63.9,73.61,68.01,993.306,2.9585,260.4529,180.7577,232.6866,30.039,0,0,0,0,5.717,4.722,3.37,0,,2.2875,0
2020-05-18,3008110,대청,72.9,952.41,59.037,45.873,63.9,73.66,68.09,996.225,20.5794,257.4944,178.7017,230.3991,30.144,0,0,0,0,5.556,4.67,5.503,0,,4.4662,0
2020-05-17,3008110,대청,72.88,951.272,33.595,46.759,63.8,73.72,68.16,999.733,0,236.915,159.5606,225.9329,30.048,0,0,0,0,5.44,4.628,6.643,0,,1.7878,0
2020-05-16,3008110,대청,72.9,952.41,33.452,46.625,63.9,73.79,68.22,1003.836,0.0663,236.915,159.5036,224.1451,30.043,0,0,0,0,5.428,4.508,6.646,0,,2.6519,0
2020-05-15,3008110,대청,72.92,953.548,38.986,45.576,64,73.86,68.24,1007.949,16.194,236.8487,159.5036,221.4932,29.998,0,0,0,0,5.474,4.663,5.441,0,,1.3578,0
2020-05-14,3008110,대청,72.93,954.117,32.104,45.291,64,73.94,68.24,1012.661,0,220.6547,159.5036,220.1354,30.103,0,0,0,0,5.417,4.844,4.927,0,,2.1139,0
2020-05-13,3008110,대청,72.95,955.257,17.99,44.392,64.1,74.01,68.26,1016.795,0,220.6547,159.5036,218.0215,30.14,0,0,0,0,5.463,4.715,4.074,0,,6.8652,0
2020-05-12,3008110,대청,72.99,957.538,23.758,43.584,64.3,74.09,68.29,1021.531,0,220.6547,159.5036,211.1563,30.144,0,0,0,0,5.081,4.618,3.741,0,,2.4062,0
2020-05-11,3008110,대청,73.02,959.251,31.012,44.241,64.4,74.15,68.31,1025.092,0,220.6547,159.5036,208.7501,30.127,0,0,0,0,5.59,4.782,3.742,0,,4.1324,0
2020-05-10,3008110,대청,73.04,960.394,36.898,43.516,64.5,74.22,68.33,1029.256,0.3289,220.6547,159.5036,204.6177,30.134,0,0,0,0,5.313,4.706,3.363,0,,4.2886,0
2020-05-09,3008110,대청,73.05,960.966,36.27,42.89,64.5,74.29,68.35,1033.43,16.1577,220.3997,159.5036,200.3291,30.118,0,0,0,0,5.324,4.772,2.676,0,,2.2342,0
2020-05-08,3008110,대청,73.06,961.537,19.147,45.651,64.5,74.35,68.35,1037.016,6.0982,204.242,159.5036,198.0949,30.13,0,0,0,0,5.671,4.763,5.087,0,,1.0542,0
2020-05-07,3008110,대청,73.1,963.827,20.098,46.639,64.7,74.41,68.32,1040.608,0,198.0699,159.5036,197.0407,30.149,0,0,0,0,5.821,4.735,5.934,0,,6.3412,0
2020-05-06,3008110,대청,73.14,966.121,26.495,46.425,64.8,74.46,68.3,1043.608,0,198.0699,159.5036,190.6995,30.121,0,0,0,0,5.336,4.804,6.164,0,,4.5515,0
2020-05-05,3008110,대청,73.17,967.843,20.152,46.758,65,74.51,68.34,1046.613,3.2334,198.0699,159.5036,186.148,30.104,0,0,0,0,5.59,4.714,6.35,0,,1.8002,0
2020-05-04,3008110,대청,73.21,970.141,19.244,45.888,65.1,74.54,68.37,1048.418,0,194.9104,159.5036,184.3478,30.122,0,0,0,0,5.451,4.784,5.531,0,,1.0638,0
2020-05-03,3008110,대청,73.25,972.443,18.917,45.598,65.3,74.56,68.39,1049.623,3.0361,194.9104,159.5036,183.284,30.146,0,0,0,0,5.359,4.746,5.347,0,,4.027,0
2020-05-02,3008110,대청,73.29,974.749,25.575,45.61,65.4,74.56,68.42,1049.623,0,191.8743,159.5036,179.257,30.088,0,0,0,0,5.405,4.776,5.341,0,,2.1531,0
2020-05-01,3008110,대청,73.32,976.48,17.648,44.394,65.5,74.52,68.43,1047.214,0,191.8743,159.5036,177.1039,30.115,0,0,0,0,5.266,4.747,4.266,0,,1.5094,0
2020-04-30,3008110,대청,73.36,978.791,15,48.485,65.7,74.45,68.42,1043.008,0,191.8743,159.5036,175.5945,33.726,0,0,0,0,5.659,4.867,4.233,0,,3.1918,0
2020-04-29,3008110,대청,73.41,981.684,28.168,48.287,65.9,74.4,68.42,1040.009,0,191.8743,159.4486,172.4027,33.721,0,0,0,0,5.856,4.792,3.918,0,,4.2803,0
2020-04-28,3008110,대청,73.44,983.422,21.128,47.986,66,74.35,68.43,1037.016,0,191.8743,138.3204,168.1224,33.723,0,0,0,0,5.544,4.805,3.914,0,,2.8634,0
2020-04-27,3008110,대청,73.48,985.742,16.136,49.761,66.2,74.33,68.46,1035.82,0,191.8743,138.3204,165.259,36.079,0,0,0,0,5.081,4.793,3.808,0,,1.537,0
2020-04-26,3008110,대청,73.53,988.648,27.469,47.672,66.4,74.3,68.49,1034.027,0,191.8743,138.131,163.722,33.663,0,0,0,0,5.44,4.794,3.775,0,,1.857,0
2020-04-25,3008110,대청,73.56,990.393,27.536,47.76,66.5,74.29,68.49,1033.43,0,191.8743,133.3268,161.865,33.704,0,0,0,0,5.521,4.752,3.783,0,,2.4428,0
2020-04-24,3008110,대청,73.59,992.141,20.864,47.862,66.6,74.27,68.48,1032.237,0,191.8743,126.959,159.4222,33.718,0,0,0,0,5.532,4.786,3.826,0,,0.7494,0
2020-04-23,3008110,대청,73.63,994.473,26.88,47.153,66.7,74.25,68.48,1031.044,0,191.8743,113.8316,158.6728,33.73,0,0,0,0,5.463,4.717,3.243,0,,3.3895,0
2020-04-22,3008110,대청,73.66,996.225,31.919,45.446,66.9,74.26,68.49,1031.64,0,191.8743,105.3663,155.2833,33.562,0,0,0,0,5.544,4.761,1.579,0,,2.8418,0
2020-04-21,3008110,대청,73.68,997.394,31.157,44.693,66.9,74.28,68.5,1032.833,0.0663,191.8743,105.3663,152.4415,33.74,0,0,0,0,5.278,4.757,0.918,0,,3.1061,0
2020-04-20,3008110,대청,73.7,998.563,38.007,44.779,67,74.29,68.48,1033.43,0.3031,191.808,105.3663,149.3354,33.694,0,0,0,0,5.393,4.764,0.928,0,,2.139,0
2020-04-19,3008110,대청,73.71,999.148,24.037,44.366,67.1,74.31,68.47,1034.624,16.871,191.5049,105.3663,147.1964,33.697,0,0,0,0,5.428,4.777,0.464,0,,3.2854,0
2020-04-18,3008110,대청,73.74,1000.905,30.376,43.941,67.2,74.31,68.45,1034.624,1.0241,174.6339,105.3663,143.911,33.703,0,0,0,0,5.429,4.809,0,0,,3.8803,0
2020-04-17,3008110,대청,73.76,1002.077,23.522,43.886,67.3,74.32,68.46,1035.222,7.476,173.6098,105.3663,140.0307,33.721,0,0,0,0,5.451,4.714,0,0,,3.8204,0
2020-04-16,3008110,대청,73.79,1003.836,16.935,44.12,67.4,74.32,68.47,1035.222,0,166.1338,105.3663,136.2103,33.701,0,0,0,0,5.521,4.84,0.058,0,,2.3396,0
2020-04-15,3008110,대청,73.83,1006.185,15.551,42.774,67.5,74.32,68.49,1035.222,0,166.1338,105.3663,133.8707,32.314,0,0,0,0,5.532,4.846,0.082,0,,0.8228,0
2020-04-14,3008110,대청,73.87,1008.537,21.896,42.338,67.7,74.31,68.51,1034.624,0,166.1338,105.3663,133.0479,32.254,0,0,0,0,5.232,4.769,0.083,0,,1.4537,0
2020-04-13,3008110,대청,73.9,1010.303,15.522,42.811,67.8,74.29,68.52,1033.43,0.1491,166.1338,104.5492,131.5942,32.361,0,0,0,0,5.498,4.868,0.084,0,,1.2648,0
2020-04-12,3008110,대청,73.94,1012.661,29.072,42.731,68,74.24,68.52,1030.448,0.4188,165.9847,104.5492,130.3294,32.327,0,0,0,0,5.417,4.906,0.081,0,,2.2804,0
2020-04-11,3008110,대청,73.96,1013.841,15.361,42.706,68,74.17,68.53,1026.281,0,165.5659,104.5492,128.049,32.339,0,0,0,0,5.417,4.855,0.095,0,,2.1912,0
2020-04-10,3008110,대청,74,1016.204,22.268,42.802,68.2,74.07,68.52,1020.346,0,165.5659,104.5492,125.8578,32.331,0,0,0,0,5.52,4.868,0.083,0,,2.3349,0
2020-04-09,3008110,대청,74.03,1017.978,22.455,43.01,68.3,74.05,68.54,1019.161,0,165.5659,98.3378,123.5229,32.358,0,0,0,0,5.741,4.825,0.086,0,,3.8151,0
2020-04-08,3008110,대청,74.06,1019.754,15.429,42.868,68.4,74.04,68.57,1018.57,0,165.5659,68.5134,119.7078,32.34,0,0,0,0,5.544,4.886,0.098,0,,0.557,0
2020-04-07,3008110,대청,74.1,1022.124,22.241,42.845,68.6,74.07,68.58,1020.346,0,165.5659,68.5134,119.1508,32.367,0,0,0,0,5.555,4.829,0.094,0,,1.5009,0
2020-04-06,3008110,대청,74.13,1023.905,29.118,42.866,68.7,74.09,68.58,1021.531,0,165.5659,68.5134,117.6499,32.311,0,0,0,0,5.602,4.849,0.104,0,,2.4437,0
2020-04-05,3008110,대청,74.15,1025.092,15.17,42.694,68.8,74.11,68.57,1022.718,0,165.5659,68.5134,115.2062,32.323,0,0,0,0,5.394,4.87,0.107,0,,2.2517,0
2020-04-04,3008110,대청,74.19,1027.471,22.255,42.923,69,74.14,68.58,1024.498,0,165.5659,68.5134,112.9545,32.409,0,0,0,0,5.52,4.883,0.111,0,,1.0371,0
2020-04-03,3008110,대청,74.22,1029.256,22.477,43.166,69.1,74.16,68.59,1025.687,0,165.5659,68.5134,111.9174,32.345,0,0,0,0,5.845,4.861,0.115,0,,2.1028,0
2020-04-02,3008110,대청,74.25,1031.044,28.959,42.764,69.2,74.17,68.6,1026.281,0,165.5659,68.5134,109.8146,32.302,0,0,0,0,5.544,4.8,0.118,0,,1.8508,0
2020-04-01,3008110,대청,74.27,1032.237,22.366,43.091,69.3,74.2,68.61,1028.066,0,165.5659,68.5134,107.9638,32.305,0,0,0,0,5.775,4.885,0.126,0,,2.2241,0
2020-03-31,3008110,대청,74.3,1034.027,29.697,98.933,69.4,74.22,68.62,1029.256,0,165.5659,68.5134,105.7397,88.236,0,0,0,0,5.66,4.91,0.127,0,,1.0718,0
2020-03-30,3008110,대청,74.4,1040.009,29.682,99.154,69.8,74.24,68.63,1030.448,0,165.5659,68.2661,104.6679,88.372,0,0,0,0,5.625,5.021,0.136,0,,1.4043,0
2020-03-29,3008110,대청,74.5,1046.012,36.667,99.395,70.2,74.25,68.64,1031.044,0,165.5659,63.7071,103.2636,88.817,0,0,0,0,5.509,4.931,0.138,0,,1.0045,0
2020-03-28,3008110,대청,74.59,1051.431,22.062,98.991,70.6,74.27,68.64,1032.237,0,165.5659,63.7071,102.2591,88.453,0,0,0,0,5.521,4.861,0.156,0,,0.8568,0
2020-03-27,3008110,대청,74.7,1058.078,36.36,99.516,71,74.29,68.63,1033.43,7.9992,165.5659,63.7071,101.4023,88.673,0,0,0,0,5.498,4.814,0.531,0,,1.1755,0
2020-03-26,3008110,대청,74.79,1063.535,21.352,98.804,71.4,74.31,68.63,1034.624,0.0634,157.5667,63.7071,100.2268,88.42,0,0,0,0,4.745,4.915,0.724,0,,1.104,0
2020-03-25,3008110,대청,74.9,1070.226,28.668,99.329,71.8,74.32,68.63,1035.222,0.1101,157.5033,63.7071,99.1228,88.631,0,0,0,0,5.047,4.912,0.739,0,,1.3192,0
2020-03-24,3008110,대청,75,1076.332,27.498,98.398,72.2,74.33,68.63,1035.82,0,157.3932,63.7071,97.8036,88.628,0,0,0,0,4.131,4.852,0.787,0,,2.6994,0
2020-03-23,3008110,대청,75.1,1082.457,28.539,99.678,72.7,74.33,68.63,1035.82,0,157.3932,63.4691,95.1042,88.446,0,0,0,0,5.579,4.959,0.694,0,,1.9198,0
2020-03-22,3008110,대청,75.2,1088.604,28.181,99.56,73.1,74.34,68.64,1036.417,0,157.3932,60.0362,93.1844,88.42,0,0,0,0,5.509,4.918,0.713,0,,1.9658,0
2020-03-21,3008110,대청,75.3,1094.771,34.589,99.035,73.5,74.36,68.64,1037.614,0,157.3932,60.0362,91.2186,88.436,0,0,0,0,5.023,4.868,0.708,0,,1.8253,0
2020-03-20,3008110,대청,75.39,1100.339,27.557,99.392,73.9,74.37,68.65,1038.212,0,157.3932,57.83,89.3933,88.296,0,0,0,0,5.451,4.937,0.708,0,,0.9778,0
2020-03-19,3008110,대청,75.49,1106.546,27.508,99.584,74.3,74.38,68.66,1038.811,0,157.3932,49.0552,88.4155,88.371,0,0,0,0,5.602,4.902,0.709,0,,1.1296,0
2020-03-18,3008110,대청,75.59,1112.773,41.54,99.374,74.7,74.39,68.66,1039.41,0,157.3932,49.0552,87.2859,88.253,0,0,0,0,5.532,4.881,0.708,0,,2.9471,0
2020-03-17,3008110,대청,75.67,1117.77,34.068,99.316,75,74.41,68.67,1040.608,0,157.3932,49.0552,84.3388,88.208,0,0,0,0,5.463,4.934,0.711,0,,2.1814,0
2020-03-16,3008110,대청,75.76,1123.407,41.249,99.411,75.4,74.43,68.67,1041.808,0,157.3932,49.0552,82.1574,88.308,0,0,0,0,5.486,4.905,0.712,0,,1.1784,0
2020-03-15,3008110,대청,75.84,1128.432,33.816,99.433,75.7,74.44,68.68,1042.408,0,157.3932,48.9754,80.979,88.312,0,0,0,0,5.51,4.898,0.713,0,,1.7512,0
2020-03-14,3008110,대청,75.93,1134.102,34.549,100.363,76.1,74.45,68.7,1043.008,0,157.3932,47.1865,79.2278,88.402,0,0,0,0,5.544,5.015,1.402,0,,1.4927,0
2020-03-13,3008110,대청,76.02,1139.788,39.737,98.403,76.5,74.46,68.71,1043.608,0,157.3932,47.1136,77.7351,88.121,0,0,0,0,5.325,4.927,0.03,0,,1.4998,0
2020-03-12,3008110,대청,76.1,1144.857,36.958,58.998,76.8,74.48,68.73,1044.809,0,157.3932,46.4951,76.2353,47.758,0,0,0,0,5.601,4.921,0.718,0,,0.9138,0
2020-03-11,3008110,대청,76.13,1146.761,36.656,29.307,77,74.49,68.74,1045.41,0.0634,157.3932,44.3165,75.3215,18.33,0,0,0,0,5.267,4.963,0.747,0,,1.3354,0
2020-03-10,3008110,대청,76.12,1146.126,51.425,29.393,76.9,74.51,68.74,1046.613,11.5178,157.3298,43.3497,73.9861,18.314,0,0,0,0,5.486,4.904,0.689,0,,1.3303,0
2020-03-09,3008110,대청,76.09,1144.222,29.681,29.681,76.8,74.52,68.74,1047.214,2.2364,145.812,40.4743,72.6558,18.3,0,0,0,0,5.718,4.945,0.718,0,,0.8706,0
2020-03-08,3008110,대청,76.09,1144.222,36.752,29.413,76.8,74.53,68.76,1047.816,0,143.5756,40.4743,71.7852,18.328,0,0,0,0,5.394,4.974,0.717,0,,1.469,0
2020-03-07,3008110,대청,76.08,1143.588,36.629,29.292,76.8,74.55,68.76,1049.02,0.6224,143.5756,40.4743,70.3162,18.343,0,0,0,0,5.301,4.933,0.715,0,,1.7297,0
2020-03-06,3008110,대청,76.07,1142.954,43.796,29.13,76.7,74.57,68.75,1050.225,0,142.9532,40.4743,68.5865,18.3,0,0,0,0,5.322,4.853,0.655,0,,1.3071,0
2020-03-05,3008110,대청,76.05,1141.687,44.251,29.594,76.6,74.59,68.74,1051.431,0,142.9532,40.4743,67.2794,18.339,0,0,0,0,5.602,4.939,0.714,0,,2.9336,0
2020-03-04,3008110,대청,76.03,1140.421,44.169,29.522,76.5,74.61,68.72,1052.638,0.1042,142.9532,40.4743,64.3458,18.294,0,0,0,0,5.59,4.921,0.717,0,,2.1173,0
2020-03-03,3008110,대청,76.01,1139.155,69.74,106.376,76.5,74.62,68.72,1053.241,0,142.849,40.4743,62.2285,95.095,0,0,0,0,5.648,4.917,0.716,0,,1.2947,0
2020-03-02,3008110,대청,76.06,1142.321,69.694,106.39,76.7,74.64,68.71,1054.449,0,142.849,40.4743,60.9338,94.933,0,0,0,0,5.752,4.988,0.717,0,,0.5238,0
2020-03-01,3008110,대청,76.11,1145.491,76.798,106.199,76.9,74.64,68.7,1054.449,0,142.849,40.4688,60.41,95.083,0,0,0,0,5.417,4.981,0.718,0,,1.7161,0
2020-02-29,3008110,대청,76.15,1148.031,98.968,106.324,77.1,74.66,69,1055.658,0,142.849,40.4688,58.6939,95.089,0,0,0,0,5.509,5.009,0.717,0,,0.1728,0
2020-02-28,3008110,대청,76.16,1148.667,128.562,106.5,77.1,74.66,68.7,1055.658,3.2218,142.849,40.4688,58.5211,95.063,0,0,0,0,5.695,5.025,0.717,0,,2.4362,0
2020-02-27,3008110,대청,76.13,1146.761,209.309,106.644,77,74.67,68.69,1056.263,0,139.6272,40.4688,56.0849,95.149,0,0,0,0,5.822,4.956,0.717,0,,1.9123,0
2020-02-26,3008110,대청,75.99,1137.891,310.494,77.613,76.4,74.69,68.69,1057.473,0,139.6272,40.3586,54.1726,66.255,0,0,0,0,5.66,4.985,0.713,0,,0.2882,0
2020-02-25,3008110,대청,75.67,1117.77,101.869,29.601,75,74.7,68.69,1058.078,43.9651,139.6272,40.3586,53.8844,18.346,0,0,0,0,5.66,4.887,0.708,0,,3.7151,0
2020-02-24,3008110,대청,75.57,1111.526,29.633,29.633,74.6,74.71,68.68,1058.683,0,95.6621,40.3586,50.1693,18.316,0,0,0,0,5.625,4.985,0.707,0,,0.8095,0
2020-02-23,3008110,대청,75.57,1111.526,29.545,29.545,74.6,74.72,68.67,1059.289,0,95.6621,40.3586,49.3598,18.315,0,0,0,0,5.613,4.91,0.707,0,,1.4004,0
2020-02-22,3008110,대청,75.57,1111.526,22.333,29.549,74.6,74.72,68.66,1059.289,3.4714,95.6621,40.3586,47.9594,18.278,0,0,0,0,5.567,4.996,0.708,0,,2.7422,0
2020-02-21,3008110,대청,75.58,1112.149,29.44,29.44,74.6,74.73,68.66,1059.895,1.2049,92.1907,40.3586,45.2172,18.296,0,0,0,0,5.613,4.823,0.708,0,,1.0038,0
2020-02-20,3008110,대청,75.58,1112.149,29.045,29.045,74.6,74.74,68.67,1060.501,0,90.9858,40.3586,44.2134,18.314,0,0,0,0,5.173,4.851,0.707,0,,1.2484,0
2020-02-19,3008110,대청,75.58,1112.149,29.286,29.286,74.6,74.74,68.69,1060.501,0,90.9858,40.3586,42.965,18.242,0,0,0,0,5.347,4.993,0.704,0,,1.1557,0
2020-02-18,3008110,대청,75.58,1112.149,29.6,29.6,74.6,74.73,68.71,1059.895,0.11,90.9858,23.2594,41.8093,18.328,0,0,0,0,5.625,4.944,0.703,0,,0.6283,0
2020-02-17,3008110,대청,75.58,1112.149,29.486,29.486,74.6,74.75,68.73,1061.107,0.5626,90.8758,23.2594,41.181,18.292,0,0,0,0,5.636,4.854,0.704,0,,0.7486,0
2020-02-16,3008110,대청,75.58,1112.149,36.655,29.439,74.6,74.77,68.75,1062.32,6.9744,90.3132,23.2594,40.4324,18.349,0,0,0,0,5.428,4.954,0.708,0,,2.3592,0
2020-02-15,3008110,대청,75.57,1111.526,29.115,29.115,74.6,74.8,68.77,1064.142,1.5342,83.3388,23.091,38.0732,18.317,0,0,0,0,5.093,4.997,0.708,0,,1.0144,0
2020-02-14,3008110,대청,75.57,1111.526,22.345,29.561,74.6,74.81,68.78,1064.749,0,81.8046,23.091,37.0588,18.34,0,0,0,0,5.555,4.958,0.708,0,,0.5427,0
2020-02-13,3008110,대청,75.58,1112.149,29.564,29.564,74.6,74.83,68.8,1065.965,0.3531,81.8046,23.091,36.5161,18.32,0,0,0,0,5.602,4.935,0.707,0,,1.2353,0
2020-02-12,3008110,대청,75.58,1112.149,29.6,29.6,74.6,74.85,68.8,1067.182,11.1778,81.4515,23.091,35.2808,18.342,0,0,0,0,5.59,4.963,0.705,0,,1.2745,0
2020-02-11,3008110,대청,75.58,1112.149,22.283,29.501,74.6,74.87,68.82,1068.399,0,70.2737,23.091,34.0063,18.299,0,0,0,0,5.544,4.954,0.704,0,,1.3167,0
2020-02-10,3008110,대청,75.59,1112.773,22.366,29.587,74.7,74.89,68.85,1069.617,0,70.2737,23.091,32.6896,18.312,0,0,0,0,5.602,4.97,0.703,0,,1.5983,0
2020-02-09,3008110,대청,75.6,1113.397,15.127,29.576,74.7,74.9,68.88,1070.226,0,70.2737,23.091,31.0913,18.27,0,0,0,0,5.636,4.968,0.702,0,,1.2228,0
2020-02-08,3008110,대청,75.62,1114.645,22.239,29.467,74.8,74.92,68.92,1071.446,0,70.2737,23.091,29.8685,18.342,0,0,0,0,5.498,4.924,0.703,0,,1.3195,0
2020-02-07,3008110,대청,75.63,1115.27,21.847,29.077,74.9,74.93,68.95,1072.056,0,70.2737,23.091,28.549,18.317,0,0,0,0,5.027,5.032,0.701,0,,0.3036,0
2020-02-06,3008110,대청,75.64,1115.894,17.007,24.24,74.9,74.94,68.98,1072.666,0,70.2737,23.091,28.2454,18.333,0,0,0,0,0.239,4.968,0.7,0,,0.1776,0
2020-02-05,3008110,대청,75.65,1116.519,22.172,29.407,74.9,74.95,69.01,1073.276,0.0826,70.2737,23.091,28.0678,18.293,0,0,0,0,5.498,4.914,0.702,0,,0.2646,0
2020-02-04,3008110,대청,75.66,1117.144,29.877,29.877,75,74.96,69.04,1073.887,0,70.1911,23.091,27.8032,18.299,0,0,0,0,5.914,4.959,0.705,0,,0.3511,0
2020-02-03,3008110,대청,75.66,1117.144,22.569,29.807,75,74.97,69.07,1074.498,0,70.1911,23.091,27.4521,18.325,0,0,0,0,5.81,4.966,0.706,0,,0.8214,0
2020-02-02,3008110,대청,75.67,1117.77,29.599,29.599,75,74.96,69.11,1073.887,0,70.1911,5.6756,26.6307,18.346,0,0,0,0,5.568,4.951,0.734,0,,0.411,0
2020-02-01,3008110,대청,75.67,1117.77,29.52,29.52,75,74.98,69.14,1075.109,0,70.1911,5.178,26.2197,18.303,0,0,0,0,5.544,4.996,0.677,0,,1.0255,0
2020-01-31,3008110,대청,75.67,1117.77,37.026,29.788,75,75,69.17,1076.332,0.057,70.1911,5.0454,25.1942,18.335,0,0,0,0,5.764,4.981,0.708,0,,1.0968,0
2020-01-30,3008110,대청,75.66,1117.144,29.689,29.689,75,75.02,69.2,1077.555,0,70.1341,2.9592,24.0974,18.28,0,0,0,0,5.694,5.006,0.709,0,,0.5997,0
2020-01-29,3008110,대청,75.66,1117.144,44.177,29.709,75,75.05,69.23,1079.392,0.6737,70.1341,2.9592,23.4977,18.331,0,0,0,0,5.671,4.999,0.708,0,,0.5095,0
2020-01-28,3008110,대청,75.64,1115.894,22.382,29.615,74.9,75.06,69.27,1080.004,0.1179,69.4604,2.9592,22.9882,18.297,0,0,0,0,5.637,4.973,0.708,0,,0.2351,0
2020-01-27,3008110,대청,75.65,1116.519,29.155,29.155,74.9,75.09,69.3,1081.844,11.8852,69.3425,2.603,22.7531,18.286,0,0,0,0,5.254,4.907,0.708,0,,0.8813,0
2020-01-26,3008110,대청,75.65,1116.519,21.472,28.707,74.9,75.1,69.33,1082.457,0,57.4573,2.603,21.8718,18.323,0,0,0,0,4.781,4.897,0.706,0,,0.4284,0
2020-01-25,3008110,대청,75.66,1117.144,28.978,28.978,75,75.12,69.37,1083.685,0,57.4573,2.603,21.4434,18.297,0,0,0,0,5.092,4.882,0.707,0,,0.1359,0
2020-01-24,3008110,대청,75.66,1117.144,22.358,29.596,75,75.15,69.4,1085.528,0,57.4573,2.603,21.3075,18.307,0,0,0,0,5.555,5.027,0.707,0,,0.2961,0
2020-01-23,3008110,대청,75.67,1117.77,22.493,29.733,75,75.16,69.42,1086.143,3.745,57.4573,2.603,21.0114,18.346,0,0,0,0,5.683,4.997,0.707,0,,1.0248,0
2020-01-22,3008110,대청,75.68,1118.395,22.494,29.737,75.1,75.18,69.45,1087.373,0.2235,53.7123,2.603,19.9866,18.335,0,0,0,0,5.648,4.932,0.822,0,,1.2542,0
2020-01-21,3008110,대청,75.69,1119.021,29.509,29.509,75.1,75.2,69.47,1088.604,0,53.4888,2.603,18.7324,18.315,0,0,0,0,5.66,4.948,0.586,0,,1.3722,0
2020-01-20,3008110,대청,75.69,1119.021,29.33,29.33,75.1,75.22,69.49,1089.835,0,53.4888,2.603,17.3602,18.324,0,0,0,0,5.393,4.908,0.705,0,,0.8656,0
2020-01-19,3008110,대청,75.69,1119.021,22.374,29.619,75.1,75.25,69.51,1091.685,0,53.4888,2.3177,16.4946,18.31,0,0,0,0,5.613,4.991,0.705,0,,0.7513,0
2020-01-18,3008110,대청,75.7,1119.647,29.393,29.393,75.1,75.27,69.5318,1092.919,0,53.4888,2.2652,15.7433,18.353,0,0,0,0,5.441,4.895,0.704,0,,0.8408,0
2020-01-17,3008110,대청,75.7,1119.647,36.874,29.629,75.1,75.28,69.56,1093.536,0,53.4888,2.2652,14.9025,18.338,0,0,0,0,5.601,4.985,0.705,0,,0.85,0
2020-01-16,3008110,대청,75.69,1119.021,36.737,29.494,75.1,75.3,69.58,1094.771,0,53.4888,2.2652,14.0525,18.311,0,0,0,0,5.579,4.901,0.703,0,,1.2917,0
2020-01-15,3008110,대청,75.68,1118.395,36.669,29.429,75.1,75.32,69.62,1096.007,0,53.4888,2.2652,12.7608,18.321,0,0,0,0,5.509,4.896,0.703,0,,1.365,0
2020-01-14,3008110,대청,75.67,1117.77,43.844,29.371,75,75.35,69.65,1097.862,0,53.4888,1.9773,11.3958,18.328,0,0,0,0,5.475,4.865,0.703,0,,0.4576,0
2020-01-13,3008110,대청,75.65,1116.519,57.886,28.969,74.9,75.36,69.67,1098.481,0,53.4888,1.9773,10.9382,18.298,0,0,0,0,5.532,4.435,0.704,0,,0.4914,0
2020-01-12,3008110,대청,75.61,1114.021,57.132,28.254,74.8,75.38,69.7,1099.719,0,53.4888,1.9773,10.4468,18.325,0,0,0,0,5.405,3.819,0.705,0,,0.619,0
2020-01-11,3008110,대청,75.57,1111.526,79.815,29.371,74.6,75.4,69.72,1100.959,0,53.4888,0,9.8278,18.323,0,0,0,0,5.382,4.964,0.702,0,,0.9149,0
2020-01-10,3008110,대청,75.5,1107.167,115.662,29.46,74.3,75.41,69.75,1101.579,0,53.4888,0,8.9129,18.328,0,0,0,0,5.544,4.886,0.702,0,,0.3238,0
2020-01-09,3008110,대청,75.38,1099.719,200.856,29.489,73.8,75.43,69.77,1102.819,0.0578,53.4888,0,8.5891,18.324,0,0,0,0,5.58,4.894,0.691,0,,0.4036,0
2020-01-08,3008110,대청,75.14,1084.913,185.242,29.367,72.8,75.45,69.8,1104.06,4.4612,53.431,0,8.1855,18.306,0,0,0,0,5.486,4.871,0.704,0,,0.8438,0
2020-01-07,3008110,대청,74.92,1071.446,78.63,29.276,71.9,75.47,69.82,1105.303,37.8076,48.9698,0,7.3417,18.285,0,0,0,0,5.452,4.84,0.699,0,,2.8185,0
2020-01-06,3008110,대청,74.85,1067.182,22.475,29.518,71.6,75.5,69.85,1107.167,11.1622,11.1622,0,4.5232,18.35,0,0,0,0,5.567,4.845,0.756,0,,0.9412,0
2020-01-05,3008110,대청,74.86,1067.79,15.21,29.304,71.7,75.51,69.87,1107.789,0,0,0,3.582,18.316,0,0,0,0,5.348,4.867,0.773,0,,0.8073,0
2020-01-04,3008110,대청,74.88,1069.008,15.315,29.419,71.8,75.53,69.89,1109.034,0,0,0,2.7747,18.325,0,0,0,0,5.416,4.904,0.774,0,,0.545,0
2020-01-03,3008110,대청,74.9,1070.226,22.302,29.357,71.8,75.55,69.9,1110.279,0,0,0,2.2297,18.312,0,0,0,0,5.393,4.874,0.778,0,,0.4662,0
2020-01-02,3008110,대청,74.91,1070.836,15.548,29.666,71.9,75.57,69.92,1111.526,0,0,0,1.7635,18.364,0,0,0,0,5.66,4.836,0.806,0,,1.1567,0
2020-01-01,3008110,대청,74.93,1095.356,14.13,28.538,72,75.58,69.94,1112.149,0,0,0,0.6068,18.31,0,0,0,0,4.934,4.606,0.688,0,,0.6068,0
2019-12-31,3008110,대청,74.95,1096.6,14.919,29.336,72,75.6,70.04,1113.397,0.1042,995.9694,1329.7844,1170.8988,18.117,0,0,0,0,5.567,4.908,0.744,0,,0.3047,0
2019-12-30,3008110,대청,74.97,1074.498,15.16,29.307,72.1,75.62,70.09,1114.645,2.0788,995.8652,1329.7844,1170.5941,18.114,0,0,0,0,5.509,4.894,0.79,0,,0.8467,0
2019-12-29,3008110,대청,74.99,1075.72,22.192,29.269,72.2,75.64,70.13,1115.894,8.2938,993.7864,1329.7844,1169.7474,18.11,0,0,0,0,5.474,4.9,0.785,0,,0.5626,0
2019-12-28,3008110,대청,75,1076.332,15.171,29.332,72.2,75.66,70.16,1117.144,0,985.4926,1329.7844,1169.1848,18.153,0,0,0,0,5.544,4.848,0.787,0,,0.6172,0
2019-12-27,3008110,대청,75.02,1077.555,15.168,29.338,72.3,75.67,70.2,1117.77,0,985.4926,1329.7844,1168.5676,18.129,0,0,0,0,5.556,4.865,0.788,0,,0.5045,0
2019-12-26,3008110,대청,75.04,1078.779,15.028,29.208,72.4,75.69,70.24,1119.021,1.7291,985.4926,1329.7844,1168.0631,18.081,0,0,0,0,5.486,4.852,0.789,0,,0.6594,0
2019-12-25,3008110,대청,75.06,1080.004,14.886,29.076,72.5,75.71,70.27,1120.273,0,983.7635,1329.7844,1167.4037,18.125,0,0,0,0,5.336,4.826,0.789,0,,0.6169,0
2019-12-24,3008110,대청,75.08,1081.23,15.025,29.224,72.6,75.72,70.3,1120.9,0,983.7635,1329.7844,1166.7868,18.107,0,0,0,0,5.509,4.818,0.79,0,,0.892,0
2019-12-23,3008110,대청,75.1,1082.457,15.158,29.367,72.7,75.73,70.33,1121.526,0.0851,983.7635,1329.7844,1165.8948,18.112,0,0,0,0,5.669,4.801,0.785,0,,0.5099,0
2019-12-22,3008110,대청,75.12,1083.685,14.963,29.181,72.7,75.75,70.37,1122.78,0,983.6784,1329.3287,1165.3849,18.125,0,0,0,0,5.44,4.826,0.79,0,,0.9125,0
2019-12-21,3008110,대청,75.14,1084.913,15.051,29.279,72.8,75.76,70.4,1123.407,0,983.6784,1329.3287,1164.4724,18.119,0,0,0,0,5.486,4.884,0.79,0,,0.578,0
2019-12-20,3008110,대청,75.16,1086.143,7.856,29.216,72.9,75.78,70.43,1124.662,0,983.6784,1329.3287,1163.8944,18.13,0,0,0,0,5.463,4.831,0.792,0,,0.3709,0
2019-12-19,3008110,대청,75.19,1087.988,15.182,29.434,73,75.79,70.46,1125.29,0,983.6784,1329.3287,1163.5235,18.117,0,0,0,0,5.706,4.827,0.784,0,,0.379,0
2019-12-18,3008110,대청,75.21,1089.219,15.138,29.399,73.1,75.8,70.49,1125.918,0,983.6784,1328.924,1163.1445,18.117,0,0,0,0,5.602,4.898,0.782,0,,0.5829,0
2019-12-17,3008110,대청,75.23,1090.452,15.09,29.361,73.2,75.8,70.52,1125.918,2.3609,983.6784,1328.924,1162.5616,18.112,0,0,0,0,5.451,4.788,1.01,0,,0.7039,0
2019-12-16,3008110,대청,75.25,1091.685,15.691,29.972,73.3,75.81,70.55,1126.546,0,981.3175,1328.924,1161.8577,18.146,0,0,0,0,5.671,4.825,1.33,0,,0.8178,0
2019-12-15,3008110,대청,75.27,1092.919,15.554,29.844,73.4,75.83,70.58,1127.803,0,981.3175,1328.5733,1161.0399,18.125,0,0,0,0,5.521,4.813,1.385,0,,0.3622,0
2019-12-14,3008110,대청,75.29,1094.153,15.543,29.843,73.4,75.84,70.61,1128.432,0.4412,981.3175,1328.5733,1160.6777,18.141,0,0,0,0,5.579,4.847,1.276,0,,1.1121,0
2019-12-13,3008110,대청,75.31,1095.389,8.267,29.735,73.5,75.84,70.64,1128.432,0,980.8763,1328.5181,1159.5656,18.1,0,0,0,0,5.417,4.87,1.348,0,,0.6893,0
2019-12-12,3008110,대청,75.34,1097.244,15.227,29.551,73.6,75.85,70.67,1129.061,0,980.8763,1328.4811,1158.8763,18.107,0,0,0,0,5.741,4.801,0.902,0,,0.3178,0
2019-12-11,3008110,대청,75.36,1098.481,10.776,25.109,73.7,75.85,70.7,1129.061,0.1445,980.8763,1328.1346,1158.5585,18.105,0,0,0,0,1.59,4.83,0.584,0,,0.9352,0
2019-12-10,3008110,대청,75.38,1099.719,12.748,27.091,73.8,75.86,70.73,1129.691,0,980.7318,1325.4437,1157.6233,18.069,0,0,0,0,3.607,4.843,0.572,0,,1.6929,0
2019-12-09,3008110,대청,75.4,1100.959,20.518,27.693,73.9,75.86,70.76,1129.691,0,980.7318,1325.4437,1155.9304,18.046,0,0,0,0,4.236,4.846,0.565,0,,1.0607,0
2019-12-08,3008110,대청,75.41,1101.579,14.691,29.048,73.9,75.86,70.78,1129.691,0,980.7318,1325.4437,1154.8697,18.101,0,0,0,0,5.567,4.815,0.565,0,,0.8747,0
2019-12-07,3008110,대청,75.43,1102.819,14.441,28.808,74,75.85,70.81,1129.061,0,980.7318,1325.4437,1153.995,18.118,0,0,0,0,5.324,4.804,0.562,0,,0.9563,0
2019-12-06,3008110,대청,75.45,1104.06,14.814,29.191,74.1,75.84,70.83,1128.432,0,980.7318,1325.3988,1153.0387,18.03,0,0,0,0,5.706,4.894,0.561,0,,1.5295,0
2019-12-05,3008110,대청,75.47,1105.303,22.548,29.74,74.2,75.82,70.85,1127.175,0,980.7318,1324.3225,1151.5092,18.13,0,0,0,0,5.695,4.807,1.108,0,,0.674,0
2019-12-04,3008110,대청,75.48,1105.924,14.05,28.441,74.2,75.8,70.88,1125.918,0,980.7318,1324.3225,1150.8352,18.103,0,0,0,0,5.544,4.771,0.023,0,,3.0627,0
2019-12-03,3008110,대청,75.5,1107.167,22.153,29.352,74.3,75.78,70.9,1124.662,0.2574,980.7318,1307.8771,1147.7725,18.108,0,0,0,0,5.775,4.905,0.564,0,,1.4653,0
2019-12-02,3008110,대청,75.51,1107.789,14.397,28.802,74.4,75.78,70.92,1124.662,0.1597,980.4744,1298.5865,1146.3072,18.111,0,0,0,0,5.243,4.884,0.564,0,,0.7368,0
2019-12-01,3008110,대청,75.53,1109.034,21.966,29.172,74.4,75.8,70.94,1125.918,12.2193,980.3147,1298.5865,1145.5704,18.106,0,0,0,0,5.625,4.879,0.562,0,,0.872,0
2019-11-30,3008110,대청,75.54,1109.657,14.752,29.172,74.5,75.81,70.95,1126.546,0,968.0954,1298.5865,1144.6984,18.112,0,0,0,0,5.613,4.884,0.563,0,,2.1643,0
2019-11-29,3008110,대청,75.56,1110.902,14.639,29.069,74.6,75.82,70.96,1127.175,0,968.0954,1298.5865,1142.5341,18.126,0,0,0,0,5.659,4.891,0.393,0,,2.291,0
2019-11-28,3008110,대청,75.58,1112.149,21.59,28.808,74.6,75.84,70.97,1128.432,0,968.0954,1298.5865,1140.2431,18.116,0,0,0,0,5.787,4.797,0.108,0,,1.4327,0
2019-11-27,3008110,대청,75.59,1112.773,14.419,28.863,74.7,75.84,70.99,1128.432,0,968.0954,1298.5865,1138.8104,18.136,0,0,0,0,5.752,4.869,0.106,0,,2.3236,0
2019-11-26,3008110,대청,75.61,1114.021,21.542,28.768,74.8,75.86,71.02,1129.691,0.0525,968.0954,1298.5865,1136.4868,18.117,0,0,0,0,5.717,4.831,0.103,0,,0.9304,0
2019-11-25,3008110,대청,75.62,1114.645,21.527,28.755,74.8,75.87,71.04,1130.32,0,968.0429,1298.5865,1135.5564,18.089,0,0,0,0,5.694,4.862,0.11,0,,1.1681,0
2019-11-24,3008110,대청,75.63,1115.27,14.169,28.632,74.9,75.88,71.06,1130.95,0.93,968.0429,1298.1491,1134.3883,18.085,0,0,0,0,5.59,4.837,0.12,0,,1.8683,0
2019-11-23,3008110,대청,75.65,1116.519,21.767,29.002,74.9,75.88,71.08,1130.95,0,967.1129,1293.1483,1132.52,18.114,0,0,0,0,5.891,4.874,0.123,0,,1.0213,0
2019-11-22,3008110,대청,75.66,1117.144,28.738,28.738,75,75.89,71.11,1131.58,0,967.1129,1293.1483,1131.4987,18.064,0,0,0,0,5.648,4.896,0.13,0,,0.8103,0
2019-11-21,3008110,대청,75.66,1117.144,28.842,28.842,75,75.9,71.13,1132.21,0,967.1129,1293.1483,1130.6884,18.144,0,0,0,0,5.694,4.878,0.126,0,,0.6217,0
2019-11-20,3008110,대청,75.66,1117.144,36.184,28.949,75,75.92,71.16,1133.471,0,967.1129,1293.1483,1130.0667,18.127,0,0,0,0,5.718,4.978,0.126,0,,0.8448,0
2019-11-19,3008110,대청,75.65,1116.519,43.464,29.001,74.9,75.93,71.18,1134.102,0,967.1129,1293.1483,1129.2219,18.121,0,0,0,0,5.868,4.88,0.132,0,,1.2427,0
2019-11-18,3008110,대청,75.63,1115.27,57.585,28.687,74.9,75.93,71.2,1134.102,17.5771,967.1129,1293.1483,1127.9792,18.126,0,0,0,0,5.59,4.837,0.134,0,,1.4832,0
2019-11-17,3008110,대청,75.59,1112.773,50.137,28.489,74.7,75.94,71.22,1134.733,14.2212,949.5358,1293.1483,1126.496,18.105,0,0,0,0,5.463,4.782,0.139,0,,0.958,0
2019-11-16,3008110,대청,75.56,1110.902,21.345,28.559,74.6,75.94,71.25,1134.733,0.6346,935.3146,1293.1483,1125.538,18.069,0,0,0,0,5.544,4.805,0.141,0,,1.0377,0
2019-11-15,3008110,대청,75.57,1111.526,14.388,28.822,74.6,75.95,71.27,1135.364,0.0922,934.68,1293.0958,1124.5003,18.136,0,0,0,0,5.718,4.832,0.136,0,,0.3441,0
2019-11-14,3008110,대청,75.59,1112.773,28.638,28.638,74.7,75.94,71.29,1134.733,0,934.5878,1293.0958,1124.1562,18.147,0,0,0,0,5.555,4.808,0.128,0,,0.7803,0
2019-11-13,3008110,대청,75.59,1112.773,14.334,28.778,74.7,75.94,71.32,1134.733,2.3937,934.5878,1293.0958,1123.3759,18.088,0,0,0,0,5.775,4.787,0.128,0,,1.9004,0
2019-11-12,3008110,대청,75.61,1114.021,14.29,28.744,74.8,75.93,71.35,1134.102,0,932.1941,1293.0958,1121.4755,18.062,0,0,0,0,5.729,4.826,0.127,0,,1.5815,0
2019-11-11,3008110,대청,75.63,1115.27,21.32,28.55,74.9,75.91,71.38,1132.84,3.0976,932.1941,1293.0958,1119.894,18.093,0,0,0,0,5.555,4.777,0.125,0,,3.7017,0
2019-11-10,3008110,대청,75.64,1115.894,21.095,28.328,74.9,75.88,71.4,1130.95,10.8978,929.0965,1293.0509,1116.1923,18.11,0,0,0,0,5.324,4.773,0.121,0,,1.2169,0
2019-11-09,3008110,대청,75.65,1116.519,14.029,28.502,74.9,75.83,71.43,1127.803,0,918.1987,1293.0509,1114.9754,18.104,0,0,0,0,5.452,4.827,0.119,0,,1.8842,0
2019-11-08,3008110,대청,75.67,1117.77,13.543,28.026,75,75.78,71.46,1124.662,0,918.1987,1292.5443,1113.0912,18.11,0,0,0,0,5.011,4.784,0.121,0,,2.4795,0
2019-11-07,3008110,대청,75.69,1119.021,14.162,28.654,75.1,75.74,71.49,1122.153,0,918.1987,1262.6631,1110.6117,18.118,0,0,0,0,5.614,4.796,0.126,0,,1.4729,0
2019-11-06,3008110,대청,75.71,1120.273,14.069,28.571,75.2,75.75,71.51,1122.78,0,918.1987,1262.096,1109.1388,18.158,0,0,0,0,5.451,4.834,0.128,0,,2.5042,0
2019-11-05,3008110,대청,75.73,1121.526,14.363,28.875,75.3,75.77,71.54,1124.035,0,918.1987,1262.096,1106.6346,18.032,0,0,0,0,5.914,4.801,0.128,0,,1.5053,0
2019-11-04,3008110,대청,75.75,1122.78,14.283,28.804,75.4,75.78,71.57,1124.662,0,918.1987,1262.096,1105.1293,18.132,0,0,0,0,5.764,4.78,0.128,0,,0.3336,0
2019-11-03,3008110,대청,75.77,1124.035,14.062,28.593,75.4,75.79,71.59,1125.29,0,918.1987,1262.096,1104.7957,18.126,0,0,0,0,5.521,4.819,0.127,0,,0.3985,0
2019-11-02,3008110,대청,75.79,1125.29,14.225,28.766,75.5,75.8,71.62,1125.918,0,918.1987,1262.096,1104.3972,18.141,0,0,0,0,5.671,4.832,0.122,0,,0.8603,0
2019-11-01,3008110,대청,75.81,1126.546,14.179,28.729,75.6,75.82,71.65,1127.175,0,918.1987,1262.096,1103.5369,18.078,0,0,0,0,5.729,4.804,0.118,0,,1.8825,0
2019-10-31,3008110,대청,75.83,1127.803,21.627,28.906,75.7,75.82,71.66,1127.175,0,918.1987,1262.096,1101.6544,18.07,0,0,0,0,5.764,4.96,0.112,0,,3.0705,0
2019-10-30,3008110,대청,75.84,1128.432,14.261,28.826,75.7,75.83,71.69,1127.803,0,918.1987,1262.096,1098.5839,18.117,0,0,0,0,5.74,4.865,0.104,0,,0.9781,0
2019-10-29,3008110,대청,75.86,1129.691,14.268,28.842,75.8,75.83,71.72,1127.803,0.2079,918.1987,1262.0511,1097.6058,18.108,0,0,0,0,5.846,4.845,0.043,0,,2.169,0
2019-10-28,3008110,대청,75.88,1130.95,13.978,28.562,75.9,75.82,71.75,1127.175,0,917.9908,1261.1992,1095.4368,18.113,0,0,0,0,5.59,4.859,0,0,,1.7976,0
2019-10-27,3008110,대청,75.9,1132.21,20.834,28.13,76,75.82,71.78,1127.175,0,917.9908,1250.6671,1093.6392,18.065,0,0,0,0,5.255,4.81,0,0,,1.4281,0
2019-10-26,3008110,대청,75.91,1132.84,21.043,28.341,76,75.83,71.8,1127.803,0,917.9908,1250.3657,1092.2111,18.119,0,0,0,0,5.405,4.817,0,0,,0.7424,0
2019-10-25,3008110,대청,75.92,1133.471,13.897,28.5,76.1,75.82,71.83,1127.175,0,917.9908,1238.9938,1091.4687,18.046,0,0,0,0,5.59,4.864,0,0,,0.9194,0
2019-10-24,3008110,대청,75.94,1134.733,18.518,40.441,76.2,75.83,71.85,1127.803,0,917.9908,1238.9938,1090.5493,30.059,0,0,0,0,5.509,4.873,0,0,,0.9638,0
2019-10-23,3008110,대청,75.97,1136.627,25.72,179.794,76.3,75.84,71.88,1128.432,0,917.9908,1238.9938,1089.5855,169.322,0,0,0,0,5.648,4.824,0,0,,0.553,0
2019-10-22,3008110,대청,76.18,1149.939,28.224,190.785,77.2,75.85,71.91,1129.061,0,917.9908,1238.9198,1089.0325,180.189,0,0,0,0,5.556,4.884,0.156,0,,3.7281,0
2019-10-21,3008110,대청,76.4,1163.984,21.761,66.3,78.1,75.86,71.93,1129.691,0,917.9908,1238.9198,1085.3044,55.524,0,0,0,0,5.371,4.842,0.563,0,,2.8262,0
2019-10-20,3008110,대청,76.46,1167.832,28.874,28.874,78.4,75.86,71.96,1129.691,0,917.9908,1238.9198,1082.4782,18.107,0,0,0,0,5.243,4.848,0.676,0,,0.5902,0
2019-10-19,3008110,대청,76.46,1167.832,29.191,29.191,78.4,75.87,71.99,1130.32,0,917.9908,1238.9198,1081.888,18.096,0,0,0,0,5.613,4.87,0.612,0,,0.7323,0
2019-10-18,3008110,대청,76.46,1167.832,21.696,29.128,78.4,75.87,72.02,1130.32,0.6594,917.9908,1238.9198,1081.1557,18.113,0,0,0,0,5.567,4.831,0.617,0,,0.7624,0
2019-10-17,3008110,대청,76.47,1168.474,36.353,28.921,78.4,75.88,72.04,1130.95,0,917.3314,1237.4464,1080.3933,18.051,0,0,0,0,5.44,4.786,0.644,0,,1.1046,0
2019-10-16,3008110,대청,76.46,1167.832,21.757,29.189,78.4,75.88,72.07,1130.95,0,917.3314,1237.4464,1079.2887,18.055,0,0,0,0,5.625,4.906,0.603,0,,1.5613,0
2019-10-15,3008110,대청,76.47,1168.474,36.46,29.028,78.4,75.89,72.1,1131.58,0,917.3314,1237.4464,1077.7274,18.069,0,0,0,0,5.567,4.788,0.604,0,,0.42,0
2019-10-14,3008110,대청,76.46,1167.832,28.887,28.887,78.4,75.88,72.11,1130.95,0,917.3314,1237.4464,1077.3074,18.092,0,0,0,0,5.475,4.719,0.601,0,,1.1501,0
2019-10-13,3008110,대청,76.46,1167.832,43.59,28.734,78.4,75.86,72.12,1129.691,0,917.3314,1237.4464,1076.1573,18.126,0,0,0,0,5.289,4.722,0.597,0,,1.0244,0
2019-10-12,3008110,대청,76.44,1166.549,43.599,28.753,78.3,75.84,72.12,1128.432,0,917.3314,1237.4464,1075.1329,18.095,0,0,0,0,5.336,4.73,0.592,0,,2.7634,0
2019-10-11,3008110,대청,76.42,1165.266,58.38,28.716,78.2,75.91,72.12,1132.84,0,917.3314,1237.3959,1072.3695,18.08,0,0,0,0,5.405,4.648,0.583,0,,2.1193,0
2019-10-10,3008110,대청,76.38,1162.703,68.741,187.63,78,76.12,72.14,1146.126,0,917.3314,1237.3959,1070.2502,176.882,0,0,0,0,5.463,4.709,0.576,0,,3.1144,0
2019-10-09,3008110,대청,76.54,1172.975,76.503,225.994,78.7,76.3,72.17,1157.587,0,917.3314,1237.0003,1067.1358,215.322,0,0,0,0,5.37,4.731,0.571,0,,1.1111,0
2019-10-08,3008110,대청,76.74,1185.891,89.862,225.242,79.6,76.43,72.19,1165.907,0.203,917.3314,1237.0003,1066.0247,214.549,0,0,0,0,5.451,4.642,0.6,0,,2.0736,0
2019-10-07,3008110,대청,76.92,1197.588,103.491,224.497,80.4,76.4,72.22,1163.984,8.8838,917.1284,1237.0003,1063.9511,213.744,0,0,0,0,5.417,4.676,0.66,0,,1.1417,0
2019-10-06,3008110,대청,77.08,1208.043,148.001,223.949,81.1,75.73,72.23,1121.526,0,908.2446,1236.8961,1062.8094,213.205,0,0,0,0,5.289,4.712,0.743,0,,2.9384,0
2019-10-05,3008110,대청,77.18,1214.605,231.372,223.766,81.5,75,72.24,1076.332,0.1179,908.2446,1176.558,1059.871,212.887,0,0,0,0,5.509,4.623,0.747,0,,3.7983,0
2019-10-04,3008110,대청,77.17,1213.948,555.747,223.522,81.5,75.17,72.28,1086.758,0.1392,908.1267,1121.8467,1056.0727,213.436,0,0,0,0,5.613,3.735,0.738,0,,0.4191,0
2019-10-03,3008110,대청,76.73,1185.243,1173.825,227.024,79.6,75.28,72.3,1093.536,15.9731,907.9875,1121.8018,1055.6536,218.007,0,0,0,0,5.463,2.831,0.723,0,,1.0058,0
2019-10-02,3008110,대청,75.44,1103.44,115.048,230.292,74.1,75.29,72.28,1094.153,83.9241,892.0144,1121.8018,1054.6478,220.715,0,0,0,0,5.59,3.27,0.717,0,,4.6344,0
2019-10-01,3008110,대청,75.6,1113.397,35.984,122.822,74.7,75.31,72.3,1095.389,0,808.0903,1121.8018,1050.0134,111.785,0,0,0,0,5.625,4.694,0.718,0,,2.3733,0
2019-09-30,3008110,대청,75.72,1120.9,61.344,61.344,75.2,75.31,72.23,1095.389,0,808.0903,1119.9658,1047.6401,50.279,0,0,0,0,5.544,4.804,0.717,0,,4.4273,0
2019-09-29,3008110,대청,75.72,1120.9,44.801,44.801,75.2,75.34,72.23,1097.244,0,808.0903,1119.9658,1043.2128,33.69,0,0,0,0,5.613,4.785,0.713,0,,3.9029,0
2019-09-28,3008110,대청,75.72,1120.9,66.607,44.865,75.2,75.36,72.27,1098.481,0,808.1408,1119.9658,1039.3099,33.758,0,0,0,0,5.625,4.772,0.71,0,,1.4004,0
2019-09-27,3008110,대청,75.69,1119.021,73.266,37.078,75.1,75.37,72.31,1099.1,0,808.1408,1119.9658,1037.9095,25.924,0,0,0,0,5.694,4.747,0.713,0,,3.0477,0
2019-09-26,3008110,대청,75.64,1115.894,93.748,28.761,74.9,75.39,72.34,1100.339,0,808.1408,1119.9658,1034.8618,18.143,0,0,0,0,5.453,4.446,0.719,0,,0.8957,0
2019-09-25,3008110,대청,75.55,1110.279,151.303,29.081,74.5,75.4,72.36,1100.959,0,808.0903,1119.9658,1033.9661,18.061,0,0,0,0,5.578,4.726,0.716,0,,0.5406,0
2019-09-24,3008110,대청,75.38,1099.719,307.056,29.285,73.8,75.4,72.39,1100.959,0.1902,808.0903,1119.9658,1033.4255,18.11,0,0,0,0,5.764,4.654,0.757,0,,6.0379,0
2019-09-23,3008110,대청,74.99,1075.72,1044.527,36.744,72.2,75.39,72.39,1100.339,0.274,807.9001,1119.9658,1027.3876,25.84,0,0,0,0,5.579,4.581,0.744,0,,3.2951,0
2019-09-22,3008110,대청,73.53,988.648,510.237,44.782,66.4,75.36,72.35,1098.481,76.5258,807.6261,1119.7996,1024.0925,33.725,0,0,0,0,5.208,4.421,1.428,0,,2.8357,0
2019-09-21,3008110,대청,72.83,948.432,50.151,43.584,63.7,75.32,72.35,1096.007,46.676,731.3755,1119.7241,1021.2568,33.712,0,0,0,0,5.3,4.49,0.082,0,,4.6693,0
2019-09-20,3008110,대청,72.82,947.865,21.527,47.809,63.6,75.29,72.39,1094.153,0,684.6995,1094.6195,1016.5875,33.741,0,0,0,0,5.382,4.548,4.138,0,,2.9632,0
2019-09-19,3008110,대청,72.86,950.136,34.181,47.336,63.8,75.29,72.41,1094.153,0,684.6995,1093.3846,1013.6243,33.793,0,0,0,0,5.567,4.56,3.416,0,,2.7769,0
2019-09-18,3008110,대청,72.88,951.272,25.257,45.007,63.8,75.31,72.44,1095.389,0,684.4243,1093.3846,1010.8474,33.762,0,0,0,0,5.671,4.627,0.947,0,,2.7419,0
2019-09-17,3008110,대청,72.91,952.979,31.66,44.838,64,75.32,72.42,1096.007,0,684.4243,1093.3846,1008.1055,33.735,0,0,0,0,5.602,4.551,0.95,0,,8.1101,0
2019-09-16,3008110,대청,72.93,954.117,51.576,44.986,64,75.32,72.33,1096.007,0,684.4243,1093.2804,999.9954,33.733,0,0,0,0,5.683,4.622,0.948,0,,6.3094,0
2019-09-15,3008110,대청,72.92,953.548,57.935,44.762,64,75.32,72.31,1096.007,0,684.4243,1092.0563,993.686,33.738,0,0,0,0,5.418,4.658,0.948,0,,5.2316,0
2019-09-14,3008110,대청,72.9,952.41,83.381,43.916,63.9,75.32,72.33,1096.007,0,684.4243,1090.9949,988.4544,33.711,0,0,0,0,4.826,4.434,0.945,0,,5.4721,0
2019-09-13,3008110,대청,72.84,949,57.311,44.175,63.7,75.31,72.28,1095.389,0,684.4243,1086.1711,982.9823,33.773,0,0,0,0,4.954,4.503,0.945,0,,3.608,0
2019-09-12,3008110,대청,72.82,947.865,51.184,44.619,63.6,75.3,72.19,1094.771,11.1946,684.4243,1086.1711,979.3743,33.772,0,0,0,0,5.335,4.563,0.949,0,,5.3679,0
2019-09-11,3008110,대청,72.81,947.298,64.982,45.302,63.6,75.32,72.17,1096.007,0.1883,673.2297,1086.1711,974.0064,33.802,0,0,0,0,5.96,4.589,0.951,0,,6.1565,0
2019-09-10,3008110,대청,72.78,945.597,77.79,45.036,63.5,75.33,72.17,1096.625,0.1112,673.0414,1086.1711,967.8499,33.731,0,0,0,0,5.822,4.539,0.944,0,,4.3657,0
2019-09-09,3008110,대청,72.73,942.767,129.798,44.907,63.3,75.46,72.15,1104.681,6.2446,672.9302,1086.1711,963.4842,33.725,0,0,0,0,5.718,4.519,0.945,0,,4.9343,0
2019-09-08,3008110,대청,72.6,935.433,155.18,44.756,62.8,75.66,72.16,1117.144,0.1412,666.6856,1086.1711,958.5499,33.739,0,0,0,0,5.544,4.534,0.939,0,,3.9406,0
2019-09-07,3008110,대청,72.43,925.892,77.142,44.791,62.1,75.72,72.17,1120.9,19.9266,666.5444,1086.1711,954.6093,33.743,0,0,0,0,5.625,4.491,0.932,0,,3.4251,0
2019-09-06,3008110,대청,72.38,923.097,83.693,44.947,62,76.01,72.2,1139.155,2.0217,646.6178,1085.0071,951.1842,33.763,0,0,0,0,5.729,4.525,0.93,0,,2.9406,0
2019-09-05,3008110,대청,72.32,919.749,82.743,44.08,61.7,76.37,72.26,1162.063,22.4026,644.5961,1084.5872,948.2436,33.659,0,0,0,0,5.59,3.897,0.934,0,,6.34,0
2019-09-04,3008110,대청,72.26,916.409,43.619,43.619,61.5,76.3,72.3,1157.587,4.0788,622.1935,1084.5872,941.9036,33.765,0,0,0,0,5.556,3.366,0.932,0,,4.2237,0
2019-09-03,3008110,대청,72.26,916.409,38.022,44.46,61.5,75.3,72.26,1094.771,2.8232,618.1147,1034.8871,937.6799,33.725,0,0,0,0,5.521,4.282,0.932,0,,4.8741,0
2019-09-02,3008110,대청,72.27,916.965,32.198,45.081,61.5,75.61,72.21,1114.021,14.6374,615.2915,1009.5331,932.8058,33.766,0,0,0,0,5.613,4.768,0.934,0,,9.2427,0
2019-09-01,3008110,대청,72.29,918.078,19.05,44.844,61.6,75.86,72.18,1129.691,0.6954,600.6541,1009.5331,923.5631,33.797,0,0,0,0,5.347,4.768,0.932,0,,5.6846,0
2019-08-31,3008110,대청,72.33,920.307,35.404,48.315,61.8,75.38,71.9046,1099.719,0,599.9587,1009.4961,917.8785,37.258,0,0,0,0,5.359,4.768,0.93,0,,12.9998,0
2019-08-30,3008110,대청,72.35,921.422,29.524,48.907,61.8,73.69,71.6272,997.978,0.1315,599.9587,941.6096,904.8787,37.451,0,0,0,0,5.741,4.783,0.932,0,,14.1929,0
2019-08-29,3008110,대청,72.38,923.097,42.085,48.551,62,73.59,71.44,992.141,1.809,599.8272,901.3381,890.6858,37.227,0,0,0,0,5.717,4.675,0.932,0,,6.3787,0
2019-08-28,3008110,대청,72.39,923.656,55.168,48.702,62,73.44,71.41,983.422,1.1106,598.0182,901.3381,884.3071,37.246,0,0,0,0,5.893,4.629,0.934,0,,8.2833,0
2019-08-27,3008110,대청,72.38,923.097,63.597,50.673,62,72.45,71.38,927.012,21.0006,596.9076,883.0254,876.0238,37.22,0,0,0,0,5.671,4.57,3.212,0,,7.4807,0
2019-08-26,3008110,대청,72.36,921.98,41.19,54.114,61.9,70.03,71.21,797.251,0,575.907,817.4768,868.5431,37.264,0,0,0,0,5.787,4.608,6.455,0,,10.1678,0
2019-08-25,3008110,대청,72.38,923.097,60.14,53.677,62,69.91,71.08,790.853,0,575.907,706.4571,858.3753,37.208,0,0,0,0,5.486,4.528,6.455,0,,10.0259,0
2019-08-24,3008110,대청,72.37,922.539,99.026,53.847,61.9,69.88,71,789.317,0,575.907,706.1929,848.3494,37.237,0,0,0,0,5.625,4.54,6.445,0,,8.042,0
2019-08-23,3008110,대청,72.3,918.635,182.358,53.893,61.7,69.9,71.03,790.341,0,575.907,667.2129,840.3074,37.236,0,0,0,0,5.741,4.509,6.407,0,,5.6648,0
2019-08-22,3008110,대청,72.1,907.536,53.801,53.801,60.9,69.96,71.06,793.417,43.2904,575.907,645.2822,834.6426,36.91,0,0,0,0,5.845,4.531,6.515,0,,7.4449,0
2019-08-21,3008110,대청,72.1,907.536,21.639,53.67,60.9,70.04,70.99,797.764,15.9798,532.6166,645.2822,827.1977,36.842,0,0,0,0,5.857,4.567,6.404,0,,10.298,0
2019-08-20,3008110,대청,72.15,910.303,15.469,53.981,61.1,70.14,70.93,802.903,0,516.6368,645.2822,816.8997,36.946,0,0,0,0,6.007,4.57,6.458,0,,9.4382,0
2019-08-19,3008110,대청,72.21,913.631,21.693,53.849,61.3,70.21,70.92,806.512,0,516.6368,645.2822,807.4615,36.887,0,0,0,0,5.775,4.554,6.633,0,,4.8336,0
2019-08-18,3008110,대청,72.26,916.409,14.96,53.623,61.5,70.29,70.84,810.648,0,516.6368,645.2822,802.6279,37.032,0,0,0,0,5.428,4.528,6.635,0,,8.7521,0
2019-08-17,3008110,대청,72.32,919.749,21.284,53.566,61.7,70.39,70.85,815.835,1.6988,516.6368,645.2822,793.8758,36.935,0,0,0,0,5.625,4.551,6.455,0,,5.5893,0
2019-08-16,3008110,대청,72.37,922.539,21.142,53.482,61.9,70.46,70.79,819.477,1.9035,514.938,645.2822,788.2865,36.961,0,0,0,0,5.521,4.535,6.465,0,,10.1506,0
2019-08-15,3008110,대청,72.42,925.333,14.693,53.577,62.1,70.55,70.56,824.174,2.9086,513.0345,644.0178,778.1359,36.949,0,0,0,0,5.613,4.537,6.478,0,,10.3132,0
2019-08-14,3008110,대청,72.48,928.692,21.671,54.137,62.3,70.62,70.44,827.838,0,510.1259,643.6402,767.8227,36.937,0,0,0,0,5.972,4.65,6.578,0,,7.5015,0
2019-08-13,3008110,대청,72.53,931.497,15.316,54.351,62.5,70.71,70.38,832.563,0.1654,510.1259,643.6402,760.3212,36.88,0,0,0,0,6.215,4.589,6.667,0,,9.2461,0
2019-08-12,3008110,대청,72.59,934.87,21.235,53.828,62.7,70.77,70.4,835.722,0.4439,509.9605,643.0685,751.0751,36.892,0,0,0,0,5.521,4.564,6.851,0,,7.8837,0
2019-08-11,3008110,대청,72.64,937.686,37.721,50.774,62.9,70.85,70.29,839.944,0,509.5166,643.0685,743.1914,36.977,0,0,0,0,5.648,4.584,3.565,0,,6.8388,0
2019-08-10,3008110,대청,72.66,938.814,40.748,53.81,63,70.92,70.23,843.649,0.1042,509.5166,643.0236,736.3526,36.998,0,0,0,0,5.729,4.633,6.45,0,,10.935,0
2019-08-09,3008110,대청,72.68,939.942,47.193,53.728,63.1,71,70.24,847.894,2.704,509.4124,639.6499,725.4176,36.818,0,0,0,0,5.914,4.576,6.42,0,,6.2935,0
2019-08-08,3008110,대청,72.69,940.507,47.357,53.894,63.1,71.08,70.24,852.152,7.278,506.7084,638.4802,719.1241,36.889,0,0,0,0,5.955,4.62,6.43,0,,6.0987,0
2019-08-07,3008110,대청,72.7,941.072,22.716,48.887,63.2,71.15,70.29,855.888,12.7342,499.4304,638.4802,713.0254,36.935,0,0,0,0,5.492,4.595,1.865,0,,6.5754,0
2019-08-06,3008110,대청,72.74,943.333,20.791,53.557,63.3,71.22,70.32,859.633,1.4713,486.6962,637.5493,706.45,36.994,0,0,0,0,5.799,4.651,6.113,0,,6.0383,0
2019-08-05,3008110,대청,72.79,946.164,20.752,53.576,63.5,71.3,70.26,863.925,0,485.2249,637.5493,700.4117,36.945,0,0,0,0,5.671,4.597,6.363,0,,1.3752,0
2019-08-04,3008110,대청,72.84,949,25.789,52.089,63.7,71.38,70.18,868.23,0.0273,485.2249,637.5493,699.0365,36.924,0,0,0,0,5.556,4.604,5.005,0,,9.7877,0
2019-08-03,3008110,대청,72.88,951.272,24.95,51.287,63.8,71.46,70.01,872.547,0.3682,485.1976,637.5493,689.2488,36.961,0,0,0,0,5.637,4.593,4.096,0,,10.0674,0
2019-08-02,3008110,대청,72.92,953.548,34.903,48.086,64,71.54,69.91,876.877,0,484.8294,637.5493,679.1814,36.921,0,0,0,0,5.672,4.638,0.855,0,,6.2711,0
2019-08-01,3008110,대청,72.94,954.687,38.709,38.709,64.1,71.61,69.94,880.675,0,484.8294,637.5493,672.9103,27.569,0,0,0,0,5.775,4.619,0.746,0,,5.785,0
2019-07-31,3008110,대청,72.94,954.687,49.041,29.271,64.1,71.68,69.99,884.484,0,484.8294,637.5493,667.1253,18.158,0,0,0,0,5.683,4.683,0.747,0,,3.45,0
2019-07-30,3008110,대청,72.91,952.979,75.562,29.512,64,71.72,70.02,886.664,0.0273,484.8294,637.5493,663.6753,18.184,0,0,0,0,5.892,4.688,0.748,0,,3.5253,0
2019-07-29,3008110,대청,72.84,949,88.355,29.314,63.7,71.77,70.04,889.394,0,484.8021,637.5493,660.15,18.157,0,0,0,0,5.775,4.644,0.738,0,,5.4499,0
2019-07-28,3008110,대청,72.75,943.899,107.426,28.996,63.4,71.81,70.09,891.582,7.2024,484.8021,637.5493,654.7001,18.083,0,0,0,0,5.614,4.563,0.736,0,,5.0064,0
2019-07-27,3008110,대청,72.63,937.122,113.242,28.65,62.9,71.85,70.19,893.772,6.7261,477.5997,633.407,649.6937,18.139,0,0,0,0,5.174,4.598,0.739,0,,3.0775,0
2019-07-26,3008110,대청,72.5,929.814,147.852,31.367,62.4,71.89,70.14,895.966,3.6196,470.8736,633.407,646.6162,20.448,0,0,0,0,5.614,4.541,0.764,0,,8.1644,0
2019-07-25,3008110,대청,72.32,919.749,123.436,33.35,61.7,71.94,70.12,898.713,25.7363,467.254,633.407,638.4518,22.48,0,0,0,0,5.532,4.562,0.776,0,,8.2508,0
2019-07-24,3008110,대청,72.18,911.966,95.742,31.669,61.2,71.99,70.04,901.465,0,441.5177,633.407,630.201,20.195,0,0,0,0,6.077,4.629,0.768,0,,3.8913,0
2019-07-23,3008110,대청,72.08,906.43,175.845,29.345,60.8,72.03,69.84,903.67,0,441.5177,633.407,626.3097,17.97,0,0,0,0,5.926,4.688,0.761,0,,12.5889,0
2019-07-22,3008110,대청,71.85,893.772,463.728,31.435,60,72.07,69.54,905.878,0.055,441.5177,633.407,613.7208,20.268,0,0,0,0,5.799,4.606,0.762,0,,9.4493,0
2019-07-21,3008110,대청,71.16,856.422,364.051,33.219,57.5,72.11,69.52,908.089,49.7098,441.4627,633.407,604.2715,22.484,0,0,0,0,5.521,4.474,0.74,0,,6.2765,0
2019-07-20,3008110,대청,70.62,827.838,51.366,33.178,55.6,72.15,69.51,910.303,29.8419,391.7529,633.3545,597.995,22.491,0,0,0,0,5.463,4.484,0.74,0,,3.6238,0
2019-07-19,3008110,대청,70.59,826.267,41.181,35.123,55.5,72.19,69.46,912.521,0.557,361.911,633.3545,594.3712,22.325,0,0,0,0,5.984,4.547,2.267,0,,5.7727,0
2019-07-18,3008110,대청,70.58,825.743,57.892,33.681,55.4,72.22,69.36,914.186,8.6596,361.354,633.3545,588.5985,22.396,0,0,0,0,5.868,4.543,0.874,0,,6.4839,0
2019-07-17,3008110,대청,70.54,823.652,69.379,33.13,55.3,72.24,69.05,915.297,0.082,352.6944,633.3545,582.1146,22.418,0,0,0,0,5.613,4.551,0.548,0,,13.0761,0
2019-07-16,3008110,대청,70.48,820.52,69.697,33.528,55.1,72.25,68.57,915.853,14.4472,352.6124,633.3545,569.0385,22.336,0,0,0,0,5.613,4.494,1.085,0,,13.2366,0
2019-07-15,3008110,대청,70.42,817.395,63.591,39.523,54.9,72.27,68.32,916.965,15.6161,338.1652,633.3545,555.8019,22.434,0,0,0,0,5.683,4.516,6.89,0,,14.6525,0
2019-07-14,3008110,대청,70.38,815.315,33.945,33.945,54.7,72.28,68.09,917.522,9.8825,322.5491,633.3545,541.1494,22.482,0,0,0,0,5.532,4.502,1.429,0,,10.7106,0
2019-07-13,3008110,대청,70.38,815.315,39.133,33.122,54.7,72.27,67.87,916.965,0.357,312.6666,633.3545,530.4388,22.469,0,0,0,0,5.613,4.494,0.546,0,,10.388,0
2019-07-12,3008110,대청,70.37,814.796,33.166,33.166,54.7,72.25,67.58,915.853,0.631,312.3096,633.3545,520.0508,22.428,0,0,0,0,5.695,4.503,0.54,0,,13.2526,0
2019-07-11,3008110,대청,70.37,814.796,24.761,54.841,54.7,72.2,67.46,913.075,6.3062,311.6786,633.3545,506.7982,44.489,0,0,0,0,5.428,4.375,0.549,0,,15.0394,0
2019-07-10,3008110,대청,70.42,817.395,15.59,57.795,54.9,72.21,67.22,913.631,26.9954,305.3724,633.2992,491.7588,44.414,0,0,0,0,5.486,4.506,3.389,0,,11.6441,0
2019-07-09,3008110,대청,70.49,821.041,18.498,60.812,55.1,72.16,66.96,910.857,0,278.377,633.2262,480.1147,44.372,0,0,0,0,5.787,4.518,6.135,0,,13.3256,0
2019-07-08,3008110,대청,70.56,824.697,18.465,60.888,55.4,72.26,66.85,916.409,0,278.377,619.6012,466.7891,44.44,0,0,0,0,5.717,4.514,6.217,0,,7.042,0
2019-07-07,3008110,대청,70.63,828.363,18.395,60.928,55.6,72.48,66.7,928.692,0,278.377,619.6012,459.7471,44.452,0,0,0,0,5.741,4.522,6.213,0,,7.5154,0
2019-07-06,3008110,대청,70.7,832.037,17.73,60.372,55.8,72.65,66.48,938.25,0,278.377,619.6012,452.2317,44.487,0,0,0,0,5.162,4.522,6.201,0,,11.3227,0
2019-07-05,3008110,대청,70.77,835.722,22.095,58.733,56.1,72.77,66.18,945.031,0,278.377,610.6354,440.909,44.515,0,0,0,0,5.555,4.551,4.112,0,,9.1394,0
2019-07-04,3008110,대청,70.83,838.887,17.826,60.672,56.3,72.83,66.03,948.432,0,278.377,605.8413,431.7696,44.46,0,0,0,0,5.741,4.518,5.953,0,,9.7948,0
2019-07-03,3008110,대청,70.9,842.589,23.008,59.821,56.6,72.7,65.88,941.072,0,278.377,603.6652,421.9748,42.873,0,0,0,0,5.914,4.516,6.518,0,,11.8454,0
2019-07-02,3008110,대청,70.96,845.77,24.458,61.352,56.8,71.59,65.76,879.589,0,278.377,601.8523,410.1294,44.165,0,0,0,0,5.923,4.554,6.71,0,,10.511,0
2019-07-01,3008110,대청,71.02,848.957,33.291,57.932,57,70.74,65.67,834.142,0,278.377,534.4891,399.6184,44.351,0,0,0,0,6.1,4.324,3.157,0,,10.5574,0
2019-06-30,3008110,대청,71.06,851.086,31.812,50.316,57.1,70.71,65.66,832.563,0.2132,278.377,474.5195,389.061,39.732,0,0,0,0,5.37,4.454,0.76,0,,4.6888,0
2019-06-29,3008110,대청,71.09,852.685,25.538,50.242,57.2,70.99,65.62,847.363,27.6342,278.1638,472.4826,384.3722,39.755,0,0,0,0,5.393,4.469,0.625,0,,6.8909,0
2019-06-28,3008110,대청,71.13,854.819,13.814,50.937,57.4,70.94,65.62,844.709,0.485,250.5296,469.7574,377.4813,39.761,0,0,0,0,6.007,4.54,0.629,0,,5.3068,0
2019-06-27,3008110,대청,71.19,858.027,13.618,50.822,57.6,70.67,65.59,830.461,2.532,250.0446,467.8877,372.1745,39.794,0,0,0,0,5.96,4.435,0.633,0,,10.2701,0
2019-06-26,3008110,대청,71.25,861.241,10.923,54.43,57.8,70.59,65.56,826.267,9.7856,247.5126,394.1001,361.9044,39.746,0,0,0,0,6.088,4.439,4.157,0,,5.1182,0
2019-06-25,3008110,대청,71.32,865,6.534,56.392,58.1,70.7,65.41,832.037,0,237.727,372.9326,356.7862,39.775,0,0,0,0,5.996,4.428,6.193,0,,9.4111,0
2019-06-24,3008110,대청,71.4,869.308,6.583,56.586,58.3,70.81,65.24,837.831,0,237.727,372.9326,347.3751,39.787,0,0,0,0,6.03,4.493,6.276,0,,12.2053,0
2019-06-23,3008110,대청,71.48,873.628,12.123,55.994,58.6,70.93,65.21,844.179,0,237.727,372.9326,335.1698,39.705,0,0,0,0,5.856,4.436,5.997,0,,7.3448,0
2019-06-22,3008110,대청,71.55,877.419,5.419,55.693,58.9,71.06,65.25,851.086,0.7159,237.727,372.9326,327.825,39.707,0,0,0,0,5.602,4.478,5.906,0,,4.7468,0
2019-06-21,3008110,대청,71.63,881.762,12.295,56.404,59.2,71.18,65.28,857.492,0,237.0111,372.9326,323.0782,39.756,0,0,0,0,6.019,4.474,6.155,0,,3.2574,0
2019-06-20,3008110,대청,71.7,885.574,10.845,55.066,59.4,71.31,65.2,864.463,0,237.0111,372.9326,319.8208,39.714,0,0,0,0,6.042,4.429,4.881,0,,10.7707,0
2019-06-19,3008110,대청,71.77,889.394,12.082,56.414,59.7,71.41,65.21,869.847,0,237.0111,372.8748,309.0501,39.693,0,0,0,0,6.076,4.39,6.255,0,,6.9343,0
2019-06-18,3008110,대청,71.84,893.224,11.934,56.377,60,71.54,65.28,876.877,0,237.0111,370.8884,302.1158,39.727,0,0,0,0,5.88,4.437,6.333,0,,5.2316,0
2019-06-17,3008110,대청,71.91,897.064,11.782,56.337,60.2,71.66,65.28,883.395,0,237.0111,370.1385,296.8842,39.676,0,0,0,0,5.891,4.42,6.35,0,,5.6526,0
2019-06-16,3008110,대청,71.98,900.914,11.596,56.263,60.5,71.78,65.29,889.941,0,237.0111,370.1385,291.2316,39.663,0,0,0,0,5.741,4.492,6.367,0,,3.6634,0
2019-06-15,3008110,대청,72.05,904.773,11.894,56.673,60.7,71.9,65.4,896.515,0.0449,237.0111,370.1385,287.5682,39.699,0,0,0,0,6.146,4.451,6.377,0,,1.0161,0
2019-06-14,3008110,대청,72.12,908.642,17.906,56.377,61,72.02,65.5,903.118,0,236.9662,370.1385,286.5521,39.702,0,0,0,0,5.868,4.41,6.397,0,,2.7313,0
2019-06-13,3008110,대청,72.18,911.966,11.482,56.469,61.2,72.12,65.6,908.642,0,236.9662,370.1385,283.8208,39.693,0,0,0,0,6.03,4.302,6.444,0,,1.8095,0
2019-06-12,3008110,대청,72.25,915.853,24.516,56.718,61.5,72.23,65.7,914.741,0,236.9662,370.1385,282.0113,39.744,0,0,0,0,5.822,4.498,6.654,0,,1.9483,0
2019-06-11,3008110,대청,72.3,918.635,19.017,51.277,61.7,72.35,65.79,921.422,0.105,236.9662,369.769,280.063,39.721,0,0,0,0,5.972,4.561,1.023,0,,2.2301,0
2019-06-10,3008110,대청,72.35,921.422,46.272,39.816,61.8,72.46,65.86,927.572,8.3429,236.8612,369.1715,277.8329,28.889,0,0,0,0,5.718,4.571,0.638,0,,4.779,0
2019-06-09,3008110,대청,72.34,920.864,19.595,26.051,61.8,72.58,65.94,934.307,2.6599,228.5183,369.1715,273.0539,14.817,0,0,0,0,5.949,4.645,0.64,0,,2.0284,0
2019-06-08,3008110,대청,72.35,921.422,30.805,37.264,61.8,72.67,66.01,939.378,0.105,225.8584,369.1715,271.0255,25.636,0,0,0,0,5.694,4.687,1.247,0,,4.318,0
2019-06-07,3008110,대청,72.36,921.98,30.403,49.793,61.9,72.8,66.1,946.731,12.9312,225.7534,369.1715,266.7075,39.716,0,0,0,0,5.51,4.542,0.025,0,,4.1949,0
2019-06-06,3008110,대청,72.39,923.656,23.371,55.734,62,72.91,66.22,952.979,14.042,212.8222,369.1715,262.5126,39.708,0,0,0,0,6.03,4.65,5.346,0,,1.0979,0
2019-06-05,3008110,대청,72.44,926.452,11.501,56.905,62.2,73.01,66.32,958.68,0,198.7802,369.1715,261.4147,39.704,0,0,0,0,6.053,4.686,6.462,0,,1.7056,0
2019-06-04,3008110,대청,72.51,930.375,11.749,57.266,62.4,73.12,66.43,964.974,0,198.7802,369.1715,259.7091,39.716,0,0,0,0,6.181,4.631,6.738,0,,0.1884,0
2019-06-03,3008110,대청,72.58,934.307,11.544,57.174,62.7,73.2,66.52,969.566,0,198.7802,369.1715,259.5207,39.686,0,0,0,0,5.914,4.701,6.873,0,,1.5644,0
2019-06-02,3008110,대청,72.65,938.25,11.024,56.767,63,73.31,66.63,975.902,0,198.7802,369.1715,257.9563,39.686,0,0,0,0,5.521,4.676,6.884,0,,3.2689,0
2019-06-01,3008110,대청,72.72,942.202,11.058,56.914,63.2,73.42,66.74,982.263,0,198.7802,369.1715,254.6874,39.64,0,0,0,0,5.914,4.678,6.682,0,,2.8441,0
2019-05-31,3008110,대청,72.79,946.164,18.998,64.967,63.5,73.53,66.85,988.648,0.2841,198.7802,369.1715,251.8433,47.802,0,0,0,0,5.833,4.718,6.614,0,,0.533,0
2019-05-30,3008110,대청,72.86,950.136,18.961,65.043,63.8,73.6,66.93,992.723,0.1075,198.4961,369.1715,251.3103,47.794,0,0,0,0,5.834,4.712,6.703,0,,2.2725,0
2019-05-29,3008110,대청,72.93,954.117,12.523,65.327,64,73.65,67.01,995.641,0,198.3886,368.7393,249.0378,47.778,0,0,0,0,5.949,4.629,6.971,0,,0.9499,0
2019-05-28,3008110,대청,73.01,958.68,34.452,60.91,64.3,73.7,67.11,998.563,0,198.3886,368.7393,248.0879,47.781,0,0,0,0,5.996,4.72,2.413,0,,1.5596,0
2019-05-27,3008110,대청,73.05,960.966,12.653,59.044,64.5,73.76,67.21,1002.077,15.5104,198.3886,368.6383,246.5283,47.808,0,0,0,0,5.742,4.686,0.808,0,,1.823,0
2019-05-26,3008110,대청,73.12,964.974,23.96,63.814,64.8,73.8,67.31,1004.423,0,182.8782,368.6383,244.7053,47.812,0,0,0,0,5.833,4.729,5.44,0,,2.0404,0
2019-05-25,3008110,대청,73.18,968.417,5.277,65.215,65,73.85,67.4,1007.361,0,182.8782,368.6383,242.6649,47.784,0,0,0,0,6.227,4.729,6.475,0,,1.7511,0
2019-05-24,3008110,대청,73.27,973.596,11.766,65.202,65.3,73.88,67.5,1009.125,0,182.8782,368.6383,240.9138,47.77,0,0,0,0,6.145,4.759,6.528,0,,2.1675,0
2019-05-23,3008110,대청,73.35,978.213,18.274,65.153,65.7,73.89,67.57,1009.714,0,182.8782,368.6383,238.7463,47.811,0,0,0,0,5.995,4.747,6.6,0,,1.5102,0
2019-05-22,3008110,대청,73.42,982.263,18.312,65.305,65.9,73.9,67.65,1010.303,0,182.8782,349.7064,237.2361,47.839,0,0,0,0,6.158,4.698,6.61,0,,1.999,0
2019-05-21,3008110,대청,73.49,986.323,24.727,65.098,66.2,73.95,67.73,1013.251,0,182.8782,343.4028,235.2371,47.795,0,0,0,0,5.938,4.725,6.64,0,,2.235,0
2019-05-20,3008110,대청,73.55,989.811,24.496,64.951,66.4,74,67.81,1016.204,2.1205,182.8782,343.4028,233.0021,47.817,0,0,0,0,5.764,4.724,6.646,0,,1.2072,0
2019-05-19,3008110,대청,73.61,993.306,30.927,64.704,66.7,74.04,67.88,1018.57,2.056,180.7577,343.4028,231.7949,47.813,0,0,0,0,5.59,4.663,6.638,0,,2.2703,0
2019-05-18,3008110,대청,73.66,996.225,23.1,63.709,66.9,74.08,67.97,1020.939,19.1411,178.7017,343.3579,229.5246,47.825,0,0,0,0,5.868,4.734,5.282,0,,4.053,0
2019-05-17,3008110,대청,73.72,999.733,17.685,65.169,67.1,74.1,68.04,1022.124,0.057,159.5606,339.0889,225.4716,47.774,0,0,0,0,6.088,4.753,6.554,0,,1.8336,0
2019-05-16,3008110,대청,73.79,1003.836,17.541,65.14,67.4,74.13,68.1,1023.905,0,159.5036,338.5013,223.638,47.834,0,0,0,0,6.03,4.774,6.502,0,,2.7182,0
2019-05-15,3008110,대청,73.86,1007.949,10.012,64.552,67.7,74.15,68.12,1025.092,0,159.5036,338.3444,220.9198,47.743,0,0,0,0,5.799,4.306,6.704,0,,0.9774,0
2019-05-14,3008110,대청,73.94,1012.661,17.867,65.713,68,74.19,68.12,1027.471,0,159.5036,338.3444,219.9424,47.831,0,0,0,0,6.053,4.946,6.883,0,,2.1681,0
2019-05-13,3008110,대청,74.01,1016.795,10.642,65.464,68.2,74.24,68.14,1030.448,0,159.5036,338.3444,217.7743,47.794,0,0,0,0,5.926,4.923,6.821,0,,7.0412,0
2019-05-12,3008110,대청,74.09,1021.531,24.446,65.662,68.6,74.31,68.17,1034.624,0,159.5036,334.2793,210.7331,47.889,0,0,0,0,5.891,4.965,6.917,0,,2.4679,0
2019-05-11,3008110,대청,74.15,1025.092,17.474,65.666,68.8,74.37,68.19,1038.212,0,159.5036,320.5106,208.2652,47.795,0,0,0,0,5.995,4.945,6.931,0,,4.2384,0
2019-05-10,3008110,대청,74.22,1029.256,17.125,65.433,69.1,74.44,68.2,1042.408,0,159.5036,320.5106,204.0268,47.845,0,0,0,0,5.787,4.96,6.841,0,,4.3902,0
2019-05-09,3008110,대청,74.29,1033.43,22.612,64.111,69.4,74.49,68.23,1045.41,0,159.5036,320.5106,199.6366,47.783,0,0,0,0,5.879,4.881,5.568,0,,1.8771,0
2019-05-08,3008110,대청,74.35,1037.016,22.266,63.85,69.6,74.52,68.23,1047.214,0,159.5036,320.5106,197.7595,47.79,0,0,0,0,5.798,4.963,5.299,0,,0.9249,0
2019-05-07,3008110,대청,74.41,1040.608,29.159,63.877,69.8,74.53,68.19,1047.816,0,159.5036,320.5106,196.8346,47.802,0,0,0,0,5.741,4.972,5.362,0,,6.5037,0
2019-05-06,3008110,대청,74.46,1043.608,26.247,61.025,70,74.58,68.17,1050.828,0,159.5036,309.2645,190.3309,47.846,0,0,0,0,5.452,4.929,2.798,0,,4.6682,0
2019-05-05,3008110,대청,74.51,1046.613,39.834,60.729,70.2,74.65,68.21,1055.054,0,159.5036,292.9734,185.6627,47.785,0,0,0,0,5.648,4.936,2.36,0,,1.7634,0
2019-05-04,3008110,대청,74.54,1048.418,47.055,60.997,70.4,74.73,68.24,1059.895,0,159.5036,292.9734,183.8993,47.84,0,0,0,0,5.833,4.963,2.361,0,,1.091,0
2019-05-03,3008110,대청,74.56,1049.623,61.016,61.016,70.4,74.8,68.26,1064.142,0,159.5036,292.8692,182.8083,47.807,0,0,0,0,5.88,4.97,2.359,0,,4.0524,0
2019-05-02,3008110,대청,74.56,1049.623,88.844,60.97,70.4,74.84,68.29,1066.573,0,159.5036,292.7597,178.7559,47.805,0,0,0,0,5.822,4.981,2.362,0,,2.2083,0
2019-05-01,3008110,대청,74.52,1047.214,108.856,60.167,70.3,74.82,68.31,1065.357,0,159.5036,275.8657,176.5476,47.779,0,0,0,0,5.718,4.999,1.671,0,,1.5481,0
2019-04-30,3008110,대청,74.45,1043.008,65.393,30.686,70,74.82,68.29,1065.357,0.055,159.5036,273.9433,174.9995,18.964,0,0,0,0,5.22,4.927,1.575,0,,3.2737,0
2019-04-29,3008110,대청,74.4,1040.009,65.849,31.202,69.8,74.89,68.29,1069.617,21.1282,159.4486,273.9433,171.7258,18.922,0,0,0,0,5.834,4.877,1.569,0,,4.39,0
2019-04-28,3008110,대청,74.35,1037.016,45.025,31.183,69.6,74.96,68.3,1073.887,0,138.3204,273.9433,167.3358,18.897,0,0,0,0,5.833,4.891,1.562,0,,2.9368,0
2019-04-27,3008110,대청,74.33,1035.82,51.938,31.192,69.5,75.01,68.33,1076.943,0.1894,138.3204,273.9433,164.399,18.898,0,0,0,0,5.753,4.959,1.582,0,,1.5764,0
2019-04-26,3008110,대청,74.3,1034.027,38.072,31.161,69.4,75.03,68.37,1078.167,4.8042,138.131,273.9433,162.8226,18.905,0,0,0,0,5.752,4.842,1.662,0,,1.9047,0
2019-04-25,3008110,대청,74.29,1033.43,44.399,30.585,69.4,75,68.36,1076.332,6.3678,133.3268,273.9433,160.9179,18.777,0,0,0,0,5.972,4.733,1.103,0,,2.5054,0
2019-04-24,3008110,대청,74.27,1032.237,44.506,30.701,69.3,74.96,68.35,1073.887,13.1274,126.959,273.9433,158.4125,18.899,0,0,0,0,5.459,4.951,1.392,0,,0.7687,0
2019-04-23,3008110,대청,74.25,1031.044,24.695,31.596,69.2,74.94,68.35,1072.666,8.4653,113.8316,266.0192,157.6438,18.908,0,0,0,0,5.961,4.976,1.751,0,,3.4764,0
2019-04-22,3008110,대청,74.26,1031.64,16.848,30.657,69.2,74.93,68.36,1072.056,0,105.3663,239.7847,154.1674,18.939,0,0,0,0,5.984,5.034,0.7,0,,2.9147,0
2019-04-21,3008110,대청,74.28,1032.833,23.082,29.99,69.3,74.93,68.37,1072.056,0,105.3663,238.8424,151.2527,18.91,0,0,0,0,5.625,4.977,0.478,0,,3.184,0
2019-04-20,3008110,대청,74.29,1033.43,16.35,30.174,69.4,74.93,68.34,1072.056,0,105.3663,238.8424,148.0687,18.906,0,0,0,0,5.857,4.933,0.478,0,,2.1861,0
2019-04-19,3008110,대청,74.31,1034.624,30.116,30.116,69.4,74.93,68.34,1072.056,0,105.3663,238.8424,145.8826,18.898,0,0,0,0,5.833,4.908,0.477,0,,2.937,0
2019-04-18,3008110,대청,74.31,1034.624,23.288,30.203,69.4,74.92,68.31,1071.446,0,105.3663,238.8424,142.9456,18.917,0,0,0,0,5.868,4.943,0.475,0,,3.9536,0
2019-04-17,3008110,대청,74.32,1035.222,29.603,29.603,69.5,74.9,68.32,1070.226,0,105.3663,238.8424,138.992,18.114,0,0,0,0,6.053,4.973,0.463,0,,3.7267,0
2019-04-16,3008110,대청,74.32,1035.222,28.888,28.888,69.5,74.86,68.33,1067.79,0,105.3663,238.8424,135.2653,18.108,0,0,0,0,5.591,4.714,0.475,0,,2.3996,0
2019-04-15,3008110,대청,74.32,1035.222,36.399,29.484,69.5,74.81,68.35,1064.749,0,105.3663,238.8424,132.8657,18.095,0,0,0,0,5.949,4.966,0.474,0,,0.8439,0
2019-04-14,3008110,대청,74.31,1034.624,43.08,29.256,69.4,74.76,68.37,1061.714,0.8171,105.3663,238.7874,132.0218,18.187,0,0,0,0,5.683,4.912,0.474,0,,1.491,0
2019-04-13,3008110,대청,74.29,1033.43,63.982,29.465,69.4,74.69,68.38,1057.473,0,104.5492,219.955,130.5308,18.108,0,0,0,0,5.914,4.971,0.472,0,,1.2934,0
2019-04-12,3008110,대청,74.24,1030.448,77.592,29.367,69.2,74.65,68.39,1055.054,0,104.5492,219.955,129.2374,18.145,0,0,0,0,5.775,4.975,0.472,0,,2.3281,0
2019-04-11,3008110,대청,74.17,1026.281,97.418,28.725,68.9,74.6,68.39,1052.034,0,104.5492,219.955,126.9093,18.075,0,0,0,0,5.266,4.915,0.469,0,,2.2473,0
2019-04-10,3008110,대청,74.07,1020.346,42.416,28.706,68.5,74.52,68.38,1047.214,6.2114,104.5492,213.3178,124.662,18.117,0,0,0,0,5.143,4.98,0.466,0,,2.3948,0
2019-04-09,3008110,대청,74.05,1019.161,36.036,29.184,68.4,74.42,68.4,1041.208,29.8244,98.3378,213.2068,122.2672,18.111,0,0,0,0,5.679,4.955,0.439,0,,3.913,0
2019-04-08,3008110,대청,74.04,1018.57,8.88,29.442,68.4,74.29,68.43,1033.43,0,68.5134,213.2068,118.3542,18.119,0,0,0,0,5.926,4.97,0.427,0,,0.5713,0
2019-04-07,3008110,대청,74.07,1020.346,15.412,29.132,68.5,74.07,68.44,1020.346,0,68.5134,213.1543,117.7829,18.068,0,0,0,0,5.683,4.954,0.427,0,,1.5394,0
2019-04-06,3008110,대청,74.09,1043.813,15.139,29.148,68.6,73.65,68.44,995.641,0,68.5134,213.1038,116.2435,18.091,0,0,0,0,5.66,4.972,0.425,0,,2.5063,0
2019-04-05,3008110,대청,74.11,1045.024,8.091,29.123,68.6,73.36,68.43,978.791,0,68.5134,190.4838,113.7372,18.127,0,0,0,0,5.694,4.876,0.426,0,,2.3095,0
2019-04-04,3008110,대청,74.14,1046.841,15.162,29.195,68.8,73.33,68.44,977.057,0,68.5134,169.546,111.4277,18.111,0,0,0,0,5.695,4.965,0.424,0,,1.0637,0
2019-04-03,3008110,대청,74.16,1048.053,22.23,29.25,68.8,73.29,68.44,974.749,0,68.5134,154.8227,110.364,18.073,0,0,0,0,5.775,4.977,0.425,0,,2.1567,0
2019-04-02,3008110,대청,74.17,1026.281,8.681,29.335,68.9,73.29,68.45,974.749,0,68.5134,154.8227,108.2073,18.087,0,0,0,0,5.949,4.877,0.422,0,,1.8983,0
2019-04-01,3008110,대청,74.2,1028.066,15.83,29.611,69,73.29,68.46,974.749,0,68.5134,154.8227,106.309,18.106,0,0,0,0,6.099,4.988,0.418,0,,2.2811,0
2019-03-31,3008110,대청,74.22,1029.256,15.342,29.132,69.1,73.27,68.47,973.596,0.2473,68.5134,154.8227,104.0279,18.125,0,0,0,0,5.602,4.977,0.428,0,,1.0993,0
2019-03-30,3008110,대청,74.24,1030.448,22.628,29.527,69.2,73.26,68.48,973.019,4.559,68.2661,154.8227,102.9286,18.14,0,0,0,0,5.949,5.007,0.431,0,,1.4403,0
2019-03-29,3008110,대청,74.25,1031.044,15.4,29.205,69.2,73.23,68.49,971.292,0,63.7071,154.8227,101.4883,18.041,0,0,0,0,5.752,4.981,0.431,0,,1.0302,0
2019-03-28,3008110,대청,74.27,1032.237,15.695,29.509,69.3,73.2,68.49,969.566,0,63.7071,154.8227,100.4581,18.113,0,0,0,0,5.995,4.968,0.433,0,,0.8787,0
2019-03-27,3008110,대청,74.29,1033.43,15.731,29.555,69.4,73.16,68.48,967.268,0,63.7071,154.8227,99.5794,18.111,0,0,0,0,6.134,4.879,0.431,0,,1.0005,0
2019-03-26,3008110,대청,74.31,1034.624,22.182,29.097,69.4,73.1,68.47,963.827,0,63.7071,154.8227,98.5789,18.064,0,0,0,0,5.752,4.853,0.428,0,,1.1306,0
2019-03-25,3008110,대청,74.32,1035.222,22.509,29.427,69.5,73.03,68.47,959.822,0,63.7071,154.8227,97.4483,18.233,0,0,0,0,5.96,4.806,0.428,0,,1.3502,0
2019-03-24,3008110,대청,74.33,1035.82,28.973,28.973,69.5,72.94,68.46,954.687,0.238,63.7071,154.8227,96.0981,18.121,0,0,0,0,5.683,4.744,0.425,0,,2.7686,0
2019-03-23,3008110,대청,74.33,1035.82,22.07,28.99,69.5,72.84,68.46,949,3.4329,63.4691,154.8227,93.3295,18.087,0,0,0,0,5.648,4.827,0.428,0,,1.969,0
2019-03-22,3008110,대청,74.34,1036.417,15.248,29.095,69.6,72.73,68.47,942.767,0,60.0362,154.8227,91.3605,18.072,0,0,0,0,5.798,4.796,0.429,0,,2.0162,0
2019-03-21,3008110,대청,74.36,1037.614,22.032,28.959,69.6,72.61,68.47,935.996,2.2062,60.0362,144.7783,89.3443,18.043,0,0,0,0,5.764,4.722,0.43,0,,1.8721,0
2019-03-20,3008110,대청,74.37,1038.212,22.335,29.264,69.7,72.45,68.48,927.012,8.7748,57.83,141.8911,87.4722,18.117,0,0,0,0,5.856,4.861,0.43,0,,1.0029,0
2019-03-19,3008110,대청,74.38,1038.811,22.365,29.297,69.7,72.35,68.48,921.422,0,49.0552,141.685,86.4693,18.098,0,0,0,0,5.937,4.834,0.428,0,,1.1585,0
2019-03-18,3008110,대청,74.39,1039.41,15.504,29.375,69.8,72.26,68.49,916.409,0,49.0552,122.226,85.3108,18.07,0,0,0,0,6.053,4.823,0.429,0,,3.0227,0
2019-03-17,3008110,대청,74.41,1040.608,15.362,29.242,69.8,72.2,68.49,913.075,0,49.0552,118.1832,82.2881,18.104,0,0,0,0,5.856,4.854,0.428,0,,2.2373,0
2019-03-16,3008110,대청,74.43,1041.808,22.167,29.111,69.9,72.14,68.49,909.749,0.0798,49.0552,118.1832,80.0508,18.128,0,0,0,0,5.764,4.791,0.428,0,,1.2086,0
2019-03-15,3008110,대청,74.44,1042.408,22.147,29.093,70,72.09,68.5,906.983,1.7889,48.9754,117.342,78.8422,18.104,0,0,0,0,5.775,4.779,0.435,0,,1.7961,0
2019-03-14,3008110,대청,74.45,1043.008,22.506,29.454,70,72.04,68.51,904.221,0.0729,47.1865,106.5349,77.0461,18.132,0,0,0,0,6.03,4.859,0.433,0,,1.531,0
2019-03-13,3008110,대청,74.46,1043.608,15.313,29.217,70,72,68.53,902.016,0.6185,47.1136,106.5349,75.5151,18.173,0,0,0,0,5.81,4.804,0.43,0,,1.5383,0
2019-03-12,3008110,대청,74.48,1044.809,22.123,29.079,70.1,71.96,68.54,899.813,2.1786,46.4951,106.5349,73.9768,18.121,0,0,0,0,5.845,4.679,0.434,0,,0.9372,0
2019-03-11,3008110,대청,74.49,1045.41,15.398,29.316,70.2,71.9,68.55,896.515,0.9668,44.3165,106.5349,73.0396,18.085,0,0,0,0,5.984,4.813,0.434,0,,1.368,0
2019-03-10,3008110,대청,74.51,1046.613,22.021,28.984,70.2,71.84,68.55,893.224,2.8754,43.3497,106.5349,71.6716,18.11,0,0,0,0,5.602,4.835,0.437,0,,1.0691,0
2019-03-09,3008110,대청,74.52,1047.214,22.099,29.064,70.3,71.77,68.55,889.394,0,40.4743,106.5349,70.6025,18.14,0,0,0,0,5.706,4.782,0.436,0,,0.8356,0
2019-03-08,3008110,대청,74.53,1047.816,15.189,29.126,70.3,71.69,68.57,885.029,0,40.4743,105.4188,69.7669,18.135,0,0,0,0,5.671,4.884,0.436,0,,1.5066,0
2019-03-07,3008110,대청,74.55,1049.02,15.365,29.312,70.4,71.59,68.57,879.589,0,40.4743,93.0271,68.2603,18.12,0,0,0,0,5.903,4.852,0.437,0,,1.7581,0
2019-03-06,3008110,대청,74.57,1050.225,15.375,29.331,70.5,71.47,68.56,873.088,0,40.4743,88.6556,66.5022,18.065,0,0,0,0,6.03,4.798,0.438,0,,1.3406,0
2019-03-05,3008110,대청,74.59,1051.431,15.582,29.548,70.6,71.24,68.55,860.705,0,40.4743,88.6556,65.1616,18.111,0,0,0,0,6.157,4.841,0.439,0,,3.0088,0
2019-03-04,3008110,대청,74.61,1052.638,22.44,29.426,70.7,71.2,68.54,858.562,0,40.4743,69.1703,62.1528,18.12,0,0,0,0,6.042,4.825,0.439,0,,2.1689,0
2019-03-03,3008110,대청,74.62,1053.241,15.113,29.093,70.7,71.18,68.53,857.492,0,40.4743,57.8038,59.9839,18.126,0,0,0,0,5.717,4.811,0.439,0,,1.3279,0
2019-03-02,3008110,대청,74.64,1054.449,28.993,28.993,70.8,71.17,68.52,856.957,0.0055,40.4743,57.8038,58.656,18.135,0,0,0,0,5.637,4.782,0.439,0,,0.5373,0
2019-03-01,3008110,대청,74.64,1054.449,15.055,29.044,70.8,71.16,68.51,856.422,0,40.4688,57.8038,58.1187,18.111,0,0,0,0,5.683,4.812,0.438,0,,1.7601,0
2019-02-28,3008110,대청,74.66,1055.658,22.397,29.395,70.9,71.17,68.5,856.957,0,40.4688,54.5967,56.3586,18.126,0,0,0,0,6.088,4.743,0.438,0,,2.416,0
2019-02-27,3008110,대청,74.67,1056.263,15.206,29.21,70.9,71.16,68.5,856.422,0.1102,40.4688,27.8869,53.9426,18.103,0,0,0,0,5.879,4.79,0.438,0,,1.9613,0
2019-02-26,3008110,대청,74.69,1057.473,22.145,29.15,71,71.19,68.51,858.027,0,40.3586,27.8869,51.9813,18.117,0,0,0,0,5.787,4.81,0.436,0,,0.2956,0
2019-02-25,3008110,대청,74.7,1058.078,22.022,29.03,71,71.21,68.51,859.098,0,40.3586,27.8869,51.6857,18.074,0,0,0,0,5.741,4.777,0.438,0,,2.6831,0
2019-02-24,3008110,대청,74.71,1058.683,21.983,28.993,71.1,71.24,68.5,860.705,0,40.3586,27.8869,49.0026,18.13,0,0,0,0,5.602,4.824,0.437,0,,0.8303,0
2019-02-23,3008110,대청,74.72,1059.289,28.937,28.937,71.1,71.26,68.49,861.778,0,40.3586,27.8869,48.1723,18.131,0,0,0,0,5.544,4.827,0.435,0,,1.4363,0
2019-02-22,3008110,대청,74.72,1059.289,21.932,28.945,71.1,71.29,68.48,863.388,0,40.3586,25.5174,46.736,18.125,0,0,0,0,5.637,4.748,0.435,0,,2.7235,0
2019-02-21,3008110,대청,74.73,1059.895,22.047,29.062,71.1,71.32,68.48,865,0,40.3586,25.5174,44.0125,18.037,0,0,0,0,5.775,4.815,0.435,0,,0.9986,0
2019-02-20,3008110,대청,74.74,1060.501,28.991,28.991,71.2,71.35,68.5,866.614,0,40.3586,25.5174,43.0139,18.131,0,0,0,0,5.66,4.767,0.433,0,,1.2804,0
2019-02-19,3008110,대청,74.74,1060.501,36.081,29.066,71.2,71.37,68.51,867.691,17.0992,40.3586,25.5174,41.7335,18.114,0,0,0,0,5.763,4.755,0.434,0,,1.1853,0
2019-02-18,3008110,대청,74.73,1059.895,15.143,29.175,71.1,71.41,68.53,869.847,0,23.2594,25.5174,40.5482,18.13,0,0,0,0,5.798,4.814,0.433,0,,0.6416,0
2019-02-17,3008110,대청,74.75,1061.107,15.141,29.183,71.2,71.43,68.55,870.927,0,23.2594,25.5174,39.9066,18.12,0,0,0,0,5.799,4.832,0.432,0,,0.7534,0
2019-02-16,3008110,대청,74.77,1062.32,8,29.08,71.3,71.45,68.58,872.007,0.1684,23.2594,25.5174,39.1532,18.126,0,0,0,0,5.764,4.757,0.433,0,,2.2408,0
2019-02-15,3008110,대청,74.8,1064.142,22.125,29.157,71.4,71.48,68.6,873.628,0,23.091,25.5174,36.9124,18.085,0,0,0,0,5.798,4.84,0.434,0,,1.001,0
2019-02-14,3008110,대청,74.81,1064.749,15.167,29.237,71.5,71.51,68.61,875.252,0,23.091,25.5174,35.9114,18.096,0,0,0,0,5.857,4.85,0.434,0,,0.5567,0
2019-02-13,3008110,대청,74.83,1065.965,15.128,29.208,71.5,71.54,68.62,876.877,0,23.091,25.4511,35.3547,18.106,0,0,0,0,5.868,4.799,0.435,0,,1.2579,0
2019-02-12,3008110,대청,74.85,1067.182,15.121,29.21,71.6,71.56,68.62,877.961,0,23.091,24.7878,34.0968,18.13,0,0,0,0,5.822,4.823,0.435,0,,1.0206,0
2019-02-11,3008110,대청,74.87,1068.399,15.09,29.189,71.7,71.59,68.65,879.589,0,23.091,24.1487,33.0762,18.113,0,0,0,0,5.833,4.808,0.435,0,,1.3505,0
2019-02-10,3008110,대청,74.89,1069.617,21.802,28.855,71.8,71.62,68.68,881.219,0,23.091,24.0937,31.7257,18.093,0,0,0,0,5.533,4.795,0.434,0,,1.6392,0
2019-02-09,3008110,대청,74.9,1070.226,14.969,29.082,71.8,71.64,68.71,882.306,0,23.091,24.0937,30.0865,18.103,0,0,0,0,5.752,4.792,0.435,0,,1.2541,0
2019-02-08,3008110,대청,74.92,1071.446,21.836,28.896,71.9,71.67,68.75,883.939,0,23.091,24.0937,28.8324,18.111,0,0,0,0,5.566,4.782,0.437,0,,1.3533,0
2019-02-07,3008110,대청,74.93,1072.056,22.093,29.156,72,71.7,68.78,885.574,0,23.091,24.0937,27.4791,18.09,0,0,0,0,5.831,4.795,0.44,0,,0.3114,0
2019-02-06,3008110,대청,74.94,1072.666,21.243,28.308,72,71.73,68.81,887.21,0,23.091,24.0937,27.1677,18.091,0,0,0,0,4.979,4.798,0.44,0,,0.1822,0
2019-02-05,3008110,대청,74.95,1073.276,21.421,28.488,72,71.76,68.84,888.848,0,23.091,24.0937,26.9855,18.125,0,0,0,0,5.162,4.762,0.439,0,,0.2693,0
2019-02-04,3008110,대청,74.96,1073.887,21.868,28.938,72.1,71.78,68.87,889.941,0,23.091,24.0937,26.7162,18.119,0,0,0,0,5.555,4.825,0.439,0,,0.3601,0
2019-02-03,3008110,대청,74.97,1074.498,35.925,28.855,72.1,71.81,68.9,891.582,17.4154,23.091,24.0937,26.3561,18.109,0,0,0,0,5.486,4.822,0.438,0,,0.8425,0
2019-02-02,3008110,대청,74.96,1073.887,15.081,29.223,72.1,71.84,68.94,893.224,0.4976,5.6756,24.0937,25.5136,18.115,0,0,0,0,5.775,4.897,0.436,0,,0.4215,0
2019-02-01,3008110,대청,74.98,1075.109,15.204,29.355,72.2,71.86,68.97,894.321,0.1326,5.178,24.0937,25.0921,18.134,0,0,0,0,5.995,4.79,0.436,0,,1.0518,0
2019-01-31,3008110,대청,75,1076.332,15.079,29.24,72.2,71.89,69,895.966,2.0862,5.0454,24.0937,24.0403,18.114,0,0,0,0,5.81,4.878,0.438,0,,1.1235,0
2019-01-30,3008110,대청,75.02,1077.555,8.058,29.317,72.3,71.91,69.04,897.064,0,2.9592,24.0937,22.9168,18.12,0,0,0,0,5.926,4.833,0.438,0,,0.615,0
2019-01-29,3008110,대청,75.05,1079.392,22.173,29.264,72.4,71.94,69.07,898.713,0,2.9592,24.0937,22.3018,18.095,0,0,0,0,5.903,4.828,0.438,0,,0.5053,0
2019-01-28,3008110,대청,75.06,1080.004,7.876,29.164,72.5,71.96,69.1,899.813,0.3562,2.9592,24.0937,21.7965,18.071,0,0,0,0,5.867,4.789,0.437,0,,0.2381,0
2019-01-27,3008110,대청,75.09,1081.844,21.924,29.025,72.6,71.98,69.14,900.914,0,2.603,24.0937,21.5584,18.104,0,0,0,0,5.625,4.86,0.436,0,,0.5991,0
2019-01-26,3008110,대청,75.1,1082.457,14.643,28.852,72.7,72.01,69.17,902.567,0,2.603,24.0937,20.9593,18.111,0,0,0,0,5.486,4.819,0.436,0,,0.4394,0
2019-01-25,3008110,대청,75.12,1083.685,7.947,29.278,72.7,72.03,69.21,903.67,0,2.603,24.0937,20.5199,18.122,0,0,0,0,5.937,4.78,0.439,0,,0.1394,0
2019-01-24,3008110,대청,75.15,1085.528,21.978,29.093,72.9,72.06,69.24,905.325,0,2.603,24.0937,20.3805,18.079,0,0,0,0,5.798,4.777,0.439,0,,0.3037,0
2019-01-23,3008110,대청,75.16,1086.143,15.077,29.314,72.9,72.07,69.26,905.878,0,2.603,24.0937,20.0768,18.149,0,0,0,0,5.914,4.811,0.44,0,,0.9551,0
2019-01-22,3008110,대청,75.18,1087.373,14.981,29.228,73,72.1,69.29,907.536,0,2.603,24.0274,19.1217,18.136,0,0,0,0,5.822,4.831,0.439,0,,1.2806,0
2019-01-21,3008110,대청,75.2,1088.604,15.09,29.347,73.1,72.11,69.31,908.089,0,2.603,21.4413,17.8411,18.139,0,0,0,0,5.868,4.902,0.438,0,,1.4074,0
2019-01-20,3008110,대청,75.22,1089.835,7.388,28.791,73.1,72.12,69.33,908.642,0.2853,2.603,21.4413,16.4337,18.121,0,0,0,0,5.406,4.824,0.44,0,,0.8878,0
2019-01-19,3008110,대청,75.25,1091.685,14.814,29.095,73.3,72.13,69.35,909.196,0.0525,2.3177,21.4413,15.5459,18.146,0,0,0,0,5.683,4.826,0.44,0,,0.7706,0
2019-01-18,3008110,대청,75.27,1092.919,22.044,29.185,73.4,72.14,69.37,909.749,0,2.2652,21.4413,14.7753,18.187,0,0,0,0,5.729,4.831,0.438,0,,0.8624,0
2019-01-17,3008110,대청,75.28,1093.536,14.817,29.112,73.4,72.16,69.4,910.857,0,2.2652,21.4413,13.9129,18.082,0,0,0,0,5.787,4.804,0.439,0,,0.8718,0
2019-01-16,3008110,대청,75.3,1094.771,14.73,29.035,73.5,72.16,69.43,910.857,0,2.2652,11.0396,13.0411,18.111,0,0,0,0,5.706,4.78,0.438,0,,1.3248,0
2019-01-15,3008110,대청,75.32,1096.007,7.707,29.182,73.6,72.18,69.46,911.966,0.2879,2.2652,6.4814,11.7163,18.129,0,0,0,0,5.775,4.837,0.441,0,,1.4,0
2019-01-14,3008110,대청,75.35,1097.862,22.086,29.249,73.7,72.2,69.49,913.075,0,1.9773,6.4814,10.3163,18.09,0,0,0,0,5.891,4.826,0.442,0,,0.4693,0
2019-01-13,3008110,대청,75.36,1098.481,14.768,29.101,73.7,72.23,69.52,914.741,0,1.9773,6.3878,9.847,18.067,0,0,0,0,5.741,4.849,0.444,0,,0.504,0
2019-01-12,3008110,대청,75.38,1099.719,14.696,29.039,73.8,72.25,69.55,915.853,1.9773,1.9773,6.184,9.343,18.061,0,0,0,0,5.706,4.828,0.444,0,,0.6348,0
2019-01-11,3008110,대청,75.4,1100.959,21.876,29.051,73.9,72.27,69.57,916.965,0,0,6.184,8.7082,17.965,0,0,0,0,5.833,4.813,0.44,0,,0.9384,0
2019-01-10,3008110,대청,75.41,1101.579,14.714,29.071,73.9,72.3,69.6,918.635,0,0,6.184,7.7698,18.125,0,0,0,0,5.706,4.802,0.438,0,,0.3321,0
2019-01-09,3008110,대청,75.43,1102.819,14.87,29.237,74,72.32,69.63,919.749,0,0,4.2123,7.4377,18.095,0,0,0,0,5.891,4.813,0.438,0,,0.4124,0
2019-01-08,3008110,대청,75.45,1104.06,15.806,30.183,74.1,72.34,69.66,920.864,0,0,2.2279,7.0253,19.073,0,0,0,0,5.845,4.825,0.44,0,,0.7511,0
2019-01-07,3008110,대청,75.47,1105.303,7.74,29.323,74.2,72.36,69.69,921.98,0,0,0,6.2742,18.124,0,0,0,0,5.938,4.821,0.44,0,,1.9213,0
2019-01-06,3008110,대청,75.5,1107.167,21.944,29.143,74.3,72.39,69.72,923.656,0,0,0,4.3529,18.106,0,0,0,0,5.764,4.825,0.448,0,,0.6791,0
2019-01-05,3008110,대청,75.51,1107.789,14.778,29.183,74.4,72.4,69.74,924.214,0,0,0,3.6738,18.096,0,0,0,0,5.775,4.852,0.46,0,,0.828,0
2019-01-04,3008110,대청,75.53,1109.034,14.802,29.217,74.4,72.43,69.76,925.892,0,0,0,2.8458,18.135,0,0,0,0,5.821,4.824,0.437,0,,0.5589,0
2019-01-03,3008110,대청,75.55,1110.279,14.881,29.306,74.5,72.45,69.77,927.012,0,0,0,2.2869,18.118,0,0,0,0,5.972,4.779,0.437,0,,0.4782,0
2019-01-02,3008110,대청,75.57,1111.526,22.066,29.282,74.6,72.48,69.79,928.692,0,0,0,1.8087,18.099,0,0,0,0,5.937,4.809,0.437,0,,1.1863,0
2019-01-01,3008110,대청,75.58,1112.149,14.594,29.033,74.6,72.5,69.81,929.814,0,0,0,0.6224,18.077,0,0,0,0,5.718,4.801,0.437,0,,0.6224,0
2018-12-31,3008110,대청,75.6,1113.397,14.966,29.415,74.7,72.52,69.91,930.936,0,1329.6163,945.0094,1175.502,18.363,0,0,0,0,5.717,4.899,0.436,0,,0.31,0
2018-12-30,3008110,대청,75.62,1114.645,15.373,29.831,74.8,72.54,69.96,932.059,0,1329.6163,943.9541,1175.192,18.815,0,0,0,0,5.695,4.885,0.436,0,,0.8143,0
2018-12-29,3008110,대청,75.64,1115.894,15.442,29.91,74.9,72.56,70,933.183,0,1329.6163,943.6284,1174.3777,18.82,0,0,0,0,5.81,4.844,0.436,0,,0.3591,0
2018-12-28,3008110,대청,75.66,1117.144,22.6,29.838,75,72.57,70.03,933.745,0,1329.6163,943.6284,1174.0186,18.867,0,0,0,0,5.833,4.694,0.444,0,,0.6335,0
2018-12-27,3008110,대청,75.67,1117.77,15.366,29.849,75,72.59,70.07,934.87,0,1329.6163,943.5914,1173.3851,18.801,0,0,0,0,5.833,4.76,0.455,0,,0.5177,0
2018-12-26,3008110,대청,75.69,1119.021,15.349,29.841,75.1,72.61,70.11,935.996,0,1329.6163,943.5914,1172.8674,18.819,0,0,0,0,5.81,4.754,0.458,0,,0.6313,0
2018-12-25,3008110,대청,75.71,1120.273,22.277,29.527,75.2,72.64,70.15,937.686,0,1329.6163,943.5641,1172.2361,18.815,0,0,0,0,5.556,4.698,0.458,0,,0.6331,0
2018-12-24,3008110,대청,75.72,1120.9,22.675,29.927,75.2,72.65,70.17,938.25,0,1329.6163,943.5641,1171.603,18.86,0,0,0,0,5.822,4.785,0.46,0,,0.9154,0
2018-12-23,3008110,대청,75.73,1121.526,15.236,29.748,75.3,72.65,70.21,938.25,0.4557,1329.6163,927.2367,1170.6876,18.849,0,0,0,0,5.671,4.764,0.464,0,,0.5211,0
2018-12-22,3008110,대청,75.75,1122.78,22.309,29.568,75.4,72.78,70.24,945.597,0,1329.1606,927.2367,1170.1665,18.826,0,0,0,0,5.486,4.794,0.462,0,,0.9365,0
2018-12-21,3008110,대청,75.76,1123.407,15.29,29.816,75.4,72.8,70.28,946.731,0,1329.1606,927.2367,1169.23,18.821,0,0,0,0,5.775,4.76,0.46,0,,0.5932,0
2018-12-20,3008110,대청,75.78,1124.662,22.626,29.893,75.5,72.82,70.31,947.865,0,1329.1606,927.0779,1168.6368,18.81,0,0,0,0,5.891,4.731,0.461,0,,0.3807,0
2018-12-19,3008110,대청,75.79,1125.29,22.673,29.942,75.5,72.85,70.34,949.568,0.4047,1329.1606,926.8754,1168.2561,18.818,0,0,0,0,5.891,4.773,0.46,0,,0.389,0
2018-12-18,3008110,대청,75.8,1125.918,29.934,29.934,75.6,72.87,70.36,950.704,0,1328.7559,926.7806,1167.8671,18.819,0,0,0,0,5.891,4.764,0.46,0,,0.5982,0
2018-12-17,3008110,대청,75.8,1125.918,22.453,29.724,75.6,72.89,70.4,951.841,0,1328.7559,926.7806,1167.2689,18.821,0,0,0,0,5.66,4.784,0.459,0,,0.6603,0
2018-12-16,3008110,대청,75.81,1126.546,15.479,30.029,75.6,72.92,70.43,953.548,0.3507,1328.7559,926.7806,1166.6086,18.812,0,0,0,0,5.983,4.777,0.457,0,,0.8393,0
2018-12-15,3008110,대청,75.83,1127.803,22.554,29.833,75.7,72.95,70.46,955.257,0,1328.4052,926.7806,1165.7693,18.839,0,0,0,0,5.787,4.751,0.456,0,,0.3718,0
2018-12-14,3008110,대청,75.84,1128.432,29.753,29.753,75.7,72.97,70.49,956.397,0.0552,1328.4052,926.7806,1165.3975,18.805,0,0,0,0,5.995,4.496,0.457,0,,1.1297,0
2018-12-13,3008110,대청,75.84,1128.432,22.762,30.043,75.7,73,70.52,958.109,0.037,1328.35,926.7806,1164.2678,18.847,0,0,0,0,5.984,4.754,0.458,0,,0.7075,0
2018-12-12,3008110,대청,75.85,1129.061,29.884,29.884,75.8,73.02,70.55,959.251,0.3465,1328.313,926.7806,1163.5603,18.789,0,0,0,0,5.88,4.757,0.458,0,,0.3262,0
2018-12-11,3008110,대청,75.85,1129.061,22.606,29.89,75.8,73.07,70.58,962.11,2.6909,1327.9665,926.7806,1163.2341,18.821,0,0,0,0,5.868,4.744,0.457,0,,0.956,0
2018-12-10,3008110,대청,75.86,1129.691,30.124,30.124,75.8,73.1,70.61,963.827,0,1325.2756,926.7806,1162.2781,18.856,0,0,0,0,6.065,4.747,0.456,0,,1.7375,0
2018-12-09,3008110,대청,75.86,1129.691,29.779,29.779,75.8,73.13,70.64,965.547,0,1325.2756,925.1842,1160.5406,18.831,0,0,0,0,5.775,4.717,0.456,0,,1.0886,0
2018-12-08,3008110,대청,75.86,1129.691,37.102,29.818,75.8,73.14,70.66,966.121,0,1325.2756,925.1179,1159.452,18.855,0,0,0,0,5.764,4.743,0.456,0,,0.8977,0
2018-12-07,3008110,대청,75.85,1129.061,37.128,29.847,75.8,73.17,70.68,967.843,0.0449,1325.2756,925.1179,1158.5543,18.816,0,0,0,0,5.879,4.697,0.455,0,,0.9815,0
2018-12-06,3008110,대청,75.84,1128.432,44.487,29.932,75.7,73.18,70.71,968.417,1.0763,1325.2307,921.6888,1157.5728,18.835,0,0,0,0,5.926,4.722,0.449,0,,1.5698,0
2018-12-05,3008110,대청,75.82,1127.175,44.914,30.369,75.7,73.21,70.73,970.141,0,1324.1544,920.9797,1156.003,18.784,0,0,0,0,5.984,4.715,0.886,0,,0.6917,0
2018-12-04,3008110,대청,75.8,1125.918,43.953,29.417,75.6,73.23,70.76,971.292,16.4454,1324.1544,920.9797,1155.3113,18.864,0,0,0,0,5.845,4.69,0.018,0,,3.1433,0
2018-12-03,3008110,대청,75.78,1124.662,29.933,29.933,75.5,73.26,70.78,973.019,9.2906,1307.709,920.4736,1152.168,18.827,0,0,0,0,5.949,4.707,0.45,0,,1.4971,0
2018-12-02,3008110,대청,75.78,1124.662,15.513,30.049,75.5,73.28,70.8,974.172,0,1298.4184,920.4736,1150.6709,18.854,0,0,0,0,6.03,4.719,0.446,0,,0.752,0
2018-12-01,3008110,대청,75.8,1125.918,22.64,29.911,75.6,73.3,70.82,975.325,0,1298.4184,920.4736,1149.9189,18.834,0,0,0,0,5.892,4.74,0.445,0,,0.5734,0
2018-11-30,3008110,대청,75.81,1126.546,22.576,29.85,75.6,73.34,70.83,977.635,0,1298.4184,920.4736,1149.3455,18.838,0,0,0,0,5.833,4.739,0.44,0,,2.2213,0
2018-11-29,3008110,대청,75.82,1127.175,15.343,29.898,75.7,73.37,70.84,979.369,0,1298.4184,920.4736,1147.1242,18.787,0,0,0,0,5.937,4.731,0.443,0,,2.3513,0
2018-11-28,3008110,대청,75.84,1128.432,30.145,30.145,75.7,73.4,70.85,981.105,0,1298.4184,920.4736,1144.7729,18.83,0,0,0,0,6.146,4.725,0.444,0,,1.4704,0
2018-11-27,3008110,대청,75.84,1128.432,15.354,29.919,75.7,73.42,70.87,982.263,0,1298.4184,920.4736,1143.3025,18.797,0,0,0,0,5.961,4.716,0.445,0,,2.3847,0
2018-11-26,3008110,대청,75.86,1129.691,22.662,29.948,75.8,73.44,70.9,983.422,0,1298.4184,920.4736,1140.9178,18.801,0,0,0,0,5.891,4.81,0.446,0,,0.9535,0
2018-11-25,3008110,대청,75.87,1130.32,22.33,29.618,75.9,73.46,70.92,984.582,0.4374,1298.4184,918.5047,1139.9643,18.82,0,0,0,0,5.637,4.715,0.446,0,,1.1988,0
2018-11-24,3008110,대청,75.88,1130.95,29.863,29.863,75.9,73.48,70.94,985.742,5.0008,1297.981,917.9153,1138.7655,18.856,0,0,0,0,5.833,4.73,0.444,0,,1.893,0
2018-11-23,3008110,대청,75.88,1130.95,22.672,29.963,75.9,73.5,70.96,986.904,0,1292.9802,913.6034,1136.8725,18.832,0,0,0,0,5.88,4.823,0.428,0,,1.0482,0
2018-11-22,3008110,대청,75.89,1131.58,22.735,30.028,75.9,73.52,70.99,988.066,0,1292.9802,913.4683,1135.8243,18.833,0,0,0,0,6.007,4.742,0.446,0,,0.8316,0
2018-11-21,3008110,대청,75.9,1132.21,15.166,29.76,76,73.56,71.01,990.393,0,1292.9802,913.1051,1134.9927,18.812,0,0,0,0,5.798,4.706,0.444,0,,0.6381,0
2018-11-20,3008110,대청,75.92,1133.471,22.548,29.849,76.1,73.6,71.04,992.723,0,1292.9802,913.1051,1134.3546,18.801,0,0,0,0,5.833,4.767,0.448,0,,0.867,0
2018-11-19,3008110,대청,75.93,1134.102,29.912,29.912,76.1,73.64,71.06,995.057,0,1292.9802,913.1051,1133.4876,18.793,0,0,0,0,5.902,4.771,0.446,0,,1.2754,0
2018-11-18,3008110,대청,75.93,1134.102,22.223,29.526,76.1,73.66,71.08,996.225,0,1292.9802,913.1051,1132.2122,18.849,0,0,0,0,5.521,4.71,0.446,0,,1.0597,0
2018-11-17,3008110,대청,75.94,1134.733,29.873,29.873,76.2,73.7,71.11,998.563,0,1292.9802,913.1051,1131.1525,18.807,0,0,0,0,5.81,4.811,0.445,0,,0.609,0
2018-11-16,3008110,대청,75.94,1134.733,22.543,29.848,76.2,73.75,71.13,1001.49,0.0525,1292.9802,913.0417,1130.5435,18.814,0,0,0,0,5.862,4.729,0.443,0,,1.0483,0
2018-11-15,3008110,대청,75.95,1135.364,37.095,29.79,76.2,73.78,71.15,1003.249,0,1292.9277,913.0417,1129.4952,18.778,0,0,0,0,5.845,4.72,0.447,0,,0.3507,0
2018-11-14,3008110,대청,75.94,1134.733,29.88,29.88,76.2,73.83,71.18,1006.185,0,1292.9277,913.0417,1129.1445,18.841,0,0,0,0,5.833,4.758,0.448,0,,0.8009,0
2018-11-13,3008110,대청,75.94,1134.733,37.191,29.888,76.2,73.88,71.21,1009.125,0,1292.9277,912.9687,1128.3436,18.839,0,0,0,0,5.776,4.824,0.449,0,,1.8874,0
2018-11-12,3008110,대청,75.93,1134.102,44.454,29.855,76.1,73.91,71.24,1010.892,0,1292.9277,912.9162,1126.4562,18.834,0,0,0,0,5.821,4.751,0.449,0,,1.6231,0
2018-11-11,3008110,대청,75.91,1132.84,51.496,29.616,76,73.95,71.26,1013.251,0.0449,1292.9277,912.9162,1124.8331,18.842,0,0,0,0,5.568,4.757,0.449,0,,3.7176,0
2018-11-10,3008110,대청,75.88,1130.95,66.316,29.898,75.9,73.98,71.29,1015.022,0,1292.8828,912.9162,1121.1155,18.84,0,0,0,0,5.809,4.799,0.45,0,,0.9622,0
2018-11-09,3008110,대청,75.83,1127.803,66.284,29.927,75.7,74.03,71.32,1017.978,0.5066,1292.8828,911.0672,1120.1533,18.768,0,0,0,0,5.961,4.745,0.453,0,,1.9338,0
2018-11-08,3008110,대청,75.78,1124.662,58.746,29.704,75.5,74.06,71.35,1019.754,29.8812,1292.3762,911.0672,1118.2195,18.801,0,0,0,0,5.787,4.662,0.454,0,,2.5447,0
2018-11-07,3008110,대청,75.74,1122.153,22.494,29.751,75.3,74.1,71.38,1022.124,0.5671,1262.495,910.8999,1115.6748,18.823,0,0,0,0,5.741,4.735,0.452,0,,1.5117,0
2018-11-06,3008110,대청,75.75,1122.78,15.427,29.948,75.4,74.13,71.4,1023.905,0,1261.9279,910.8999,1114.1631,18.795,0,0,0,0,5.961,4.738,0.454,0,,2.5701,0
2018-11-05,3008110,대청,75.77,1124.035,22.418,29.682,75.4,74.16,71.43,1025.687,0,1261.9279,910.8999,1111.593,18.834,0,0,0,0,5.648,4.747,0.453,0,,1.5449,0
2018-11-04,3008110,대청,75.78,1124.662,22.605,29.872,75.5,74.18,71.46,1026.876,0,1261.9279,910.8999,1110.0481,18.837,0,0,0,0,5.822,4.76,0.453,0,,0.3424,0
2018-11-03,3008110,대청,75.79,1125.29,22.701,29.97,75.5,74.2,71.48,1028.066,0,1261.9279,910.8999,1109.7057,18.77,0,0,0,0,5.96,4.789,0.451,0,,0.409,0
2018-11-02,3008110,대청,75.8,1125.918,15.214,29.759,75.6,74.23,71.51,1029.852,0,1261.9279,910.6954,1109.2967,18.846,0,0,0,0,5.718,4.744,0.451,0,,0.8829,0
2018-11-01,3008110,대청,75.82,1127.175,29.797,29.797,75.7,74.24,71.54,1030.448,0,1261.9279,910.6954,1108.4138,18.75,0,0,0,0,5.833,4.765,0.449,0,,1.932,0
2018-10-31,3008110,대청,75.82,1127.175,22.329,29.605,75.7,74.27,71.55,1032.237,0,1261.9279,910.6954,1106.4818,18.78,0,0,0,0,5.591,4.782,0.452,0,,3.1513,0
2018-10-30,3008110,대청,75.83,1127.803,29.606,29.606,75.7,74.3,71.58,1034.027,0.0449,1261.9279,910.6954,1103.3305,18.842,0,0,0,0,5.624,4.687,0.453,0,,1.0038,0
2018-10-29,3008110,대청,75.83,1127.803,36.972,29.696,75.7,74.35,71.61,1037.016,0.8519,1261.883,910.6954,1102.3267,18.855,0,0,0,0,5.66,4.728,0.453,0,,2.2206,0
2018-10-28,3008110,대청,75.82,1127.175,29.578,29.578,75.7,74.39,71.64,1039.41,10.5321,1261.0311,910.6954,1100.1061,18.827,0,0,0,0,5.613,4.681,0.457,0,,1.8449,0
2018-10-27,3008110,대청,75.82,1127.175,22.34,29.616,75.7,74.43,71.67,1041.808,0.3014,1250.499,910.6954,1098.2612,18.786,0,0,0,0,5.717,4.651,0.462,0,,1.4657,0
2018-10-26,3008110,대청,75.83,1127.803,37.047,29.771,75.7,74.46,71.7,1043.608,11.3719,1250.1976,910.6954,1096.7955,18.835,0,0,0,0,5.763,4.702,0.471,0,,0.762,0
2018-10-25,3008110,대청,75.82,1127.175,22.739,30.015,75.7,74.49,71.72,1045.41,0,1238.8257,910.6954,1096.0335,18.856,0,0,0,0,5.926,4.761,0.472,0,,0.9436,0
2018-10-24,3008110,대청,75.83,1127.803,22.486,29.765,75.7,74.53,71.75,1047.816,0,1238.8257,910.6954,1095.0899,18.834,0,0,0,0,5.717,4.74,0.474,0,,0.9892,0
2018-10-23,3008110,대청,75.84,1128.432,22.031,29.312,75.7,74.56,71.77,1049.623,0.074,1238.8257,910.6954,1094.1007,18.808,0,0,0,0,5.382,4.646,0.476,0,,0.5676,0
2018-10-22,3008110,대청,75.85,1129.061,22.542,29.826,75.8,74.59,71.79,1051.431,0,1238.7517,910.6954,1093.5331,18.839,0,0,0,0,5.775,4.736,0.476,0,,3.8262,0
2018-10-21,3008110,대청,75.86,1129.691,29.526,29.526,75.8,74.63,71.82,1053.845,0,1238.7517,910.6954,1089.7069,18.772,0,0,0,0,5.532,4.747,0.475,0,,2.9006,0
2018-10-20,3008110,대청,75.86,1129.691,22.577,29.863,75.8,74.66,71.84,1055.658,0,1238.7517,910.6954,1086.8063,18.834,0,0,0,0,5.822,4.732,0.475,0,,0.6058,0
2018-10-19,3008110,대청,75.87,1130.32,29.707,29.707,75.9,74.69,71.87,1057.473,0,1238.7517,910.6954,1086.2005,18.803,0,0,0,0,5.66,4.77,0.474,0,,0.7516,0
2018-10-18,3008110,대청,75.87,1130.32,22.546,29.834,75.9,74.7,71.9,1058.078,1.4734,1238.9198,910.6505,1085.4489,18.813,0,0,0,0,5.787,4.763,0.471,0,,0.7651,0
2018-10-17,3008110,대청,75.88,1130.95,29.758,29.758,75.9,74.72,71.93,1059.289,0,1237.4464,910.6505,1084.6838,18.865,0,0,0,0,5.648,4.768,0.477,0,,1.1337,0
2018-10-16,3008110,대청,75.88,1130.95,38.703,45.994,75.9,74.72,71.96,1059.289,0,1237.2783,910.6505,1083.5501,34.947,0,0,0,0,5.834,4.735,0.478,0,,1.6024,0
2018-10-15,3008110,대청,75.89,1131.58,36.911,29.62,75.9,74.73,71.98,1059.895,0,1237.2783,910.6505,1081.9477,18.816,0,0,0,0,5.694,4.633,0.477,0,,0.431,0
2018-10-14,3008110,대청,75.88,1130.95,43.841,29.267,75.9,74.73,72,1059.895,0,1237.2783,910.5935,1081.5167,18.792,0,0,0,0,5.358,4.639,0.478,0,,1.1804,0
2018-10-13,3008110,대청,75.86,1129.691,44.043,29.478,75.8,74.73,72,1059.895,0,1237.2783,910.5935,1080.3363,18.854,0,0,0,0,5.532,4.619,0.473,0,,1.0514,0
2018-10-12,3008110,대청,75.84,1128.432,69.323,120.342,75.7,74.74,72,1060.501,0.0505,1237.2783,910.5935,1079.2849,109.292,0,0,0,0,5.81,4.77,0.47,0,,2.8361,0
2018-10-11,3008110,대청,75.91,1132.84,70.863,224.632,76,74.75,72.01,1061.107,0,1237.2278,899.8507,1076.4488,213.37,0,0,0,0,6.111,4.694,0.457,0,,2.1751,0
2018-10-10,3008110,대청,76.12,1146.126,91.626,224.28,76.9,74.75,72.03,1061.107,0.3956,1237.2278,894.8765,1074.2737,213.446,0,0,0,0,5.694,4.667,0.473,0,,3.1964,0
2018-10-09,3008110,대청,76.3,1157.587,126.819,223.115,77.7,74.76,72.05,1061.714,0,1236.8322,894.8765,1071.0773,212.771,0,0,0,0,5.162,4.695,0.487,0,,1.1404,0
2018-10-08,3008110,대청,76.43,1165.907,247.231,224.972,78.3,74.76,72.08,1061.714,0,1236.8322,894.8765,1069.9369,214.085,0,0,0,0,5.671,4.734,0.482,0,,2.1228,0
2018-10-07,3008110,대청,76.4,1163.984,718.612,227.2,78.1,74.77,72.09,1062.32,0.1042,1236.8322,894.7198,1067.8141,216.45,0,0,0,0,5.544,4.726,0.48,0,,0.938,0
2018-10-06,3008110,대청,75.73,1121.526,755.329,232.243,75.3,74.77,72.1,1062.32,60.3381,1236.728,894.7198,1066.8761,221.535,0,0,0,0,5.626,4.602,0.48,0,,3.0157,0
2018-10-05,3008110,대청,75,1076.332,64.344,185.017,72.2,74.77,72.11,1062.32,54.7113,1176.3899,891.6209,1063.8604,174.326,0,0,0,0,5.532,4.676,0.483,0,,3.8951,0
2018-10-04,3008110,대청,75.17,1086.758,18.849,97.3,72.9,74.77,72.15,1062.32,0.0449,1121.6786,891.6209,1059.9653,86.3,0,0,0,0,5.81,4.708,0.482,0,,0.4265,0
2018-10-03,3008110,대청,75.28,1093.536,22.348,29.494,73.4,74.75,72.18,1061.107,0,1121.6337,891.6209,1059.5388,18.818,0,0,0,0,5.487,4.71,0.479,0,,0.6119,0
2018-10-02,3008110,대청,75.29,1094.153,15.346,29.646,73.4,74.74,72.2,1060.501,0,1121.6337,891.5704,1058.9269,18.809,0,0,0,0,5.694,4.664,0.479,0,,2.5478,0
2018-10-01,3008110,대청,75.31,1095.389,29.459,29.459,73.5,74.73,72.21,1059.895,1.836,1121.6337,887.6462,1056.3791,18.795,0,0,0,0,5.394,4.791,0.479,0,,2.4357,0
2018-09-30,3008110,대청,75.31,1095.389,15.037,36.505,73.5,74.72,72.14,1059.289,0,1119.7977,877.2259,1053.9434,25.49,0,0,0,0,5.626,4.906,0.483,0,,4.5438,0
2018-09-29,3008110,대청,75.34,1097.244,22.019,36.343,73.6,74.71,72.14,1058.683,0,1119.7977,877.2259,1049.3996,25.418,0,0,0,0,5.532,4.909,0.484,0,,4.0056,0
2018-09-28,3008110,대청,75.36,1098.481,29.629,36.794,73.7,74.68,72.18,1056.868,0,1119.7977,877.2259,1045.394,25.463,0,0,0,0,5.984,4.865,0.482,0,,1.4373,0
2018-09-27,3008110,대청,75.37,1099.1,22.279,36.617,73.8,74.64,72.22,1054.449,0,1119.7977,877.1285,1043.9567,25.445,0,0,0,0,5.868,4.825,0.479,0,,3.1279,0
2018-09-26,3008110,대청,75.39,1100.339,29.092,36.265,73.9,74.6,72.25,1052.034,0,1119.7977,838.5485,1040.8288,25.451,0,0,0,0,5.499,4.835,0.48,0,,0.9193,0
2018-09-25,3008110,대청,75.4,1100.959,35.687,35.687,73.9,74.61,72.28,1052.638,0,1119.7977,838.5485,1039.9095,25.423,0,0,0,0,5.023,4.764,0.477,0,,0.5549,0
2018-09-24,3008110,대청,75.4,1100.959,43.046,35.873,73.9,74.62,72.31,1053.241,0,1119.7977,838.5485,1039.3546,25.415,0,0,0,0,5.208,4.771,0.479,0,,6.1918,0
2018-09-23,3008110,대청,75.39,1100.339,57.438,35.934,73.9,74.63,72.32,1053.845,0.1662,1119.7977,838.5485,1033.1628,25.418,0,0,0,0,5.197,4.84,0.479,0,,3.3746,0
2018-09-22,3008110,대청,75.36,1098.481,65.512,36.874,73.7,74.64,72.32,1054.449,0.0755,1119.6315,838.5485,1029.7882,25.451,0,0,0,0,5.88,5.058,0.485,0,,0.8965,0
2018-09-21,3008110,대청,75.32,1096.007,57.593,36.14,73.6,74.65,72.34,1055.054,25.1046,1119.556,838.5485,1028.8917,25.398,0,0,0,0,5.236,4.875,0.631,0,,3.5639,0
2018-09-20,3008110,대청,75.29,1094.153,36.691,36.691,73.4,74.66,72.38,1055.658,1.2349,1094.4514,838.5485,1025.3278,25.395,0,0,0,0,5.934,4.811,0.551,0,,3.0412,0
2018-09-19,3008110,대청,75.29,1094.153,22.449,36.749,73.4,74.67,72.4,1056.263,0,1093.2165,837.6184,1022.2866,25.452,0,0,0,0,5.868,4.909,0.52,0,,2.8499,0
2018-09-18,3008110,대청,75.31,1095.389,29.142,36.295,73.5,74.67,72.43,1056.263,0,1093.2165,837.5142,1019.4367,25.419,0,0,0,0,5.498,4.858,0.52,0,,2.8141,0
2018-09-17,3008110,대청,75.32,1096.007,36.744,36.744,73.6,74.66,72.41,1055.658,0.1042,1093.2165,837.5142,1016.6226,25.447,0,0,0,0,5.88,4.898,0.519,0,,8.3236,0
2018-09-16,3008110,대청,75.32,1096.007,36.619,36.619,73.6,74.65,72.31,1055.054,1.2241,1093.1123,837.5142,1008.299,25.472,0,0,0,0,5.718,4.913,0.516,0,,6.4754,0
2018-09-15,3008110,대청,75.32,1096.007,36.585,36.585,73.6,74.63,72.29,1053.845,1.0614,1091.8882,837.5142,1001.8236,25.472,0,0,0,0,5.741,4.856,0.516,0,,5.3692,0
2018-09-14,3008110,대청,75.32,1096.007,43.831,36.678,73.6,74.6,72.32,1052.034,4.8238,1090.8268,837.5142,996.4544,25.621,0,0,0,0,5.683,4.859,0.515,0,,5.6161,0
2018-09-13,3008110,대청,75.31,1095.389,43.805,36.654,73.5,74.53,72.27,1047.816,0,1086.003,837.5142,990.8383,25.431,0,0,0,0,5.822,4.889,0.512,0,,3.703,0
2018-09-12,3008110,대청,75.3,1094.771,45.358,59.663,73.5,74.38,72.17,1038.811,0,1086.003,837.5142,987.1353,48.412,0,0,0,0,5.868,4.871,0.512,0,,5.2145,0
2018-09-11,3008110,대청,75.32,1096.007,52.476,59.632,73.6,74.12,72.16,1023.311,0,1086.003,837.5142,981.9208,48.46,0,0,0,0,5.764,4.896,0.512,0,,6.3136,0
2018-09-10,3008110,대청,75.33,1096.625,67.358,160.603,73.6,73.96,72.15,1013.841,0,1086.003,779.9326,975.6072,149.132,0,0,0,0,5.972,4.97,0.529,0,,4.4777,0
2018-09-09,3008110,대청,75.46,1104.681,86.874,231.122,74.1,73.97,72.13,1014.431,0,1086.003,779.9326,971.1295,220.52,0,0,0,0,5.614,4.902,0.086,0,,4.8999,0
2018-09-08,3008110,대청,75.66,1117.144,187.78,231.242,75,73.98,72.15,1015.022,0,1086.003,779.9326,966.2296,220.138,0,0,0,0,5.729,4.857,0.518,0,,4.0405,0
2018-09-07,3008110,대청,75.72,1120.9,421.396,632.69,75.2,73.98,72.16,1015.022,1.164,1086.003,779.9326,962.1891,220.117,401.334,0,0,0,5.741,4.979,0.519,0,,2.9908,0
2018-09-06,3008110,대청,76.01,1139.155,371.217,636.35,76.5,73.98,72.2,1015.022,0.4199,1084.839,779.8821,959.1983,218.677,406.291,0,0,0,5.903,4.954,0.525,0,,2.9647,0
2018-09-05,3008110,대청,76.37,1162.063,562.743,510.942,78,73.98,72.26,1015.022,0,1084.4191,776.5391,956.2336,217.742,281.816,0,0,0,5.868,4.991,0.525,0,,5.9173,0
2018-09-04,3008110,대청,76.3,1157.587,1233.753,506.711,77.7,73.99,72.31,1015.613,49.7001,1084.4191,775.171,950.3163,220.421,274.855,0,0,0,5.972,4.945,0.518,0,,4.2275,0
2018-09-03,3008110,대청,75.3,1094.771,280.296,503.097,73.5,74,72.26,1016.204,25.354,1034.719,775.171,946.0888,222.047,269.958,0,0,0,5.672,4.916,0.504,0,,4.9281,0
2018-09-02,3008110,대청,75.61,1114.021,324.158,505.522,74.8,73.99,72.21,1015.613,0,1009.365,775.171,941.1607,220.482,274.06,0,0,0,5.625,4.888,0.467,0,,9.1008,0
2018-09-01,3008110,대청,75.86,1129.691,851.345,504.456,75.8,73.98,72.18,1015.022,0.037,1009.365,775.171,932.0599,219.625,273.53,0,0,0,6.03,4.946,0.325,0,,5.8159,0
2018-08-31,3008110,대청,75.38,1099.719,1476.609,299.048,73.8,73.97,71.89,1014.431,67.8865,1009.328,775.171,926.244,225.05,63.186,0,0,0,5.729,4.904,0.179,0,,13.3419,0
2018-08-30,3008110,대청,73.69,997.978,305.966,238.401,67,73.98,71.61,1015.022,40.2715,941.4415,775.171,912.9021,227.091,0,0,0,0,6.028,4.897,0.385,0,,14.5629,0
2018-08-29,3008110,대청,73.59,992.141,340.306,239.396,66.6,74.13,71.41,1023.905,0,901.17,775.134,898.3392,228.326,0,0,0,0,6.007,4.858,0.205,0,,6.499,0
2018-08-28,3008110,대청,73.44,983.422,894.886,241.989,66,74.3,71.39,1034.027,18.3127,901.17,770.8466,891.8402,231.362,0,0,0,0,5.614,4.771,0.242,0,,8.4721,0
2018-08-27,3008110,대청,72.45,927.012,1607.661,105.798,62.2,74.49,71.35,1045.41,65.5486,882.8573,757.1676,883.3681,95.504,0,0,0,0,5.511,4.694,0.089,0,,7.125,0
2018-08-26,3008110,대청,70.03,797.251,123.913,49.867,53.5,74.65,71.18,1055.054,111.0197,817.3087,757.1676,876.2431,37.976,0,0,0,0,5.358,4.633,1.9,0,,10.4353,0
2018-08-25,3008110,대청,69.91,790.853,66.362,48.587,53.1,74.7,71.05,1058.078,0.2642,706.289,757.1676,865.8078,37.947,0,0,0,0,5.787,4.7,0.153,0,,10.2897,0
2018-08-24,3008110,대청,69.88,789.317,37.416,49.263,53,74.61,70.96,1052.638,38.98,706.0248,756.8602,855.5181,38.013,0,0,0,0,5.66,4.643,0.947,0,,8.2536,0
2018-08-23,3008110,대청,69.9,790.341,13.17,48.775,53,74.68,71,1056.868,21.9307,667.0448,733.4628,847.2645,37.895,0,0,0,0,5.625,4.753,0.502,0,,5.8138,0
2018-08-22,3008110,대청,69.96,793.417,3.457,53.762,53.3,74.74,71.03,1060.501,0,645.1141,725.9272,841.4507,37.922,0,0,0,0,6.065,4.754,5.021,0,,6.5016,0
2018-08-21,3008110,대청,70.04,797.764,0,54.841,53.5,74.87,70.96,1068.399,0,645.1141,721.1874,834.9491,37.933,0,0,0,0,5.995,4.708,6.205,0,,10.1485,0
2018-08-20,3008110,대청,70.14,802.903,13.241,55.01,53.9,75.01,70.9,1076.943,0,645.1141,699.6195,824.8006,37.925,0,0,0,0,6.134,4.73,6.221,0,,9.6866,0
2018-08-19,3008110,대청,70.21,806.512,6.469,54.339,54.1,75.16,70.89,1086.143,0,645.1141,696.7741,815.114,37.931,0,0,0,0,5.51,4.669,6.229,0,,4.9608,0
2018-08-18,3008110,대청,70.29,810.648,0,54.692,54.4,75.26,70.81,1092.302,0,645.1141,692.971,810.1532,37.938,0,0,0,0,5.845,4.69,6.219,0,,8.9825,0
2018-08-17,3008110,대청,70.39,815.835,12.412,54.57,54.8,75.11,70.81,1083.071,0,645.1141,692.7978,801.1707,37.956,0,0,0,0,5.648,4.737,6.229,0,,5.6916,0
2018-08-16,3008110,대청,70.46,819.477,0.728,55.092,55,74.75,70.75,1061.107,1.2644,645.1141,682.1331,795.4791,37.949,0,0,0,0,6.088,4.793,6.262,0,,10.3676,0
2018-08-15,3008110,대청,70.55,824.174,12.531,54.939,55.3,74.12,70.51,1023.311,0.3776,643.8497,668.5284,785.1115,37.858,0,0,0,0,6.007,4.782,6.292,0,,10.5081,0
2018-08-14,3008110,대청,70.62,827.838,0.354,55.039,55.6,73.38,70.39,979.947,0,643.4721,644.6839,774.6034,37.888,0,0,0,0,6.019,4.809,6.323,0,,7.699,0
2018-08-13,3008110,대청,70.71,832.563,18.331,54.888,55.9,73.11,70.32,964.4,0.5717,643.4721,584.3189,766.9044,37.765,0,0,0,0,5.995,4.795,6.333,0,,9.4851,0
2018-08-12,3008110,대청,70.77,835.722,5.478,54.346,56.1,73.09,70.34,963.255,0,642.9004,582.8955,757.4193,37.509,0,0,0,0,5.718,4.747,6.372,0,,8.0795,0
2018-08-11,3008110,대청,70.85,839.944,11.847,54.725,56.4,73.05,70.23,960.966,0.0449,642.9004,582.8955,749.3398,37.483,0,0,0,0,6.03,4.795,6.417,0,,7.0188,0
2018-08-10,3008110,대청,70.92,843.649,5.697,54.834,56.6,73,70.17,958.109,3.3737,642.8555,578.715,742.321,37.567,0,0,0,0,6.065,4.759,6.443,0,,11.22,0
2018-08-09,3008110,대청,71,847.894,5.71,54.991,56.9,72.94,70.17,954.687,1.1697,639.4818,571.893,731.101,37.532,0,0,0,0,6.192,4.831,6.436,0,,6.388,0
2018-08-08,3008110,대청,71.08,852.152,11.64,54.879,57.2,72.86,70.18,950.136,0,638.3121,558.3888,724.713,37.476,0,0,0,0,6.146,4.819,6.438,0,,6.0676,0
2018-08-07,3008110,대청,71.15,855.888,11.364,54.713,57.4,72.8,70.23,946.731,0.9309,638.3121,558.3336,718.6454,37.477,0,0,0,0,5.984,4.805,6.447,0,,6.4134,0
2018-08-06,3008110,대청,71.22,859.633,5.01,54.688,57.7,72.73,70.25,942.767,0,637.3812,556.0107,712.232,37.552,0,0,0,0,5.915,4.756,6.465,0,,6.1585,0
2018-08-05,3008110,대청,71.3,863.925,4.857,54.679,58,72.73,70.2,942.767,0,637.3812,537.9955,706.0735,37.531,0,0,0,0,5.88,4.788,6.48,0,,1.4114,0
2018-08-04,3008110,대청,71.38,868.23,4.766,54.733,58.3,72.71,70.11,941.637,0,637.3812,537.9955,704.6621,37.531,0,0,0,0,5.891,4.813,6.498,0,,10.0445,0
2018-08-03,3008110,대청,71.46,872.547,4.874,54.985,58.6,72.66,69.93,938.814,0,637.3812,537.9955,694.6176,37.522,0,0,0,0,6.122,4.823,6.518,0,,10.3226,0
2018-08-02,3008110,대청,71.54,876.877,10.943,54.909,58.9,72.59,69.83,934.87,0,637.3812,537.9955,684.295,37.574,0,0,0,0,6.019,4.785,6.531,0,,6.4361,0
2018-08-01,3008110,대청,71.61,880.675,10.814,54.892,59.1,72.45,69.86,927.012,0,637.3812,537.9955,677.8589,37.473,0,0,0,0,6.042,4.84,6.537,0,,5.9373,0
2018-07-31,3008110,대청,71.68,884.484,15.461,40.698,59.4,72.27,69.91,916.965,0,637.3812,529.7211,671.9216,23.173,0,0,0,0,6.098,4.884,6.543,0,,3.5408,0
2018-07-30,3008110,대청,71.72,886.664,8.54,40.137,59.5,72.15,69.94,910.303,0,637.3812,505.0795,668.3808,23.215,0,0,0,0,6.007,4.761,6.154,0,,3.6174,0
2018-07-29,3008110,대청,71.77,889.394,14.342,39.661,59.7,72.09,69.97,906.983,0,637.3812,503.7155,664.7634,23.118,0,0,0,0,5.648,4.695,6.2,0,,5.5933,0
2018-07-28,3008110,대청,71.81,891.582,15.159,40.514,59.8,72.04,70.02,904.221,4.1423,637.3812,485.8228,659.1701,23.251,0,0,0,0,6.273,4.788,6.202,0,,4.9486,0
2018-07-27,3008110,대청,71.85,893.772,15.053,40.445,60,72,70.12,902.016,0,633.2389,483.5555,654.2215,23.209,0,0,0,0,6.111,4.87,6.255,0,,2.9815,0
2018-07-26,3008110,대청,71.89,895.966,8.577,40.368,60.1,71.95,70.08,899.263,0,633.2389,483.5555,651.24,23.168,0,0,0,0,6.134,4.816,6.25,0,,8.284,0
2018-07-25,3008110,대청,71.94,898.713,7.345,39.193,60.3,71.81,70.06,891.582,0,633.2389,483.5555,642.956,23.103,0,0,0,0,6.146,4.897,5.047,0,,7.7907,0
2018-07-24,3008110,대청,71.99,901.465,14.347,39.866,60.5,71.65,69.99,882.85,0,633.2389,462.2068,635.1653,23.142,0,0,0,0,6.111,4.815,5.798,0,,3.9937,0
2018-07-23,3008110,대청,72.03,903.67,14.335,39.891,60.7,71.63,69.78,881.762,0,633.2389,452.3332,631.1716,23.149,0,0,0,0,5.938,4.822,5.982,0,,12.9202,0
2018-07-22,3008110,대청,72.07,905.878,14.221,39.813,60.8,71.62,69.47,881.219,0,633.2389,451.1852,618.2514,23.105,0,0,0,0,5.869,4.849,5.99,0,,9.6965,0
2018-07-21,3008110,대청,72.11,908.089,14.371,40,61,71.62,69.48,881.219,0.0525,633.2389,451.1852,608.5549,23.159,0,0,0,0,6.042,4.799,6,0,,5.1335,0
2018-07-20,3008110,대청,72.15,910.303,14.126,39.792,61.1,71.58,69.48,879.046,0,633.1864,451.1852,603.4214,23.093,0,0,0,0,5.81,4.868,6.021,0,,2.9339,0
2018-07-19,3008110,대청,72.19,912.521,20.102,39.375,61.2,71.52,69.43,875.793,0,633.1864,451.1852,600.4875,23.172,0,0,0,0,6.145,4.844,5.214,0,,5.9099,0
2018-07-18,3008110,대청,72.22,914.186,23.832,36.692,61.4,71.41,69.32,869.847,0,633.1864,451.1852,594.5776,23.133,0,0,0,0,6.089,4.786,2.684,0,,6.4267,0
2018-07-17,3008110,대청,72.24,915.297,29.509,35.943,61.4,71.27,69.01,862.314,0,633.1864,450.5429,588.1509,23.135,0,0,0,0,5.879,4.765,2.164,0,,13.418,0
2018-07-16,3008110,대청,72.25,915.853,22.014,34.888,61.5,70.98,68.52,846.832,0,633.1864,441.8238,574.7329,23.161,0,0,0,0,6.031,4.833,0.863,0,,13.2047,0
2018-07-15,3008110,대청,72.27,916.965,27.728,34.168,61.5,70.66,68.27,829.936,0,633.1864,432.7856,561.5282,23.134,0,0,0,0,5.695,4.726,0.613,0,,14.6271,0
2018-07-14,3008110,대청,72.28,917.522,40.851,34.411,61.6,70.45,68.03,818.956,0,633.1864,405.952,546.9011,23.115,0,0,0,0,5.856,4.826,0.614,0,,10.7324,0
2018-07-13,3008110,대청,72.27,916.965,47.428,34.554,61.5,70.36,67.8,814.277,0,633.1864,394.2247,536.1687,23.091,0,0,0,0,6.065,4.79,0.608,0,,10.6519,0
2018-07-12,3008110,대청,72.25,915.853,66.519,34.374,61.5,70.27,67.51,809.613,0,633.1864,394.2247,525.5168,23.134,0,0,0,0,5.915,4.72,0.605,0,,13.5848,0
2018-07-11,3008110,대청,72.2,913.075,68.736,75.16,61.3,70.12,67.39,801.873,0.0553,633.1864,394.2247,511.932,63.936,0,0,0,0,5.833,4.788,0.603,0,,15.2692,0
2018-07-10,3008110,대청,72.21,913.631,107.202,75.103,61.3,69.84,67.14,787.273,0.073,633.1311,388.9023,496.6628,64.003,0,0,0,0,5.776,4.724,0.6,0,,11.2401,0
2018-07-09,3008110,대청,72.16,910.857,109.392,173.648,61.1,69.53,66.86,771.55,13.625,633.0581,381.4119,485.4227,162.947,0,0,0,0,5.498,4.612,0.591,0,,13.6763,0
2018-07-08,3008110,대청,72.26,916.409,102.257,244.426,61.5,69.15,66.75,752.572,0,619.4331,367.1422,471.7464,233.691,0,0,0,0,5.463,4.681,0.591,0,,7.2273,0
2018-07-07,3008110,대청,72.48,928.692,133.264,243.884,62.3,68.9,66.6,740.261,0,619.4331,332.1896,464.5191,232.91,0,0,0,0,5.671,4.707,0.596,0,,7.7132,0
2018-07-06,3008110,대청,72.65,938.25,163.883,242.369,63,68.83,66.37,736.839,8.9658,619.4331,331.4156,456.8059,231.318,0,0,0,0,5.741,4.713,0.597,0,,11.6206,0
2018-07-05,3008110,대청,72.77,945.031,201.845,241.212,63.4,68.71,66.06,730.998,4.7941,610.4673,323.9028,445.1853,229.964,0,0,0,0,5.892,4.775,0.581,0,,9.3799,0
2018-07-04,3008110,대청,72.83,948.432,325.585,240.394,63.7,68.41,65.9,716.533,2.1761,605.6732,323.9028,435.8054,229.375,0,0,0,0,5.81,4.632,0.577,0,,10.0526,0
2018-07-03,3008110,대청,72.7,941.072,956.755,245.149,63.2,67.78,65.75,686.794,1.8129,603.4971,304.5484,425.7528,234.1,0,0,0,0,5.845,4.643,0.561,0,,12.1571,0
2018-07-02,3008110,대청,71.59,879.589,728.254,202.241,59,67.46,65.62,672.017,67.3632,601.6842,245.2002,413.5957,191.49,0,0,0,0,5.591,4.622,0.538,0,,10.7876,0
2018-07-01,3008110,대청,70.74,834.142,212.277,194.008,56,67.43,65.53,670.642,59.9696,534.321,228.2214,402.8081,183.603,0,0,0,0,5.355,4.541,0.509,0,,10.8352,0
2018-06-30,3008110,대청,70.71,832.563,18.37,189.661,55.9,67.45,65.51,671.558,2.0369,474.3514,212.9614,391.9729,179.336,0,0,0,0,5.139,4.671,0.515,0,,4.8066,0
2018-06-29,3008110,대청,70.99,847.363,147.646,116.929,56.9,67.52,65.47,674.771,2.7252,472.3145,212.9614,387.1663,106.105,0,0,0,0,5.752,4.535,0.537,0,,6.345,0
2018-06-28,3008110,대청,70.94,844.709,245.206,80.305,56.7,67.56,65.48,676.611,1.8697,469.5893,212.8559,380.8213,69.304,0,0,0,0,5.811,4.607,0.583,0,,5.4337,0
2018-06-27,3008110,대청,70.67,830.461,129.083,80.537,55.7,67.64,65.44,680.302,73.7876,467.7196,196.0507,375.3876,69.25,0,0,0,0,5.961,4.579,0.747,0,,10.4738,0
2018-06-26,3008110,대청,70.59,826.267,13.424,80.212,55.5,67.71,65.41,683.543,21.1675,393.932,186.3977,364.9138,69.178,0,0,0,0,5.821,4.485,0.728,0,,4.9954,0
2018-06-25,3008110,대청,70.7,832.037,16.311,83.37,55.8,67.8,65.26,687.725,0,372.7645,179.082,359.9184,69.205,0,0,0,0,5.845,4.627,3.693,0,,9.6588,0
2018-06-24,3008110,대청,70.81,837.831,12.01,85.474,56.2,67.9,65.08,692.393,0,372.7645,173.8385,350.2596,69.212,0,0,0,0,5.729,4.543,5.99,0,,12.5265,0
2018-06-23,3008110,대청,70.93,844.179,5.82,85.771,56.7,67.99,65.04,696.612,0,372.7645,172.1654,337.7331,69.193,0,0,0,0,5.73,4.569,6.279,0,,7.5381,0
2018-06-22,3008110,대청,71.06,851.086,11.921,86.059,57.1,68.08,65.09,700.848,0,372.7645,172.1654,330.195,69.246,0,0,0,0,5.937,4.59,6.286,0,,4.8528,0
2018-06-21,3008110,대청,71.18,857.492,5.21,85.892,57.6,68.17,65.12,705.102,0,372.7645,172.1654,325.3422,69.21,0,0,0,0,5.857,4.527,6.298,0,,3.3432,0
2018-06-20,3008110,대청,71.31,864.463,23.596,85.919,58,68.26,65.03,709.374,0.0578,372.7645,172.1654,321.999,69.271,0,0,0,0,5.752,4.58,6.316,0,,11.0541,0
2018-06-19,3008110,대청,71.41,869.847,4.538,85.895,58.4,68.35,65.04,713.664,1.9864,372.7067,172.1654,310.9449,69.186,0,0,0,0,5.81,4.562,6.337,0,,7.1168,0
2018-06-18,3008110,대청,71.54,876.877,10.552,85.991,58.9,68.43,65.11,717.491,0.7499,370.7203,172.1654,303.8281,69.217,0,0,0,0,5.777,4.632,6.365,0,,5.3693,0
2018-06-17,3008110,대청,71.66,883.395,9.893,85.659,59.3,68.53,65.1,722.295,0,369.9704,172.1654,298.4588,69.186,0,0,0,0,5.441,4.639,6.393,0,,5.8013,0
2018-06-16,3008110,대청,71.78,889.941,9.904,85.997,59.7,68.63,65.12,727.121,0,369.9704,172.1654,292.6575,69.203,0,0,0,0,5.798,4.588,6.408,0,,3.7598,0
2018-06-15,3008110,대청,71.9,896.515,9.596,86.017,60.2,68.71,65.22,730.998,0,369.9704,172.1654,288.8977,69.209,0,0,0,0,5.73,4.646,6.432,0,,1.0417,0
2018-06-14,3008110,대청,72.02,903.118,22.042,85.977,60.6,68.82,65.33,736.351,0,369.9704,172.1654,287.856,69.197,0,0,0,0,5.637,4.656,6.487,0,,2.8031,0
2018-06-13,3008110,대청,72.12,908.642,15.474,86.067,61,68.91,65.43,740.751,0,369.9704,172.1129,285.0529,69.198,0,0,0,0,5.706,4.635,6.528,0,,1.8571,0
2018-06-12,3008110,대청,72.23,914.741,7.676,85.003,61.4,69.01,65.52,745.661,0.3695,369.9704,168.0223,283.1958,69.213,0,0,0,0,5.788,4.693,5.309,0,,1.9996,0
2018-06-11,3008110,대청,72.35,921.422,13.305,84.478,61.8,69.12,65.62,751.087,0.5975,369.6009,168.0223,281.1962,69.182,0,0,0,0,5.625,4.716,4.955,0,,2.286,0
2018-06-10,3008110,대청,72.46,927.572,6.382,84.342,62.3,69.22,65.69,756.044,0,369.0034,168.0223,278.9102,69.181,0,0,0,0,5.567,4.621,4.973,0,,4.6852,0
2018-06-09,3008110,대청,72.58,934.307,25.926,84.614,62.7,69.33,65.77,761.521,0,369.0034,168.0223,274.225,69.196,0,0,0,0,5.671,4.734,5.013,0,,2.0118,0
2018-06-08,3008110,대청,72.67,939.378,4.523,89.624,63.1,69.44,65.84,767.026,0,369.0034,168.0223,272.2132,69.216,0,0,0,0,5.845,4.684,9.879,0,,4.4288,0
2018-06-07,3008110,대청,72.8,946.731,7.77,80.083,63.5,69.54,65.94,772.054,0,369.0034,168.0223,267.7844,69.182,0,0,0,0,5.927,4.767,0.207,0,,3.965,0
2018-06-06,3008110,대청,72.91,952.979,18.899,84.881,64,69.64,66.05,777.105,0,369.0034,166.1197,263.8194,69.203,0,0,0,0,5.868,4.737,5.073,0,,0.7573,0
2018-06-05,3008110,대청,73.01,958.68,12.234,85.082,64.3,69.74,66.16,782.177,0,369.0034,160.2991,263.0621,69.208,0,0,0,0,6.064,4.701,5.109,0,,1.7504,0
2018-06-04,3008110,대청,73.12,964.974,31.198,84.355,64.8,69.85,66.27,787.784,0,369.0034,160.2991,261.3117,69.185,0,0,0,0,5.522,4.758,4.89,0,,0.1934,0
2018-06-03,3008110,대청,73.2,969.566,11.36,84.694,65.1,69.97,66.36,793.931,0,369.0034,160.2991,261.1183,69.205,0,0,0,0,5.752,4.736,5.001,0,,1.6056,0
2018-06-02,3008110,대청,73.31,975.902,11.145,84.761,65.5,70.06,66.47,798.79,0,369.0034,160.2991,259.5127,69.201,0,0,0,0,5.81,4.736,5.014,0,,3.3549,0
2018-06-01,3008110,대청,73.42,982.263,11.378,85.276,65.9,70.16,66.58,803.933,0,369.0034,160.2991,256.1578,69.205,0,0,0,0,6.284,4.75,5.037,0,,2.9189,0
2018-05-31,3008110,대청,73.53,988.648,15.093,62.266,66.4,70.25,66.69,808.578,0,369.0034,160.2441,253.2389,46.507,0,0,0,0,5.915,4.79,5.054,0,,0.5396,0
2018-05-30,3008110,대청,73.6,992.723,28.02,61.785,66.6,70.32,66.77,812.202,0.4322,369.0034,159.8492,252.6993,46.479,0,0,0,0,5.729,4.484,5.093,0,,2.3294,0
2018-05-29,3008110,대청,73.65,995.641,27.686,61.51,66.8,70.38,66.86,815.315,0,368.5712,159.794,250.3699,46.474,0,0,0,0,5.533,4.419,5.084,0,,0.9749,0
2018-05-28,3008110,대청,73.7,998.563,21.108,61.774,67,70.45,66.96,818.956,0.101,368.5712,159.7387,249.395,46.494,0,0,0,0,5.625,4.566,5.089,0,,1.6007,0
2018-05-27,3008110,대청,73.76,1002.077,34.676,61.833,67.3,70.51,67.05,822.085,0,368.4702,159.7387,247.7943,46.523,0,0,0,0,5.393,4.806,5.111,0,,1.4628,0
2018-05-26,3008110,대청,73.8,1004.423,28.2,62.199,67.4,70.58,67.15,825.743,0,368.4702,159.7387,246.3315,46.504,0,0,0,0,5.741,4.813,5.141,0,,2.0941,0
2018-05-25,3008110,대청,73.85,1007.361,41.416,61.844,67.6,70.64,67.25,828.887,0,368.4702,159.7387,244.2374,46.493,0,0,0,0,5.405,4.813,5.133,0,,1.7972,0
2018-05-24,3008110,대청,73.88,1009.125,55.583,62.397,67.7,70.71,67.34,832.563,0,368.4702,159.6938,242.4402,46.514,0,0,0,0,5.925,4.811,5.147,0,,2.2246,0
2018-05-23,3008110,대청,73.89,1009.714,55.311,62.127,67.8,70.77,67.42,835.722,18.9319,368.4702,155.0332,240.2156,46.496,0,0,0,0,5.706,4.767,5.158,0,,1.5499,0
2018-05-22,3008110,대청,73.9,1010.303,27.85,61.967,67.8,70.84,67.5,839.415,6.3036,349.5383,155.0332,238.6657,46.463,0,0,0,0,5.544,4.823,5.137,0,,2.0516,0
2018-05-21,3008110,대청,73.95,1013.251,27.532,61.708,68,70.9,67.58,842.589,0,343.2347,155.0332,236.6141,46.535,0,0,0,0,5.486,4.562,5.125,0,,2.2938,0
2018-05-20,3008110,대청,74,1016.204,34.47,61.853,68.2,70.96,67.66,845.77,0,343.2347,155.0332,234.3203,46.51,0,0,0,0,5.567,4.628,5.148,0,,1.1831,0
2018-05-19,3008110,대청,74.04,1018.57,34.826,62.247,68.4,71.03,67.73,849.489,0.0449,343.2347,155.0332,233.1372,46.504,0,0,0,0,5.856,4.693,5.194,0,,2.2759,0
2018-05-18,3008110,대청,74.08,1020.939,48.345,62.069,68.5,71.09,67.82,852.685,4.269,343.1898,155.0332,230.8613,46.463,0,0,0,0,5.775,4.656,5.175,0,,3.656,0
2018-05-17,3008110,대청,74.1,1022.124,41.489,62.093,68.6,71.15,67.89,855.888,0.5876,338.9208,155.0332,227.2053,46.509,0,0,0,0,5.706,4.694,5.184,0,,1.8804,0
2018-05-16,3008110,대청,74.13,1023.905,48.24,61.988,68.7,71.21,67.95,859.098,0.1569,338.3332,155.0332,225.3249,46.479,0,0,0,0,5.753,4.583,5.173,0,,2.7897,0
2018-05-15,3008110,대청,74.15,1025.092,54.506,82.03,68.8,71.26,67.97,861.778,0,338.1763,155.0332,222.5352,66.418,0,0,0,0,5.834,4.615,5.163,0,,1.0031,0
2018-05-14,3008110,대청,74.19,1027.471,67.234,101.692,69,71.32,67.97,865,0,338.1763,155.0332,221.5321,86.35,0,0,0,0,5.613,4.566,5.163,0,,2.2251,0
2018-05-13,3008110,대청,74.24,1030.448,53.372,101.713,69.2,71.37,67.98,867.691,4.0651,338.1763,155.0332,219.307,86.569,0,0,0,0,5.405,4.586,5.153,0,,7.2265,0
2018-05-12,3008110,대청,74.31,1034.624,59.926,101.453,69.4,71.42,68.01,870.387,13.7687,334.1112,154.6328,212.0805,86.524,0,0,0,0,5.44,4.528,4.961,0,,2.5329,0
2018-05-11,3008110,대청,74.37,1038.212,53.361,101.917,69.7,71.47,68.03,873.088,0,320.3425,154.6328,209.5476,86.447,0,0,0,0,5.625,4.583,5.262,0,,4.3499,0
2018-05-10,3008110,대청,74.44,1042.408,58.442,93.196,70,71.52,68.05,875.793,0,320.3425,154.0157,205.1977,77.789,0,0,0,0,5.517,4.64,5.25,0,,4.5057,0
2018-05-09,3008110,대청,74.49,1045.41,81.332,102.213,70.2,71.57,68.07,878.504,0,320.3425,152.1696,200.692,86.515,0,0,0,0,5.775,4.637,5.286,0,,1.9265,0
2018-05-08,3008110,대청,74.52,1047.214,94.976,101.941,70.3,71.62,68.07,881.219,0,320.3425,141.3433,198.7655,86.502,0,0,0,0,5.555,4.602,5.282,0,,0.9492,0
2018-05-07,3008110,대청,74.53,1047.816,65.115,99.976,70.3,71.67,68.03,883.939,11.2461,320.3425,141.3433,197.8163,86.325,0,0,0,0,5.439,4.581,3.631,0,,6.6749,0
2018-05-06,3008110,대청,74.58,1050.828,50.576,99.481,70.5,71.73,68.01,887.21,16.2911,309.0964,141.3433,191.1414,86.489,0,0,0,0,5.185,4.509,3.298,0,,4.7911,0
2018-05-05,3008110,대청,74.65,1055.054,43.837,99.871,70.8,71.79,68.05,890.488,0,292.8053,141.277,186.3503,86.523,0,0,0,0,5.486,4.565,3.297,0,,1.8098,0
2018-05-04,3008110,대청,74.73,1059.895,51.232,100.386,71.1,71.84,68.08,893.224,0.1042,292.8053,139.1077,184.5405,86.477,0,0,0,0,5.81,4.798,3.301,0,,1.1198,0
2018-05-03,3008110,대청,74.8,1064.142,72.37,100.511,71.4,71.89,68.1,895.966,0.1095,292.7011,139.1077,183.4207,86.548,0,0,0,0,5.879,4.756,3.328,0,,4.159,0
2018-05-02,3008110,대청,74.84,1066.573,56.746,42.671,71.6,71.95,68.13,899.263,16.894,292.5916,139.1077,179.2617,29.032,0,0,0,0,5.614,4.749,3.276,0,,2.2664,0
2018-05-01,3008110,대청,74.82,1065.357,42.958,42.958,71.5,71.99,68.14,901.465,1.9224,275.8657,139.1077,176.9953,28.888,0,0,0,0,5.844,4.894,3.332,0,,1.5888,0
2018-04-30,3008110,대청,74.82,1065.357,49.48,98.784,71.5,72.03,68.13,903.67,0,273.9433,139.1077,175.4065,85.048,0,0,0,0,5.487,4.858,3.391,0,,3.3584,0
2018-04-29,3008110,대청,74.89,1069.617,48.584,98.005,71.8,72.04,68.13,904.221,0,273.9433,139.1077,172.0481,86.456,0,0,0,0,5.243,4.844,1.462,0,,3.9496,0
2018-04-28,3008110,대청,74.96,1073.887,62.408,97.78,72.1,72.06,68.14,905.325,0,273.9433,139.1077,168.0985,86.461,0,0,0,0,5.845,4.856,0.618,0,,3.0141,0
2018-04-27,3008110,대청,75.01,1076.943,82.286,96.452,72.3,72.07,68.17,905.878,0,273.9433,139.1077,165.0844,86.32,0,0,0,0,5.42,4.473,0.239,0,,1.6129,0
2018-04-26,3008110,대청,75.03,1078.167,118.541,97.296,72.4,72.08,68.21,906.43,0,273.9433,139.1077,163.4715,86.444,0,0,0,0,5.915,4.937,0,0,,1.8284,0
2018-04-25,3008110,대청,75,1076.332,75.98,47.687,72.2,72.09,68.21,906.983,0,273.9433,138.2648,161.6431,40.144,0,0,0,0,5.163,1.973,0.407,0,,2.4038,0
2018-04-24,3008110,대청,74.96,1073.887,43.491,29.359,72.1,72.09,68.19,906.983,7.9241,273.9433,135.7077,159.2393,21.502,0,0,0,0,5.265,2.223,0.369,0,,0.4434,0
2018-04-23,3008110,대청,74.94,1072.666,65.566,58.503,72,72.1,68.19,907.536,26.2345,266.0192,135.7077,158.7959,48.502,0,0,0,0,5.209,4.792,0,0,,3.3451,0
2018-04-22,3008110,대청,74.93,1072.056,39.472,39.472,72,72.09,68.2,906.983,0.9423,239.7847,135.7077,155.4508,28.86,0,0,0,0,5.695,4.917,0,0,,2.9914,0
2018-04-21,3008110,대청,74.93,1072.056,39.433,39.433,72,72.07,68.21,905.878,0,238.8424,135.7077,152.4594,28.855,0,0,0,0,5.613,4.965,0,0,,3.2678,0
2018-04-20,3008110,대청,74.93,1072.056,39.51,39.51,72,72.04,68.19,904.221,0,238.8424,135.7077,149.1916,28.765,0,0,0,0,5.821,4.924,0,0,,2.2436,0
2018-04-19,3008110,대청,74.93,1072.056,46.706,39.646,72,72,68.18,902.016,0,238.8424,133.6052,146.948,28.911,0,0,0,0,5.81,4.925,0,0,,3.0143,0
2018-04-18,3008110,대청,74.92,1071.446,52.841,38.728,71.9,71.96,68.15,899.813,0,238.8424,133.6052,143.9337,28.137,0,0,0,0,5.683,4.908,0,0,,4.0576,0
2018-04-17,3008110,대청,74.9,1070.226,67.256,39.058,71.8,71.94,68.16,898.713,0,238.8424,130.9516,139.8761,28.765,0,0,0,0,5.497,4.796,0,0,,3.8247,0
2018-04-16,3008110,대청,74.86,1067.79,74.405,39.211,71.7,71.92,68.17,897.614,0,238.8424,110.8926,136.0514,28.857,0,0,0,0,5.683,4.671,0,0,,2.4627,0
2018-04-15,3008110,대청,74.81,1064.749,74.733,39.599,71.5,71.91,68.2,897.064,0.055,238.8424,110.8926,133.5887,28.828,0,0,0,0,5.706,4.554,0.511,0,,0.8661,0
2018-04-14,3008110,대청,74.76,1061.714,88.489,39.401,71.3,71.91,68.22,897.064,18.8324,238.7874,110.8926,132.7226,28.823,0,0,0,0,5.405,4.571,0.602,0,,1.5087,0
2018-04-13,3008110,대청,74.69,1057.473,61.064,33.066,71,71.89,68.22,895.966,0,219.955,110.8926,131.2139,22.099,0,0,0,0,5.776,4.586,0.605,0,,1.3274,0
2018-04-12,3008110,대청,74.65,1055.054,64.991,30.047,70.8,71.88,68.23,895.418,0,219.955,110.8926,129.8865,18.737,0,0,0,0,5.857,4.841,0.612,0,,2.3894,0
2018-04-11,3008110,대청,74.6,1052.034,85.566,29.779,70.6,71.87,68.23,894.869,6.6372,219.955,110.8926,127.4971,18.694,0,0,0,0,5.729,4.751,0.605,0,,2.3065,0
2018-04-10,3008110,대청,74.52,1047.214,99.314,29.794,70.3,71.85,68.23,893.772,0.111,213.3178,98.5638,125.1906,18.69,0,0,0,0,5.671,4.831,0.602,0,,2.2944,0
2018-04-09,3008110,대청,74.42,1041.208,119.724,29.702,69.9,71.85,68.25,893.772,0,213.2068,98.5638,122.8962,18.394,0,0,0,0,5.914,4.798,0.596,0,,3.2311,0
2018-04-08,3008110,대청,74.29,1033.43,180.399,28.964,69.4,71.82,68.28,892.129,0.0525,213.2068,98.5638,119.6651,18.397,0,0,0,0,5.184,4.792,0.591,0,,0.5863,0
2018-04-07,3008110,대청,74.07,1020.346,315.784,29.842,68.5,71.81,68.29,891.582,0.0505,213.1543,98.5638,119.0788,18.41,0,0,0,0,6.029,4.818,0.585,0,,1.5799,0
2018-04-06,3008110,대청,73.65,995.641,224.256,29.231,66.8,71.8,68.29,891.035,22.62,213.1038,98.5638,117.4989,18.415,0,0,0,0,5.544,4.693,0.579,0,,2.5723,0
2018-04-05,3008110,대청,73.36,978.791,48.868,28.805,65.7,71.79,68.28,890.488,20.9378,190.4838,90.179,114.9266,18.338,0,0,0,0,5.174,4.714,0.579,0,,2.3702,0
2018-04-04,3008110,대청,73.33,977.057,56.344,29.626,65.6,71.79,68.29,890.488,14.7233,169.546,82.9678,112.5564,18.388,0,0,0,0,5.845,4.813,0.58,0,,1.0916,0
2018-04-03,3008110,대청,73.29,974.749,29.752,29.752,65.4,71.8,68.29,891.035,0,154.8227,82.9678,111.4648,18.396,0,0,0,0,5.937,4.839,0.58,0,,2.2135,0
2018-04-02,3008110,대청,73.29,974.749,29.847,29.847,65.4,71.8,68.3,891.035,0,154.8227,82.9128,109.2513,18.471,0,0,0,0,5.984,4.813,0.579,0,,1.9482,0
2018-04-01,3008110,대청,73.29,974.749,42.862,29.517,65.4,71.81,68.31,891.582,0,154.8227,82.9128,107.3031,18.454,0,0,0,0,5.617,4.867,0.579,0,,2.3411,0
2018-03-31,3008110,대청,73.27,973.596,36.312,29.643,65.3,71.81,68.32,891.582,0,154.8227,80.623,104.962,18.404,0,0,0,0,5.799,4.862,0.578,0,,1.1217,0
2018-03-30,3008110,대청,73.26,973.019,49.652,29.659,65.3,71.81,68.33,891.582,0,154.8227,75.0687,103.8403,18.393,0,0,0,0,5.938,4.75,0.578,0,,1.3582,0
2018-03-29,3008110,대청,73.23,971.292,49.467,29.495,65.2,71.82,68.34,892.129,0,154.8227,75.0687,102.4821,18.392,0,0,0,0,5.741,4.784,0.578,0,,1.0573,0
2018-03-28,3008110,대청,73.2,969.566,56.199,29.602,65.1,71.82,68.34,892.129,0,154.8227,74.4589,101.4248,18.377,0,0,0,0,5.891,4.757,0.577,0,,0.9018,0
2018-03-27,3008110,대청,73.16,967.268,69.371,29.545,64.9,71.83,68.32,892.677,0,154.8227,74.1988,100.523,18.398,0,0,0,0,5.833,4.739,0.575,0,,1.0268,0
2018-03-26,3008110,대청,73.1,963.827,75.976,29.618,64.7,71.84,68.32,893.224,0,154.8227,71.7851,99.4962,18.42,0,0,0,0,5.81,4.818,0.57,0,,1.1604,0
2018-03-25,3008110,대청,73.03,959.822,88.785,29.349,64.4,71.86,68.31,894.321,0,154.8227,71.428,98.3358,18.381,0,0,0,0,5.637,4.762,0.569,0,,1.3857,0
2018-03-24,3008110,대청,72.94,954.687,95.059,29.239,64.1,71.87,68.31,894.869,0,154.8227,63.6242,96.9501,18.389,0,0,0,0,5.521,4.762,0.567,0,,2.8352,0
2018-03-23,3008110,대청,72.84,949,101.574,29.438,63.7,71.88,68.31,895.418,0,154.8227,63.6242,94.1149,18.428,0,0,0,0,5.613,4.841,0.556,0,,1.9305,0
2018-03-22,3008110,대청,72.73,942.767,107.67,29.295,63.3,71.9,68.31,896.515,10.0444,154.8227,63.6242,92.1844,18.366,0,0,0,0,5.615,4.763,0.551,0,,2.0693,0
2018-03-21,3008110,대청,72.61,935.996,133.169,29.185,62.8,71.92,68.32,897.614,2.8872,144.7783,63.6242,90.1151,18.329,0,0,0,0,5.566,4.73,0.56,0,,1.8633,0
2018-03-20,3008110,대청,72.45,927.012,93.883,29.192,62.2,71.94,68.33,898.713,0.2061,141.8911,62.953,88.2518,18.345,0,0,0,0,5.556,4.731,0.56,0,,0.7983,0
2018-03-19,3008110,대청,72.35,921.422,87.158,29.132,61.8,71.95,68.33,899.263,19.459,141.685,61.9857,87.4535,18.417,0,0,0,0,5.428,4.73,0.557,0,,1.189,0
2018-03-18,3008110,대청,72.26,916.409,67.965,29.384,61.5,71.97,68.33,900.363,4.0428,122.226,61.9857,86.2645,18.366,0,0,0,0,5.752,4.713,0.553,0,,3.1023,0
2018-03-17,3008110,대청,72.2,913.075,67.894,29.396,61.3,71.99,68.33,901.465,0,118.1832,61.9857,83.1622,18.444,0,0,0,0,5.567,4.84,0.545,0,,2.2962,0
2018-03-16,3008110,대청,72.14,909.749,61.248,29.229,61.1,72,68.33,902.016,0.8412,118.1832,61.9857,80.866,18.393,0,0,0,0,5.636,4.654,0.546,0,,1.2383,0
2018-03-15,3008110,대청,72.09,906.983,61.149,29.187,60.9,72.01,68.34,902.567,10.8071,117.342,61.9857,79.6277,18.4,0,0,0,0,5.695,4.545,0.547,0,,1.7962,0
2018-03-14,3008110,대청,72.04,904.221,55.115,29.586,60.7,72.03,68.35,903.67,0,106.5349,61.9857,77.8315,18.455,0,0,0,0,5.903,4.685,0.543,0,,1.5693,0
2018-03-13,3008110,대청,72,902.016,54.753,29.261,60.5,72.04,68.37,904.221,0,106.5349,61.9857,76.2622,18.382,0,0,0,0,5.741,4.607,0.531,0,,1.5625,0
2018-03-12,3008110,대청,71.96,899.813,67.267,29.097,60.4,72.05,68.38,904.773,0,106.5349,61.9857,74.6997,18.403,0,0,0,0,5.532,4.632,0.53,0,,0.9046,0
2018-03-11,3008110,대청,71.9,896.515,67.367,29.279,60.2,72.07,68.39,905.878,0,106.5349,61.9857,73.7951,18.391,0,0,0,0,5.695,4.669,0.524,0,,1.3786,0
2018-03-10,3008110,대청,71.84,893.224,73.31,28.978,60,72.07,68.39,905.878,0,106.5349,61.9857,72.4165,18.391,0,0,0,0,5.428,4.64,0.519,0,,1.0215,0
2018-03-09,3008110,대청,71.77,889.394,79.739,29.21,59.7,72.07,68.4,905.878,1.1161,106.5349,61.9857,71.395,18.4,0,0,0,0,5.614,4.678,0.518,0,,0.8576,0
2018-03-08,3008110,대청,71.69,885.029,92.393,29.436,59.4,72.08,68.41,906.43,12.3917,105.4188,61.9857,70.5374,18.593,0,0,0,0,5.625,4.693,0.525,0,,1.5463,0
2018-03-07,3008110,대청,71.59,879.589,104.775,29.526,59,72.09,68.41,906.983,4.3715,93.0271,61.8193,68.9911,18.414,0,0,0,0,5.744,4.848,0.52,0,,1.8043,0
2018-03-06,3008110,대청,71.47,873.088,172.733,29.417,58.6,72.09,68.4,906.983,0,88.6556,60.8874,67.1868,18.413,0,0,0,0,5.66,4.827,0.517,0,,1.3759,0
2018-03-05,3008110,대청,71.24,860.705,54.139,29.336,57.8,72.1,68.39,907.536,19.4853,88.6556,60.8369,65.8109,18.428,0,0,0,0,5.614,4.771,0.523,0,,3.088,0
2018-03-04,3008110,대청,71.2,858.562,41.523,29.135,57.6,72.1,68.38,907.536,11.3665,69.1703,60.8369,62.7229,18.382,0,0,0,0,5.425,4.818,0.51,0,,2.226,0
2018-03-03,3008110,대청,71.18,857.492,35.22,29.029,57.6,72.1,68.37,907.536,0,57.8038,60.8369,60.4969,18.428,0,0,0,0,5.292,4.805,0.504,0,,1.3629,0
2018-03-02,3008110,대청,71.17,856.957,35.54,29.352,57.5,72.09,68.36,906.983,0,57.8038,60.8369,59.134,18.404,0,0,0,0,5.775,4.672,0.501,0,,0.5513,0
2018-03-01,3008110,대청,71.16,856.422,23.029,29.217,57.5,72.08,68.35,906.43,3.2071,57.8038,57.7704,58.5827,18.402,0,0,0,0,5.672,4.642,0.501,0,,1.8064,0
2018-02-28,3008110,대청,71.17,856.957,35.833,29.645,57.5,72.07,68.34,905.878,26.7098,54.5967,57.5755,56.7763,18.398,0,0,0,0,5.822,4.921,0.504,0,,2.4796,0
2018-02-27,3008110,대청,71.16,856.422,10.801,29.373,57.5,72.05,68.34,904.773,0,27.8869,57.5755,54.2967,18.388,0,0,0,0,5.683,4.798,0.504,0,,2.01,0
2018-02-26,3008110,대청,71.19,858.027,17.037,29.429,57.6,72.02,68.35,903.118,0,27.8869,57.5755,52.2867,18.388,0,0,0,0,5.718,4.818,0.505,0,,0.3034,0
2018-02-25,3008110,대청,71.21,859.098,10.588,29.193,57.7,71.97,68.35,900.363,0,27.8869,57.5755,51.9833,18.425,0,0,0,0,5.428,4.834,0.506,0,,2.7537,0
2018-02-24,3008110,대청,71.24,860.705,16.866,29.281,57.8,71.9,68.34,896.515,0,27.8869,57.5755,49.2296,18.462,0,0,0,0,5.498,4.814,0.507,0,,0.8521,0
2018-02-23,3008110,대청,71.26,861.778,10.677,29.316,57.8,71.79,68.32,890.488,2.3695,27.8869,57.5755,48.3775,18.417,0,0,0,0,5.567,4.829,0.503,0,,1.4741,0
2018-02-22,3008110,대청,71.29,863.388,10.904,29.564,58,71.74,68.32,887.756,0,25.5174,57.5755,46.9034,18.526,0,0,0,0,5.683,4.856,0.499,0,,2.7952,0
2018-02-21,3008110,대청,71.32,865,10.638,29.318,58.1,71.7,68.32,885.574,0,25.5174,38.8177,44.1082,18.411,0,0,0,0,5.614,4.792,0.501,0,,1.0249,0
2018-02-20,3008110,대청,71.35,866.614,17.157,29.622,58.2,71.68,68.33,884.484,0,25.5174,38.8177,43.0833,18.409,0,0,0,0,5.845,4.872,0.496,0,,1.3141,0
2018-02-19,3008110,대청,71.37,867.691,4.729,29.685,58.2,71.68,68.34,884.484,0,25.5174,22.3299,41.7692,18.405,0,0,0,0,5.856,4.923,0.501,0,,0.7665,0
2018-02-18,3008110,대청,71.41,869.847,16.885,29.377,58.4,71.69,68.37,885.029,0,25.5174,20.8407,41.0027,18.414,0,0,0,0,5.637,4.83,0.496,0,,0.6585,0
2018-02-17,3008110,대청,71.43,870.927,16.049,28.55,58.5,71.71,68.39,886.119,0,25.5174,20.8407,40.3442,18.352,0,0,0,0,4.849,4.856,0.493,0,,0.7732,0
2018-02-16,3008110,대청,71.45,872.007,10.025,28.793,58.5,71.73,68.41,887.21,0,25.5174,17.1461,39.571,18.416,0,0,0,0,5.162,4.72,0.495,0,,2.2954,0
2018-02-15,3008110,대청,71.48,873.628,11.284,30.072,58.6,71.75,68.43,888.302,0,25.5174,14.1618,37.2756,18.356,0,0,0,0,6.261,4.962,0.493,0,,1.0274,0
2018-02-14,3008110,대청,71.51,875.252,10.891,29.7,58.7,71.77,68.45,889.394,0.0663,25.5174,14.1618,36.2482,18.395,0,0,0,0,5.868,4.951,0.486,0,,0.5713,0
2018-02-13,3008110,대청,71.54,876.877,17.12,29.67,58.9,71.79,68.46,890.488,0.6633,25.4511,13.9584,35.6769,18.391,0,0,0,0,5.903,4.893,0.483,0,,1.291,0
2018-02-12,3008110,대청,71.56,877.961,10.722,29.565,58.9,71.81,68.46,891.582,0.6391,24.7878,13.6347,34.3859,18.405,0,0,0,0,5.869,4.81,0.481,0,,1.0474,0
2018-02-11,3008110,대청,71.59,879.589,10.903,29.766,59,71.83,68.49,892.677,0.055,24.1487,13.6347,33.3385,18.38,0,0,0,0,5.972,4.93,0.484,0,,1.386,0
2018-02-10,3008110,대청,71.62,881.219,16.819,29.406,59.1,71.85,68.52,893.772,0,24.0937,13.6347,31.9525,17.996,0,0,0,0,6.031,4.893,0.486,0,,1.6824,0
2018-02-09,3008110,대청,71.64,882.306,11.046,29.943,59.2,71.87,68.55,894.869,0,24.0937,13.6347,30.2701,18.933,0,0,0,0,5.636,4.891,0.483,0,,1.2871,0
2018-02-08,3008110,대청,71.67,883.939,10.682,29.6,59.3,71.89,68.58,895.966,0,24.0937,13.6347,28.983,18.38,0,0,0,0,5.88,4.859,0.481,0,,1.389,0
2018-02-07,3008110,대청,71.7,885.574,10.385,29.323,59.4,71.91,68.62,897.064,0,24.0937,13.6347,27.594,18.372,0,0,0,0,5.604,4.858,0.489,0,,0.3196,0
2018-02-06,3008110,대청,71.73,887.21,10.163,29.121,59.5,71.93,68.65,898.163,0,24.0937,13.6347,27.2744,18.396,0,0,0,0,5.382,4.851,0.492,0,,0.187,0
2018-02-05,3008110,대청,71.76,888.848,16.602,29.252,59.7,71.95,68.68,899.263,0,24.0937,13.6347,27.0874,18.405,0,0,0,0,5.878,4.843,0.126,0,,0.2763,0
2018-02-04,3008110,대청,71.78,889.941,9.915,28.908,59.7,71.96,68.71,899.813,0,24.0937,11.3608,26.8111,18.394,0,0,0,0,5.695,4.819,0,0,,0.3696,0
2018-02-03,3008110,대청,71.81,891.582,10.438,29.451,59.8,71.99,68.74,901.465,0,24.0937,11.3608,26.4415,18.418,0,0,0,0,5.822,4.875,0.336,0,,0.4063,0
2018-02-02,3008110,대청,71.84,893.224,17.074,29.761,60,72,68.78,902.016,0,24.0937,11.3608,26.0352,18.431,0,0,0,0,5.984,4.837,0.509,0,,0.4195,0
2018-02-01,3008110,대청,71.86,894.321,10.819,29.866,60,72.02,68.81,903.118,0,24.0937,11.3608,25.6157,18.609,0,0,0,0,5.868,4.873,0.516,0,,1.076,0
2018-01-31,3008110,대청,71.89,895.966,16.274,28.984,60.1,72.04,68.84,904.221,0,24.0937,11.3608,24.5397,17.609,0,0,0,0,5.845,5.014,0.516,0,,1.0981,0
2018-01-30,3008110,대청,71.91,897.064,9.344,28.425,60.2,72.05,68.88,904.773,0,24.0937,11.3335,23.4416,17.588,0,0,0,0,5.51,4.815,0.512,0,,0.6312,0
2018-01-29,3008110,대청,71.94,898.713,16.918,29.65,60.3,72.06,68.91,905.325,0,24.0937,10.2843,22.8104,17.631,0,0,0,0,5.879,4.842,1.298,0,,0.5186,0
2018-01-28,3008110,대청,71.96,899.813,17.132,29.873,60.4,72.08,68.95,906.43,0,24.0937,5.1066,22.2918,17.597,0,0,0,0,5.648,4.938,1.69,0,,0.235,0
2018-01-27,3008110,대청,71.98,900.914,10.418,29.547,60.5,72.1,68.98,907.536,0,24.0937,5.1066,22.0568,17.615,0,0,0,0,5.509,4.837,1.586,0,,0.6149,0
2018-01-26,3008110,대청,72.01,902.567,15.585,28.349,60.6,72.12,69.01,908.642,0,24.0937,3.7902,21.4419,17.6,0,0,0,0,5.558,4.678,0.513,0,,0.4509,0
2018-01-25,3008110,대청,72.03,903.67,9.249,28.413,60.7,72.14,69.05,909.749,0,24.0937,3.7173,20.991,17.604,0,0,0,0,5.521,4.774,0.514,0,,0.143,0
2018-01-24,3008110,대청,72.06,905.325,21.774,28.166,60.8,72.15,69.08,910.303,0,24.0937,3.69,20.848,17.589,0,0,0,0,5.324,4.736,0.517,0,,0.3117,0
2018-01-23,3008110,대청,72.07,905.878,9.085,28.276,60.8,72.18,69.11,911.966,0.0663,24.0937,3.69,20.5363,17.626,0,0,0,0,5.463,4.655,0.532,0,,0.9802,0
2018-01-22,3008110,대청,72.1,907.536,22.029,28.431,60.9,72.19,69.13,912.521,2.5861,24.0274,3.6627,19.5561,17.587,0,0,0,0,5.521,4.775,0.548,0,,1.3143,0
2018-01-21,3008110,대청,72.11,908.089,21.784,28.188,61,72.21,69.15,913.631,0,21.4413,3.0442,18.2418,17.581,0,0,0,0,5.382,4.679,0.546,0,,1.4444,0
2018-01-20,3008110,대청,72.12,908.642,22.024,28.43,61,72.22,69.17,914.186,0,21.4413,2.5749,16.7974,17.607,0,0,0,0,5.598,4.678,0.547,0,,0.9036,0
2018-01-19,3008110,대청,72.13,909.196,21.866,28.274,61,72.24,69.2,915.297,0,21.4413,0.2322,15.8938,17.615,0,0,0,0,5.351,4.759,0.549,0,,0.7894,0
2018-01-18,3008110,대청,72.14,909.749,14.883,27.707,61.1,72.26,69.22,916.409,0,21.4413,0.2322,15.1044,17.632,0,0,0,0,5.567,3.956,0.552,0,,0.8851,0
2018-01-17,3008110,대청,72.16,910.857,27.452,27.452,61.1,72.28,69.24,917.522,10.4017,21.4413,0.2322,14.2193,17.635,0,0,0,0,5.556,3.711,0.55,0,,0.8947,0
2018-01-16,3008110,대청,72.16,910.857,15.689,28.522,61.1,72.29,69.27,918.078,4.5582,11.0396,0.2322,13.3246,17.569,0,0,0,0,5.937,4.469,0.547,0,,1.3597,0
2018-01-15,3008110,대청,72.18,911.966,15.724,28.566,61.2,72.31,69.31,919.192,0,6.4814,0.2322,11.9649,17.576,0,0,0,0,5.671,4.776,0.543,0,,1.4293,0
2018-01-14,3008110,대청,72.2,913.075,9.126,28.406,61.3,72.32,69.34,919.749,0.0936,6.4814,0.2322,10.5356,17.575,0,0,0,0,5.556,4.745,0.53,0,,0.4816,0
2018-01-13,3008110,대청,72.23,914.741,15.4,28.265,61.4,72.34,69.36,920.864,0.2038,6.3878,0.2322,10.054,17.639,0,0,0,0,5.313,4.784,0.529,0,,0.5173,0
2018-01-12,3008110,대청,72.25,915.853,15.573,28.447,61.5,72.36,69.39,921.98,0,6.184,0.1797,9.5367,17.648,0,0,0,0,5.59,4.682,0.527,0,,0.5995,0
2018-01-11,3008110,대청,72.27,916.965,8.899,28.227,61.5,72.37,69.42,922.539,0,6.184,0.1247,8.9372,17.61,0,0,0,0,5.428,4.649,0.54,0,,0.9631,0
2018-01-10,3008110,대청,72.3,918.635,15.334,28.231,61.7,72.38,69.45,923.097,1.9717,6.184,0.1247,7.9741,17.588,0,0,0,0,5.405,4.693,0.545,0,,0.3408,0
2018-01-09,3008110,대청,72.32,919.749,15.246,28.152,61.7,72.39,69.48,923.656,1.9844,4.2123,0.1247,7.6333,17.575,0,0,0,0,5.348,4.682,0.547,0,,0.4233,0
2018-01-08,3008110,대청,72.34,920.864,15.521,28.436,61.8,72.41,69.51,924.774,2.2279,2.2279,0.0273,7.21,17.651,0,0,0,0,5.59,4.647,0.548,0,,0.7708,0
2018-01-07,3008110,대청,72.36,921.98,8.878,28.268,61.9,72.41,69.54,924.774,0,0,0.0273,6.4392,17.572,0,0,0,0,5.428,4.722,0.546,0,,1.9719,0
2018-01-06,3008110,대청,72.39,923.656,21.658,28.126,62,72.42,69.57,925.333,0,0,0.0273,4.4673,17.589,0,0,0,0,5.313,4.676,0.548,0,,0.697,0
2018-01-05,3008110,대청,72.4,924.214,8.884,28.302,62,72.42,69.59,925.333,0,0,0.0273,3.7703,17.615,0,0,0,0,5.556,4.584,0.547,0,,0.8497,0
2018-01-04,3008110,대청,72.43,925.892,15.5,28.457,62.1,72.43,69.61,925.892,0,0,0.0273,2.9206,17.669,0,0,0,0,5.539,4.701,0.548,0,,0.5736,0
2018-01-03,3008110,대청,72.45,927.012,8.957,28.409,62.2,72.43,69.62,925.892,0,0,0.0273,2.347,17.64,0,0,0,0,5.54,4.662,0.567,0,,0.4907,0
2018-01-02,3008110,대청,72.48,928.692,15.433,28.413,62.3,72.43,69.64,925.892,0,0,0.0273,1.8563,17.569,0,0,0,0,5.644,4.647,0.553,0,,1.2175,0
2018-01-01,3008110,대청,72.5,929.814,15.545,28.534,62.4,72.43,69.66,925.892,0,0,0,0.6388,17.629,0,0,0,0,5.679,4.671,0.555,0,,0.6388,0
2017-12-31,3008110,대청,72.52,930.936,14.718,27.716,62.5,72.42,69.76,925.333,1.0553,945.0094,1128.4353,1171.329,17.63,0,0,0,0,4.818,4.712,0.556,0,,0.3183,0
2017-12-30,3008110,대청,72.54,932.059,14.314,27.321,62.6,72.41,69.8,924.774,0.3257,943.9541,1128.4353,1171.0107,17.62,0,0,0,0,4.391,4.753,0.557,0,,0.8363,0
2017-12-29,3008110,대청,72.56,933.183,21.26,27.767,62.6,72.39,69.85,923.656,0,943.6284,1128.4353,1170.1744,17.554,0,0,0,0,4.864,4.795,0.554,0,,0.3688,0
2017-12-28,3008110,대청,72.57,933.745,14.426,27.447,62.7,72.37,69.88,922.539,0.037,943.6284,1128.4353,1169.8056,17.71,0,0,0,0,4.526,4.658,0.553,0,,0.6506,0
2017-12-27,3008110,대청,72.59,934.87,14.654,27.684,62.7,72.35,69.92,921.422,0,943.5914,1128.4353,1169.155,17.59,0,0,0,0,4.885,4.656,0.553,0,,0.5317,0
2017-12-26,3008110,대청,72.61,935.996,7.711,27.274,62.8,72.34,69.96,920.864,0.0273,943.5914,1128.1037,1168.6233,17.593,0,0,0,0,4.397,4.728,0.556,0,,0.6483,0
2017-12-25,3008110,대청,72.64,937.686,21.237,27.762,62.9,72.32,70,919.749,0,943.5641,1116.4398,1167.975,17.656,0,0,0,0,4.831,4.719,0.556,0,,0.6502,0
2017-12-24,3008110,대청,72.65,938.25,27.855,27.855,63,72.31,70.02,919.192,16.3274,943.5641,1116.4398,1167.3248,17.652,0,0,0,0,4.985,4.661,0.557,0,,0.9402,0
2017-12-23,3008110,대청,72.65,938.25,7.054,92.095,63,72.28,70.06,917.522,0,927.2367,1116.3396,1166.3846,81.882,0,0,0,0,4.93,4.727,0.556,0,,0.5229,0
2017-12-22,3008110,대청,72.78,945.597,15.339,28.457,63.5,72.28,70.1,917.522,0,927.2367,1115.6416,1165.8617,17.695,0,0,0,0,5.504,4.706,0.552,0,,0.9618,0
2017-12-21,3008110,대청,72.8,946.731,15.285,28.412,63.5,72.27,70.13,916.965,0.1588,927.2367,1105.5291,1164.8999,17.727,0,0,0,0,5.486,4.648,0.551,0,,0.6092,0
2017-12-20,3008110,대청,72.82,947.865,8.872,28.58,63.6,72.27,70.16,916.965,0.2025,927.0779,1093.5855,1164.2907,17.595,0,0,0,0,5.622,4.822,0.541,0,,0.391,0
2017-12-19,3008110,대청,72.85,949.568,14.588,27.738,63.7,72.29,70.19,918.078,0.0948,926.8754,1093.5126,1163.8997,17.614,0,0,0,0,4.769,4.752,0.603,0,,0.3886,0
2017-12-18,3008110,대청,72.87,950.704,15.426,28.585,63.8,72.31,70.22,919.192,0,926.7806,1090.8198,1163.5111,17.706,0,0,0,0,5.643,4.695,0.541,0,,0.6144,0
2017-12-17,3008110,대청,72.89,951.841,8.767,28.524,63.9,72.33,70.25,920.307,0,926.7806,1090.8198,1162.8967,17.63,0,0,0,0,5.613,4.741,0.54,0,,0.6782,0
2017-12-16,3008110,대청,72.92,953.548,8.527,28.304,64,72.35,70.28,921.422,0,926.7806,1090.8198,1162.2185,17.642,0,0,0,0,5.371,4.751,0.54,0,,0.8525,0
2017-12-15,3008110,대청,72.95,955.257,15.366,28.562,64.1,72.36,70.31,921.98,0,926.7806,1090.8198,1161.366,17.727,0,0,0,0,5.671,4.624,0.54,0,,0.3818,0
2017-12-14,3008110,대청,72.97,956.397,8.741,28.553,64.2,72.39,70.35,923.656,0,926.7806,1090.8198,1160.9842,17.679,0,0,0,0,5.59,4.734,0.55,0,,1.1587,0
2017-12-13,3008110,대청,73,958.109,14.784,28.004,64.3,72.41,70.38,924.774,0,926.7806,1090.8198,1159.8255,17.628,0,0,0,0,5.162,4.691,0.523,0,,0.7256,0
2017-12-12,3008110,대청,73.02,959.251,14.975,48.065,64.4,72.43,70.4,925.892,0,926.7806,1090.8198,1159.0999,37.205,0,0,0,0,5.441,4.86,0.559,0,,0.3257,0
2017-12-11,3008110,대청,73.07,962.11,8.518,28.4,64.6,72.44,70.44,926.452,0,926.7806,1090.8198,1158.7742,17.64,0,0,0,0,5.507,4.694,0.559,0,,0.9091,0
2017-12-10,3008110,대청,73.1,963.827,8.594,28.497,64.7,72.46,70.47,927.572,1.5964,926.7806,1090.8198,1157.8651,17.605,0,0,0,0,5.637,4.703,0.552,0,,1.7844,0
2017-12-09,3008110,대청,73.13,965.547,21.692,28.331,64.8,72.47,70.5,928.132,0.0663,925.1842,1090.8198,1156.0807,17.589,0,0,0,0,5.533,4.654,0.555,0,,1.118,0
2017-12-08,3008110,대청,73.14,966.121,8.339,28.269,64.8,72.49,70.52,929.253,0,925.1179,1088.3803,1154.9627,17.593,0,0,0,0,5.475,4.644,0.557,0,,0.922,0
2017-12-07,3008110,대청,73.17,967.843,22.007,28.655,65,72.51,70.54,930.375,3.4291,925.1179,1087.5085,1154.0407,17.622,0,0,0,0,5.832,4.644,0.557,0,,1.0068,0
2017-12-06,3008110,대청,73.18,968.417,8.212,28.17,65,72.53,70.57,931.497,0.7091,921.6888,1087.3297,1153.0339,17.673,0,0,0,0,5.312,4.63,0.555,0,,1.5831,0
2017-12-05,3008110,대청,73.21,970.141,15.005,28.322,65.1,72.55,70.59,932.621,0,920.9797,1087.3297,1151.4508,17.606,0,0,0,0,5.532,4.63,0.554,0,,0.7104,0
2017-12-04,3008110,대청,73.23,971.292,8.608,28.601,65.2,72.58,70.62,934.307,0.5061,920.9797,1087.3297,1150.7404,17.605,0,0,0,0,5.81,4.631,0.555,0,,2.7838,0
2017-12-03,3008110,대청,73.26,973.019,14.935,28.275,65.3,72.59,70.64,934.87,0,920.4736,1087.3297,1147.9566,17.63,0,0,0,0,5.509,4.586,0.55,0,,1.2865,0
2017-12-02,3008110,대청,73.28,974.172,14.941,28.291,65.4,72.62,70.67,936.559,0,920.4736,1087.3297,1146.6701,17.597,0,0,0,0,5.44,4.705,0.549,0,,0.7723,0
2017-12-01,3008110,대청,73.3,975.325,11.941,38.668,65.5,72.64,70.69,937.686,0,920.4736,1087.3297,1145.8978,27.628,0,0,0,0,5.833,4.658,0.549,0,,0.5889,0
2017-11-30,3008110,대청,73.34,977.635,18.496,38.566,65.6,72.66,70.7,938.814,0,920.4736,1086.986,1145.3089,27.592,0,0,0,0,5.729,4.691,0.554,0,,2.2813,0
2017-11-29,3008110,대청,73.37,979.369,8.318,28.409,65.7,72.67,70.7,939.378,0,920.4736,1085.2529,1143.0276,17.598,0,0,0,0,5.556,4.7,0.555,0,,2.4148,0
2017-11-28,3008110,대청,73.4,981.105,14.994,28.4,65.9,72.7,70.72,941.072,0,920.4736,1085.2004,1140.6128,17.59,0,0,0,0,5.625,4.629,0.556,0,,1.5101,0
2017-11-27,3008110,대청,73.42,982.263,15.036,28.451,65.9,72.72,70.74,942.202,0,920.4736,1085.2004,1139.1027,17.571,0,0,0,0,5.683,4.639,0.558,0,,2.4492,0
2017-11-26,3008110,대청,73.44,983.422,15.003,28.427,66,72.74,70.76,943.333,1.9689,920.4736,1080.9106,1136.6535,17.571,0,0,0,0,5.636,4.661,0.559,0,,0.9793,0
2017-11-25,3008110,대청,73.46,984.582,14.79,28.224,66.1,72.76,70.79,944.465,0.5894,918.5047,1080.6636,1135.6742,17.627,0,0,0,0,5.405,4.636,0.556,0,,1.2194,0
2017-11-24,3008110,대청,73.48,985.742,15.034,28.477,66.2,72.78,70.81,945.597,4.3119,917.9153,1080.6636,1134.4548,17.58,0,0,0,0,5.73,4.598,0.569,0,,1.809,0
2017-11-23,3008110,대청,73.5,986.904,11.077,24.529,66.2,72.8,70.83,946.731,0.1351,913.6034,1080.6636,1132.6458,14.026,0,0,0,0,5.424,4.499,0.58,0,,1.0766,0
2017-11-22,3008110,대청,73.52,988.066,11.599,38.532,66.3,72.82,70.86,947.865,0.3632,913.4683,1080.6636,1131.5692,27.604,0,0,0,0,5.81,4.538,0.58,0,,0.8541,0
2017-11-21,3008110,대청,73.56,990.393,11.168,38.138,66.5,72.84,70.88,949,0,913.1051,1080.6066,1130.7151,27.629,0,0,0,0,5.637,4.478,0.394,0,,0.6553,0
2017-11-20,3008110,대청,73.6,992.723,11.487,38.494,66.6,72.86,70.91,950.136,0,913.1051,1080.175,1130.0598,27.588,0,0,0,0,5.706,4.642,0.558,0,,0.8905,0
2017-11-19,3008110,대청,73.64,995.057,14.497,28.015,66.8,72.87,70.93,950.704,0,913.1051,1080.1245,1129.1693,17.653,0,0,0,0,5.267,4.538,0.557,0,,1.3099,0
2017-11-18,3008110,대청,73.66,996.225,11.246,38.31,66.9,72.89,70.95,951.841,0,913.1051,1078.9658,1127.8594,27.616,0,0,0,0,5.59,4.544,0.56,0,,1.0883,0
2017-11-17,3008110,대청,73.7,998.563,4.684,38.566,67,72.9,70.98,952.41,0.0634,913.1051,1070.5542,1126.7711,27.647,0,0,0,0,5.718,4.64,0.561,0,,0.6255,0
2017-11-16,3008110,대청,73.75,1001.49,17.89,38.247,67.2,72.92,71,953.548,0,913.0417,1070.5542,1126.1456,27.645,0,0,0,0,5.452,4.588,0.562,0,,1.0752,0
2017-11-15,3008110,대청,73.78,1003.249,4.593,38.569,67.3,72.93,71.02,954.117,0,913.0417,1070.5542,1125.0704,27.679,0,0,0,0,5.844,4.479,0.567,0,,0.3602,0
2017-11-14,3008110,대청,73.83,1006.185,4.369,38.404,67.5,72.95,71.05,955.257,0.073,913.0417,1070.5542,1124.7102,27.672,0,0,0,0,5.567,4.599,0.566,0,,0.8225,0
2017-11-13,3008110,대청,73.88,1009.125,17.479,37.928,67.7,72.97,71.08,956.397,0.0525,912.9687,1070.5017,1123.8877,27.522,0,0,0,0,5.324,4.519,0.563,0,,1.9385,0
2017-11-12,3008110,대청,73.91,1010.892,11.018,38.316,67.9,72.98,71.11,956.967,0,912.9162,1070.5017,1121.9492,27.607,0,0,0,0,5.695,4.453,0.561,0,,1.667,0
2017-11-11,3008110,대청,73.95,1013.251,17.935,38.433,68,72.99,71.14,957.538,0,912.9162,1070.5017,1120.2822,27.615,0,0,0,0,5.706,4.548,0.564,0,,3.8169,0
2017-11-10,3008110,대청,73.98,1015.022,4.293,38.504,68.1,73,71.16,958.109,1.849,912.9162,1069.894,1116.4653,27.608,0,0,0,0,5.833,4.494,0.569,0,,0.9882,0
2017-11-09,3008110,대청,74.03,1017.978,17.877,38.432,68.3,73,71.19,958.109,0,911.0672,1066.4132,1115.4771,27.683,0,0,0,0,5.683,4.494,0.572,0,,1.9724,0
2017-11-08,3008110,대청,74.06,1019.754,11.18,38.619,68.4,73.02,71.23,959.251,0.1673,911.0672,1066.4132,1113.5047,27.613,0,0,0,0,5.845,4.587,0.574,0,,1.8059,0
2017-11-07,3008110,대청,74.1,1022.124,17.779,38.383,68.6,73.02,71.26,959.251,0,910.8999,1060.8791,1111.6988,27.64,0,0,0,0,5.66,4.51,0.573,0,,1.5372,0
2017-11-06,3008110,대청,74.13,1023.905,17.725,38.35,68.7,73.03,71.28,959.822,0,910.8999,1060.017,1110.1616,27.636,0,0,0,0,5.671,4.47,0.573,0,,2.6395,0
2017-11-05,3008110,대청,74.16,1025.687,14.214,27.976,68.8,73.04,71.31,960.394,0,910.8999,1060.017,1107.5221,17.609,0,0,0,0,5.243,4.553,0.571,0,,1.5866,0
2017-11-04,3008110,대청,74.18,1026.876,14.901,28.673,68.9,73.05,71.34,960.966,0,910.8999,1060.017,1105.9355,17.603,0,0,0,0,5.984,4.517,0.569,0,,0.3517,0
2017-11-03,3008110,대청,74.2,1028.066,7.445,28.12,69,73.06,71.37,961.537,0.2045,910.8999,1060.017,1105.5838,17.585,0,0,0,0,5.428,4.542,0.565,0,,0.4201,0
2017-11-02,3008110,대청,74.23,1029.852,21.563,28.459,69.1,73.07,71.4,962.11,0,910.6954,1060.017,1105.1637,17.592,0,0,0,0,5.614,4.698,0.555,0,,0.9068,0
2017-11-01,3008110,대청,74.24,1030.448,8.017,28.72,69.2,73.08,71.42,962.682,0,910.6954,1060.017,1104.2569,17.675,0,0,0,0,5.833,4.663,0.549,0,,1.9842,0
2017-10-31,3008110,대청,74.27,1032.237,20.662,41.387,69.3,73.08,71.44,962.682,0,910.6954,1060.017,1102.2727,30.391,0,0,0,0,5.73,4.715,0.551,0,,3.2365,0
2017-10-30,3008110,대청,74.3,1034.027,6.568,41.156,69.4,73.09,71.46,963.255,0,910.6954,1060.017,1099.0362,30.373,0,0,0,0,5.486,4.746,0.551,0,,1.0297,0
2017-10-29,3008110,대청,74.35,1037.016,13.652,41.365,69.6,73.09,71.5,963.255,0,910.6954,1060.017,1098.0065,30.423,0,0,0,0,5.567,4.828,0.547,0,,2.2576,0
2017-10-28,3008110,대청,74.39,1039.41,13.831,41.582,69.8,73.09,71.53,963.255,0,910.6954,1059.9441,1095.7489,30.397,0,0,0,0,5.81,4.827,0.548,0,,1.6101,0
2017-10-27,3008110,대청,74.43,1041.808,20.459,41.297,69.9,73.09,71.56,963.255,0,910.6954,1052.0693,1094.1388,30.4,0,0,0,0,5.532,4.813,0.552,0,,1.4971,0
2017-10-26,3008110,대청,74.46,1043.608,20.177,41.037,70,73.08,71.58,962.682,0,910.6954,1052.0693,1092.6417,30.407,0,0,0,0,5.405,4.674,0.551,0,,0.4752,0
2017-10-25,3008110,대청,74.49,1045.41,13.191,41.037,70.2,73.08,71.61,962.682,0,910.6954,1052.0693,1092.1665,30.363,0,0,0,0,5.44,4.674,0.56,0,,0.9691,0
2017-10-24,3008110,대청,74.53,1047.816,20.63,41.539,70.3,73.06,71.64,961.537,0,910.6954,1040.3211,1091.1974,30.757,0,0,0,0,5.486,4.73,0.566,0,,1.0159,0
2017-10-23,3008110,대청,74.56,1049.623,20.258,41.189,70.4,73.08,71.66,962.682,0,910.6954,1040.2192,1090.1815,30.414,0,0,0,0,5.521,4.69,0.564,0,,0.5809,0
2017-10-22,3008110,대청,74.59,1051.431,13.151,41.092,70.6,73.07,71.68,962.11,0,910.6954,1039.4249,1089.6006,30.437,0,0,0,0,5.475,4.616,0.564,0,,3.9296,0
2017-10-21,3008110,대청,74.63,1053.845,20.133,41.114,70.7,73.07,71.71,962.11,0,910.6954,1039.4249,1085.671,30.438,0,0,0,0,5.324,4.794,0.558,0,,2.979,0
2017-10-20,3008110,대청,74.66,1055.658,20.47,41.472,70.9,73.07,71.73,962.11,0,910.6954,1039.4249,1082.692,30.602,0,0,0,0,5.591,4.716,0.563,0,,0.6221,0
2017-10-19,3008110,대청,74.69,1057.473,22.216,29.221,71,73.06,71.76,961.537,0.0449,910.6954,1039.4249,1082.0699,18.445,0,0,0,0,5.532,4.665,0.579,0,,0.7719,0
2017-10-18,3008110,대청,74.7,1058.078,15.028,29.046,71,73.03,71.8,959.822,0,910.6505,1039.4249,1081.298,18.391,0,0,0,0,5.324,4.75,0.581,0,,0.7459,0
2017-10-17,3008110,대청,74.72,1059.289,29.417,29.417,71.1,73.02,71.82,959.251,0,910.6505,1039.4249,1080.5521,18.584,0,0,0,0,5.555,4.698,0.58,0,,1.1643,0
2017-10-16,3008110,대청,74.72,1059.289,22.195,29.208,71.1,73,71.85,958.109,0,910.6505,1037.933,1079.3878,18.412,0,0,0,0,5.602,4.635,0.559,0,,1.6457,0
2017-10-15,3008110,대청,74.73,1059.895,29.134,29.134,71.1,72.98,71.88,956.967,0.057,910.6505,1025.3719,1077.7421,18.388,0,0,0,0,5.441,4.749,0.556,0,,0.4427,0
2017-10-14,3008110,대청,74.73,1059.895,29.117,29.117,71.1,72.95,71.89,955.257,0,910.5935,1025.3719,1077.2994,18.391,0,0,0,0,5.428,4.742,0.556,0,,1.2123,0
2017-10-13,3008110,대청,74.73,1059.895,22.007,29.022,71.1,72.92,71.9,953.548,0,910.5935,1025.3719,1076.0871,18.38,0,0,0,0,5.382,4.708,0.552,0,,1.0798,0
2017-10-12,3008110,대청,74.74,1060.501,22.326,29.343,71.2,72.88,71.9,951.272,10.7428,910.5935,1025.3719,1075.0073,18.43,0,0,0,0,5.659,4.702,0.552,0,,2.9114,0
2017-10-11,3008110,대청,74.75,1061.107,29.086,29.086,71.2,72.8,71.9,946.731,4.9742,899.8507,1025.3719,1072.0959,18.414,0,0,0,0,5.428,4.695,0.549,0,,2.2339,0
2017-10-10,3008110,대청,74.75,1061.107,22.434,29.454,71.2,72.68,71.92,939.942,0,894.8765,1025.3719,1069.862,18.422,0,0,0,0,5.706,4.766,0.56,0,,3.2721,0
2017-10-09,3008110,대청,74.76,1061.714,29.318,29.318,71.3,72.46,71.94,927.572,0,894.8765,1025.3719,1066.5899,18.374,0,0,0,0,5.613,4.772,0.559,0,,1.1712,0
2017-10-08,3008110,대청,74.76,1061.714,22.087,29.109,71.3,71.88,71.96,895.418,0.1567,894.8765,1025.3719,1065.4187,18.517,0,0,0,0,5.278,4.754,0.56,0,,2.1802,0
2017-10-07,3008110,대청,74.77,1062.32,28.62,28.62,71.3,71.45,71.98,872.007,0,894.7198,988.7741,1063.2385,18.414,0,0,0,0,5.036,4.61,0.56,0,,0.9605,0
2017-10-06,3008110,대청,74.77,1062.32,28.463,28.463,71.3,71.25,72.01,861.241,3.0989,894.7198,973.3342,1062.278,18.418,0,0,0,0,4.826,4.66,0.559,0,,1.4665,0
2017-10-05,3008110,대청,74.77,1062.32,27.977,27.977,71.3,70.94,72.04,844.709,0,891.6209,973.3342,1060.8115,18.316,0,0,0,0,4.502,4.6,0.559,0,,2.5217,0
2017-10-04,3008110,대청,74.77,1062.32,42.305,28.263,71.3,70.89,72.07,842.06,0,891.6209,934.8689,1058.2898,18.432,0,0,0,0,4.699,4.571,0.561,0,,0.4368,0
2017-10-03,3008110,대청,74.75,1061.107,36.516,29.499,71.2,70.88,72.1,841.53,0.0505,891.6209,934.7448,1057.853,18.411,0,0,0,0,5.693,4.834,0.561,0,,0.6285,0
2017-10-02,3008110,대청,74.74,1060.501,36.038,29.023,71.2,70.88,72.12,841.53,3.9242,891.5704,926.3838,1057.2245,18.393,0,0,0,0,5.313,4.755,0.562,0,,2.6167,0
2017-10-01,3008110,대청,74.73,1059.895,35.852,28.839,71.1,70.87,72.13,841.001,10.4203,887.6462,925.3124,1054.6078,18.396,0,0,0,0,5.15,4.733,0.56,0,,2.4519,0
2017-09-30,3008110,대청,74.72,1059.289,37.993,30.983,71.1,70.87,72.06,841.001,0,877.2259,924.0895,1052.1559,19.813,0,0,0,0,5.706,4.904,0.56,0,,4.6666,0
2017-09-29,3008110,대청,74.71,1058.683,52.044,31.028,71.1,70.89,72.06,842.06,0,877.2259,916.3206,1047.4893,19.818,0,0,0,0,5.764,4.885,0.561,0,,4.1139,0
2017-09-28,3008110,대청,74.68,1056.868,58.747,30.759,70.9,70.92,72.09,843.649,0.0974,877.2259,916.2028,1043.3754,19.812,0,0,0,0,5.567,4.822,0.558,0,,1.4761,0
2017-09-27,3008110,대청,74.64,1054.449,58.581,30.631,70.8,70.93,72.13,844.179,38.58,877.1285,915.533,1041.8993,19.816,0,0,0,0,5.451,4.808,0.556,0,,3.2124,0
2017-09-26,3008110,대청,74.6,1052.034,23.961,30.945,70.6,70.91,72.16,843.119,0,838.5485,903.0495,1038.6869,20.001,0,0,0,0,5.556,4.82,0.568,0,,0.9442,0
2017-09-25,3008110,대청,74.61,1052.638,23.91,30.896,70.7,70.93,72.19,844.179,0,838.5485,902.5017,1037.7427,19.779,0,0,0,0,5.706,4.843,0.568,0,,0.5699,0
2017-09-24,3008110,대청,74.62,1053.241,23.785,30.774,70.7,70.95,72.22,845.239,0,838.5485,902.5017,1037.1728,20.036,0,0,0,0,5.347,4.82,0.571,0,,6.3591,0
2017-09-23,3008110,대청,74.63,1053.845,23.67,30.661,70.7,70.96,72.24,845.77,0,838.5485,902.5017,1030.8137,19.805,0,0,0,0,5.439,4.849,0.568,0,,3.4613,0
2017-09-22,3008110,대청,74.64,1054.449,23.734,30.728,70.8,70.95,72.24,845.239,0,838.5485,902.5017,1027.3524,19.801,0,0,0,0,5.556,4.805,0.566,0,,0.9187,0
2017-09-21,3008110,대청,74.65,1055.054,23.715,30.711,70.8,70.92,72.26,843.649,0,838.5485,902.4464,1026.4337,19.803,0,0,0,0,5.486,4.855,0.567,0,,2.9817,0
2017-09-20,3008110,대청,74.66,1055.658,23.744,30.742,70.9,70.86,72.3,840.473,0.9301,838.5485,902.4464,1023.452,19.778,0,0,0,0,5.578,4.844,0.542,0,,3.09,0
2017-09-19,3008110,대청,74.67,1056.263,30.586,30.586,70.9,70.74,72.32,834.142,0.1042,837.6184,902.4464,1020.362,19.777,0,0,0,0,5.44,4.801,0.568,0,,2.927,0
2017-09-18,3008110,대청,74.67,1056.263,37.49,30.492,70.9,70.46,72.35,819.477,0,837.5142,902.4464,1017.435,19.754,0,0,0,0,5.359,4.813,0.566,0,,2.8902,0
2017-09-17,3008110,대청,74.66,1055.658,37.535,30.539,70.9,69.97,72.33,793.931,0,837.5142,891.9,1014.5448,19.801,0,0,0,0,5.359,4.813,0.566,0,,8.5457,0
2017-09-16,3008110,대청,74.65,1055.054,44.505,30.52,70.8,69.81,72.23,785.742,0,837.5142,798.4915,1005.9991,19.807,0,0,0,0,5.382,4.763,0.568,0,,6.6173,0
2017-09-15,3008110,대청,74.63,1053.845,51.464,30.505,70.7,69.84,72.21,787.273,0,837.5142,792.9312,999.3818,19.79,0,0,0,0,5.313,4.834,0.568,0,,5.4857,0
2017-09-14,3008110,대청,74.6,1052.034,79.117,30.295,70.6,69.89,72.24,789.829,0,837.5142,792.9312,993.8961,19.837,0,0,0,0,5.08,4.809,0.569,0,,5.6375,0
2017-09-13,3008110,대청,74.53,1047.816,135.372,31.145,70.3,69.93,72.18,791.878,0,837.5142,792.9312,988.2586,19.843,0,0,0,0,5.903,4.83,0.569,0,,3.803,0
2017-09-12,3008110,대청,74.38,1038.811,210.069,30.67,69.7,69.97,72.09,793.931,0,837.5142,792.8582,984.4556,19.814,0,0,0,0,5.463,4.83,0.563,0,,5.3555,0
2017-09-11,3008110,대청,74.12,1023.311,139.915,30.308,68.7,70.01,72.07,796.226,57.5816,837.5142,791.4303,979.1001,19.838,0,0,0,0,5.186,4.721,0.563,0,,6.4842,0
2017-09-10,3008110,대청,73.96,1013.841,23.602,30.435,68,70.06,72.07,798.79,0,779.9326,791.2691,972.6159,19.799,0,0,0,0,5.289,4.787,0.56,0,,4.5987,0
2017-09-09,3008110,대청,73.97,1014.431,25.339,32.174,68.1,70.1,72.04,800.845,0,779.9326,784.6455,968.0172,19.917,0,0,0,0,5.537,4.766,1.954,0,,5.0323,0
2017-09-08,3008110,대청,73.98,1015.022,32.353,32.353,68.1,70.14,72.05,802.903,0,779.9326,783.6082,962.9849,19.927,0,0,0,0,5.405,4.762,2.259,0,,4.1497,0
2017-09-07,3008110,대청,73.98,1015.022,29.866,29.866,68.1,70.18,72.06,804.964,0.0505,779.9326,782.6757,958.8352,19.772,0,0,0,0,4.744,4.748,0.602,0,,3.0402,0
2017-09-06,3008110,대청,73.98,1015.022,30.236,30.236,68.1,70.22,72.1,807.028,3.343,779.8821,781.6354,955.795,19.826,0,0,0,0,5.153,4.737,0.52,0,,3.0335,0
2017-09-05,3008110,대청,73.98,1015.022,23.988,30.825,68.1,70.27,72.15,809.613,1.3681,776.5391,781.5624,952.7615,19.807,0,0,0,0,5.753,4.765,0.5,0,,6.0773,0
2017-09-04,3008110,대청,73.99,1015.613,33.891,40.731,68.2,70.31,72.2,811.684,0,775.171,780.5957,946.6842,29.82,0,0,0,0,5.559,4.861,0.491,0,,2.9985,0
2017-09-03,3008110,대청,74,1016.204,37.538,30.698,68.2,70.35,72.17,813.758,0,775.171,779.6648,943.6857,19.745,0,0,0,0,5.535,4.879,0.539,0,,4.3761,0
2017-09-02,3008110,대청,73.99,1015.613,37.914,31.077,68.2,70.38,72.12,815.315,0,775.171,779.6648,939.3096,19.835,0,0,0,0,5.842,4.88,0.52,0,,9.3467,0
2017-09-01,3008110,대청,73.98,1015.022,41.681,34.846,68.1,70.41,72.08,816.875,0,775.171,768.4825,929.9629,23.061,0,0,0,0,6.332,4.905,0.548,0,,5.9721,0
2017-08-31,3008110,대청,73.97,1014.431,63.158,69.993,68.1,70.43,71.8,817.915,0,775.171,768.1821,923.9908,59.081,0,0,0,0,5.394,4.974,0.544,0,,11.8677,0
2017-08-30,3008110,대청,73.98,1015.022,82.542,185.351,68.1,70.48,71.55,820.52,0.037,775.171,756.7334,912.1231,174.46,0,0,0,0,5.533,4.816,0.542,0,,13.8681,0
2017-08-29,3008110,대청,74.13,1023.905,123.049,240.208,68.7,70.53,71.35,823.129,4.2874,775.134,753.3784,898.255,229.121,0,0,0,0,5.706,4.844,0.537,0,,6.6746,0
2017-08-28,3008110,대청,74.3,1034.027,107.174,238.924,69.4,70.6,71.33,826.791,13.679,770.8466,752.9889,891.5804,227.738,0,0,0,0,5.718,4.911,0.557,0,,8.2061,0
2017-08-27,3008110,대청,74.49,1045.41,126.82,238.431,70.2,70.65,71.32,829.412,0,757.1676,746.6376,883.3743,227.75,0,0,0,0,5.208,4.913,0.56,0,,5.5459,0
2017-08-26,3008110,대청,74.65,1055.054,203.326,238.329,70.8,70.71,71.21,832.563,0,757.1676,746.4809,877.8284,227.216,0,0,0,0,5.66,4.89,0.563,0,,7.7168,0
2017-08-25,3008110,대청,74.7,1058.078,298.783,235.82,71,70.77,71.08,835.722,0.3074,757.1676,735.5956,870.1116,224.479,0,0,0,0,5.822,4.961,0.558,0,,10.5607,0
2017-08-24,3008110,대청,74.61,1052.638,189.418,238.373,70.7,70.9,70.99,842.589,23.3974,756.8602,735.5956,859.5509,227.346,0,0,0,0,5.521,4.944,0.562,0,,7.4232,0
2017-08-23,3008110,대청,74.68,1056.868,152.658,194.712,70.9,70.96,71.03,845.77,7.5356,733.4628,735.5683,852.1277,183.357,0,0,0,0,5.833,4.96,0.562,0,,5.3782,0
2017-08-22,3008110,대청,74.74,1060.501,146.184,237.594,71.2,71.03,71.06,849.489,4.7398,725.9272,734.1893,846.7495,226.568,0,0,0,0,5.66,4.802,0.564,0,,6.6773,0
2017-08-21,3008110,대청,74.87,1068.399,137.929,236.821,71.7,71.1,70.99,853.218,21.5679,721.1874,734.1893,840.0722,225.864,0,0,0,0,5.451,4.939,0.567,0,,10.4228,0
2017-08-20,3008110,대청,75.01,1076.943,129.353,235.829,72.3,71.16,70.92,856.422,2.8454,699.6195,734.1893,829.6494,225.146,0,0,0,0,5.232,4.877,0.574,0,,9.9484,0
2017-08-19,3008110,대청,75.16,1086.143,164.157,235.44,72.9,71.22,70.91,859.633,3.8031,696.7741,734.1893,819.701,224.517,0,0,0,0,5.393,4.96,0.57,0,,5.0949,0
2017-08-18,3008110,대청,75.26,1092.302,236.823,129.988,73.3,71.28,70.82,862.851,0.1732,692.971,734.1893,814.6061,118.848,0,0,0,0,5.624,4.94,0.576,0,,9.2252,0
2017-08-17,3008110,대청,75.11,1083.071,310.669,56.459,72.7,71.34,70.82,866.076,10.6647,692.7978,732.743,805.3809,45.458,0,0,0,0,5.533,4.9,0.568,0,,5.8455,0
2017-08-16,3008110,대청,74.75,1061.107,465.98,28.523,71.2,71.4,70.75,869.308,13.6047,682.1331,732.629,799.5354,17.61,0,0,0,0,5.405,4.955,0.553,0,,10.6136,0
2017-08-15,3008110,대청,74.12,1023.311,527.835,25.938,68.7,71.47,70.51,873.088,23.8445,668.5284,732.629,788.9218,15.462,0,0,0,0,5.127,4.802,0.547,0,,10.7819,0
2017-08-14,3008110,대청,73.38,979.947,207.751,27.812,65.8,71.53,70.38,876.335,60.365,644.6839,732.629,778.1399,17.506,0,0,0,0,4.988,4.672,0.646,0,,7.907,0
2017-08-13,3008110,대청,73.11,964.4,42.455,29.194,64.7,71.58,70.31,879.046,1.4234,584.3189,730.342,770.2329,17.629,0,0,0,0,5.162,4.777,1.626,0,,9.7233,0
2017-08-12,3008110,대청,73.09,963.255,56.149,29.654,64.7,71.64,70.33,882.306,0,582.8955,730.342,760.5096,17.593,0,0,0,0,5.567,4.874,1.62,0,,8.2979,0
2017-08-11,3008110,대청,73.05,960.966,62.237,29.17,64.5,71.69,70.21,885.029,4.1805,582.8955,730.342,752.2117,17.594,0,0,0,0,5.797,4.847,0.932,0,,7.2073,0
2017-08-10,3008110,대청,73,958.109,73.09,33.487,64.3,71.74,70.15,887.756,6.822,578.715,730.342,745.0044,22.319,0,0,0,0,5.981,4.884,0.303,0,,11.4321,0
2017-08-09,3008110,대청,72.94,954.687,89.464,36.789,64.1,71.79,70.15,890.488,13.5042,571.893,730.342,733.5723,26.305,0,0,0,0,5.417,4.763,0.304,0,,6.529,0
2017-08-08,3008110,대청,72.86,950.136,76.58,37.171,63.8,71.83,70.15,892.677,0.0552,558.3888,729.5566,727.0433,26.303,0,0,0,0,5.718,4.848,0.302,0,,6.2316,0
2017-08-07,3008110,대청,72.8,946.731,82.981,37.109,63.5,71.89,70.2,895.966,2.3229,558.3336,726.402,720.8117,26.32,0,0,0,0,5.648,4.843,0.298,0,,6.5615,0
2017-08-06,3008110,대청,72.73,942.767,37.167,37.167,63.3,71.93,70.23,898.163,18.0152,556.0107,719.6176,714.2502,26.461,0,0,0,0,5.567,4.847,0.292,0,,6.325,0
2017-08-05,3008110,대청,72.73,942.767,46.822,33.736,63.3,71.98,70.17,900.914,0,537.9955,718.8887,707.9252,23.052,0,0,0,0,5.475,4.907,0.302,0,,1.4496,0
2017-08-04,3008110,대청,72.71,941.637,60.715,28.042,63.2,72.01,70.07,902.567,0,537.9955,718.8887,706.4756,17.633,0,0,0,0,5.323,4.785,0.301,0,,10.316,0
2017-08-03,3008110,대청,72.66,938.814,73.988,28.342,63,72.07,69.89,905.878,0,537.9955,718.8887,696.1596,17.662,0,0,0,0,5.555,4.835,0.29,0,,10.6016,0
2017-08-02,3008110,대청,72.59,934.87,118.988,28.034,62.7,72.15,69.78,910.303,0,537.9955,715.5444,685.558,17.831,0,0,0,0,5.648,4.255,0.3,0,,6.61,0
2017-08-01,3008110,대청,72.45,927.012,152.384,36.105,62.2,72.23,69.81,914.741,8.2744,537.9955,705.4595,678.948,26.308,0,0,0,0,5.302,4.191,0.304,0,,6.0977,0
2017-07-31,3008110,대청,72.27,916.965,105.136,28.029,61.5,72.3,69.86,918.635,24.6416,529.7211,705.4595,672.8503,17.646,0,0,0,0,5.312,4.777,0.294,0,,3.6365,0
2017-07-30,3008110,대청,72.15,910.303,66.632,28.202,61.1,72.36,69.89,921.98,1.364,505.0795,704.6625,669.2138,17.594,0,0,0,0,5.498,4.811,0.299,0,,3.7152,0
2017-07-29,3008110,대청,72.09,906.983,60.42,28.458,60.9,72.43,69.92,925.892,17.8927,503.7155,701.7873,665.4986,17.763,0,0,0,0,5.555,4.841,0.299,0,,5.7445,0
2017-07-28,3008110,대청,72.04,904.221,53.353,27.824,60.7,72.51,69.97,930.375,2.2673,485.8228,697.5489,659.7541,17.575,0,0,0,0,5.116,4.843,0.29,0,,4.9704,0
2017-07-27,3008110,대청,72,902.016,60.294,28.435,60.5,72.58,70.08,934.307,0,483.5555,696.7444,654.7837,17.615,0,0,0,0,5.683,4.844,0.293,0,,3.0621,0
2017-07-26,3008110,대청,71.95,899.263,117.191,28.288,60.4,72.66,70.03,938.814,0,483.5555,696.3592,651.7216,17.563,0,0,0,0,5.602,4.828,0.295,0,,8.5078,0
2017-07-25,3008110,대청,71.81,891.582,133.117,32.06,59.8,72.73,70.01,942.767,21.3487,483.5555,696.3592,643.2138,21.095,0,0,0,0,5.891,4.782,0.292,0,,8.0012,0
2017-07-24,3008110,대청,71.65,882.85,45.252,32.661,59.3,72.81,69.93,947.298,9.8736,462.2068,696.3592,635.2126,22.038,0,0,0,0,5.591,4.744,0.288,0,,4.1017,0
2017-07-23,3008110,대청,71.63,881.762,38.67,32.378,59.2,72.88,69.72,951.272,1.148,452.3332,696.3592,631.1109,21.976,0,0,0,0,5.359,4.757,0.286,0,,13.2694,0
2017-07-22,3008110,대청,71.62,881.219,33.08,33.08,59.1,72.95,69.4,955.257,0,451.1852,696.3592,617.8415,21.985,0,0,0,0,5.984,4.825,0.286,0,,9.9586,0
2017-07-21,3008110,대청,71.62,881.219,58.162,33.016,59.1,73.02,69.41,959.251,0,451.1852,696.3592,607.8829,22.059,0,0,0,0,5.868,4.803,0.286,0,,5.2708,0
2017-07-20,3008110,대청,71.58,879.046,70.62,32.969,59,73.26,69.41,973.019,0,451.1852,696.3592,602.6121,22.011,0,0,0,0,5.938,4.739,0.281,0,,3.0131,0
2017-07-19,3008110,대청,71.52,875.793,98.361,29.545,58.8,73.57,69.35,990.975,0,451.1852,696.0466,599.599,19.081,0,0,0,0,5.405,4.776,0.283,0,,6.0697,0
2017-07-18,3008110,대청,71.41,869.847,115.498,28.31,58.4,73.87,69.25,1008.537,0.6423,451.1852,695.2063,593.5293,17.596,0,0,0,0,5.66,4.764,0.29,0,,6.6004,0
2017-07-17,3008110,대청,71.27,862.314,207.667,28.468,57.9,74.14,68.93,1024.498,8.7191,450.5429,695.2063,586.9289,17.617,0,0,0,0,5.764,4.797,0.29,0,,13.7807,0
2017-07-16,3008110,대청,70.98,846.832,223.541,27.995,56.8,74.4,68.42,1040.009,9.0382,441.8238,694.9503,573.1482,17.658,0,0,0,0,5.359,4.703,0.275,0,,13.5616,0
2017-07-15,3008110,대청,70.66,829.936,154.754,27.671,55.7,74.59,68.16,1051.431,26.8336,432.7856,680.0881,559.5866,17.635,0,0,0,0,5.07,4.69,0.276,0,,15.0224,0
2017-07-14,3008110,대청,70.45,818.956,81.785,27.622,55,74.68,67.92,1056.868,11.7273,405.952,680.0881,544.5642,16.975,0,0,0,0,5.787,4.723,0.137,0,,11.0224,0
2017-07-13,3008110,대청,70.36,814.277,81.699,27.716,54.7,74.73,67.68,1059.895,0,394.2247,680.0152,533.5418,17.136,0,0,0,0,5.856,4.724,0,0,,10.9398,0
2017-07-12,3008110,대청,70.27,809.613,117.276,27.703,54.3,74.95,67.38,1073.276,0,394.2247,680.0152,522.602,16.955,0,0,0,0,6.019,4.729,0,0,,13.9519,0
2017-07-11,3008110,대청,70.12,801.873,196.953,27.964,53.8,75.16,67.26,1086.143,5.3224,394.2247,679.3818,508.6501,17.632,0,0,0,0,5.613,4.719,0,0,,15.6804,0
2017-07-10,3008110,대청,69.84,787.273,208.715,26.742,52.8,75.33,67,1096.625,7.4904,388.9023,676.7315,492.9697,16.647,0,0,0,0,5.498,4.597,0,0,,11.5419,0
2017-07-09,3008110,대청,69.53,771.55,247.506,27.848,51.8,75.45,66.72,1104.06,14.2697,381.4119,676.7315,481.4278,17.6,0,0,0,0,5.602,4.646,0,0,,13.6777,0
2017-07-08,3008110,대청,69.15,752.572,170.366,27.884,50.5,75.42,66.6,1102.199,34.9526,367.1422,676.7315,467.7501,17.652,0,0,0,0,5.545,4.592,0.095,0,,7.4226,0
2017-07-07,3008110,대청,68.9,740.261,67.429,27.821,49.7,75.11,66.44,1083.071,0.774,332.1896,676.4535,460.3275,17.624,0,0,0,0,5.346,4.589,0.262,0,,7.9216,0
2017-07-06,3008110,대청,68.83,736.839,96.002,28.394,49.5,72.87,66.2,950.704,7.5128,331.4156,672.2706,452.4059,17.628,0,0,0,0,5.811,4.678,0.277,0,,11.6924,0
2017-07-05,3008110,대청,68.71,730.998,188.533,21.114,49.1,70.24,65.88,808.061,0,323.9028,567.5298,440.7135,9.999,0,0,0,0,6.111,4.682,0.322,0,,9.5038,0
2017-07-04,3008110,대청,68.41,716.533,372.314,28.118,48.1,68.11,65.71,702.264,19.3544,323.9028,548.4823,431.2097,17.645,0,0,0,0,5.648,4.514,0.311,0,,10.2655,0
2017-07-03,3008110,대청,67.78,686.794,218.4,47.361,46.1,66.58,65.56,632.498,59.3482,304.5484,455.9263,420.9442,37.328,0,0,0,0,5.312,4.454,0.267,0,,12.4366,0
2017-07-02,3008110,대청,67.46,672.017,63.136,47.231,45.1,66.11,65.46,612.055,16.9788,245.2002,435.1169,408.5076,36.991,0,0,0,0,5.486,4.454,0.3,0,,9.2586,0
2017-07-01,3008110,대청,67.43,670.642,37.069,47.67,45,65.85,65.39,600.941,15.26,228.2214,383.9596,399.249,37.424,0,0,0,0,5.509,4.455,0.282,0,,9.5073,0
2017-06-30,3008110,대청,67.45,671.558,24.863,62.044,45.1,65.84,65.37,600.517,0,212.9614,347.6423,389.7417,45.44,0,0,0,0,5.648,4.457,6.499,0,,4.8814,0
2017-06-29,3008110,대청,67.52,674.771,41.236,62.537,45.3,65.91,65.32,603.494,0.1055,212.9614,347.4679,384.8603,45.375,0,0,0,0,5.475,4.538,7.149,0,,6.4428,0
2017-06-28,3008110,대청,67.56,676.611,20.027,62.747,45.4,66,65.33,607.336,16.8052,212.8559,347.4679,378.4175,45.381,0,0,0,0,5.717,4.523,7.126,0,,5.53,0
2017-06-27,3008110,대청,67.64,680.302,24.913,62.423,45.7,66.09,65.3,611.195,9.653,196.0507,347.4679,372.8875,45.392,0,0,0,0,5.741,4.493,6.797,0,,8.7626,0
2017-06-26,3008110,대청,67.71,683.543,13.381,61.787,45.9,66.17,65.27,614.639,7.3157,186.3977,347.4679,364.1249,45.342,0,0,0,0,5.752,4.525,6.168,0,,4.5583,0
2017-06-25,3008110,대청,67.8,687.725,8.051,62.072,46.2,66.22,65.11,616.798,5.2435,179.082,347.4679,359.5666,45.382,0,0,0,0,5.88,4.551,6.259,0,,9.9198,0
2017-06-24,3008110,대청,67.9,692.393,13.174,62.006,46.5,66.29,64.92,619.83,1.6731,173.8385,347.3637,349.6468,45.428,0,0,0,0,5.697,4.516,6.365,0,,12.8651,0
2017-06-23,3008110,대청,67.99,696.612,5.151,54.186,46.8,66.32,64.88,621.133,0,172.1654,319.8189,336.7817,37.368,0,0,0,0,5.928,4.595,6.295,0,,7.7418,0
2017-06-22,3008110,대청,68.08,700.848,5.042,54.28,47,66.42,64.92,625.487,0,172.1654,319.8189,329.0399,37.482,0,0,0,0,5.891,4.57,6.337,0,,4.984,0
2017-06-21,3008110,대청,68.17,705.102,4.887,54.328,47.3,66.51,64.95,629.424,0,172.1654,319.8189,324.0559,37.419,0,0,0,0,6.042,4.518,6.349,0,,3.4335,0
2017-06-20,3008110,대청,68.26,709.374,4.444,54.089,47.6,66.6,64.86,633.378,0,172.1654,318.1031,320.6224,37.455,0,0,0,0,5.88,4.383,6.371,0,,11.3513,0
2017-06-19,3008110,대청,68.35,713.664,9.746,54.047,47.9,66.7,64.87,637.791,0,172.1654,314.8316,309.2711,37.378,0,0,0,0,5.752,4.517,6.4,0,,7.2554,0
2017-06-18,3008110,대청,68.43,717.491,6.211,61.814,48.2,66.79,64.94,641.781,0,172.1654,314.8316,302.0157,45.38,0,0,0,0,5.486,4.518,6.43,0,,5.4942,0
2017-06-17,3008110,대청,68.53,722.295,5.981,61.838,48.5,66.89,64.92,646.233,0,172.1654,314.8316,296.5215,45.041,0,0,0,0,5.741,4.609,6.447,0,,5.9581,0
2017-06-16,3008110,대청,68.63,727.121,13.788,58.657,48.8,66.97,64.94,649.811,0,172.1654,314.8316,290.5634,41.959,0,0,0,0,5.683,4.539,6.476,0,,3.8614,0
2017-06-15,3008110,대청,68.71,730.998,2.034,63.994,49.1,67.06,65.04,653.851,0,172.1654,313.7175,286.702,47.208,0,0,0,0,5.729,4.547,6.51,0,,1.0698,0
2017-06-14,3008110,대청,68.82,736.351,11.152,62.077,49.4,67.15,65.15,657.909,0.0525,172.1654,304.4557,285.6322,45.375,0,0,0,0,5.683,4.487,6.532,0,,2.8789,0
2017-06-13,3008110,대청,68.91,740.751,5.265,62.091,49.7,67.26,65.25,662.892,4.0906,172.1129,303.7746,282.7533,45.324,0,0,0,0,5.741,4.475,6.551,0,,1.9073,0
2017-06-12,3008110,대청,69.01,745.661,7.247,70.052,50,67.38,65.34,668.356,0,168.0223,303.7194,280.846,53.398,0,0,0,0,5.498,4.579,6.577,0,,2.0437,0
2017-06-11,3008110,대청,69.12,751.087,12.848,70.214,50.4,67.48,65.43,672.934,0,168.0223,303.7194,278.8023,53.403,0,0,0,0,5.66,4.545,6.606,0,,2.3317,0
2017-06-10,3008110,대청,69.22,756.044,6.831,70.231,50.7,67.59,65.51,677.994,0,168.0223,300.7068,276.4706,53.466,0,0,0,0,5.579,4.559,6.627,0,,4.8118,0
2017-06-09,3008110,대청,69.33,761.521,6.732,70.445,51.1,67.7,65.59,683.079,0,168.0223,300.7068,271.6588,53.424,0,0,0,0,5.765,4.6,6.656,0,,2.0661,0
2017-06-08,3008110,대청,69.44,767.026,11.772,69.965,51.5,67.81,65.66,688.191,0,168.0223,300.7068,269.5927,53.431,0,0,0,0,5.335,4.528,6.671,0,,4.5485,0
2017-06-07,3008110,대청,69.54,772.054,11.665,70.118,51.8,67.93,65.75,693.797,1.9026,168.0223,300.7068,265.0442,53.46,0,0,0,0,5.463,4.503,6.692,0,,4.0721,0
2017-06-06,3008110,대청,69.64,777.105,11.365,70.079,52.2,68.04,65.87,698.963,5.8206,166.1197,300.2741,260.9721,53.433,0,0,0,0,5.474,4.442,6.73,0,,0.7777,0
2017-06-05,3008110,대청,69.74,782.177,5.473,70.36,52.5,68.14,65.97,703.682,0,160.2991,299.9915,260.1944,53.411,0,0,0,0,5.613,4.613,6.723,0,,1.7977,0
2017-06-04,3008110,대청,69.85,787.784,0,70.194,52.9,68.25,66.08,708.899,0,160.2991,299.9915,258.3967,53.446,0,0,0,0,5.417,4.582,6.749,0,,0.1986,0
2017-06-03,3008110,대청,69.97,793.931,13.966,70.206,53.3,68.36,66.18,714.141,0,160.2991,299.939,258.1981,53.354,0,0,0,0,5.509,4.593,6.75,0,,1.649,0
2017-06-02,3008110,대청,70.06,798.79,9.879,69.406,53.6,68.48,66.29,719.89,0,160.2991,299.939,256.5491,53.493,0,0,0,0,5.613,4.714,5.586,0,,3.4456,0
2017-06-01,3008110,대청,70.16,803.933,16.381,70.144,54,68.6,66.4,725.671,0.055,160.2991,299.939,253.1035,53.432,0,0,0,0,5.891,4.684,6.137,0,,2.9978,0
2017-05-31,3008110,대청,70.25,808.578,7.111,49.051,54.3,68.71,66.5,730.998,0.3949,160.2441,299.939,250.1057,32.335,0,0,0,0,5.903,4.679,6.134,0,,0.5541,0
2017-05-30,3008110,대청,70.32,812.202,12.87,48.905,54.5,68.82,66.59,736.351,0.0552,159.8492,299.939,249.5516,32.287,0,0,0,0,5.95,4.64,6.028,0,,2.3807,0
2017-05-29,3008110,대청,70.38,815.315,6.787,48.93,54.7,68.93,66.67,741.731,0.0553,159.794,299.939,247.1709,32.302,0,0,0,0,5.706,4.654,6.268,0,,1.0012,0
2017-05-28,3008110,대청,70.45,818.956,12.343,48.552,55,69.03,66.78,746.646,0,159.7387,299.939,246.1697,32.406,0,0,0,0,5.775,4.564,5.807,0,,1.6412,0
2017-05-27,3008110,대청,70.51,822.085,6.131,48.476,55.2,69.12,66.87,751.087,0,159.7387,299.939,244.5285,32.321,0,0,0,0,5.671,4.627,5.857,0,,1.5024,0
2017-05-26,3008110,대청,70.58,825.743,12.63,49.013,55.4,69.22,66.97,756.044,0,159.7387,299.939,243.0261,32.303,0,0,0,0,5.891,4.603,6.216,0,,2.1507,0
2017-05-25,3008110,대청,70.64,828.887,6.107,48.655,55.6,69.3,67.07,760.025,0.0449,159.7387,299.939,240.8754,32.227,0,0,0,0,5.487,4.704,6.237,0,,1.8458,0
2017-05-24,3008110,대청,70.71,832.563,12.137,48.694,55.9,69.39,67.17,764.521,4.6606,159.6938,299.7374,239.0296,32.396,0,0,0,0,5.509,4.574,6.215,0,,2.2847,0
2017-05-23,3008110,대청,70.77,835.722,6.137,48.889,56.1,69.46,67.25,768.03,0,155.0332,284.1133,236.7449,32.317,0,0,0,0,5.949,4.637,5.986,0,,1.0802,0
2017-05-22,3008110,대청,70.84,839.415,12.299,49.031,56.3,69.56,67.33,773.062,0,155.0332,284.1133,235.6647,32.357,0,0,0,0,5.822,4.641,6.211,0,,1.9367,0
2017-05-21,3008110,대청,70.9,842.589,11.828,48.641,56.6,69.66,67.41,778.117,0,155.0332,284.1133,233.728,32.389,0,0,0,0,5.464,4.67,6.118,0,,2.3558,0
2017-05-20,3008110,대청,70.96,845.77,5.842,48.892,56.8,69.75,67.48,782.686,0,155.0332,284.1133,231.3722,32.399,0,0,0,0,5.578,4.677,6.238,0,,1.2151,0
2017-05-19,3008110,대청,71.03,849.489,12.198,49.186,57,69.85,67.56,787.784,0,155.0332,284.1133,230.1571,32.331,0,0,0,0,5.926,4.691,6.238,0,,2.3362,0
2017-05-18,3008110,대청,71.09,852.685,12.02,49.089,57.2,69.93,67.65,791.878,0,155.0332,284.1133,227.8209,32.432,0,0,0,0,5.764,4.605,6.288,0,,3.6394,0
2017-05-17,3008110,대청,71.15,855.888,12.213,49.363,57.4,70,67.72,795.713,0,155.0332,284.1133,224.1815,32.331,0,0,0,0,5.868,4.653,6.511,0,,1.9153,0
2017-05-16,3008110,대청,71.21,859.098,18.151,49.171,57.7,70.06,67.78,798.79,0,155.0332,284.1133,222.2662,32.326,0,0,0,0,5.695,4.624,6.526,0,,2.8609,0
2017-05-15,3008110,대청,71.26,861.778,11.605,48.904,57.8,70.08,67.8,799.817,0,155.0332,276.38,219.4053,32.276,0,0,0,0,5.545,4.692,6.391,0,,1.0302,0
2017-05-14,3008110,대청,71.32,865,17.687,48.831,58.1,70.12,67.8,801.873,0,155.0332,269.3932,218.3751,32.329,0,0,0,0,5.474,4.654,6.374,0,,2.2853,0
2017-05-13,3008110,대청,71.37,867.691,17.714,48.915,58.2,70.14,67.81,802.903,0.4004,155.0332,269.3932,216.0898,32.302,0,0,0,0,5.568,4.663,6.382,0,,7.3119,0
2017-05-12,3008110,대청,71.42,870.387,17.64,48.897,58.4,70.17,67.84,804.448,0,154.6328,269.3932,208.7779,32.314,0,0,0,0,5.589,4.587,6.407,0,,2.2292,0
2017-05-11,3008110,대청,71.47,873.088,17.503,48.817,58.6,70.17,67.86,804.448,0.6171,154.6328,269.3932,206.5487,32.313,0,0,0,0,5.625,4.513,6.366,0,,4.4675,0
2017-05-10,3008110,대청,71.52,875.793,17.038,48.409,58.8,70.19,67.87,805.48,1.8461,154.0157,266.4298,202.0812,32.325,0,0,0,0,5.209,4.406,6.469,0,,4.6275,0
2017-05-09,3008110,대청,71.57,878.504,17.433,48.86,59,70.21,67.89,806.512,10.8263,152.1696,246.674,197.4537,32.244,0,0,0,0,5.671,4.458,6.487,0,,1.9786,0
2017-05-08,3008110,대청,71.62,881.219,16.896,48.38,59.1,70.25,67.89,808.578,0,141.3433,246.674,195.4751,32.297,0,0,0,0,5.566,4.292,6.225,0,,0.9748,0
2017-05-07,3008110,대청,71.67,883.939,10.607,48.463,59.3,70.28,67.85,810.13,0,141.3433,246.674,194.5003,32.265,0,0,0,0,5.626,4.456,6.116,0,,6.5514,0
2017-05-06,3008110,대청,71.73,887.21,10.369,48.306,59.5,70.3,67.83,811.166,0.0663,141.3433,246.674,187.9489,32.323,0,0,0,0,5.312,4.506,6.165,0,,4.4802,0
2017-05-05,3008110,대청,71.79,890.488,17.081,48.758,59.8,70.32,67.87,812.202,2.1693,141.277,246.674,183.4687,32.298,0,0,0,0,5.799,4.491,6.17,0,,1.8587,0
2017-05-04,3008110,대청,71.84,893.224,16.747,48.481,60,70.31,67.9,811.684,0,139.1077,246.674,181.61,32.311,0,0,0,0,5.52,4.473,6.177,0,,1.1472,0
2017-05-03,3008110,대청,71.89,895.966,10.607,48.763,60.1,70.33,67.91,812.72,0,139.1077,246.674,180.4628,32.281,0,0,0,0,5.694,4.503,6.285,0,,4.2685,0
2017-05-02,3008110,대청,71.95,899.263,21.471,46.954,60.4,70.28,67.95,810.13,0,139.1077,232.6941,176.1943,32.3,0,0,0,0,5.81,4.49,4.354,0,,1.871,0
2017-05-01,3008110,대청,71.99,901.465,19.977,45.496,60.5,70.26,67.96,809.095,0,139.1077,230.6999,174.3233,32.314,0,0,0,0,5.696,4.559,2.927,0,,1.5798,0
2017-04-30,3008110,대청,72.03,903.67,26.171,32.557,60.7,70.2,67.95,805.996,0,139.1077,230.6999,172.7435,19.428,0,0,0,0,5.67,4.521,2.938,0,,3.4491,0
2017-04-29,3008110,대청,72.04,904.221,19.941,32.719,60.7,70.1,67.94,800.845,0,139.1077,230.6999,169.2944,19.424,0,0,0,0,5.88,4.482,2.933,0,,4.0563,0
2017-04-28,3008110,대청,72.06,905.325,25.822,32.214,60.8,69.99,67.96,794.958,0,139.1077,230.6449,165.2381,19.419,0,0,0,0,5.799,4.475,2.521,0,,3.0956,0
2017-04-27,3008110,대청,72.07,905.878,24.881,31.276,60.8,69.91,67.99,790.853,0,139.1077,229.1067,162.1425,19.364,0,0,0,0,5.81,4.529,1.573,0,,1.6565,0
2017-04-26,3008110,대청,72.08,906.43,23.909,30.306,60.8,69.83,68.02,786.762,0.8429,139.1077,207.513,160.486,19.394,0,0,0,0,5.683,4.478,0.751,0,,1.8778,0
2017-04-25,3008110,대청,72.09,906.983,30.296,30.296,60.9,69.76,68.02,783.195,2.5571,138.2648,207.513,158.6082,19.402,0,0,0,0,5.719,4.425,0.75,0,,2.4687,0
2017-04-24,3008110,대청,72.09,906.983,23.729,30.128,60.9,69.66,68.01,778.117,0,135.7077,207.513,156.1395,19.381,0,0,0,0,5.67,4.5,0.577,0,,0.2412,0
2017-04-23,3008110,대청,72.1,907.536,36.179,29.78,60.9,69.51,68.01,770.543,0,135.7077,207.513,155.8983,19.414,0,0,0,0,5.267,4.479,0.62,0,,2.7265,0
2017-04-22,3008110,대청,72.09,906.983,43.012,30.22,60.9,69.27,68.02,758.53,0,135.7077,207.513,153.1718,19.499,0,0,0,0,5.602,4.505,0.614,0,,3.0468,0
2017-04-21,3008110,대청,72.07,905.878,49.031,29.861,60.8,68.94,68.03,742.222,0,135.7077,207.513,150.125,19.44,0,0,0,0,5.336,4.47,0.615,0,,3.3562,0
2017-04-20,3008110,대청,72.04,904.221,55.878,30.349,60.7,68.77,68.01,733.915,2.1025,135.7077,176.2045,146.7688,19.442,0,0,0,0,5.67,4.56,0.677,0,,2.3043,0
2017-04-19,3008110,대청,72,902.016,55.725,30.233,60.5,68.66,68,728.573,0,133.6052,176.1675,144.4645,19.374,0,0,0,0,5.718,4.565,0.576,0,,3.0958,0
2017-04-18,3008110,대청,71.96,899.813,42.996,30.264,60.4,68.52,67.97,721.814,2.6536,133.6052,176.1675,141.3687,19.417,0,0,0,0,5.579,4.575,0.693,0,,4.1673,0
2017-04-17,3008110,대청,71.94,898.713,42.955,30.232,60.3,68.37,67.98,714.619,20.059,130.9516,175.4795,137.2014,19.31,0,0,0,0,5.625,4.605,0.692,0,,3.9281,0
2017-04-16,3008110,대청,71.92,897.614,36.952,30.594,60.2,68.28,67.99,710.326,0,110.8926,161.9109,133.2733,19.423,0,0,0,0,5.682,4.798,0.691,0,,2.5293,0
2017-04-15,3008110,대청,71.91,897.064,30.537,30.537,60.2,68.2,68.02,706.524,0,110.8926,150.9469,130.744,19.348,0,0,0,0,5.718,4.795,0.676,0,,0.888,0
2017-04-14,3008110,대청,71.91,897.064,43.186,30.476,60.2,68.14,68.04,703.682,0,110.8926,150.9469,129.856,19.401,0,0,0,0,5.694,4.694,0.687,0,,1.0405,0
2017-04-13,3008110,대청,71.89,895.966,36.886,30.535,60.1,68.09,68.05,701.32,0,110.8926,150.9469,128.8155,19.36,0,0,0,0,5.579,4.909,0.687,0,,1.3633,0
2017-04-12,3008110,대청,71.88,895.418,33.055,26.706,60.1,68.02,68.06,698.022,0,110.8926,135.2797,127.4522,15.646,0,0,0,0,5.504,4.87,0.686,0,,2.4539,0
2017-04-11,3008110,대청,71.87,894.869,43.329,30.638,60.1,67.98,68.06,696.142,12.3288,110.8926,135.1609,124.9983,19.377,0,0,0,0,5.839,4.737,0.685,0,,2.1894,0
2017-04-10,3008110,대청,71.85,893.772,30.971,30.971,60,67.9,68.06,692.393,0,98.5638,135.1609,122.8089,19.42,0,0,0,0,5.718,5.146,0.687,0,,2.3534,0
2017-04-09,3008110,대청,71.85,893.772,49.26,30.24,60,67.8,68.09,687.725,0,98.5638,135.1609,120.4555,19.423,0,0,0,0,5.336,4.792,0.689,0,,3.3184,0
2017-04-08,3008110,대청,71.82,892.129,37.025,30.69,59.9,67.62,68.12,679.378,0,98.5638,135.1609,117.1371,19.43,0,0,0,0,5.636,4.933,0.691,0,,0.6007,0
2017-04-07,3008110,대청,71.81,891.582,37.246,30.913,59.8,67.32,68.13,665.62,0,98.5638,135.1609,116.5364,19.372,0,0,0,0,5.834,5.016,0.691,0,,1.6212,0
2017-04-06,3008110,대청,71.8,891.035,36.79,30.459,59.8,67.28,68.14,663.8,8.3848,98.5638,109.4707,114.9152,19.382,0,0,0,0,5.429,4.717,0.931,0,,2.0305,0
2017-04-05,3008110,대청,71.79,890.488,31.168,31.168,59.8,67.28,68.14,663.8,7.2112,90.179,97.3896,112.8847,19.383,0,0,0,0,5.752,4.953,1.08,0,,1.8684,0
2017-04-04,3008110,대청,71.79,890.488,25.436,31.767,59.8,67.29,68.15,664.255,0,82.9678,97.3896,111.0163,20.109,0,0,0,0,5.684,4.894,1.08,0,,0.7232,0
2017-04-03,3008110,대청,71.8,891.035,31.806,31.806,59.8,67.3,68.16,664.71,0.055,82.9678,95.8152,110.2931,20.086,0,0,0,0,5.717,4.823,1.18,0,,2.2733,0
2017-04-02,3008110,대청,71.8,891.035,25.575,31.908,59.8,67.3,68.17,664.71,0,82.9128,90.3469,108.0198,20.116,0,0,0,0,5.695,4.891,1.206,0,,2.0009,0
2017-04-01,3008110,대청,71.81,891.582,31.369,31.369,59.8,67.31,68.18,665.165,2.2898,82.9128,90.3469,106.0189,20.063,0,0,0,0,5.427,4.671,1.208,0,,2.4044,0
2017-03-31,3008110,대청,71.81,891.582,29.478,29.478,59.8,67.32,68.19,665.62,5.5543,80.623,90.3469,103.6145,17.643,0,0,0,0,5.706,4.92,1.209,0,,1.1521,0
2017-03-30,3008110,대청,71.81,891.582,23.113,29.448,59.8,67.33,68.2,666.076,0,75.0687,90.3469,102.4624,17.566,0,0,0,0,5.856,4.817,1.209,0,,1.3949,0
2017-03-29,3008110,대청,71.82,892.129,29.268,29.268,59.9,67.34,68.21,666.531,0.6098,75.0687,90.3469,101.0675,17.668,0,0,0,0,5.695,4.697,1.208,0,,1.0859,0
2017-03-28,3008110,대청,71.82,892.129,22.775,29.113,59.9,67.34,68.21,666.531,0.2601,74.4589,90.3469,99.9816,17.578,0,0,0,0,5.567,4.755,1.213,0,,0.9262,0
2017-03-27,3008110,대청,71.83,892.677,22.769,29.109,59.9,67.35,68.19,666.987,2.4137,74.1988,90.3469,99.0554,17.549,0,0,0,0,5.671,4.675,1.214,0,,1.0546,0
2017-03-26,3008110,대청,71.84,893.224,16.252,28.939,60,67.35,68.19,666.987,0.3571,71.7851,90.3469,98.0008,17.672,0,0,0,0,5.313,4.738,1.216,0,,1.1918,0
2017-03-25,3008110,대청,71.86,894.321,22.684,29.031,60,67.35,68.19,666.987,7.8038,71.428,90.3469,96.809,17.607,0,0,0,0,5.394,4.813,1.217,0,,1.4232,0
2017-03-24,3008110,대청,71.87,894.869,22.853,29.202,60.1,67.35,68.18,666.987,0,63.6242,90.3469,95.3858,17.56,0,0,0,0,5.602,4.822,1.218,0,,2.9118,0
2017-03-23,3008110,대청,71.88,895.418,16.414,29.119,60.1,67.36,68.19,667.443,0,63.6242,90.3469,92.474,17.605,0,0,0,0,5.573,4.722,1.219,0,,1.9827,0
2017-03-22,3008110,대청,71.9,896.515,16.675,29.389,60.2,67.36,68.19,667.443,0,63.6242,90.3469,90.4913,17.662,0,0,0,0,5.718,4.789,1.22,0,,1.8537,0
2017-03-21,3008110,대청,71.92,897.614,16.227,28.95,60.2,67.35,68.2,666.987,0.6712,63.6242,90.3469,88.6376,17.602,0,0,0,0,5.37,4.756,1.222,0,,1.8356,0
2017-03-20,3008110,대청,71.94,898.713,22.42,28.785,60.3,67.35,68.22,666.987,0.9673,62.953,90.3469,86.802,17.613,0,0,0,0,5.178,4.756,1.238,0,,0.8143,0
2017-03-19,3008110,대청,71.95,899.263,16.553,29.29,60.4,67.34,68.22,666.531,0,61.9857,90.3469,85.9877,17.622,0,0,0,0,5.609,4.81,1.249,0,,0.6952,0
2017-03-18,3008110,대청,71.97,900.363,16.296,29.042,60.4,67.32,68.22,665.62,0,61.9857,90.2057,85.2925,17.657,0,0,0,0,5.347,4.782,1.256,0,,3.0768,0
2017-03-17,3008110,대청,71.99,901.465,22.288,28.664,60.5,67.31,68.23,665.165,0,61.9857,84.9005,82.2157,17.608,0,0,0,0,5.521,4.712,0.823,0,,2.3583,0
2017-03-16,3008110,대청,72,902.016,21.963,28.342,60.5,67.29,68.23,664.255,0,61.9857,84.9005,79.8574,17.756,0,0,0,0,5.417,4.798,0.371,0,,1.2491,0
2017-03-15,3008110,대청,72.01,902.567,15.698,28.462,60.6,67.27,68.24,663.346,0,61.9857,84.9005,78.6083,17.561,0,0,0,0,5.799,4.773,0.329,0,,1.5527,0
2017-03-14,3008110,대청,72.03,903.67,21.965,28.351,60.7,67.25,68.26,662.438,0,61.9857,84.9005,77.0556,17.594,0,0,0,0,5.695,4.741,0.321,0,,1.6117,0
2017-03-13,3008110,대청,72.04,904.221,21.991,28.379,60.7,67.23,68.27,661.53,0,61.9857,84.9005,75.4439,17.582,0,0,0,0,5.717,4.793,0.287,0,,1.6047,0
2017-03-12,3008110,대청,72.05,904.773,15.347,28.13,60.7,67.19,68.28,659.718,0,61.9857,84.9005,73.8392,17.623,0,0,0,0,5.441,4.795,0.271,0,,0.929,0
2017-03-11,3008110,대청,72.07,905.878,28.002,28.002,60.8,67.14,68.3,657.457,0,61.9857,84.9005,72.9102,17.587,0,0,0,0,5.358,4.787,0.27,0,,1.4158,0
2017-03-10,3008110,대청,72.07,905.878,28.265,28.265,60.8,67.09,68.3,655.202,0,61.9857,84.9005,71.4944,17.611,0,0,0,0,5.602,4.784,0.268,0,,1.0491,0
2017-03-09,3008110,대청,72.07,905.878,21.696,28.091,60.8,67,68.31,651.156,0,61.9857,84.9005,70.4453,17.628,0,0,0,0,5.463,4.735,0.265,0,,0.8506,0
2017-03-08,3008110,대청,72.08,906.43,21.61,28.007,60.8,66.89,68.32,646.233,0.1664,61.9857,84.9005,69.5947,17.586,0,0,0,0,5.428,4.731,0.262,0,,1.2531,0
2017-03-07,3008110,대청,72.09,906.983,28.012,28.012,60.9,66.7,68.32,637.791,0.9319,61.8193,84.9005,68.3416,17.628,0,0,0,0,5.51,4.612,0.262,0,,1.7349,0
2017-03-06,3008110,대청,72.09,906.983,21.771,28.17,60.9,66.27,68.32,618.963,0.0505,60.8874,84.9005,66.6067,17.595,0,0,0,0,5.567,4.74,0.268,0,,1.4131,0
2017-03-05,3008110,대청,72.1,907.536,28.2,28.2,60.9,66.04,68.31,609.049,0,60.8369,84.6964,65.1936,17.564,0,0,0,0,5.544,4.823,0.269,0,,2.6448,0
2017-03-04,3008110,대청,72.1,907.536,28.206,28.206,60.9,66,68.3,607.336,0,60.8369,52.3931,62.5488,17.598,0,0,0,0,5.556,4.787,0.265,0,,1.979,0
2017-03-03,3008110,대청,72.1,907.536,34.499,28.1,60.9,65.99,68.29,606.908,0,60.8369,43.1421,60.5698,17.555,0,0,0,0,5.544,4.742,0.259,0,,1.3997,0
2017-03-02,3008110,대청,72.09,906.983,34.52,28.123,60.9,65.99,68.29,606.908,3.0665,60.8369,43.1421,59.1701,17.581,0,0,0,0,5.533,4.739,0.27,0,,0.5662,0
2017-03-01,3008110,대청,72.08,906.43,34.758,28.363,60.8,65.99,68.28,606.908,0.1949,57.7704,43.1421,58.6039,17.591,0,0,0,0,5.683,4.823,0.266,0,,1.7686,0
2017-02-28,3008110,대청,72.07,905.878,40.976,28.193,60.8,65.98,68.27,606.481,0,57.5755,43.1148,56.8353,17.59,0,0,0,0,5.579,4.761,0.263,0,,1.8247,0
2017-02-27,3008110,대청,72.05,904.773,47.323,28.166,60.7,65.97,68.27,606.053,0,57.5755,34.0656,55.0106,17.594,0,0,0,0,5.544,4.765,0.263,0,,2.0644,0
2017-02-26,3008110,대청,72.02,903.118,59.971,28.089,60.6,65.98,68.27,606.481,0,57.5755,31.8282,52.9462,17.621,0,0,0,0,5.452,4.755,0.261,0,,0.3116,0
2017-02-25,3008110,대청,71.97,900.363,72.923,28.384,60.4,65.97,68.27,606.053,0,57.5755,29.6438,52.6346,17.643,0,0,0,0,5.672,4.809,0.26,0,,2.8281,0
2017-02-24,3008110,대청,71.9,896.515,97.833,28.068,60.2,65.98,68.26,606.481,0,57.5755,29.6438,49.8065,17.589,0,0,0,0,5.533,4.687,0.259,0,,0.8751,0
2017-02-23,3008110,대청,71.79,890.488,59.808,28.188,59.8,65.98,68.25,606.481,0,57.5755,29.6438,48.9314,17.643,0,0,0,0,5.533,4.75,0.262,0,,1.4499,0
2017-02-22,3008110,대청,71.74,887.756,53.433,28.178,59.6,65.99,68.24,606.908,18.7578,57.5755,29.6438,47.4815,17.649,0,0,0,0,5.533,4.739,0.257,0,,2.8708,0
2017-02-21,3008110,대청,71.7,885.574,41.035,28.421,59.4,65.98,68.24,606.481,0,38.8177,29.6438,44.6107,17.59,0,0,0,0,5.606,4.738,0.487,0,,1.0526,0
2017-02-20,3008110,대청,71.68,884.484,28.326,28.326,59.4,65.99,68.25,606.908,16.4878,38.8177,29.6438,43.5581,17.52,0,0,0,0,5.486,4.805,0.515,0,,1.3497,0
2017-02-19,3008110,대청,71.68,884.484,22.459,28.765,59.4,65.98,68.26,606.481,1.4892,22.3299,29.6438,42.2084,17.594,0,0,0,0,5.394,4.766,1.011,0,,0.7872,0
2017-02-18,3008110,대청,71.69,885.029,15.204,27.823,59.4,65.97,68.29,606.053,0,20.8407,29.6438,41.4212,17.583,0,0,0,0,5.475,4.744,0.021,0,,0.6763,0
2017-02-17,3008110,대청,71.71,886.119,15.703,28.331,59.5,65.96,68.31,605.626,3.6946,20.8407,29.6438,40.7449,17.558,0,0,0,0,5.475,4.779,0.519,0,,0.7941,0
2017-02-16,3008110,대청,71.73,887.21,15.752,28.389,59.5,65.94,68.33,604.773,2.9843,17.1461,29.6438,39.9508,17.597,0,0,0,0,5.498,4.775,0.519,0,,2.3574,0
2017-02-15,3008110,대청,71.75,888.302,15.749,28.395,59.6,65.9,68.35,603.068,0,14.1618,28.8694,37.5934,17.614,0,0,0,0,5.51,4.752,0.519,0,,1.0551,0
2017-02-14,3008110,대청,71.77,889.394,15.883,28.538,59.7,65.88,68.36,602.217,0.2034,14.1618,28.8144,36.5383,17.58,0,0,0,0,5.66,4.78,0.518,0,,0.585,0
2017-02-13,3008110,대청,71.79,890.488,15.905,28.569,59.8,65.88,68.38,602.217,0.3237,13.9584,28.6536,35.9533,17.598,0,0,0,0,5.648,4.806,0.517,0,,1.308,0
2017-02-12,3008110,대청,71.81,891.582,15.651,28.324,59.8,65.87,68.38,601.791,0,13.6347,23.4892,34.6453,17.638,0,0,0,0,5.405,4.762,0.519,0,,1.0585,0
2017-02-11,3008110,대청,71.83,892.677,15.675,28.357,59.9,65.87,68.4,601.791,0,13.6347,10.3016,33.5868,17.612,0,0,0,0,5.405,4.823,0.517,0,,1.422,0
2017-02-10,3008110,대청,71.85,893.772,15.391,28.082,60,65.87,68.43,601.791,0,13.6347,10.2743,32.1648,17.585,0,0,0,0,5.209,4.771,0.517,0,,1.7278,0
2017-02-09,3008110,대청,71.87,894.869,15.75,28.45,60.1,65.89,68.46,602.642,0,13.6347,10.2743,30.437,17.524,0,0,0,0,5.66,4.748,0.518,0,,1.3219,0
2017-02-08,3008110,대청,71.89,895.966,15.848,28.558,60.1,65.91,68.5,603.494,0,13.6347,10.2743,29.1151,17.602,0,0,0,0,5.625,4.813,0.518,0,,1.4265,0
2017-02-07,3008110,대청,71.91,897.064,15.82,28.539,60.2,65.92,68.53,603.92,0,13.6347,10.2743,27.6886,17.563,0,0,0,0,5.672,4.786,0.518,0,,0.3282,0
2017-02-06,3008110,대청,71.93,898.163,15.727,28.455,60.3,65.93,68.57,604.346,0,13.6347,10.2743,27.3604,17.588,0,0,0,0,5.578,4.771,0.518,0,,0.192,0
2017-02-05,3008110,대청,71.95,899.263,22.172,28.539,60.4,65.95,68.6,605.199,2.2739,13.6347,10.2743,27.1684,17.567,0,0,0,0,5.626,4.828,0.518,0,,0.2838,0
2017-02-04,3008110,대청,71.96,899.813,9.35,28.466,60.4,65.96,68.63,605.626,0,11.3608,10.2743,26.8846,17.633,0,0,0,0,5.544,4.769,0.52,0,,0.3795,0
2017-02-03,3008110,대청,71.99,901.465,21.964,28.34,60.5,65.97,68.66,606.053,0,11.3608,10.2743,26.5051,17.579,0,0,0,0,5.475,4.773,0.513,0,,0.4173,0
2017-02-02,3008110,대청,72,902.016,16.415,29.175,60.5,65.98,68.7,606.481,0,11.3608,10.2743,26.0878,17.599,0,0,0,0,5.903,4.823,0.85,0,,0.4309,0
2017-02-01,3008110,대청,72.02,903.118,16.143,28.912,60.6,65.99,68.73,606.908,0,11.3608,10.2743,25.6569,17.571,0,0,0,0,5.741,4.8,0.8,0,,1.105,0
2017-01-31,3008110,대청,72.04,904.221,22.375,28.763,60.7,66,68.76,607.336,0.0273,11.3608,10.2743,24.5519,17.319,0,0,0,0,5.775,4.868,0.801,0,,1.1278,0
2017-01-30,3008110,대청,72.05,904.773,21.842,28.232,60.7,66.01,68.8,607.764,1.0492,11.3335,10.2743,23.4241,17.272,0,0,0,0,5.233,4.924,0.803,0,,0.6483,0
2017-01-29,3008110,대청,72.06,905.325,14.9,27.687,60.8,66.03,68.83,608.621,5.1777,10.2843,10.2743,22.7758,17.261,0,0,0,0,4.884,4.735,0.807,0,,0.5326,0
2017-01-28,3008110,대청,72.08,906.43,14.906,27.702,60.8,66.04,68.87,609.049,0,5.1066,6.1816,22.2432,16.971,0,0,0,0,5.254,4.673,0.804,0,,0.2414,0
2017-01-27,3008110,대청,72.1,907.536,15.887,28.692,60.9,66.05,68.9,609.478,1.3164,5.1066,4.9501,22.0018,17.246,0,0,0,0,5.764,4.875,0.807,0,,0.6315,0
2017-01-26,3008110,대청,72.12,908.642,15.916,28.731,61,66.06,68.93,609.907,0.0729,3.7902,4.9228,21.3703,17.35,0,0,0,0,5.729,4.848,0.804,0,,0.4631,0
2017-01-25,3008110,대청,72.14,909.749,21.837,28.248,61.1,66.07,68.97,610.336,0.0273,3.7173,4.8955,20.9072,17.253,0,0,0,0,5.486,4.706,0.803,0,,0.1469,0
2017-01-24,3008110,대청,72.15,910.303,9.486,28.732,61.1,66.08,69,610.765,0,3.69,4.8955,20.7603,17.342,0,0,0,0,5.799,4.787,0.804,0,,0.3201,0
2017-01-23,3008110,대청,72.18,911.966,21.941,28.361,61.2,66.1,69.03,611.625,0.0273,3.69,4.7018,20.4402,17.256,0,0,0,0,5.543,4.756,0.806,0,,1.0049,0
2017-01-22,3008110,대청,72.19,912.521,15.149,27.996,61.2,66.11,69.05,612.055,0.6185,3.6627,4.7018,19.4353,17.278,0,0,0,0,5.186,4.725,0.807,0,,1.2799,0
2017-01-21,3008110,대청,72.21,913.631,22.128,28.555,61.3,66.12,69.07,612.485,0.4693,3.0442,4.7018,18.1554,17.269,0,0,0,0,5.706,4.774,0.806,0,,1.4834,0
2017-01-20,3008110,대청,72.22,914.186,15.354,28.214,61.4,66.14,69.09,613.346,2.3427,2.5749,4.6745,16.672,17.295,0,0,0,0,5.498,4.681,0.74,0,,0.9281,0
2017-01-19,3008110,대청,72.24,915.297,15.423,28.292,61.4,66.14,69.12,613.346,0,0.2322,4.6745,15.7439,17.254,0,0,0,0,5.567,4.663,0.808,0,,0.8108,0
2017-01-18,3008110,대청,72.26,916.409,15.53,28.409,61.5,66.16,69.14,614.208,0,0.2322,4.2756,14.9331,17.272,0,0,0,0,5.579,4.751,0.807,0,,0.909,0
2017-01-17,3008110,대청,72.28,917.522,22.362,28.805,61.6,66.16,69.16,614.208,0,0.2322,3.8865,14.0241,17.763,0,0,0,0,5.555,4.68,0.807,0,,0.6378,0
2017-01-16,3008110,대청,72.29,918.078,15.17,28.062,61.6,66.16,69.19,614.208,0,0.2322,0.0273,13.3863,17.282,0,0,0,0,5.278,4.694,0.808,0,,1.2732,0
2017-01-15,3008110,대청,72.31,919.192,21.737,28.187,61.7,66.17,69.23,614.639,0,0.2322,0.0273,12.1131,17.274,0,0,0,0,5.405,4.7,0.808,0,,1.4679,0
2017-01-14,3008110,대청,72.32,919.749,15.487,28.393,61.7,66.18,69.26,615.071,0,0.2322,0.0273,10.6452,17.33,0,0,0,0,5.602,4.65,0.811,0,,0.4921,0
2017-01-13,3008110,대청,72.34,920.864,15.338,28.253,61.8,66.19,69.29,615.502,0.0525,0.2322,0,10.1531,17.296,0,0,0,0,5.498,4.645,0.814,0,,0.5257,0
2017-01-12,3008110,대청,72.36,921.98,21.855,28.316,61.9,66.19,69.32,615.502,0.055,0.1797,0,9.6274,17.293,0,0,0,0,5.543,4.656,0.824,0,,0.6157,0
2017-01-11,3008110,대청,72.37,922.539,21.725,28.188,61.9,66.2,69.34,615.934,0,0.1247,0,9.0117,17.266,0,0,0,0,5.418,4.679,0.825,0,,0.9891,0
2017-01-10,3008110,대청,72.38,923.097,21.768,28.234,62,66.2,69.37,615.934,0,0.1247,0,8.0226,17.305,0,0,0,0,5.417,4.682,0.83,0,,0.2968,0
2017-01-09,3008110,대청,72.39,923.656,15.215,28.153,62,66.21,69.4,616.366,0.0974,0.1247,0,7.7258,17.321,0,0,0,0,5.276,4.724,0.832,0,,0.3811,0
2017-01-08,3008110,대청,72.41,924.774,28.567,28.567,62.1,66.21,69.43,616.366,0,0.0273,0,7.3447,17.398,0,0,0,0,5.648,4.689,0.832,0,,0.7315,0
2017-01-07,3008110,대청,72.41,924.774,22.26,28.733,62.1,66.22,69.46,616.798,0,0.0273,0,6.6132,17.776,0,0,0,0,5.429,4.695,0.833,0,,2.0252,0
2017-01-06,3008110,대청,72.42,925.333,28.013,28.013,62.1,66.22,69.49,616.798,0,0.0273,0,4.588,17.3,0,0,0,0,5.208,4.672,0.833,0,,0.7158,0
2017-01-05,3008110,대청,72.42,925.333,21.83,28.305,62.1,66.22,69.51,616.798,0,0.0273,0,3.8722,17.271,0,0,0,0,5.544,4.658,0.832,0,,0.8727,0
2017-01-04,3008110,대청,72.43,925.892,28.549,28.549,62.1,66.23,69.53,617.231,0,0.0273,0,2.9995,17.411,0,0,0,0,5.568,4.737,0.833,0,,0.5891,0
2017-01-03,3008110,대청,72.43,925.892,28.429,28.429,62.1,66.23,69.55,617.231,0,0.0273,0,2.4104,17.319,0,0,0,0,5.579,4.697,0.834,0,,0.504,0
2017-01-02,3008110,대청,72.43,925.892,28.643,28.643,62.1,66.23,69.56,617.231,0.0273,0.0273,0,1.9064,17.334,0,0,0,0,5.728,4.748,0.833,0,,1.2504,0
2017-01-01,3008110,대청,72.43,925.892,34.395,27.92,62.1,66.22,69.58,616.798,0,0,0,0.656,17.3,0,0,0,0,5.036,4.752,0.832,0,,0.656,0
2016-12-31,3008110,대청,72.42,925.333,34.916,28.443,62.1,66.22,69.68,616.798,0,1128.4353,735.6039,1177.8127,17.331,0,0,0,0,5.498,4.789,0.825,0,,0.2979,0
2016-12-30,3008110,대청,72.41,924.774,41.431,28.493,62.1,66.22,69.73,616.798,0,1128.4353,735.3894,1177.5148,17.345,0,0,0,0,5.556,4.77,0.822,0,,0.8505,0
2016-12-29,3008110,대청,72.39,923.656,41.002,28.073,62,66.21,69.77,616.366,0,1128.4353,734.6973,1176.6643,17.238,0,0,0,0,5.452,4.553,0.83,0,,0.3791,0
2016-12-28,3008110,대청,72.37,922.539,41.342,28.422,61.9,66.2,69.81,615.934,0,1128.4353,734.6973,1176.2852,17.28,0,0,0,0,5.602,4.708,0.832,0,,0.6677,0
2016-12-27,3008110,대청,72.35,921.422,34.835,28.379,61.8,66.19,69.85,615.502,0.3316,1128.4353,734.6973,1175.6175,17.317,0,0,0,0,5.556,4.67,0.836,0,,0.5465,0
2016-12-26,3008110,대청,72.34,920.864,41.378,28.472,61.8,66.18,69.89,615.071,11.6639,1128.1037,734.6973,1175.071,17.245,0,0,0,0,5.636,4.755,0.836,0,,0.6656,0
2016-12-25,3008110,대청,72.32,919.749,34.455,28.005,61.7,66.17,69.92,614.639,0,1116.4398,734.6973,1174.4054,17.303,0,0,0,0,5.116,4.752,0.834,0,,0.6683,0
2016-12-24,3008110,대청,72.31,919.192,47.576,28.241,61.7,66.16,69.95,614.208,0.1002,1116.4398,734.6973,1173.7371,17.274,0,0,0,0,5.441,4.689,0.837,0,,0.5127,0
2016-12-23,3008110,대청,72.28,917.522,27.938,27.938,61.6,66.14,69.99,613.346,0.698,1116.3396,734.6973,1173.2244,17.257,0,0,0,0,5.428,4.726,0.527,0,,0.5374,0
2016-12-22,3008110,대청,72.28,917.522,34.879,28.439,61.6,66.13,70.02,612.915,10.1125,1115.6416,733.3779,1172.687,17.397,0,0,0,0,5.417,4.783,0.842,0,,0.9885,0
2016-12-21,3008110,대청,72.27,916.965,28.377,28.377,61.5,66.12,70.05,612.485,11.9436,1105.5291,733.2288,1171.6985,17.248,0,0,0,0,5.579,4.71,0.84,0,,0.6218,0
2016-12-20,3008110,대청,72.27,916.965,15.643,28.526,61.5,66.1,70.09,611.625,0.0729,1093.5855,731.9661,1171.0767,17.309,0,0,0,0,5.579,4.798,0.84,0,,0.3962,0
2016-12-19,3008110,대청,72.29,918.078,15.676,28.568,61.6,66.07,70.12,610.336,2.6928,1093.5126,731.9661,1170.6805,17.346,0,0,0,0,5.59,4.793,0.839,0,,0.3967,0
2016-12-18,3008110,대청,72.31,919.192,15.379,28.281,61.7,66.05,70.14,609.478,0,1090.8198,731.9661,1170.2838,17.385,0,0,0,0,5.359,4.699,0.838,0,,0.6315,0
2016-12-17,3008110,대청,72.33,920.307,15.304,28.215,61.8,66.02,70.18,608.192,0,1090.8198,731.9388,1169.6523,17.267,0,0,0,0,5.359,4.752,0.837,0,,0.697,0
2016-12-16,3008110,대청,72.35,921.422,22.079,28.538,61.8,65.99,70.21,606.908,0,1090.8198,731.9115,1168.9553,17.318,0,0,0,0,5.59,4.794,0.836,0,,0.8762,0
2016-12-15,3008110,대청,72.36,921.98,8.942,28.332,61.9,65.95,70.24,605.199,0,1090.8198,728.7821,1168.0791,17.216,0,0,0,0,5.579,4.697,0.84,0,,0.3924,0
2016-12-14,3008110,대청,72.39,923.656,15.584,28.522,62,65.9,70.27,603.068,0,1090.8198,727.7862,1167.6867,17.294,0,0,0,0,5.671,4.716,0.841,0,,1.1909,0
2016-12-13,3008110,대청,72.41,924.774,15.524,28.471,62.1,65.84,70.3,600.517,0,1090.8198,722.5437,1166.4958,17.298,0,0,0,0,5.521,4.81,0.842,0,,0.7458,0
2016-12-12,3008110,대청,72.43,925.892,21.906,28.383,62.1,65.78,70.33,597.973,0,1090.8198,722.5437,1165.75,17.282,0,0,0,0,5.543,4.718,0.84,0,,0.3347,0
2016-12-11,3008110,대청,72.44,926.452,15.172,28.133,62.2,65.75,70.37,596.704,0,1090.8198,722.5437,1165.4153,17.242,0,0,0,0,5.394,4.657,0.84,0,,0.9343,0
2016-12-10,3008110,대청,72.46,927.572,21.786,28.27,62.3,65.73,70.4,595.859,0,1090.8198,719.8559,1164.481,17.261,0,0,0,0,5.428,4.741,0.84,0,,1.7896,0
2016-12-09,3008110,대청,72.47,928.132,15.422,28.397,62.3,65.71,70.42,595.015,2.4395,1090.8198,708.2997,1162.6914,17.323,0,0,0,0,5.509,4.723,0.842,0,,1.1473,0
2016-12-08,3008110,대청,72.49,929.253,15.51,28.494,62.4,65.7,70.45,594.593,0.8718,1088.3803,708.2997,1161.5441,17.339,0,0,0,0,5.486,4.829,0.84,0,,0.9476,0
2016-12-07,3008110,대청,72.51,930.375,15.559,28.552,62.4,65.68,70.47,593.75,0.1788,1087.5085,708.2997,1160.5965,17.353,0,0,0,0,5.567,4.794,0.838,0,,0.9395,0
2016-12-06,3008110,대청,72.53,931.497,18.881,31.884,62.5,65.67,70.5,593.329,0,1087.3297,708.2997,1159.657,20.787,0,0,0,0,5.637,4.619,0.841,0,,1.6074,0
2016-12-05,3008110,대청,72.55,932.621,12.735,32.256,62.6,65.64,70.52,592.066,0,1087.3297,708.2997,1158.0496,20.828,0,0,0,0,5.822,4.766,0.84,0,,0.7302,0
2016-12-04,3008110,대청,72.58,934.307,25.109,31.621,62.7,65.62,70.55,591.226,0,1087.3297,708.2997,1157.3194,20.775,0,0,0,0,5.232,4.774,0.84,0,,2.8471,0
2016-12-03,3008110,대청,72.59,934.87,12.433,31.982,62.7,65.6,70.57,590.386,0,1087.3297,707.7261,1154.4723,20.843,0,0,0,0,5.601,4.698,0.84,0,,1.3222,0
2016-12-02,3008110,대청,72.62,936.559,19.106,32.151,62.9,65.58,70.6,589.547,0,1087.3297,706.0471,1153.1501,20.791,0,0,0,0,5.718,4.802,0.84,0,,0.7938,0
2016-12-01,3008110,대청,72.64,937.686,18.955,32.008,62.9,65.54,70.61,587.871,0.3437,1087.3297,700.8071,1152.3563,20.807,0,0,0,0,5.579,4.794,0.828,0,,0.6053,0
2016-11-30,3008110,대청,72.66,938.814,25.411,31.941,63,65.52,70.62,587.035,1.7331,1086.986,700.8071,1151.751,20.752,0,0,0,0,5.578,4.781,0.83,0,,2.3447,0
2016-11-29,3008110,대청,72.67,939.378,12.532,32.136,63.1,65.49,70.63,585.782,0.0525,1085.2529,700.8071,1149.4063,20.79,0,0,0,0,5.637,4.883,0.826,0,,2.4819,0
2016-11-28,3008110,대청,72.7,941.072,19.574,32.655,63.2,65.45,70.64,584.113,0,1085.2004,700.6715,1146.9244,21.315,0,0,0,0,5.637,4.878,0.825,0,,1.5521,0
2016-11-27,3008110,대청,72.72,942.202,18.888,31.978,63.2,65.42,70.67,582.864,4.2898,1085.2004,699.7609,1145.3723,20.789,0,0,0,0,5.532,4.834,0.823,0,,2.5172,0
2016-11-26,3008110,대청,72.74,943.333,18.865,31.964,63.3,65.38,70.69,581.202,0.247,1080.9106,699.5769,1142.8551,20.819,0,0,0,0,5.568,4.756,0.821,0,,0.9518,0
2016-11-25,3008110,대청,72.76,944.465,18.937,32.046,63.4,65.35,70.71,579.957,0,1080.6636,698.7365,1141.9033,20.741,0,0,0,0,5.682,4.801,0.822,0,,1.2369,0
2016-11-24,3008110,대청,72.78,945.597,18.921,32.039,63.5,65.31,70.73,578.3,0,1080.6636,690.9125,1140.6664,20.815,0,0,0,0,5.661,4.741,0.822,0,,1.7395,0
2016-11-23,3008110,대청,72.8,946.731,18.587,31.714,63.5,65.27,70.76,576.646,0,1080.6636,690.4865,1138.9269,20.871,0,0,0,0,5.255,4.766,0.822,0,,1.1027,0
2016-11-22,3008110,대청,72.82,947.865,18.925,32.061,63.6,65.22,70.78,574.584,0.057,1080.6636,684.2546,1137.8242,20.766,0,0,0,0,5.625,4.85,0.82,0,,0.8677,0
2016-11-21,3008110,대청,72.84,949,18.787,31.933,63.7,65.18,70.81,572.937,0.4316,1080.6066,684.2546,1136.9565,20.815,0,0,0,0,5.601,4.695,0.822,0,,0.6735,0
2016-11-20,3008110,대청,72.86,950.136,25.243,31.819,63.8,65.13,70.83,570.884,0.0505,1080.175,684.2546,1136.283,20.813,0,0,0,0,5.441,4.741,0.824,0,,0.9152,0
2016-11-19,3008110,대청,72.87,950.704,18.801,31.96,63.8,65.07,70.85,568.426,1.1587,1080.1245,684.2546,1135.3678,20.835,0,0,0,0,5.532,4.771,0.822,0,,1.3463,0
2016-11-18,3008110,대청,72.89,951.841,25.42,32.003,63.9,65.01,70.88,565.976,8.4116,1078.9658,683.5085,1134.0215,20.855,0,0,0,0,5.602,4.725,0.821,0,,1.1185,0
2016-11-17,3008110,대청,72.9,952.41,18.645,31.818,63.9,64.92,70.9,562.314,0,1070.5542,680.098,1132.903,20.828,0,0,0,0,5.498,4.673,0.819,0,,0.6411,0
2016-11-16,3008110,대청,72.92,953.548,25.301,31.891,64,64.84,70.93,559.072,0,1070.5542,679.2609,1132.2619,20.767,0,0,0,0,5.578,4.728,0.818,0,,1.1051,0
2016-11-15,3008110,대청,72.93,954.117,15.234,28.421,64,64.73,70.95,554.635,0,1070.5542,668.3057,1131.1568,17.283,0,0,0,0,5.614,4.702,0.822,0,,0.3702,0
2016-11-14,3008110,대청,72.95,955.257,15.103,28.299,64.1,64.64,70.97,551.023,0.0525,1070.5542,668.1878,1130.7866,17.301,0,0,0,0,5.566,4.607,0.825,0,,0.8433,0
2016-11-13,3008110,대청,72.97,956.397,21.562,28.164,64.2,64.59,71,549.024,0,1070.5017,664.458,1129.9433,17.298,0,0,0,0,5.452,4.591,0.823,0,,1.9908,0
2016-11-12,3008110,대청,72.98,956.967,21.665,28.269,64.2,64.55,71.03,547.427,0,1070.5017,643.1293,1127.9525,17.315,0,0,0,0,5.51,4.62,0.824,0,,1.7133,0
2016-11-11,3008110,대청,72.99,957.538,21.501,28.107,64.3,64.53,71.06,546.63,0.6077,1070.5017,643.1293,1126.2392,17.33,0,0,0,0,5.463,4.49,0.824,0,,3.9229,0
2016-11-10,3008110,대청,73,958.109,28.243,28.243,64.3,64.5,71.09,545.436,3.4808,1069.894,643.1293,1122.3163,17.282,0,0,0,0,5.532,4.607,0.822,0,,0.9643,0
2016-11-09,3008110,대청,73,958.109,15.106,28.326,64.3,64.46,71.12,543.847,0,1066.4132,643.1293,1121.352,17.481,0,0,0,0,5.487,4.539,0.819,0,,2.0272,0
2016-11-08,3008110,대청,73.02,959.251,28.278,28.278,64.4,64.44,71.15,543.054,5.5341,1066.4132,640.7846,1119.3248,17.33,0,0,0,0,5.567,4.56,0.821,0,,1.8514,0
2016-11-07,3008110,대청,73.02,959.251,21.412,28.025,64.4,64.42,71.18,542.261,0.8621,1060.8791,628.1547,1117.4734,17.076,0,0,0,0,5.532,4.594,0.823,0,,1.5799,0
2016-11-06,3008110,대청,73.03,959.822,21.568,28.184,64.4,64.42,71.21,542.261,0,1060.017,612.6672,1115.8935,17.296,0,0,0,0,5.487,4.578,0.823,0,,2.7129,0
2016-11-05,3008110,대청,73.04,960.394,21.581,28.199,64.5,64.42,71.23,542.261,0,1060.017,611.3213,1113.1806,17.318,0,0,0,0,5.52,4.537,0.824,0,,1.6307,0
2016-11-04,3008110,대청,73.05,960.966,21.466,28.086,64.5,64.43,71.26,542.657,0,1060.017,611.3213,1111.5499,17.302,0,0,0,0,5.394,4.57,0.82,0,,0.3614,0
2016-11-03,3008110,대청,73.06,961.537,21.598,28.221,64.5,64.44,71.29,543.054,0,1060.017,611.3213,1111.1885,17.253,0,0,0,0,5.532,4.617,0.819,0,,0.426,0
2016-11-02,3008110,대청,73.07,962.11,21.603,28.228,64.6,64.44,71.32,543.054,0,1060.017,611.3213,1110.7625,17.424,0,0,0,0,5.359,4.628,0.817,0,,0.932,0
2016-11-01,3008110,대청,73.08,962.682,28.321,28.321,64.6,64.45,71.34,543.45,0,1060.017,611.3213,1109.8305,17.265,0,0,0,0,5.636,4.602,0.818,0,,2.0394,0
2016-10-31,3008110,대청,73.08,962.682,21.6,28.227,64.6,64.46,71.36,543.847,0,1060.017,611.3213,1107.7911,17.306,0,0,0,0,5.464,4.638,0.819,0,,3.3264,0
2016-10-30,3008110,대청,73.09,963.255,27.865,27.865,64.7,64.46,71.39,543.847,0,1060.017,611.3213,1104.4647,17.326,0,0,0,0,5.185,4.535,0.819,0,,1.0583,0
2016-10-29,3008110,대청,73.09,963.255,28.097,28.097,64.7,64.47,71.42,544.244,0.0729,1060.017,611.3213,1103.4064,17.26,0,0,0,0,5.393,4.619,0.825,0,,2.3203,0
2016-10-28,3008110,대청,73.09,963.255,28.084,28.084,64.7,64.46,71.45,543.847,7.8748,1059.9441,611.1646,1101.0861,17.312,0,0,0,0,5.451,4.485,0.836,0,,1.6549,0
2016-10-27,3008110,대청,73.09,963.255,34.765,28.138,64.7,64.45,71.48,543.45,0,1052.0693,611.1646,1099.4312,17.285,0,0,0,0,5.532,4.483,0.838,0,,1.5387,0
2016-10-26,3008110,대청,73.08,962.682,28.068,28.068,64.6,64.44,71.5,543.054,0,1052.0693,587.9232,1097.8925,17.299,0,0,0,0,5.348,4.585,0.836,0,,0.4884,0
2016-10-25,3008110,대청,73.08,962.682,41.37,28.123,64.6,64.46,71.53,543.847,11.7482,1052.0693,587.9232,1097.4041,17.332,0,0,0,0,5.474,4.479,0.838,0,,0.996,0
2016-10-24,3008110,대청,73.06,961.537,14.845,28.092,64.5,64.47,71.56,544.244,0.1019,1040.3211,587.9232,1096.4081,17.268,0,0,0,0,5.51,4.475,0.839,0,,1.0441,0
2016-10-23,3008110,대청,73.08,962.682,34.596,27.971,64.6,64.48,71.58,544.641,0.7943,1040.2192,587.8682,1095.364,17.269,0,0,0,0,5.312,4.547,0.843,0,,0.5971,0
2016-10-22,3008110,대청,73.07,962.11,27.985,27.985,64.6,64.49,71.6,545.039,0,1039.4249,587.8682,1094.7669,17.32,0,0,0,0,5.313,4.509,0.843,0,,4.0387,0
2016-10-21,3008110,대청,73.07,962.11,28.138,28.138,64.6,64.5,71.62,545.436,0,1039.4249,587.8682,1090.7282,17.221,0,0,0,0,5.508,4.566,0.843,0,,3.0618,0
2016-10-20,3008110,대청,73.07,962.11,34.896,28.273,64.6,64.51,71.65,545.834,0,1039.4249,587.8682,1087.6664,17.346,0,0,0,0,5.52,4.564,0.843,0,,0.6394,0
2016-10-19,3008110,대청,73.06,961.537,48.172,28.318,64.5,64.52,71.68,546.232,0,1039.4249,587.8682,1087.027,17.262,0,0,0,0,5.633,4.581,0.842,0,,0.7921,0
2016-10-18,3008110,대청,73.03,959.822,34.938,28.325,64.4,64.53,71.71,546.63,0,1039.4249,587.8682,1086.2349,17.28,0,0,0,0,5.52,4.683,0.842,0,,0.7667,0
2016-10-17,3008110,대청,73.02,959.251,41.29,28.07,64.4,64.54,71.74,547.029,1.4919,1039.4249,587.8682,1085.4682,17.309,0,0,0,0,5.279,4.64,0.842,0,,1.1967,0
2016-10-16,3008110,대청,73,958.109,41.33,28.12,64.3,64.54,71.77,547.029,12.5611,1037.933,587.8682,1084.2715,17.385,0,0,0,0,5.277,4.617,0.841,0,,1.6914,0
2016-10-15,3008110,대청,72.98,956.967,47.922,28.124,64.2,64.55,71.8,547.427,0,1025.3719,587.8682,1082.5801,17.283,0,0,0,0,5.371,4.63,0.84,0,,0.4534,0
2016-10-14,3008110,대청,72.95,955.257,46.747,26.97,64.1,64.55,71.82,547.427,0,1025.3719,587.8682,1082.1267,16.009,0,0,0,0,5.415,4.706,0.84,0,,1.246,0
2016-10-13,3008110,대청,72.92,953.548,54.767,28.43,64,64.55,71.82,547.427,0,1025.3719,587.8682,1080.8807,17.232,0,0,0,0,5.336,4.571,1.291,0,,1.1098,0
2016-10-12,3008110,대청,72.88,951.272,80.595,28.031,63.8,64.55,71.82,547.427,0,1025.3719,587.8682,1079.7709,17.324,0,0,0,0,4.421,4.504,1.782,0,,2.6938,0
2016-10-11,3008110,대청,72.8,946.731,106.149,27.58,63.5,64.56,71.82,547.826,0,1025.3719,586.9905,1077.0771,17.287,0,0,0,0,4.884,4.611,0.798,0,,2.1578,0
2016-10-10,3008110,대청,72.68,939.942,171.047,27.866,63.1,64.56,71.84,547.826,0,1025.3719,582.0352,1074.9193,17.394,0,0,0,0,5.44,4.535,0.497,0,,3.363,0
2016-10-09,3008110,대청,72.46,927.572,399.791,27.637,62.3,64.56,71.86,547.826,0,1025.3719,575.0828,1071.5563,17.363,0,0,0,0,5.255,4.541,0.478,0,,1.2037,0
2016-10-08,3008110,대청,71.88,895.418,297.544,26.586,60.1,64.57,71.88,548.225,36.5978,1025.3719,574.6653,1070.3526,17.355,0,0,0,0,4.271,4.484,0.476,0,,2.2364,0
2016-10-07,3008110,대청,71.45,872.007,152.524,27.924,58.5,64.57,71.9,548.225,15.4399,988.7741,574.6019,1068.1162,17.35,0,0,0,0,5.555,4.583,0.436,0,,0.9872,0
2016-10-06,3008110,대청,71.25,861.241,217.739,26.39,57.8,64.58,71.93,548.624,0,973.3342,574.6019,1067.129,17.361,0,0,0,0,4.028,4.56,0.441,0,,1.4211,0
2016-10-05,3008110,대청,70.94,844.709,58.237,27.577,56.7,64.59,71.96,549.024,38.4653,973.3342,574.6019,1065.7079,17.318,0,0,0,0,5.393,4.449,0.417,0,,2.5918,0
2016-10-04,3008110,대청,70.89,842.06,33.386,27.261,56.5,64.61,71.99,549.823,0.1241,934.8689,574.6019,1063.1161,17.408,0,0,0,0,4.745,4.693,0.415,0,,0.4489,0
2016-10-03,3008110,대청,70.88,841.53,26.345,26.345,56.5,64.61,72.02,549.823,8.361,934.7448,574.6019,1062.6672,17.305,0,0,0,0,4.121,4.505,0.414,0,,0.6445,0
2016-10-02,3008110,대청,70.88,841.53,33.413,27.29,56.5,64.6,72.04,549.423,1.0714,926.3838,574.6019,1062.0227,17.311,0,0,0,0,5.127,4.456,0.396,0,,2.5804,0
2016-10-01,3008110,대청,70.87,841.001,27.209,27.209,56.4,64.61,72.06,549.823,1.2229,925.3124,574.6019,1059.4423,17.106,0,0,0,0,5.126,4.554,0.423,0,,2.2306,0
2016-09-30,3008110,대청,70.87,841.001,27.216,39.464,56.4,64.59,71.98,549.024,7.7689,924.0895,536.2237,1057.2117,28.734,0,0,0,0,5.718,4.598,0.414,0,,4.7963,0
2016-09-29,3008110,대청,70.89,842.06,20.162,38.552,56.5,64.63,71.98,550.623,0.1178,916.3206,536.2237,1052.4154,28.606,0,0,0,0,4.861,4.638,0.447,0,,4.2282,0
2016-09-28,3008110,대청,70.92,843.649,33.13,39.264,56.6,64.66,72.02,551.825,0.6698,916.2028,536.2237,1048.1872,28.567,0,0,0,0,5.602,4.649,0.446,0,,1.5144,0
2016-09-27,3008110,대청,70.93,844.179,51.164,38.898,56.7,64.69,72.06,553.028,12.4835,915.533,536.2237,1046.6728,28.489,0,0,0,0,5.428,4.532,0.449,0,,2.23,0
2016-09-26,3008110,대청,70.91,843.119,26.573,38.839,56.6,64.72,72.1,554.233,0.5478,903.0495,536.2237,1044.4428,28.618,0,0,0,0,5.165,4.586,0.47,0,,0.9704,0
2016-09-25,3008110,대청,70.93,844.179,25.442,37.717,56.7,64.76,72.13,555.843,0,902.5017,536.2237,1043.4724,28.675,0,0,0,0,3.915,4.67,0.457,0,,0.5857,0
2016-09-24,3008110,대청,70.95,845.239,33.375,39.516,56.7,64.79,72.16,557.052,0,902.5017,536.2237,1042.8867,28.636,0,0,0,0,5.813,4.613,0.454,0,,6.5358,0
2016-09-23,3008110,대청,70.96,845.77,44.681,38.54,56.8,64.82,72.17,558.264,0,902.5017,536.2237,1036.3509,28.682,0,0,0,0,4.699,4.706,0.453,0,,3.5575,0
2016-09-22,3008110,대청,70.95,845.239,57.521,39.111,56.7,64.87,72.17,560.286,0.0553,902.5017,536.2237,1032.7934,28.635,0,0,0,0,5.37,4.652,0.454,0,,0.9442,0
2016-09-21,3008110,대청,70.92,843.649,76.107,39.348,56.6,64.91,72.2,561.908,0,902.4464,536.1687,1031.8492,28.728,0,0,0,0,5.418,4.749,0.453,0,,3.0645,0
2016-09-20,3008110,대청,70.86,840.473,111.985,38.709,56.4,64.94,72.24,563.126,0,902.4464,536.1687,1028.7847,28.787,0,0,0,0,4.676,4.777,0.469,0,,3.15,0
2016-09-19,3008110,대청,70.74,834.142,209.011,39.286,56,64.97,72.26,564.346,0,902.4464,536.1687,1025.6347,28.644,0,0,0,0,5.544,4.631,0.467,0,,3.0054,0
2016-09-18,3008110,대청,70.46,819.477,324.549,28.871,55,65.01,72.29,565.976,10.5464,902.4464,536.1687,1022.6293,19.49,0,0,0,0,4.41,4.508,0.463,0,,2.9704,0
2016-09-17,3008110,대청,69.97,793.931,124.035,29.256,53.3,65.05,72.26,567.609,93.4085,891.9,536.1687,1019.6589,19.472,0,0,0,0,4.896,4.429,0.459,0,,8.7831,0
2016-09-16,3008110,대청,69.81,785.742,20.356,38.076,52.7,65.07,72.16,568.426,5.5603,798.4915,536.1687,1010.8758,28.568,0,0,0,0,4.642,4.405,0.461,0,,6.8012,0
2016-09-15,3008110,대청,69.84,787.273,8.817,38.403,52.8,65.1,72.14,569.654,0,792.9312,536.1687,1004.0746,28.582,0,0,0,0,4.853,4.509,0.459,0,,5.638,0
2016-09-14,3008110,대청,69.89,789.829,17.537,41.253,53,65.13,72.17,570.884,0,792.9312,536.1687,998.4366,28.606,0,0,0,0,5.29,4.643,2.714,0,,5.7941,0
2016-09-13,3008110,대청,69.93,791.878,17.18,40.938,53.2,65.16,72.12,572.115,0.073,792.9312,536.1687,992.6425,28.557,0,0,0,0,5.484,4.624,2.273,0,,3.9087,0
2016-09-12,3008110,대청,69.97,793.931,12.911,39.471,53.3,65.18,72.02,572.937,1.4279,792.8582,536.0049,988.7338,28.576,0,0,0,0,5.706,4.674,0.515,0,,5.5042,0
2016-09-11,3008110,대청,70.01,796.226,9.349,39.029,53.4,65.19,72.01,573.349,0.1612,791.4303,526.9432,983.2296,28.564,0,0,0,0,5.44,4.574,0.451,0,,5.0648,0
2016-09-10,3008110,대청,70.06,798.79,19.083,42.867,53.6,65.22,72.02,574.584,6.6236,791.2691,526.4237,978.1648,28.621,0,0,0,0,5.073,4.572,4.601,0,,4.7264,0
2016-09-09,3008110,대청,70.1,800.845,20.798,44.618,53.8,65.24,71.99,575.408,1.0373,784.6455,526.4237,973.4384,28.541,0,0,0,0,5.713,4.699,5.665,0,,5.1721,0
2016-09-08,3008110,대청,70.14,802.903,17.957,41.812,53.9,65.26,72,576.234,0.9325,783.6082,526.4237,968.2663,28.613,0,0,0,0,4.942,4.636,3.621,0,,4.265,0
2016-09-07,3008110,대청,70.18,804.964,17.91,41.8,54,65.29,72.01,577.473,1.0403,782.6757,526.4237,964.0013,28.72,0,0,0,0,5.201,4.753,3.126,0,,3.1232,0
2016-09-06,3008110,대청,70.22,807.028,10.352,40.265,54.2,65.31,72.04,578.3,0.073,781.6354,526.4237,960.8781,28.594,0,0,0,0,4.718,4.621,2.332,0,,3.0249,0
2016-09-05,3008110,대청,70.27,809.613,21.206,45.176,54.3,65.32,72.1,578.714,0.9667,781.5624,525.7299,957.8532,28.568,0,0,0,0,4.795,4.745,7.068,0,,6.2081,0
2016-09-04,3008110,대청,70.31,811.684,20.805,44.811,54.5,65.33,72.15,579.128,0.9309,780.5957,522.1273,951.6451,28.69,0,0,0,0,5.602,4.436,6.083,0,,3.0818,0
2016-09-03,3008110,대청,70.35,813.758,24.717,42.745,54.6,65.32,72.12,578.714,0,779.6648,522.1273,948.5633,28.629,0,0,0,0,5.532,4.684,3.9,0,,4.4976,0
2016-09-02,3008110,대청,70.38,815.315,22.488,40.536,54.7,65.33,72.06,579.128,11.1823,779.6648,521.3653,944.0657,28.866,0,0,0,0,5.532,4.742,1.396,0,,9.6064,0
2016-09-01,3008110,대청,70.41,816.875,27.524,39.567,54.8,65.34,72.03,579.543,0.3004,768.4825,508.6172,934.4593,28.822,0,0,0,0,5.502,4.814,0.429,0,,6.138,0
2016-08-31,3008110,대청,70.43,817.915,14.556,44.702,54.9,65.37,71.74,580.787,11.4487,768.1821,508.5619,928.3213,31.762,0,0,0,0,5.335,4.722,2.883,0,,12.1974,0
2016-08-30,3008110,대청,70.48,820.52,18.567,48.769,55.1,65.39,71.48,581.617,3.355,756.7334,508.4577,916.1239,31.815,0,0,0,0,5.66,4.811,6.483,0,,14.2523,0
2016-08-29,3008110,대청,70.53,823.129,9.225,51.602,55.2,65.42,71.28,582.864,0.3895,753.3784,507.8759,901.8716,34.831,0,0,0,0,5.428,4.888,6.455,0,,6.7409,0
2016-08-28,3008110,대청,70.6,826.791,15.056,45.392,55.5,65.43,71.25,583.28,6.3513,752.9889,507.8759,895.1307,28.838,0,0,0,0,5.335,4.726,6.493,0,,8.0541,0
2016-08-27,3008110,대청,70.65,829.412,12.063,48.54,55.7,65.41,71.23,582.448,0.1567,746.6376,507.0181,887.0766,31.679,0,0,0,0,5.383,4.968,6.51,0,,5.7,0
2016-08-26,3008110,대청,70.71,832.563,12.345,48.902,55.9,65.35,71.11,579.957,10.8853,746.4809,504.4784,881.3766,31.755,0,0,0,0,5.673,5.139,6.335,0,,7.9312,0
2016-08-25,3008110,대청,70.77,835.722,7.061,86.545,56.1,65.36,70.98,580.372,0,735.5956,504.4784,873.4454,68.794,0,0,0,0,6.111,5.082,6.558,0,,10.8455,0
2016-08-24,3008110,대청,70.9,842.589,12.594,49.407,56.6,65.38,70.89,581.202,0.0273,735.5956,471.4044,862.5999,31.79,0,0,0,0,6.053,4.965,6.599,0,,6.9794,0
2016-08-23,3008110,대청,70.96,845.77,6.773,49.823,56.8,65.44,70.93,583.697,1.379,735.5683,470.8602,855.6205,31.826,0,0,0,0,6.123,5.268,6.606,0,,5.3183,0
2016-08-22,3008110,대청,71.03,849.489,9.266,52.426,57,65.49,70.96,585.782,0,734.1893,470.8602,850.3022,34.754,0,0,0,0,5.949,5.099,6.624,0,,6.7311,0
2016-08-21,3008110,대청,71.1,853.218,8.86,45.942,57.3,65.54,70.88,587.871,0,734.1893,470.8602,843.5711,28.782,0,0,0,0,5.579,4.939,6.642,0,,10.1132,0
2016-08-20,3008110,대청,71.16,856.422,11.889,49.052,57.5,65.58,70.81,589.547,0,734.1893,463.9308,833.4579,31.685,0,0,0,0,5.578,5.132,6.657,0,,10.1457,0
2016-08-19,3008110,대청,71.22,859.633,12.33,49.575,57.7,65.65,70.79,592.487,0,734.1893,460.0434,823.3122,31.682,0,0,0,0,6.099,5.123,6.671,0,,5.1308,0
2016-08-18,3008110,대청,71.28,862.851,12.188,49.514,57.9,65.71,70.7,595.015,1.4463,734.1893,460.0434,818.1814,31.788,0,0,0,0,5.271,4.937,7.518,0,,9.4767,0
2016-08-17,3008110,대청,71.34,866.076,10.748,48.155,58.1,65.77,70.7,597.55,0.114,732.743,460.0434,808.7047,31.805,0,0,0,0,5.13,5.036,6.184,0,,5.7116,0
2016-08-16,3008110,대청,71.4,869.308,7.393,51.137,58.3,65.83,70.64,600.092,0,732.629,459.8764,802.9931,34.647,0,0,0,0,5.116,5.089,6.285,0,,10.5305,0
2016-08-15,3008110,대청,71.47,873.088,8.358,45.942,58.6,65.88,70.41,602.217,0,732.629,459.4067,792.4626,28.68,0,0,0,0,5.626,4.943,6.693,0,,10.419,0
2016-08-14,3008110,대청,71.53,876.335,17.315,48.697,58.8,65.94,70.3,604.773,2.287,732.629,457.1913,782.0436,31.662,0,0,0,0,5.394,4.941,6.7,0,,6.4499,0
2016-08-13,3008110,대청,71.58,879.046,11.551,49.284,59,65.99,70.24,606.908,0,730.342,457.1913,775.5937,31.681,0,0,0,0,5.903,4.965,6.735,0,,9.9566,0
2016-08-12,3008110,대청,71.64,882.306,18.412,49.919,59.2,66.03,70.25,608.621,0,730.342,456.38,765.6371,31.847,0,0,0,0,5.947,4.996,7.129,0,,8.5284,0
2016-08-11,3008110,대청,71.69,885.029,17.681,49.244,59.4,66.08,70.14,610.765,0,730.342,455.0949,757.1087,31.773,0,0,0,0,5.776,4.96,6.735,0,,7.2914,0
2016-08-10,3008110,대청,71.74,887.756,17.209,48.829,59.6,66.11,70.07,612.055,0,730.342,454.5508,749.8173,31.74,0,0,0,0,5.436,4.899,6.754,0,,11.5601,0
2016-08-09,3008110,대청,71.79,890.488,23.691,49.028,59.8,66.16,70.07,614.208,0.7854,730.342,454.5508,738.2572,31.604,0,0,0,0,5.155,4.941,7.328,0,,6.3353,0
2016-08-08,3008110,대청,71.83,892.677,12.666,50.74,59.9,66.19,70.08,615.502,3.1546,729.5566,454.5508,731.9219,34.809,0,0,0,0,4.718,5.017,6.196,0,,6.4032,0
2016-08-07,3008110,대청,71.89,895.966,20.01,45.438,60.1,66.25,70.13,618.097,6.7844,726.402,444.142,725.5187,28.751,0,0,0,0,5.069,4.867,6.751,0,,6.6793,0
2016-08-06,3008110,대청,71.93,898.163,17.746,49.582,60.3,66.31,70.16,620.698,0.7289,719.6176,442.9258,718.8394,31.97,0,0,0,0,5.81,5.039,6.763,0,,6.0002,0
2016-08-05,3008110,대청,71.98,900.914,28.501,47.63,60.5,66.37,70.1,623.307,0,718.8887,442.9258,712.8392,31.777,0,0,0,0,4.236,4.824,6.793,0,,1.4898,0
2016-08-04,3008110,대청,72.01,902.567,28.177,66.497,60.6,66.42,70,625.487,0,718.8887,442.9258,711.3494,49.005,0,0,0,0,5.648,5.044,6.8,0,,10.6025,0
2016-08-03,3008110,대청,72.07,905.878,20.238,71.459,60.8,66.45,69.81,626.798,3.3443,718.8887,442.9258,700.7469,54.183,0,0,0,0,5.475,4.963,6.838,0,,10.8961,0
2016-08-02,3008110,대청,72.15,910.303,20.01,71.378,61.1,66.5,69.71,628.986,10.0849,715.5444,442.8985,689.8508,54.172,0,0,0,0,5.174,5.188,6.844,0,,6.7937,0
2016-08-01,3008110,대청,72.23,914.741,28.364,73.431,61.4,66.52,69.74,629.863,0,705.4595,435.8905,683.0571,57.428,0,0,0,0,4.029,5.138,6.836,0,,6.0373,0
2016-07-31,3008110,대청,72.3,918.635,23.186,61.904,61.7,66.56,69.79,631.619,0.797,705.4595,435.5624,677.0198,49.81,0,0,0,0,5.235,5.339,1.52,0,,3.053,0
2016-07-30,3008110,대청,72.36,921.98,23.116,68.392,61.9,66.58,69.83,632.498,2.8752,704.6625,435.5624,673.9668,52.86,0,0,0,0,5.008,5.212,5.312,0,,3.7805,0
2016-07-29,3008110,대청,72.43,925.892,18.716,70.598,62.1,66.6,69.86,633.378,4.2384,701.7873,435.5624,670.1863,52.843,0,0,0,0,5.995,5.34,6.42,0,,5.407,0
2016-07-28,3008110,대청,72.51,930.375,24.578,70.095,62.4,66.59,69.91,632.938,0.8045,697.5489,421.0055,664.7793,52.888,0,0,0,0,5.765,4.999,6.443,0,,5.0455,0
2016-07-27,3008110,대청,72.58,934.307,16.129,68.287,62.7,66.63,70.02,634.7,0.3852,696.7444,420.4795,659.7338,52.986,0,0,0,0,4.108,4.746,6.447,0,,3.1471,0
2016-07-26,3008110,대청,72.66,938.814,24.343,70.102,63,66.66,69.97,636.023,0,696.3592,418.9344,656.5867,52.912,0,0,0,0,5.729,5.009,6.452,0,,8.7442,0
2016-07-25,3008110,대청,72.73,942.767,19.243,71.677,63.3,66.67,69.96,636.465,0,696.3592,418.9344,647.8425,55.711,0,0,0,0,4.352,5.115,6.499,0,,7.6305,0
2016-07-24,3008110,대청,72.81,947.298,21.073,67.074,63.6,66.67,69.88,636.465,0,696.3592,418.8424,640.212,49.94,0,0,0,0,5.498,5.089,6.547,0,,3.9414,0
2016-07-23,3008110,대청,72.88,951.272,23.627,69.742,63.8,66.63,69.67,634.7,0,696.3592,416.6396,636.2706,52.818,0,0,0,0,5.278,5.089,6.557,0,,13.6061,0
2016-07-22,3008110,대청,72.95,955.257,23.806,70.034,64.1,66.59,69.34,632.938,0,696.3592,410.1611,622.6645,52.871,0,0,0,0,5.555,5.044,6.564,0,,10.2352,0
2016-07-21,3008110,대청,73.02,959.251,26.933,186.293,64.4,66.58,69.35,632.498,0,696.3592,390.8778,612.4293,169.485,0,0,0,0,5.173,5.101,6.534,0,,5.4172,0
2016-07-20,3008110,대청,73.26,973.019,38.114,245.938,65.3,66.62,69.35,634.259,0.3126,696.3592,384.4734,607.0121,232.718,0,0,0,0,4.259,4.989,3.972,0,,3.0968,0
2016-07-19,3008110,대청,73.57,990.975,38.674,241.933,66.5,66.66,69.29,636.023,0.8403,696.0466,384.3659,603.9153,231.008,0,0,0,0,5.533,4.763,0.629,0,,6.2383,0
2016-07-18,3008110,대청,73.87,1008.537,53.888,238.627,67.7,66.68,69.19,636.907,0,695.2063,384.3659,597.677,227.687,0,0,0,0,5.706,4.869,0.365,0,,6.7659,0
2016-07-17,3008110,대청,74.14,1024.498,57.58,237.102,68.8,66.71,68.86,638.234,0.256,695.2063,384.3659,590.9111,227.491,0,0,0,0,4.456,4.791,0.364,0,,13.9213,0
2016-07-16,3008110,대청,74.4,1040.009,73.004,205.204,69.8,66.72,68.35,638.676,14.8622,694.9503,383.9512,576.9898,194.992,0,0,0,0,5.023,4.824,0.365,0,,13.6873,0
2016-07-15,3008110,대청,74.59,1051.431,47.768,110.688,70.6,66.69,68.09,637.349,0,680.0881,383.9063,563.3025,99.709,0,0,0,0,5.648,4.966,0.365,0,,14.6943,0
2016-07-14,3008110,대청,74.68,1056.868,58.22,93.259,70.9,66.59,67.85,632.938,0.0729,680.0881,383.8308,548.6082,82.173,0,0,0,0,5.683,5.044,0.359,0,,11.0028,0
2016-07-13,3008110,대청,74.73,1059.895,76.351,231.229,71.1,66.36,67.61,622.872,0,680.0152,383.8308,537.6054,221.42,0,0,0,0,4.41,5.045,0.354,0,,11.2437,0
2016-07-12,3008110,대청,74.95,1073.276,85.254,234.17,72,66.17,67.3,614.639,0.6334,680.0152,382.0632,526.3617,223.456,0,0,0,0,5.463,4.904,0.347,0,,14.3395,0
2016-07-11,3008110,대청,75.16,1086.143,112.51,233.834,72.9,66.05,67.18,609.478,2.6503,679.3818,366.9262,512.0222,222.779,0,0,0,0,5.544,5.167,0.344,0,,15.9681,0
2016-07-10,3008110,대청,75.33,1096.625,146.987,233.045,73.6,65.82,66.92,599.668,0,676.7315,362.9081,496.0541,222.08,0,0,0,0,5.405,5.209,0.351,0,,11.6545,0
2016-07-09,3008110,대청,75.45,1104.06,253.594,232.047,74.1,65.13,66.64,570.884,0,676.7315,362.9081,484.3996,220.654,0,0,0,0,5.798,5.195,0.4,0,,13.6612,0
2016-07-08,3008110,대청,75.42,1102.199,453.689,232.303,74,64.92,66.53,562.314,0.278,676.7315,310.0113,470.7384,220.882,0,0,0,0,5.788,5.227,0.406,0,,6.6579,0
2016-07-07,3008110,대청,75.11,1083.071,1768.208,236.182,72.7,64.94,66.37,563.126,4.1829,676.4535,287.0562,464.0805,225.33,0,0,0,0,5.487,4.978,0.387,0,,8.1202,0
2016-07-06,3008110,대청,72.87,950.704,1742.044,91.087,63.8,64.99,66.13,565.161,104.7408,672.2706,279.4142,455.9603,80.61,0,0,0,0,5.3,4.836,0.341,0,,11.8085,0
2016-07-05,3008110,대청,70.24,808.061,1255.41,30.91,54.2,65.05,65.8,567.609,19.0475,567.5298,277.7486,444.1518,20.413,0,0,0,0,5.539,4.635,0.323,0,,9.7678,0
2016-07-04,3008110,대청,68.11,702.264,842.346,34.864,47.1,65.09,65.64,569.245,92.556,548.4823,272.7632,434.384,26.119,0,0,0,0,4.282,4.176,0.287,0,,10.013,0
2016-07-03,3008110,대청,66.58,632.498,276.144,39.533,42.5,65.15,65.5,571.705,20.8094,455.9263,272.7632,424.371,30.972,0,0,0,0,3.774,4.507,0.28,0,,11.1335,0
2016-07-02,3008110,대청,66.11,612.055,172.537,43.91,41.1,65.22,65.4,574.584,51.1573,435.1169,272.7632,413.2375,33.958,0,0,0,0,5.22,4.451,0.281,0,,9.0441,0
2016-07-01,3008110,대청,65.85,600.941,49.229,44.314,40.3,65.26,65.33,576.234,36.3173,383.9596,272.7127,404.1934,33.957,0,0,0,0,5.544,4.52,0.293,0,,9.3475,0
2016-06-30,3008110,대청,65.84,600.517,26.643,61.099,40.3,65.31,65.32,578.3,0.1744,347.6423,272.1318,394.8459,47.963,0,0,0,0,5.671,4.603,2.862,0,,5.017,0
2016-06-29,3008110,대청,65.91,603.494,19.113,63.584,40.5,65.37,65.26,580.787,0,347.4679,268.3146,389.8289,47.886,0,0,0,0,5.405,4.484,5.809,0,,6.6189,0
2016-06-28,3008110,대청,66,607.336,15.369,60.033,40.8,65.41,65.27,582.448,0,347.4679,268.3146,383.21,47.889,0,0,0,0,5.451,4.513,2.18,0,,5.2168,0
2016-06-27,3008110,대청,66.09,611.195,19.59,59.453,41,65.41,65.23,582.448,0,347.4679,268.3146,377.9932,50.807,0,0,0,0,3.739,4.432,0.475,0,,8.7378,0
2016-06-26,3008110,대청,66.17,614.639,30.899,55.891,41.3,65.32,65.2,578.714,0,347.4679,268.3146,369.2554,44.92,0,0,0,0,5.984,4.495,0.492,0,,4.4817,0
2016-06-25,3008110,대청,66.22,616.798,22.222,57.311,41.4,65.26,65.03,576.234,0.1042,347.4679,224.6414,364.7737,47.833,0,0,0,0,4.27,4.698,0.51,0,,10.0497,0
2016-06-24,3008110,대청,66.29,619.83,45.695,60.769,41.6,65.33,64.84,579.128,27.5448,347.3637,211.7159,354.724,47.812,0,0,0,0,5.3,4.432,3.225,0,,13.176,0
2016-06-23,3008110,대청,66.32,621.133,16.178,66.58,41.7,65.44,64.8,583.697,0,319.8189,211.0377,341.548,49.85,0,0,0,0,5.538,4.401,6.791,0,,7.9568,0
2016-06-22,3008110,대청,66.42,625.487,16.731,62.298,42,65.54,64.84,587.871,0,319.8189,210.8693,333.5912,50.903,0,0,0,0,4.78,4.283,2.332,0,,5.1224,0
2016-06-21,3008110,대청,66.51,629.424,17.394,63.156,42.2,65.65,64.86,592.487,1.7158,319.8189,209.4348,328.4688,50.85,0,0,0,0,5.463,4.651,2.192,0,,3.5289,0
2016-06-20,3008110,대청,66.6,633.378,18.06,69.136,42.5,65.73,64.76,595.859,3.2715,318.1031,209.3796,324.9399,53.728,0,0,0,0,5.302,4.858,5.248,0,,11.6667,0
2016-06-19,3008110,대청,66.7,637.791,18.316,64.491,42.8,65.83,64.77,600.092,0,314.8316,202.8048,313.2732,47.897,0,0,0,0,5.451,4.77,6.373,0,,7.457,0
2016-06-18,3008110,대청,66.79,641.781,16.765,68.301,43.1,65.94,64.84,604.773,0,314.8316,199.7849,305.8162,51.11,0,0,0,0,5.937,4.843,6.411,0,,5.6468,0
2016-06-17,3008110,대청,66.89,646.233,26.267,67.671,43.4,66.05,64.82,609.478,0,314.8316,199.7849,300.1694,51.052,0,0,0,0,5.417,4.768,6.434,0,,6.1236,0
2016-06-16,3008110,대청,66.97,649.811,15.12,61.886,43.6,66.16,64.83,614.208,1.1141,314.8316,199.6798,294.0458,50.878,0,0,0,0,4.851,4.779,1.378,0,,3.9687,0
2016-06-15,3008110,대청,67.06,653.851,23.328,70.292,43.9,66.25,64.94,618.097,9.2618,313.7175,194.8954,290.0771,59.388,0,0,0,0,5.528,4.8,0.576,0,,1.0995,0
2016-06-14,3008110,대청,67.15,657.909,16.489,74.158,44.2,66.37,65.04,623.307,0.6811,304.4557,194.8954,288.9776,59.581,0,0,0,0,4.322,4.951,5.304,0,,2.9574,0
2016-06-13,3008110,대청,67.26,662.892,13.498,76.749,44.5,66.47,65.15,627.672,0.0552,303.7746,193.5788,286.0202,62.502,0,0,0,0,3.576,5.013,5.658,0,,1.8467,0
2016-06-12,3008110,대청,67.38,668.356,19.386,72.366,44.9,66.58,65.24,632.498,0,303.7194,193.5788,284.1735,56.478,0,0,0,0,5.239,4.965,5.684,0,,2.1004,0
2016-06-11,3008110,대청,67.48,672.934,17.299,75.862,45.2,66.69,65.33,637.349,3.0126,303.7194,193.0578,282.0731,59.477,0,0,0,0,5.37,5.049,5.966,0,,2.3964,0
2016-06-10,3008110,대청,67.59,677.994,16.782,75.644,45.5,66.82,65.41,643.114,0,300.7068,192.8905,279.6767,59.504,0,0,0,0,5.092,5.043,6.005,0,,4.9455,0
2016-06-09,3008110,대청,67.7,683.079,16.133,75.296,45.8,66.94,65.49,648.468,0,300.7068,192.8905,274.7312,59.447,0,0,0,0,4.872,4.998,5.979,0,,2.1235,0
2016-06-08,3008110,대청,67.81,688.191,10.935,75.82,46.2,67.07,65.55,654.301,0,300.7068,192.8905,272.6077,59.355,0,0,0,0,5.463,4.994,6.008,0,,4.6749,0
2016-06-07,3008110,대청,67.93,693.797,18.523,78.317,46.6,67.2,65.65,660.171,0.4327,300.7068,192.781,267.9328,62.507,0,0,0,0,4.792,4.973,6.045,0,,4.1324,0
2016-06-06,3008110,대청,68.04,698.963,18.335,72.956,46.9,67.32,65.76,665.62,0.2826,300.2741,192.781,263.8004,56.368,0,0,0,0,5.59,4.947,6.051,0,,0.6377,0
2016-06-05,3008110,대청,68.14,703.682,14.963,75.336,47.2,67.44,65.87,671.1,0,299.9915,192.781,263.1627,59.353,0,0,0,0,4.977,4.954,6.052,0,,1.8477,0
2016-06-04,3008110,대청,68.25,708.899,11.936,72.613,47.6,67.58,65.98,677.533,0.0525,299.9915,192.667,261.315,56.432,0,0,0,0,5.045,5.054,6.082,0,,0.2041,0
2016-06-03,3008110,대청,68.36,714.141,12.568,79.11,47.9,67.71,66.07,683.543,0,299.939,192.667,261.1109,62.312,0,0,0,0,5.59,5.108,6.1,0,,1.6948,0
2016-06-02,3008110,대청,68.48,719.89,9.371,76.278,48.3,67.85,66.18,690.056,0,299.939,192.667,259.4161,59.512,0,0,0,0,5.579,5.052,6.135,0,,3.5413,0
2016-06-01,3008110,대청,68.6,725.671,14.42,76.072,48.7,67.98,66.29,696.142,0,299.939,192.667,255.8748,59.391,0,0,0,0,5.567,4.943,6.171,0,,3.0796,0
2016-05-31,3008110,대청,68.71,730.998,13.965,75.925,49.1,68.12,66.4,702.737,0,299.939,192.667,252.7952,59.972,0,0,0,0,4.745,5.014,6.194,0,,0.5586,0
2016-05-30,3008110,대청,68.82,736.351,14.136,76.405,49.4,68.24,66.48,708.423,0,299.939,192.667,252.2366,60.035,0,0,0,0,5.255,4.898,6.217,0,,2.4453,0
2016-05-29,3008110,대청,68.93,741.731,19.896,76.773,49.8,68.36,66.57,714.141,0,299.939,190.3924,249.7913,59.993,0,0,0,0,5.568,4.964,6.248,0,,1.0275,0
2016-05-28,3008110,대청,69.03,746.646,22.173,73.582,50.1,68.49,66.67,720.371,0,299.939,190.3924,248.7638,56.996,0,0,0,0,5.475,4.837,6.274,0,,1.6868,0
2016-05-27,3008110,대청,69.12,751.087,22.433,79.799,50.4,68.63,66.77,727.121,0,299.939,190.3924,247.077,62.972,0,0,0,0,5.836,4.701,6.29,0,,1.5441,0
2016-05-26,3008110,대청,69.22,756.044,30.641,76.719,50.7,68.75,66.87,732.942,0,299.939,190.3924,245.5329,59.832,0,0,0,0,5.613,4.96,6.314,0,,2.2105,0
2016-05-25,3008110,대청,69.3,760.025,24.318,76.354,51,68.88,66.97,739.283,0.2016,299.939,190.3924,243.3224,59.96,0,0,0,0,5.268,4.788,6.338,0,,1.8958,0
2016-05-24,3008110,대청,69.39,764.521,33.778,74.395,51.3,69,67.07,745.169,15.6241,299.7374,190.3924,241.4266,59.974,0,0,0,0,5.508,4.713,4.2,0,,2.2187,0
2016-05-23,3008110,대청,69.46,768.03,18.688,76.933,51.6,69.13,67.15,751.582,0,284.1133,190.3924,239.2079,60.004,0,0,0,0,5.452,5.005,6.472,0,,1.1102,0
2016-05-22,3008110,대청,69.56,773.062,17.562,76.067,51.9,69.25,67.23,757.535,0,284.1133,190.3924,238.0977,60.066,0,0,0,0,4.664,4.831,6.506,0,,1.9905,0
2016-05-21,3008110,대청,69.66,778.117,20.406,73.284,52.2,69.37,67.31,763.52,0,284.1133,190.3924,236.1072,56.947,0,0,0,0,4.907,4.904,6.526,0,,2.4213,0
2016-05-20,3008110,대청,69.75,782.686,20.975,79.976,52.5,69.48,67.39,769.035,0,284.1133,190.3924,233.6859,62.96,0,0,0,0,5.416,5.054,6.546,0,,1.2489,0
2016-05-19,3008110,대청,69.85,787.784,29.632,77.021,52.9,69.6,67.47,775.082,0,284.1133,190.2765,232.437,59.885,0,0,0,0,5.579,4.977,6.58,0,,2.4011,0
2016-05-18,3008110,대청,69.93,791.878,32.594,76.982,53.2,69.72,67.55,781.161,0,284.1133,190.038,230.0359,59.918,0,0,0,0,5.544,4.948,6.572,0,,3.7405,0
2016-05-17,3008110,대청,70,795.713,36.73,72.34,53.4,69.84,67.63,787.273,0,284.1133,190.038,226.2954,60.033,0,0,0,0,4.912,4.618,2.777,0,,1.9685,0
2016-05-16,3008110,대청,70.06,798.79,39.989,51.877,53.6,69.96,67.69,793.417,7.7333,284.1133,190.038,224.3269,38.412,0,0,0,0,4.347,4.908,4.21,0,,2.9404,0
2016-05-15,3008110,대청,70.08,799.817,29.682,53.484,53.7,70.07,67.7,799.303,6.9868,276.38,190.038,221.3865,38.218,0,0,0,0,5.475,4.962,4.829,0,,1.0588,0
2016-05-14,3008110,대청,70.12,801.873,37.258,49.172,53.8,70.18,67.7,804.964,0,269.3932,190.038,220.3277,35.275,0,0,0,0,4.051,5.001,4.845,0,,2.3488,0
2016-05-13,3008110,대청,70.14,802.903,39.072,56.96,53.9,70.29,67.72,810.648,0,269.3932,190.038,217.9789,41.4,0,0,0,0,5.763,4.96,4.837,0,,7.5039,0
2016-05-12,3008110,대청,70.17,804.448,52.748,52.748,54,70.38,67.74,815.315,0,269.3932,189.7517,210.475,38.267,0,0,0,0,4.04,4.851,5.59,0,,2.2911,0
2016-05-11,3008110,대청,70.17,804.448,41.698,53.634,54,70.48,67.76,820.52,2.9634,269.3932,180.3887,208.1839,38.298,0,0,0,0,4.897,4.882,5.557,0,,4.5744,0
2016-05-10,3008110,대청,70.19,805.48,41.728,53.673,54.1,70.58,67.77,825.743,19.7558,266.4298,175.3146,203.6095,38.138,0,0,0,0,5.451,4.83,5.254,0,,4.7047,0
2016-05-09,3008110,대청,70.21,806.512,32.096,56.013,54.1,70.68,67.79,830.986,0,246.674,175.3146,198.9048,41.402,0,0,0,0,5.151,4.975,4.485,0,,1.7328,0
2016-05-08,3008110,대청,70.25,808.578,30.944,48.905,54.3,70.8,67.79,837.304,0,246.674,175.3146,197.172,35.302,0,0,0,0,5.244,4.964,3.395,0,,1.0019,0
2016-05-07,3008110,대청,70.28,810.13,38.769,50.754,54.4,70.89,67.75,842.06,0,246.674,175.3146,196.1701,38.283,0,0,0,0,4.583,4.975,2.913,0,,6.7333,0
2016-05-06,3008110,대청,70.3,811.166,38.359,50.353,54.4,71,67.72,847.894,0,246.674,175.3146,189.4368,38.278,0,0,0,0,4.272,4.892,2.911,0,,4.6028,0
2016-05-05,3008110,대청,70.32,812.202,59.305,53.307,54.5,71.09,67.76,852.685,0,246.674,175.3146,184.834,38.276,0,0,0,0,6.017,6.077,2.937,0,,1.8501,0
2016-05-04,3008110,대청,70.31,811.684,37.8,49.798,54.5,71.17,67.79,856.957,0,246.674,175.3146,182.9839,38.267,0,0,0,0,4.977,4.966,1.588,0,,1.1791,0
2016-05-03,3008110,대청,70.33,812.72,70.782,40.802,54.5,71.26,67.8,861.778,13.9799,246.674,175.0645,181.8048,30.461,0,0,0,0,5.405,4.731,0.205,0,,4.387,0
2016-05-02,3008110,대청,70.28,810.13,53.058,41.082,54.4,71.32,67.84,865,1.9942,232.6941,169.4756,177.4178,30.018,0,0,0,0,4.949,4.934,1.181,0,,1.923,0
2016-05-01,3008110,대청,70.26,809.095,65.03,29.154,54.3,71.39,67.85,868.769,0,230.6999,169.4756,175.4948,17.395,0,0,0,0,5.493,4.884,1.382,0,,1.6237,0
2016-04-30,3008110,대청,70.2,805.996,80.061,20.446,54.1,71.45,67.83,872.007,0,230.6999,169.4756,173.8711,9.42,0,0,0,0,4.769,4.871,1.386,0,,3.545,0
2016-04-29,3008110,대청,70.1,800.845,88.534,20.404,53.8,71.43,67.83,870.927,0.055,230.6999,169.4756,170.3261,9.568,0,0,0,0,5.405,4.887,0.544,0,,4.169,0
2016-04-28,3008110,대청,69.99,794.958,67.203,19.688,53.4,71.41,67.84,869.847,1.5382,230.6449,153.1523,166.1571,9.43,0,0,0,0,5.382,4.798,0.078,0,,3.1816,0
2016-04-27,3008110,대청,69.91,790.853,66.068,18.721,53.1,71.41,67.88,869.847,21.5937,229.1067,152.9948,162.9755,9.498,0,0,0,0,4.306,4.826,0.091,0,,1.7025,0
2016-04-26,3008110,대청,69.83,786.762,61.381,20.089,52.8,71.41,67.91,869.847,0,207.513,152.9948,161.273,9.467,0,0,0,0,5.671,4.856,0.095,0,,1.9065,0
2016-04-25,3008110,대청,69.76,783.195,78.752,19.986,52.6,71.39,67.91,868.769,0,207.513,152.9948,159.3665,9.603,0,0,0,0,5.544,4.748,0.091,0,,2.4663,0
2016-04-24,3008110,대청,69.66,778.117,107.187,19.527,52.2,71.42,67.9,870.387,0,207.513,152.9948,156.9002,9.493,0,0,0,0,5.241,4.704,0.089,0,,0.2479,0
2016-04-23,3008110,대청,69.51,770.543,157.662,18.62,51.7,71.44,67.89,871.467,0,207.513,152.9948,156.6523,9.444,0,0,0,0,4.34,4.737,0.099,0,,2.8023,0
2016-04-22,3008110,대청,69.27,758.53,208.049,19.294,50.9,71.43,67.91,870.927,0,207.513,152.9948,153.85,9.461,0,0,0,0,5.046,4.698,0.089,0,,3.1314,0
2016-04-21,3008110,대청,68.94,742.222,115.813,19.665,49.8,71.37,67.92,867.691,31.3085,207.513,152.9948,150.7186,9.494,0,0,0,0,5.393,4.69,0.088,0,,3.4494,0
2016-04-20,3008110,대청,68.77,733.915,80.366,18.546,49.3,71.35,67.89,866.614,0.037,176.2045,152.8264,147.2692,9.525,0,0,0,0,4.19,4.728,0.103,0,,2.3099,0
2016-04-19,3008110,대청,68.66,728.573,96.585,18.35,48.9,71.35,67.89,866.614,0,176.1675,137.5955,144.9593,9.588,0,0,0,0,4.016,4.669,0.077,0,,3.1818,0
2016-04-18,3008110,대청,68.52,721.814,102.719,19.447,48.4,71.34,67.86,866.076,0.688,176.1675,135.4057,141.7775,9.499,0,0,0,0,5.227,4.639,0.082,0,,4.2093,0
2016-04-17,3008110,대청,68.37,714.619,68.539,18.848,48,71.34,67.87,866.076,13.5686,175.4795,132.2209,137.5682,9.387,0,0,0,0,4.931,4.449,0.081,0,,3.48,0
2016-04-16,3008110,대청,68.28,710.326,63.96,19.962,47.7,71.34,67.88,866.076,10.964,161.9109,132.2209,134.0882,9.704,0,0,0,0,5.636,4.536,0.086,0,,2.5996,0
2016-04-15,3008110,대청,68.2,706.524,52.767,19.874,47.4,71.35,67.91,866.614,0,150.9469,128.4008,131.4886,9.802,0,0,0,0,5.451,4.538,0.083,0,,0.9127,0
2016-04-14,3008110,대청,68.14,703.682,46.9,19.558,47.2,71.37,67.93,867.691,0,150.9469,125.4675,130.5759,9.569,0,0,0,0,5.37,4.528,0.091,0,,1.0694,0
2016-04-13,3008110,대청,68.09,701.32,57.835,19.662,47.1,71.4,67.94,869.308,15.6672,150.9469,112.6831,129.5065,9.845,0,0,0,0,5.197,4.526,0.094,0,,1.4012,0
2016-04-12,3008110,대청,68.02,698.022,41.622,19.864,46.9,71.46,67.95,872.547,0.1188,135.2797,110.3258,128.1053,9.75,0,0,0,0,5.442,4.58,0.092,0,,2.5221,0
2016-04-11,3008110,대청,67.98,696.142,63.217,19.821,46.7,71.49,67.96,874.169,0,135.1609,110.3258,125.5832,9.787,0,0,0,0,5.343,4.6,0.091,0,,1.9078,0
2016-04-10,3008110,대청,67.9,692.393,73.477,19.456,46.5,71.53,67.96,876.335,0,135.1609,110.3258,123.6754,9.49,0,0,0,0,5.313,4.569,0.084,0,,2.4188,0
2016-04-09,3008110,대청,67.8,687.725,116.391,19.78,46.2,71.55,67.98,877.419,0,135.1609,110.3258,121.2566,9.458,0,0,0,0,5.659,4.584,0.079,0,,3.4106,0
2016-04-08,3008110,대청,67.62,679.378,178.624,19.388,45.6,71.55,68.01,877.419,0,135.1609,110.3258,117.846,9.473,0,0,0,0,5.347,4.495,0.073,0,,0.6174,0
2016-04-07,3008110,대청,67.32,665.62,40.558,19.494,44.7,71.54,68.03,876.877,25.6902,135.1609,110.2624,117.2286,9.684,0,0,0,0,5.289,4.449,0.072,0,,1.6663,0
2016-04-06,3008110,대청,67.28,663.8,19.718,19.718,44.6,71.52,68.04,875.793,12.0811,109.4707,110.2624,115.5623,9.484,0,0,0,0,5.567,4.596,0.071,0,,1.854,0
2016-04-05,3008110,대청,67.28,663.8,13.893,19.155,44.6,71.52,68.04,875.793,0,97.3896,108.4268,113.7083,9.533,0,0,0,0,5.042,4.513,0.067,0,,1.72,0
2016-04-04,3008110,대청,67.29,664.255,14.068,19.333,44.6,71.51,68.05,875.252,1.5744,97.3896,105.5708,111.9883,9.492,0,0,0,0,5.173,4.59,0.078,0,,0.7433,0
2016-04-03,3008110,대청,67.3,664.71,19.365,19.365,44.6,71.54,68.06,876.877,5.4683,95.8152,92.0624,111.245,9.428,0,0,0,0,5.336,4.517,0.084,0,,2.3349,0
2016-04-02,3008110,대청,67.3,664.71,14.687,19.954,44.6,71.57,68.06,878.504,0,90.3469,84.3756,108.9101,9.537,0,0,0,0,5.775,4.572,0.07,0,,2.0565,0
2016-04-01,3008110,대청,67.31,665.165,13.736,19.006,44.6,71.61,68.08,880.675,0,90.3469,84.0506,106.8536,9.593,0,0,0,0,4.861,4.535,0.017,0,,2.4076,0
2016-03-31,3008110,대청,67.32,665.62,14.298,19.57,44.7,71.66,68.09,883.395,0,90.3469,82.8872,104.446,9.525,0,0,0,0,5.475,4.563,0.007,0,,1.0298,0
2016-03-30,3008110,대청,67.33,666.076,13.599,18.874,44.7,71.65,68.1,882.85,0,90.3469,80.5232,103.4162,9.532,0,0,0,0,4.815,4.527,0,0,,1.4337,0
2016-03-29,3008110,대청,67.34,666.531,19.477,19.477,44.7,71.66,68.11,883.395,0,90.3469,80.5232,101.9825,9.51,0,0,0,0,5.474,4.493,0,0,,1.0991,0
2016-03-28,3008110,대청,67.34,666.531,12.934,18.211,44.7,71.66,68.11,883.395,0,90.3469,80.5232,100.8834,9.381,0,0,0,0,4.237,4.593,0,0,,0.9447,0
2016-03-27,3008110,대청,67.35,666.987,19.327,19.327,44.8,71.65,68.09,882.85,0,90.3469,80.4132,99.9387,9.504,0,0,0,0,5.289,4.534,0,0,,1.0168,0
2016-03-26,3008110,대청,67.35,666.987,19.609,19.609,44.8,71.64,68.09,882.306,0,90.3469,80.4132,98.9219,9.507,0,0,0,0,5.567,4.535,0,0,,1.2149,0
2016-03-25,3008110,대청,67.35,666.987,18.777,18.777,44.8,71.66,68.08,883.395,0,90.3469,80.4132,97.707,9.426,0,0,0,0,4.78,4.571,0,0,,1.2459,0
2016-03-24,3008110,대청,67.35,666.987,12.8,18.08,44.8,71.68,68.08,884.484,0,90.3469,80.4132,96.4611,9.483,0,0,0,0,4.021,4.576,0,0,,2.9927,0
2016-03-23,3008110,대청,67.36,667.443,18.895,18.895,44.8,71.68,68.08,884.484,0,90.3469,80.4132,93.4684,9.512,0,0,0,0,4.694,4.689,0,0,,2.0377,0
2016-03-22,3008110,대청,67.36,667.443,24.834,19.554,44.8,71.67,68.09,883.939,0,90.3469,80.4132,91.4307,9.45,0,0,0,0,5.486,4.618,0,0,,1.9052,0
2016-03-21,3008110,대청,67.35,666.987,19.082,19.082,44.8,71.63,68.1,881.762,0,90.3469,80.4132,89.5255,9.466,0,0,0,0,4.954,4.662,0,0,,1.8679,0
2016-03-20,3008110,대청,67.35,666.987,24.901,19.624,44.8,71.57,68.11,878.504,0,90.3469,80.4132,87.6576,9.459,0,0,0,0,5.602,4.563,0,0,,0.8101,0
2016-03-19,3008110,대청,67.34,666.531,28.628,18.081,44.7,71.46,68.12,872.547,0.1412,90.3469,80.4132,86.8475,9.497,0,0,0,0,4.005,4.579,0,0,,0.7146,0
2016-03-18,3008110,대청,67.32,665.62,24.255,18.985,44.7,71.44,68.12,871.467,5.3052,90.2057,80.0443,86.1329,9.025,0,0,0,0,5.394,4.566,0,0,,3.1623,0
2016-03-17,3008110,대청,67.31,665.165,29.985,19.453,44.6,71.43,68.12,870.927,0,84.9005,51.0708,82.9706,9.49,0,0,0,0,5.496,4.467,0,0,,2.4238,0
2016-03-16,3008110,대청,67.29,664.255,29.891,19.369,44.6,71.47,68.13,873.088,0,84.9005,51.0708,80.5468,9.535,0,0,0,0,5.383,4.451,0,0,,1.2838,0
2016-03-15,3008110,대청,67.27,663.346,28.871,18.359,44.5,71.52,68.14,875.793,0,84.9005,51.0708,79.263,8.944,0,0,0,0,4.802,4.613,0,0,,1.5958,0
2016-03-14,3008110,대청,67.25,662.438,27.869,17.367,44.5,71.56,68.15,877.961,0,84.9005,51.0708,77.6672,9.024,0,0,0,0,3.785,4.558,0,0,,1.6565,0
2016-03-13,3008110,대청,67.23,661.53,40.289,19.313,44.4,71.59,68.17,879.589,0,84.9005,51.0708,76.0107,9.391,0,0,0,0,5.44,4.482,0,0,,1.6493,0
2016-03-12,3008110,대청,67.19,659.718,44.324,18.16,44.3,71.63,68.18,881.762,0,84.9005,49.9134,74.3614,9.452,0,0,0,0,4.155,4.553,0,0,,0.9548,0
2016-03-11,3008110,대청,67.14,657.457,45.238,19.135,44.1,71.67,68.19,883.939,0,84.9005,49.9134,73.4066,9.077,0,0,0,0,5.509,4.549,0,0,,1.4552,0
2016-03-10,3008110,대청,67.09,655.202,65.699,18.867,44,71.72,68.2,886.664,0,84.9005,49.9134,71.9514,9.036,0,0,0,0,5.278,4.553,0,0,,1.0783,0
2016-03-09,3008110,대청,67,651.156,76.139,19.168,43.7,71.75,68.2,888.302,0,84.9005,49.9134,70.8731,9.421,0,0,0,0,5.279,4.468,0,0,,0.8742,0
2016-03-08,3008110,대청,66.89,646.233,116.269,18.557,43.4,71.81,68.22,891.582,0,84.9005,49.9134,69.9989,9.199,0,0,0,0,4.818,4.54,0,0,,1.2833,0
2016-03-07,3008110,대청,66.7,637.791,235.318,17.399,42.8,71.83,68.22,892.677,0,84.9005,49.9134,68.7156,8.534,0,0,0,0,4.383,4.482,0,0,,1.7573,0
2016-03-06,3008110,대청,66.27,618.963,133.077,18.334,41.5,71.87,68.21,894.869,0.2041,84.9005,49.9134,66.9583,9.488,0,0,0,0,4.421,4.425,0,0,,1.4509,0
2016-03-05,3008110,대청,66.04,609.049,39.054,19.227,40.9,71.91,68.21,897.064,32.3033,84.6964,49.9134,65.5074,9.472,0,0,0,0,5.316,4.439,0,0,,2.7183,0
2016-03-04,3008110,대청,66,607.336,22.82,17.869,40.8,71.94,68.19,898.713,9.251,52.3931,49.9134,62.7891,9.361,0,0,0,0,4.034,4.474,0,0,,2.0339,0
2016-03-03,3008110,대청,65.99,606.908,19.395,19.395,40.7,71.99,68.19,901.465,0,43.1421,49.8471,60.7552,9.504,0,0,0,0,5.43,4.461,0,0,,1.4386,0
2016-03-02,3008110,대청,65.99,606.908,19.524,19.524,40.7,72,68.18,902.016,0,43.1421,48.9542,59.3166,9.539,0,0,0,0,5.519,4.466,0,0,,0.4967,0
2016-03-01,3008110,대청,65.99,606.908,23.953,19.005,40.7,72.02,68.17,903.118,0.0273,43.1421,48.9542,58.8199,9.479,0,0,0,0,5.02,4.506,0,0,,1.8123,0
2016-02-29,3008110,대청,65.98,606.481,18.787,18.787,40.7,72.04,68.21,904.221,0.3277,43.1148,47.8094,57.0076,9.411,0,0,0,0,4.769,4.607,0,0,,0.192,0
2016-02-28,3008110,대청,65.98,606.481,24.105,19.159,40.7,72.04,68.16,904.221,8.7215,42.7871,47.8094,56.8156,9.545,0,0,0,0,5.162,4.452,0,0,,1.8754,0
2016-02-27,3008110,대청,65.97,606.053,14.657,19.603,40.7,72.06,68.16,905.325,2.2374,34.0656,47.5903,54.9402,9.495,0,0,0,0,5.499,4.609,0,0,,2.1217,0
2016-02-26,3008110,대청,65.98,606.481,23.161,18.215,40.7,72.08,68.16,906.43,2.1844,31.8282,47.5903,52.8185,9.518,0,0,0,0,4.13,4.567,0,0,,0.3202,0
2016-02-25,3008110,대청,65.97,606.053,14.405,19.351,40.7,72.1,68.17,907.536,0,29.6438,47.5903,52.4983,9.49,0,0,0,0,5.404,4.457,0,0,,2.9067,0
2016-02-24,3008110,대청,65.98,606.481,19.255,19.255,40.7,72.12,68.16,908.642,0,29.6438,47.5903,49.5916,9.34,0,0,0,0,5.477,4.438,0,0,,0.8995,0
2016-02-23,3008110,대청,65.98,606.481,14.139,19.087,40.7,72.13,68.15,909.196,0,29.6438,47.5903,48.6921,9.347,0,0,0,0,5.21,4.53,0,0,,1.4901,0
2016-02-22,3008110,대청,65.99,606.908,23.467,18.519,40.7,72.15,68.14,910.303,0,29.6438,47.5903,47.202,9.516,0,0,0,0,4.524,4.479,0,0,,2.4295,0
2016-02-21,3008110,대청,65.98,606.481,12.949,17.897,40.7,72.17,68.14,911.411,0,29.6438,46.8414,44.7725,9.445,0,0,0,0,3.981,4.471,0,0,,1.0818,0
2016-02-20,3008110,대청,65.99,606.908,24.432,19.484,40.7,72.18,68.15,911.966,0,29.6438,43.3112,43.6907,9.336,0,0,0,0,5.718,4.43,0,0,,0.9292,0
2016-02-19,3008110,대청,65.98,606.481,23.357,18.411,40.7,72.21,68.17,913.631,0,29.6438,43.3112,42.7615,9.519,0,0,0,0,4.489,4.403,0,0,,0.7677,0
2016-02-18,3008110,대청,65.97,606.053,24.252,19.308,40.7,72.22,68.19,914.186,0,29.6438,43.3112,41.9938,9.528,0,0,0,0,5.337,4.443,0,0,,0.6951,0
2016-02-17,3008110,대청,65.96,605.626,29.091,19.211,40.7,72.22,68.21,914.186,0,29.6438,43.211,41.2987,9.497,0,0,0,0,5.266,4.448,0,0,,0.7136,0
2016-02-16,3008110,대청,65.94,604.773,39.033,19.301,40.6,72.25,68.24,915.853,0.7744,29.6438,42.9701,40.5851,9.553,0,0,0,0,5.289,4.459,0,0,,2.34,0
2016-02-15,3008110,대청,65.9,603.068,29.205,19.353,40.5,72.28,68.26,917.522,0.055,28.8694,28.2099,38.2451,9.564,0,0,0,0,5.219,4.57,0,0,,1.0845,0
2016-02-14,3008110,대청,65.88,602.217,19.726,19.726,40.4,72.32,68.27,919.749,0.1608,28.8144,26.5246,37.1606,9.847,0,0,0,0,5.301,4.578,0,0,,0.5956,0
2016-02-13,3008110,대청,65.88,602.217,24.957,20.035,40.4,72.38,68.28,923.097,5.1644,28.6536,26.5246,36.565,9.844,0,0,0,0,5.613,4.578,0,0,,1.3353,0
2016-02-12,3008110,대청,65.87,601.791,19.941,19.941,40.4,72.43,68.28,925.892,13.1876,23.4892,26.5246,35.2297,10.061,0,0,0,0,5.359,4.521,0,0,,1.0879,0
2016-02-11,3008110,대청,65.87,601.791,18.415,18.415,40.4,72.48,68.31,928.692,0.0273,10.3016,26.5246,34.1418,9.785,0,0,0,0,4.155,4.475,0,0,,1.4615,0
2016-02-10,3008110,대청,65.87,601.791,9.262,19.109,40.4,72.53,68.34,931.497,0,10.2743,26.5246,32.6803,10.001,0,0,0,0,4.642,4.466,0,0,,1.7758,0
2016-02-09,3008110,대청,65.89,602.642,8.915,18.771,40.5,72.58,68.37,934.307,0,10.2743,26.5246,30.9045,9.912,0,0,0,0,4.495,4.364,0,0,,1.3587,0
2016-02-08,3008110,대청,65.91,603.494,13.266,18.198,40.5,72.64,68.41,937.686,0,10.2743,26.5246,29.5458,9.971,0,0,0,0,3.816,4.411,0,0,,1.4661,0
2016-02-07,3008110,대청,65.92,603.92,13.83,18.764,40.5,72.66,68.44,938.814,0,10.2743,26.5246,28.0797,9.78,0,0,0,0,4.433,4.551,0,0,,0.3374,0
2016-02-06,3008110,대청,65.93,604.346,10.388,20.263,40.6,72.7,68.47,941.072,0,10.2743,26.5246,27.7423,9.888,0,0,0,0,5.856,4.519,0,0,,0.1974,0
2016-02-05,3008110,대청,65.95,605.199,15.112,20.053,40.6,72.73,68.51,942.767,0,10.2743,26.5246,27.5449,9.845,0,0,0,0,5.613,4.595,0,0,,0.2285,0
2016-02-04,3008110,대청,65.96,605.626,15.199,20.143,40.7,72.76,68.54,944.465,0,10.2743,26.5246,27.3164,9.888,0,0,0,0,5.74,4.515,0,0,,0.3901,0
2016-02-03,3008110,대청,65.97,606.053,14.471,19.417,40.7,72.8,68.57,946.731,0,10.2743,26.5246,26.9263,9.905,0,0,0,0,5,4.512,0,0,,0.4289,0
2016-02-02,3008110,대청,65.98,606.481,13.342,18.29,40.7,72.83,68.6,948.432,0,10.2743,26.5246,26.4974,9.757,0,0,0,0,3.981,4.552,0,0,,0.4428,0
2016-02-01,3008110,대청,65.99,606.908,14.829,19.78,40.7,72.87,68.64,950.704,0,10.2743,26.5246,26.0546,9.814,0,0,0,0,5.371,4.595,0,0,,1.1357,0
2016-01-31,3008110,대청,66,607.336,14.003,18.956,40.8,72.88,68.67,951.272,0,10.2743,26.5246,24.9189,9.881,0,0,0,0,4.317,4.758,0,0,,1.1584,0
2016-01-30,3008110,대청,66.01,607.764,10.618,20.531,40.8,72.89,68.71,951.841,0,10.2743,26.5246,23.7605,9.927,0,0,0,0,5.926,4.678,0,0,,0.6372,0
2016-01-29,3008110,대청,66.03,608.621,15.272,20.232,40.9,72.91,68.74,952.979,4.0927,10.2743,25.8397,23.1233,9.904,0,0,0,0,5.567,4.761,0,0,,0.4036,0
2016-01-28,3008110,대청,66.04,609.049,15.352,20.315,40.9,72.91,68.78,952.979,1.2315,6.1816,25.4027,22.7197,9.979,0,0,0,0,5.532,4.804,0,0,,0.2481,0
2016-01-27,3008110,대청,66.05,609.478,16.094,21.059,40.9,72.93,68.81,954.117,0.0273,4.9501,25.4027,22.4716,9.546,0,0,0,0,6.061,5.452,0,0,,0.6125,0
2016-01-26,3008110,대청,66.06,609.907,15.096,20.063,40.9,72.95,68.85,955.257,0.0273,4.9228,25.4027,21.8591,9.579,0,0,0,0,5.294,5.19,0,0,,0.474,0
2016-01-25,3008110,대청,66.07,610.336,14.502,19.472,41,72.98,68.88,956.967,0,4.8955,23.6048,21.3851,9.467,0,0,0,0,5.082,4.923,0,0,,0.1502,0
2016-01-24,3008110,대청,66.08,610.765,9.25,19.197,41,72.99,68.91,957.538,0.1937,4.8955,22.3068,21.2349,9.423,0,0,0,0,5.174,4.6,0,0,,0.329,0
2016-01-23,3008110,대청,66.1,611.625,14.94,19.917,41.1,73.01,68.94,958.68,0,4.7018,22.3068,20.9059,9.403,0,0,0,0,5.902,4.612,0,0,,1.0321,0
2016-01-22,3008110,대청,66.11,612.055,14.43,19.409,41.1,73.03,68.96,959.822,0,4.7018,22.3068,19.8738,9.477,0,0,0,0,5.324,4.608,0,0,,1.2983,0
2016-01-21,3008110,대청,66.12,612.485,8.791,18.757,41.1,73.04,68.99,960.394,0.0273,4.7018,20.8195,18.5755,9.457,0,0,0,0,4.688,4.612,0,0,,1.5116,0
2016-01-20,3008110,대청,66.14,613.346,19.465,19.465,41.2,73.07,69.01,962.11,0,4.6745,17.0434,17.0639,9.573,0,0,0,0,5.313,4.579,0,0,,0.8888,0
2016-01-19,3008110,대청,66.14,613.346,9.559,19.534,41.2,73.09,69.03,963.255,0.3989,4.6745,17.0434,16.1751,9.683,0,0,0,0,5.382,4.469,0,0,,0.8333,0
2016-01-18,3008110,대청,66.16,614.208,18.608,18.608,41.2,73.12,69.05,964.974,0.3891,4.2756,16.3143,15.3418,9.53,0,0,0,0,4.665,4.413,0,0,,0.9342,0
2016-01-17,3008110,대청,66.16,614.208,18.435,18.435,41.2,73.14,69.08,966.121,3.8592,3.8865,15.1409,14.4076,9.33,0,0,0,0,4.699,4.406,0,0,,0.6555,0
2016-01-16,3008110,대청,66.16,614.208,14.3,19.291,41.2,73.15,69.11,966.694,0,0.0273,15.0367,13.7521,9.402,0,0,0,0,5.476,4.413,0,0,,1.3086,0
2016-01-15,3008110,대청,66.17,614.639,14.313,19.307,41.3,73.18,69.15,968.417,0,0.0273,14.9267,12.4435,9.44,0,0,0,0,5.458,4.409,0,0,,1.5087,0
2016-01-14,3008110,대청,66.18,615.071,14.015,19.011,41.3,73.2,69.18,969.566,0.0273,0.0273,14.9267,10.9348,9.504,0,0,0,0,5.107,4.4,0,0,,0.5058,0
2016-01-13,3008110,대청,66.19,615.502,19.084,19.084,41.3,73.22,69.2,970.717,0,0,14.9267,10.429,9.424,0,0,0,0,5.278,4.382,0,0,,0.5389,0
2016-01-12,3008110,대청,66.19,615.502,14.365,19.363,41.3,73.23,69.23,971.292,0,0,14.9267,9.8901,9.51,0,0,0,0,5.335,4.518,0,0,,0.6313,0
2016-01-11,3008110,대청,66.2,615.934,18.8,18.8,41.3,73.26,69.26,973.019,0,0,14.9267,9.2588,9.522,0,0,0,0,4.735,4.543,0,0,,1.0166,0
2016-01-10,3008110,대청,66.2,615.934,14.351,19.352,41.3,73.25,69.29,972.443,0,0,14.8762,8.2422,9.45,0,0,0,0,5.324,4.578,0,0,,0.305,0
2016-01-09,3008110,대청,66.21,616.366,19.51,19.51,41.4,73.25,69.32,972.443,0,0,14.8762,7.9372,9.44,0,0,0,0,5.509,4.561,0,0,,0.389,0
2016-01-08,3008110,대청,66.21,616.366,14.447,19.45,41.4,73.25,69.35,972.443,0,0,14.8762,7.5482,9.566,0,0,0,0,5.301,4.583,0,0,,0.7518,0
2016-01-07,3008110,대청,66.22,616.798,19.406,19.406,41.4,73.23,69.38,971.292,0,0,14.8762,6.7964,9.591,0,0,0,0,5.278,4.537,0,0,,2.0815,0
2016-01-06,3008110,대청,66.22,616.798,19.239,19.239,41.4,73.21,69.41,970.141,0,0,14.8762,4.7149,9.465,0,0,0,0,5.289,4.485,0,0,,0.7357,0
2016-01-05,3008110,대청,66.22,616.798,14.02,19.026,41.4,73.22,69.43,970.717,0,0,6.3432,3.9792,9.425,0,0,0,0,5.278,4.323,0,0,,0.897,0
2016-01-04,3008110,대청,66.23,617.231,18.99,18.99,41.4,73.24,69.45,971.868,0,0,0.0553,3.0822,9.538,0,0,0,0,5.117,4.335,0,0,,0.6055,0
2016-01-03,3008110,대청,66.23,617.231,19.126,19.126,41.4,73.26,69.47,973.019,0,0,0.0553,2.4767,9.428,0,0,0,0,5.243,4.455,0,0,,0.518,0
2016-01-02,3008110,대청,66.23,617.231,23.881,18.875,41.4,73.28,69.48,974.172,0,0,0.0553,1.9587,9.576,0,0,0,0,4.954,4.345,0,0,,1.2844,0
2016-01-01,3008110,대청,66.22,616.798,19.37,19.37,41.4,73.31,69.5,975.902,0,0,0.0553,0.6743,9.511,0,0,0,0,5.44,4.419,0,0,,0.6743,0
2015-12-31,3008110,대청,66.22,616.798,19.244,19.244,41.4,73.33,69.6,977.057,0.2145,735.6039,995.9377,1179.0341,9.421,0,0,0,0,5.37,4.453,0,0,,0.3064,0
2015-12-30,3008110,대청,66.22,616.798,23.501,18.498,41.4,73.37,69.65,979.369,0.6921,735.3894,994.7317,1178.7277,9.418,0,0,0,0,4.676,4.404,0,0,,0.8748,0
2015-12-29,3008110,대청,66.21,616.366,24.609,19.608,41.4,73.41,69.7,981.684,0,734.6973,994.7317,1177.8529,9.904,0,0,0,0,5.324,4.38,0,0,,0.3899,0
2015-12-28,3008110,대청,66.2,615.934,23.722,18.724,41.3,73.45,69.73,984.002,0,734.6973,994.7317,1177.463,9.74,0,0,0,0,4.908,4.076,0,0,,0.6867,0
2015-12-27,3008110,대청,66.19,615.502,24.323,19.327,41.3,73.48,69.78,985.742,0,734.6973,994.7317,1176.7763,10.062,0,0,0,0,5.17,4.095,0,0,,0.5526,0
2015-12-26,3008110,대청,66.18,615.071,23.768,18.774,41.3,73.52,69.82,988.066,0,734.6973,994.7317,1176.2237,9.929,0,0,0,0,4.75,4.095,0,0,,0.3513,0
2015-12-25,3008110,대청,66.17,614.639,24.767,19.776,41.3,73.56,69.86,990.393,0,734.6973,994.7317,1175.8724,9.99,0,0,0,0,5.691,4.095,0,0,,0.6874,0
2015-12-24,3008110,대청,66.16,614.208,29.074,19.099,41.2,73.59,69.88,992.141,0,734.6973,994.7317,1175.185,9.858,0,0,0,0,5.038,4.203,0,0,,0.5245,0
2015-12-23,3008110,대청,66.14,613.346,24.257,19.273,41.2,73.63,69.92,994.473,1.3194,734.6973,994.4961,1174.6605,9.732,0,0,0,0,5.094,4.447,0,0,,0.5328,0
2015-12-22,3008110,대청,66.13,612.915,24.498,19.516,41.1,73.66,69.96,996.225,0.1491,733.3779,994.4961,1174.1277,9.759,0,0,0,0,5.276,4.481,0,0,,0.7278,0
2015-12-21,3008110,대청,66.12,612.485,28.862,18.906,41.1,73.7,69.99,998.563,1.2627,733.2288,994.4411,1173.3999,9.804,0,0,0,0,4.781,4.321,0,0,,0.2983,0
2015-12-20,3008110,대청,66.1,611.625,34.516,19.6,41.1,73.72,70.03,999.733,0,731.9661,994.3316,1173.1016,9.854,0,0,0,0,5.336,4.41,0,0,,0.4054,0
2015-12-19,3008110,대청,66.07,610.336,29.863,19.931,41,73.75,70.05,1001.49,0,731.9661,992.7459,1172.6962,10.17,0,0,0,0,5.312,4.449,0,0,,0.3311,0
2015-12-18,3008110,대청,66.05,609.478,34.482,19.601,40.9,73.78,70.08,1003.249,0.0273,731.9661,992.7459,1172.3651,10.081,0,0,0,0,5.278,4.242,0,0,,0.6495,0
2015-12-17,3008110,대청,66.02,608.192,34.46,19.601,40.8,73.82,70.12,1005.597,0.0273,731.9388,992.6934,1171.7156,10.13,0,0,0,0,5.279,4.192,0,0,,0.7169,0
2015-12-16,3008110,대청,65.99,606.908,38.984,19.205,40.7,73.83,70.15,1006.185,3.1294,731.9115,992.6934,1170.9987,9.847,0,0,0,0,5.22,4.138,0,0,,0.9013,0
2015-12-15,3008110,대청,65.95,605.199,43.171,18.5,40.6,73.85,70.18,1007.361,0.9959,728.7821,985.0785,1170.0974,9.418,0,0,0,0,4.978,4.104,0,0,,0.4036,0
2015-12-14,3008110,대청,65.9,603.068,48.791,19.264,40.5,73.89,70.21,1009.714,5.2425,727.7862,984.608,1169.6938,9.513,0,0,0,0,5.536,4.215,0,0,,1.225,0
2015-12-13,3008110,대청,65.84,600.517,48.707,19.266,40.3,73.91,70.24,1010.892,0,722.5437,984.608,1168.4688,9.672,0,0,0,0,5.336,4.258,0,0,,0.7671,0
2015-12-12,3008110,대청,65.78,597.973,33.903,19.214,40.1,73.93,70.27,1012.071,0,722.5437,984.0394,1167.7017,9.378,0,0,0,0,5.578,4.258,0,0,,0.3443,0
2015-12-11,3008110,대청,65.75,596.704,28.601,18.82,40.1,73.95,70.31,1013.251,2.6878,722.5437,983.4716,1167.3574,9.452,0,0,0,0,5.13,4.238,0,0,,0.961,0
2015-12-10,3008110,대청,65.73,595.859,27.904,18.133,40,73.98,70.34,1015.022,11.5562,719.8559,983.3661,1166.3964,9.388,0,0,0,0,4.597,4.148,0,0,,1.8408,0
2015-12-09,3008110,대청,65.71,595.015,22.76,17.878,39.9,74,70.37,1016.204,0,708.2997,983.3661,1164.5556,9.313,0,0,0,0,4.488,4.077,0,0,,1.1103,0
2015-12-08,3008110,대청,65.7,594.593,28.995,19.238,39.9,74.02,70.39,1017.386,0,708.2997,983.3661,1163.4453,9.47,0,0,0,0,5.66,4.108,0,0,,0.9498,0
2015-12-07,3008110,대청,65.68,593.75,23.737,18.862,39.9,74.04,70.41,1018.57,0,708.2997,980.1588,1162.4955,9.541,0,0,0,0,4.932,4.389,0,0,,0.9612,0
2015-12-06,3008110,대청,65.67,593.329,34.052,19.441,39.8,74.04,70.44,1018.57,0,708.2997,980.1588,1161.5343,9.413,0,0,0,0,5.475,4.553,0,0,,1.6533,0
2015-12-05,3008110,대청,65.64,592.066,28.784,19.055,39.7,74.04,70.46,1018.57,0,708.2997,980.1588,1159.881,9.461,0,0,0,0,5.046,4.548,0,0,,0.751,0
2015-12-04,3008110,대청,65.62,591.226,28.558,18.838,39.7,74.05,70.49,1019.161,0.5736,708.2997,980.1588,1159.13,9.408,0,0,0,0,5.071,4.359,0,0,,2.9284,0
2015-12-03,3008110,대청,65.6,590.386,29.043,19.333,39.6,74.04,70.51,1018.57,1.679,707.7261,978.9065,1156.2016,9.348,0,0,0,0,5.416,4.569,0,0,,1.36,0
2015-12-02,3008110,대청,65.58,589.547,38.923,19.531,39.6,74.02,70.54,1017.386,5.24,706.0471,974.8006,1154.8416,9.666,0,0,0,0,5.301,4.564,0,0,,0.8165,0
2015-12-01,3008110,대청,65.54,587.871,29.087,19.405,39.5,74.02,70.56,1017.386,0,700.8071,974.6459,1154.0251,9.382,0,0,0,0,5.394,4.629,0,0,,0.6127,0
2015-11-30,3008110,대청,65.52,587.035,33.784,19.279,39.4,74.01,70.56,1016.795,0,700.8071,972.8841,1153.4124,9.54,0,0,0,0,5.082,4.657,0,0,,2.3621,0
2015-11-29,3008110,대청,65.49,585.782,38.725,19.417,39.3,73.99,70.57,1015.613,0.1356,700.8071,963.7177,1151.0503,9.433,0,0,0,0,5.324,4.66,0,0,,2.5513,0
2015-11-28,3008110,대청,65.45,584.113,34.063,19.607,39.2,73.96,70.58,1013.841,0.9106,700.6715,963.6543,1148.499,9.395,0,0,0,0,5.625,4.587,0,0,,1.5964,0
2015-11-27,3008110,대청,65.42,582.864,38.663,19.421,39.1,73.92,70.61,1011.482,0.184,699.7609,961.0286,1146.9026,9.434,0,0,0,0,5.382,4.605,0,0,,2.4666,0
2015-11-26,3008110,대청,65.38,581.202,33.785,19.378,39,73.86,70.63,1007.949,0.8404,699.5769,961.0286,1144.436,10.076,0,0,0,0,4.7,4.602,0,0,,0.9719,0
2015-11-25,3008110,대청,65.35,579.957,39.346,20.169,38.9,73.76,70.65,1002.077,7.824,698.7365,960.7935,1143.4641,10.112,0,0,0,0,5.451,4.606,0,0,,1.2722,0
2015-11-24,3008110,대청,65.31,578.3,38.134,18.994,38.8,73.7,70.68,998.563,0.426,690.9125,960.6328,1142.1919,9.097,0,0,0,0,5.313,4.584,0,0,,1.7892,0
2015-11-23,3008110,대청,65.27,576.646,42.352,18.48,38.7,73.7,70.7,998.563,6.2319,690.4865,928.5762,1140.4027,8.991,0,0,0,0,4.92,4.569,0,0,,1.1342,0
2015-11-22,3008110,대청,65.22,574.584,37.942,18.886,38.6,73.72,70.72,999.733,0,684.2546,928.5762,1139.2685,8.867,0,0,0,0,5.406,4.613,0,0,,0.8909,0
2015-11-21,3008110,대청,65.18,572.937,42.362,18.594,38.5,73.74,70.75,1000.905,0,684.2546,928.5762,1138.3776,9.011,0,0,0,0,4.976,4.607,0,0,,0.6805,0
2015-11-20,3008110,대청,65.13,570.884,46.371,17.926,38.3,73.77,70.77,1002.663,0,684.2546,928.5762,1137.6971,8.04,0,0,0,0,5.359,4.527,0,0,,0.9399,0
2015-11-19,3008110,대청,65.07,568.426,45.704,17.343,38.2,73.79,70.8,1003.836,0.7461,684.2546,928.5762,1136.7572,8.103,0,0,0,0,4.676,4.564,0,0,,1.3516,0
2015-11-18,3008110,대청,65.01,565.976,60.165,17.779,38,73.82,70.82,1005.597,3.4105,683.5085,928.5762,1135.4056,7.941,0,0,0,0,5.358,4.48,0,0,,0.9102,0
2015-11-17,3008110,대청,64.92,562.314,54.534,17.014,37.7,73.84,70.84,1006.773,0.8371,680.098,928.5762,1134.4954,8.051,0,0,0,0,4.619,4.344,0,0,,0.6594,0
2015-11-16,3008110,대청,64.84,559.072,68.202,16.853,37.5,73.86,70.87,1007.949,10.9552,679.2609,928.5762,1133.836,8.143,0,0,0,0,4.143,4.567,0,0,,1.1366,0
2015-11-15,3008110,대청,64.73,554.635,59.645,17.839,37.2,73.88,70.89,1009.125,0.1179,668.3057,928.5762,1132.6994,8.031,0,0,0,0,5.312,4.496,0,0,,0.3808,0
2015-11-14,3008110,대청,64.64,551.023,41.034,17.888,37,73.89,70.92,1009.714,3.7298,668.1878,928.5762,1132.3186,8.138,0,0,0,0,5.243,4.507,0,0,,0.8659,0
2015-11-13,3008110,대청,64.59,549.024,36.315,17.84,36.9,73.91,70.94,1010.892,21.3287,664.458,928.5762,1131.4527,8.089,0,0,0,0,5.219,4.532,0,0,,2.0477,0
2015-11-12,3008110,대청,64.55,547.427,26.06,16.836,36.7,73.92,70.98,1011.482,0,643.1293,928.5762,1129.405,7.985,0,0,0,0,4.333,4.518,0,0,,1.7622,0
2015-11-11,3008110,대청,64.53,546.63,32.526,18.707,36.7,73.93,71.01,1012.071,0,643.1293,925.9668,1127.6428,8.694,0,0,0,0,5.52,4.493,0,0,,4.0176,0
2015-11-10,3008110,대청,64.5,545.436,37.239,18.846,36.6,73.93,71.03,1012.071,0,643.1293,925.9668,1123.6252,9.008,0,0,0,0,5.369,4.469,0,0,,0.8924,0
2015-11-09,3008110,대청,64.46,543.847,27.826,18.643,36.5,73.93,71.06,1012.071,2.3447,643.1293,925.9668,1122.7328,9.054,0,0,0,0,5.083,4.506,0,0,,2.0851,0
2015-11-08,3008110,대청,64.44,543.054,26.957,17.783,36.5,73.92,71.1,1011.482,12.6299,640.7846,925.9668,1120.6477,8.584,0,0,0,0,4.76,4.439,0,0,,1.7462,0
2015-11-07,3008110,대청,64.42,542.261,18.357,18.357,36.4,73.9,71.13,1010.303,15.4875,628.1547,925.9668,1118.9015,8.6,0,0,0,0,5.267,4.49,0,0,,1.6004,0
2015-11-06,3008110,대청,64.42,542.261,19.36,19.36,36.4,73.87,71.15,1008.537,1.3459,612.6672,925.9668,1117.3011,9.8,0,0,0,0,5.083,4.477,0,0,,2.7904,0
2015-11-05,3008110,대청,64.42,542.261,15.243,19.829,36.4,73.83,71.18,1006.185,0,611.3213,925.9668,1114.5107,9.925,0,0,0,0,5.369,4.535,0,0,,1.6773,0
2015-11-04,3008110,대청,64.43,542.657,15.4,19.988,36.4,73.78,71.21,1003.249,0,611.3213,925.9668,1112.8334,10.686,0,0,0,0,4.834,4.468,0,0,,0.3718,0
2015-11-03,3008110,대청,64.44,543.054,19.535,19.535,36.5,73.71,71.24,999.148,0,611.3213,925.9668,1112.4616,9.865,0,0,0,0,5.169,4.501,0,0,,0.4382,0
2015-11-02,3008110,대청,64.44,543.054,14.667,19.257,36.5,73.61,71.27,993.306,0,611.3213,925.9668,1112.0234,9.855,0,0,0,0,4.804,4.598,0,0,,0.9586,0
2015-11-01,3008110,대청,64.45,543.45,15.147,19.74,36.5,73.42,71.29,982.263,0,611.3213,921.8049,1111.0648,9.829,0,0,0,0,5.313,4.598,0,0,,2.0976,0
2015-10-31,3008110,대청,64.46,543.847,19.808,19.808,36.5,73.22,71.31,970.717,0,611.3213,917.8097,1108.9672,9.991,0,0,0,0,5.219,4.598,0,0,,3.4214,0
2015-10-30,3008110,대청,64.46,543.847,15.32,19.915,36.5,73.15,71.34,966.694,0,611.3213,881.657,1105.5458,9.97,0,0,0,0,5.372,4.573,0,0,,1.0886,0
2015-10-29,3008110,대청,64.47,544.244,24.379,19.784,36.5,73.15,71.37,966.694,0.1567,611.3213,881.657,1104.4572,9.884,0,0,0,0,5.379,4.521,0,0,,2.3846,0
2015-10-28,3008110,대청,64.46,543.847,23.873,19.28,36.5,73.15,71.4,966.694,0,611.1646,881.657,1102.0726,9.976,0,0,0,0,4.81,4.494,0,0,,1.4771,0
2015-10-27,3008110,대청,64.45,543.45,23.554,18.964,36.5,73.14,71.43,966.121,23.2414,611.1646,881.657,1100.5955,9.886,0,0,0,0,4.619,4.459,0,0,,1.5827,0
2015-10-26,3008110,대청,64.44,543.054,10.197,19.38,36.5,73.13,71.46,965.547,0,587.9232,881.657,1099.0128,10.05,0,0,0,0,4.827,4.503,0,0,,0.5024,0
2015-10-25,3008110,대청,64.46,543.847,15.147,19.742,36.5,73.08,71.49,962.682,0,587.9232,881.657,1098.5104,9.932,0,0,0,0,5.336,4.474,0,0,,0.6888,0
2015-10-24,3008110,대청,64.47,544.244,15.277,19.874,36.5,73.02,71.51,959.251,0.055,587.9232,881.657,1097.8216,10.102,0,0,0,0,5.302,4.47,0,0,,1.071,0
2015-10-23,3008110,대청,64.48,544.641,14.05,18.649,36.6,72.91,71.54,952.979,0,587.8682,881.657,1096.7506,9.825,0,0,0,0,4.315,4.509,0,0,,0.5914,0
2015-10-22,3008110,대청,64.49,545.039,15.261,19.863,36.6,72.67,71.56,939.378,0,587.8682,881.556,1096.1592,9.992,0,0,0,0,5.324,4.547,0,0,,4.1541,0
2015-10-21,3008110,대청,64.5,545.436,15.057,19.661,36.6,72.31,71.58,919.192,0,587.8682,872.9587,1092.0051,9.951,0,0,0,0,5.175,4.535,0,0,,3.1492,0
2015-10-20,3008110,대청,64.51,545.834,15.22,19.826,36.6,72.18,71.61,911.966,0,587.8682,820.2887,1088.8559,10.054,0,0,0,0,5.254,4.518,0,0,,0.6577,0
2015-10-19,3008110,대청,64.52,546.232,14.944,19.553,36.7,72.19,71.64,912.521,0,587.8682,802.823,1088.1982,10,0,0,0,0,5.034,4.519,0,0,,0.8147,0
2015-10-18,3008110,대청,64.53,546.63,15.311,19.922,36.7,72.21,71.68,913.631,0,587.8682,802.823,1087.3835,9.899,0,0,0,0,5.464,4.559,0,0,,0.7886,0
2015-10-17,3008110,대청,64.54,547.029,19.618,19.618,36.7,72.23,71.7,914.741,0,587.8682,802.823,1086.5949,9.95,0,0,0,0,5.172,4.496,0,0,,1.1883,0
2015-10-16,3008110,대청,64.54,547.029,15.191,19.804,36.7,72.26,71.73,916.409,0,587.8682,802.823,1085.4066,10.016,0,0,0,0,5.243,4.545,0,0,,1.3809,0
2015-10-15,3008110,대청,64.55,547.427,19.86,19.86,36.7,72.29,71.76,918.078,0,587.8682,800.3118,1084.0257,9.873,0,0,0,0,5.497,4.49,0,0,,0.4663,0
2015-10-14,3008110,대청,64.55,547.427,19.707,19.707,36.7,72.32,71.78,919.749,0,587.8682,800.3118,1083.5594,9.899,0,0,0,0,5.301,4.507,0,0,,1.2816,0
2015-10-13,3008110,대청,64.55,547.427,20.09,20.09,36.7,72.33,71.79,920.307,0,587.8682,800.3118,1082.2778,10.166,0,0,0,0,5.416,4.508,0,0,,1.1415,0
2015-10-12,3008110,대청,64.55,547.427,14.791,19.406,36.7,72.36,71.79,921.98,0.8777,587.8682,791.5496,1081.1363,9.884,0,0,0,0,5.001,4.521,0,0,,2.7708,0
2015-10-11,3008110,대청,64.56,547.826,21.508,21.508,36.8,72.38,71.79,923.097,4.9553,586.9905,791.5496,1078.3655,12.007,0,0,0,0,5.046,4.455,0,0,,2.2194,0
2015-10-10,3008110,대청,64.56,547.826,21.598,21.598,36.8,72.41,71.81,924.774,6.9524,582.0352,791.5496,1076.1461,12.072,0,0,0,0,5.116,4.41,0,0,,3.4591,0
2015-10-09,3008110,대청,64.56,547.826,17.317,21.935,36.8,72.44,71.84,926.452,0.4175,575.0828,791.5496,1072.687,11.757,0,0,0,0,5.694,4.484,0,0,,1.2381,0
2015-10-08,3008110,대청,64.57,548.225,21.422,21.422,36.8,72.46,71.88,927.572,0.0634,574.6653,791.5496,1071.4489,11.588,0,0,0,0,5.405,4.429,0,0,,1.2546,0
2015-10-07,3008110,대청,64.57,548.225,15.795,20.415,36.8,72.47,71.91,928.132,0,574.6019,791.5496,1070.1943,11.045,0,0,0,0,4.849,4.521,0,0,,0.5743,0
2015-10-06,3008110,대청,64.58,548.624,21.358,25.98,36.8,72.5,71.95,929.814,0,574.6019,791.5496,1069.62,15.926,0,0,0,0,5.417,4.517,0.12,0,,1.4617,0
2015-10-05,3008110,대청,64.59,549.024,19.553,28.804,36.9,72.52,71.99,930.936,0,574.6019,791.5496,1068.1583,18.878,0,0,0,0,5.07,4.528,0.328,0,,1.5668,0
2015-10-04,3008110,대청,64.61,549.823,28.878,28.878,36.9,72.55,72.02,932.621,0,574.6019,791.5496,1066.5915,18.949,0,0,0,0,4.988,4.522,0.419,0,,0.4582,0
2015-10-03,3008110,대청,64.61,549.823,33.929,29.302,36.9,72.57,72.05,933.745,0,574.6019,791.5496,1066.1333,19.031,0,0,0,0,5.324,4.524,0.423,0,,0.424,0
2015-10-02,3008110,대청,64.6,549.423,24.141,28.768,36.9,72.58,72.08,934.307,0,574.6019,791.5496,1065.7093,18.975,0,0,0,0,4.842,4.528,0.423,0,,2.6235,0
2015-10-01,3008110,대청,64.61,549.823,38.182,28.931,36.9,72.59,72.09,934.87,38.3782,574.6019,791.4946,1063.0858,18.896,0,0,0,0,5.007,4.603,0.425,0,,2.2594,0
2015-09-30,3008110,대청,64.59,549.024,10.494,29.006,36.9,72.59,72.01,934.87,0,536.2237,791.4946,1060.8264,19.025,0,0,0,0,4.989,4.568,0.424,0,,4.7113,0
2015-09-29,3008110,대청,64.63,550.623,15.539,29.447,37,72.63,72.01,937.122,0,536.2237,791.4946,1056.1151,18.918,0,0,0,0,5.602,4.502,0.425,0,,4.3456,0
2015-09-28,3008110,대청,64.66,551.825,14.453,28.382,37,72.66,72.05,938.814,0,536.2237,786.9608,1051.7695,19.024,0,0,0,0,4.444,4.49,0.424,0,,1.5386,0
2015-09-27,3008110,대청,64.69,553.028,14.879,28.828,37.1,72.68,72.09,939.942,0,536.2237,786.9608,1050.2309,18.867,0,0,0,0,5.01,4.525,0.426,0,,1.937,0
2015-09-26,3008110,대청,64.72,554.233,11.15,29.781,37.2,72.69,72.13,940.507,0,536.2237,786.9608,1048.2939,18.882,0,0,0,0,5.809,4.661,0.429,0,,0.9825,0
2015-09-25,3008110,대청,64.76,555.843,15.822,29.819,37.3,72.64,72.16,937.686,0,536.2237,786.9608,1047.3114,19.027,0,0,0,0,5.706,4.654,0.432,0,,0.6024,0
2015-09-24,3008110,대청,64.79,557.052,15.523,29.541,37.4,72.51,72.19,930.375,0,536.2237,786.8886,1046.709,19.065,0,0,0,0,5.474,4.565,0.437,0,,6.7225,0
2015-09-23,3008110,대청,64.82,558.264,10.53,33.939,37.5,72.44,72.2,926.452,0,536.2237,731.7694,1039.9865,19.001,0,0,0,0,5.497,4.563,4.878,0,,3.6591,0
2015-09-22,3008110,대청,64.87,560.286,15.568,34.337,37.6,72.5,72.21,929.814,0.055,536.2237,723.7054,1036.3274,19.072,0,0,0,0,5.474,4.608,5.183,0,,0.9696,0
2015-09-21,3008110,대청,64.91,561.908,14.739,28.84,37.7,72.57,72.23,933.745,0,536.1687,723.7054,1035.3578,18.807,0,0,0,0,4.954,4.642,0.437,0,,3.1521,0
2015-09-20,3008110,대청,64.94,563.126,15.359,29.481,37.8,72.64,72.27,937.686,0,536.1687,723.7054,1032.2057,18.861,0,0,0,0,5.475,4.703,0.442,0,,3.24,0
2015-09-19,3008110,대청,64.97,564.346,15.441,34.302,37.9,72.71,72.3,941.637,0,536.1687,723.7054,1028.9657,19.034,0,0,0,0,5.682,4.65,4.936,0,,3.0912,0
2015-09-18,3008110,대청,65.01,565.976,14.628,33.526,38,72.78,72.34,945.597,0,536.1687,723.7054,1025.8745,18.964,0,0,0,0,5.625,4.658,4.279,0,,2.754,0
2015-09-17,3008110,대청,65.05,567.609,20.06,29.523,38.1,72.85,72.33,949.568,0,536.1687,723.7054,1023.1205,18.984,0,0,0,0,5.382,4.714,0.443,0,,6.3652,0
2015-09-16,3008110,대청,65.07,568.426,15.569,29.781,38.2,72.91,72.23,952.979,0,536.1687,723.7054,1016.7553,19.129,0,0,0,0,5.602,4.603,0.447,0,,6.8366,0
2015-09-15,3008110,대청,65.1,569.654,16.956,31.189,38.2,72.97,72.21,956.397,0,536.1687,723.7054,1009.9187,18.816,0,0,0,0,5.37,4.78,2.223,0,,5.7991,0
2015-09-14,3008110,대청,65.13,570.884,18.881,33.135,38.3,73.03,72.24,959.822,0,536.1687,723.7054,1004.1196,18.867,0,0,0,0,4.966,4.742,4.56,0,,5.9597,0
2015-09-13,3008110,대청,65.16,572.115,20.697,30.211,38.4,73.09,72.18,963.255,0.1638,536.1687,723.7054,998.1599,19.187,0,0,0,0,5.648,4.6,0.776,0,,4.0183,0
2015-09-12,3008110,대청,65.18,572.937,24.597,29.358,38.5,73.14,72.08,966.121,9.0617,536.0049,723.7054,994.1416,18.945,0,0,0,0,5.335,4.592,0.486,0,,5.6207,0
2015-09-11,3008110,대청,65.19,573.349,19.758,34.053,38.5,73.21,72.07,970.141,0.5195,526.9432,723.7054,988.5209,18.898,0,0,0,0,5.37,4.709,5.076,0,,5.205,0
2015-09-10,3008110,대청,65.22,574.584,19.635,29.177,38.6,73.26,72.07,973.019,0,526.4237,723.7054,983.3159,18.63,0,0,0,0,5.347,4.75,0.45,0,,4.6722,0
2015-09-09,3008110,대청,65.24,575.408,20.154,29.705,38.6,73.32,72.05,976.48,0,526.4237,723.7054,978.6437,19.061,0,0,0,0,5.451,4.717,0.476,0,,5.2902,0
2015-09-08,3008110,대청,65.26,576.234,20.479,34.823,38.7,73.36,72.05,978.791,0,526.4237,723.7054,973.3535,19.076,0,0,0,0,5.544,4.733,5.47,0,,4.3602,0
2015-09-07,3008110,대청,65.29,577.473,26.495,36.07,38.8,73.4,72.06,981.105,0,526.4237,723.7054,968.9933,18.987,0,0,0,0,5.428,4.72,6.935,0,,3.1828,0
2015-09-06,3008110,대청,65.31,578.3,23.921,28.712,38.8,73.44,72.1,983.422,0.6938,526.4237,723.7054,965.8105,18.98,0,0,0,0,5.07,4.627,0.035,0,,3.1093,0
2015-09-05,3008110,대청,65.32,578.714,28.945,33.738,38.8,73.47,72.15,985.162,3.6026,525.7299,723.7054,962.7012,18.871,0,0,0,0,5.555,4.689,4.623,0,,6.3578,0
2015-09-04,3008110,대청,65.33,579.128,38.936,34.143,38.9,73.49,72.2,986.323,0,522.1273,723.7054,956.3434,19.015,0,0,0,0,5.428,4.678,5.022,0,,3.1433,0
2015-09-03,3008110,대청,65.32,578.714,25.154,29.947,38.8,73.49,72.17,986.323,0.762,522.1273,722.7724,953.2001,18.833,0,0,0,0,5.59,4.609,0.915,0,,4.6261,0
2015-09-02,3008110,대청,65.33,579.128,29.433,34.228,38.9,73.47,72.11,985.162,12.7481,521.3653,716.0852,948.574,23.137,0,0,0,0,5.136,3.267,2.688,0,,9.5613,0
2015-09-01,3008110,대청,65.34,579.543,23.908,38.308,38.9,73.48,72.07,985.742,0.0553,508.6172,709.7477,939.0127,22.832,0,0,0,0,5.512,4.644,5.32,0,,6.3048,0
2015-08-31,3008110,대청,65.37,580.787,29.424,39.036,39,73.49,71.78,986.323,0.1042,508.5619,709.7477,932.7079,22.882,0,0,0,0,5.417,4.692,6.045,0,,12.2188,0
2015-08-30,3008110,대청,65.39,581.617,24.656,39.091,39,73.47,71.51,985.162,0.5818,508.4577,709.7477,920.4891,22.844,0,0,0,0,5.614,4.608,6.025,0,,14.5636,0
2015-08-29,3008110,대청,65.42,582.864,34.537,39.353,39.1,73.43,71.3,982.842,0,507.8759,709.7477,905.9255,23.017,0,0,0,0,5.647,4.669,6.02,0,,6.9224,0
2015-08-28,3008110,대청,65.43,583.28,46.125,36.494,39.2,73.34,71.27,977.635,0.8578,507.8759,709.7477,899.0031,22.833,0,0,0,0,5.555,4.552,3.554,0,,8.1027,0
2015-08-27,3008110,대청,65.41,582.448,62.503,33.668,39.1,73.16,71.25,967.268,2.5397,507.0181,709.7477,890.9004,22.838,0,0,0,0,5.648,4.688,0.494,0,,5.8584,0
2015-08-26,3008110,대청,65.35,579.957,34.958,39.758,38.9,72.75,71.13,943.899,0,504.4784,709.6814,885.042,28.95,0,0,0,0,5.279,4.585,0.944,0,,7.8468,0
2015-08-25,3008110,대청,65.36,580.372,29.537,39.144,39,71.57,70.98,878.504,33.074,504.4784,709.1858,877.1952,29.042,0,0,0,0,5.484,4.571,0.047,0,,11.1554,0
2015-08-24,3008110,대청,65.38,581.202,14.46,43.338,39,70.43,70.89,817.915,0.5442,471.4044,633.6793,866.0398,28.988,0,0,0,0,4.885,4.671,4.794,0,,7.1781,0
2015-08-23,3008110,대청,65.44,583.697,22.134,46.263,39.2,70.27,70.93,809.613,0,470.8602,633.5148,858.8617,29.024,0,0,0,0,5.706,4.698,6.835,0,,5.4309,0
2015-08-22,3008110,대청,65.49,585.782,22.158,46.345,39.3,69.96,70.96,793.417,0,470.8602,633.1846,853.4308,29.165,0,0,0,0,5.682,4.648,6.85,0,,6.9235,0
2015-08-21,3008110,대청,65.54,587.871,26.467,45.859,39.5,69.28,70.87,759.028,6.9294,470.8602,632.132,846.5073,28.959,0,0,0,0,5.486,4.532,6.882,0,,10.4021,0
2015-08-20,3008110,대청,65.58,589.547,12.084,46.111,39.6,68.28,70.8,710.326,3.8874,463.9308,610.9921,836.1052,28.972,0,0,0,0,5.59,4.751,6.798,0,,10.4356,0
2015-08-19,3008110,대청,65.65,592.487,15.26,44.518,39.8,67.77,70.78,686.329,0,460.0434,586.8023,825.6696,28.782,0,0,0,0,5.636,4.737,5.363,0,,5.2774,0
2015-08-18,3008110,대청,65.71,595.015,17.247,46.589,39.9,66.54,70.68,630.74,0,460.0434,576.5067,820.3922,29.068,0,0,0,0,5.602,4.797,7.122,0,,9.7061,0
2015-08-17,3008110,대청,65.77,597.55,19.712,49.139,40.1,65.94,70.69,604.773,0.167,460.0434,524.0386,810.6861,32.097,0,0,0,0,5.081,4.826,7.135,0,,5.8715,0
2015-08-16,3008110,대청,65.83,600.092,20.006,44.594,40.3,65.87,70.62,601.791,0.4697,459.8764,511.1242,804.8146,27.149,0,0,0,0,5.498,4.777,7.17,0,,10.8314,0
2015-08-15,3008110,대청,65.88,602.217,17.837,47.42,40.4,65.76,70.38,597.127,2.2154,459.4067,510.4388,793.9832,30.003,0,0,0,0,5.463,4.76,7.194,0,,10.7167,0
2015-08-14,3008110,대청,65.94,604.773,22.564,47.282,40.6,65.67,70.26,593.329,0,457.1913,507.9951,783.2665,29.839,0,0,0,0,5.497,4.731,7.215,0,,6.5688,0
2015-08-13,3008110,대청,65.99,606.908,27.591,47.408,40.7,65.6,70.2,590.386,0.8113,457.1913,494.9525,776.6977,30.015,0,0,0,0,5.486,4.675,7.232,0,,10.2411,0
2015-08-12,3008110,대청,66.03,608.621,22.476,47.301,40.9,65.51,70.21,586.617,1.2851,456.38,490.652,766.4566,29.959,0,0,0,0,5.508,4.61,7.224,0,,8.772,0
2015-08-11,3008110,대청,66.08,610.765,32.525,47.449,41,65.31,70.09,578.3,0.5441,455.0949,490.652,757.6846,30.057,0,0,0,0,5.589,4.583,7.22,0,,7.4997,0
2015-08-10,3008110,대청,66.11,612.055,26.452,51.372,41.1,65.19,70.02,573.349,0,454.5508,490.4212,750.1849,32.908,0,0,0,0,6.608,4.596,7.26,0,,11.8904,0
2015-08-09,3008110,대청,66.16,614.208,29.135,44.116,41.2,65.08,70.02,568.835,0,454.5508,464.3304,738.2945,27.156,0,0,0,0,5.104,4.587,7.269,0,,6.4938,0
2015-08-08,3008110,대청,66.19,615.502,17.64,47.666,41.3,64.89,70.03,561.097,10.4088,454.5508,464.3304,731.8007,30.043,0,0,0,0,5.67,4.652,7.301,0,,6.496,0
2015-08-07,3008110,대청,66.25,618.097,18.901,49.013,41.5,64.67,70.08,552.226,1.2162,444.142,461.6991,725.3047,31.422,0,0,0,0,5.636,4.622,7.333,0,,6.6763,0
2015-08-06,3008110,대청,66.31,620.698,18.85,49.048,41.7,64.53,70.11,546.63,0,442.9258,430.1574,718.6284,31.395,0,0,0,0,5.636,4.67,7.347,0,,6.1508,0
2015-08-05,3008110,대청,66.37,623.307,23.768,48.999,41.8,64.4,70.04,541.469,0,442.9258,430.1574,712.4776,31.322,0,0,0,0,5.544,4.758,7.375,0,,1.5324,0
2015-08-04,3008110,대청,66.42,625.487,30.506,45.673,42,64.23,69.94,534.77,0,442.9258,428.7987,710.9452,31.356,0,0,0,0,5.555,4.82,3.942,0,,10.9055,0
2015-08-03,3008110,대청,66.45,626.798,25.151,50.478,42.1,63.99,69.75,525.409,0.0273,442.9258,419.2828,700.0397,34.277,0,0,0,0,5.37,4.468,6.363,0,,11.1118,0
2015-08-02,3008110,대청,66.5,628.986,34.323,44.471,42.2,63.99,69.64,525.409,7.008,442.8985,401.8603,688.9279,28.234,0,0,0,0,5.3,3.977,6.96,0,,6.6996,0
2015-08-01,3008110,대청,66.52,629.863,27.524,47.848,42.3,63.98,69.67,525.022,0.3281,435.8905,378.1612,682.2283,31.213,0,0,0,0,5.544,4.122,6.969,0,,6.2098,0
2015-07-31,3008110,대청,66.56,631.619,41.352,51.529,42.4,64,69.72,525.797,0,435.5624,377.6339,676.0185,34.226,0,0,0,0,5.648,4.715,6.94,0,,3.1174,0
2015-07-30,3008110,대청,66.58,632.498,41.288,51.474,42.5,64.07,69.76,528.517,0,435.5624,364.7174,672.9011,34.254,0,0,0,0,5.66,4.612,6.948,0,,3.8063,0
2015-07-29,3008110,대청,66.6,633.378,56.084,50.99,42.5,64.14,69.79,531.247,14.5569,435.5624,362.5909,669.0948,33.918,0,0,0,0,5.556,4.578,6.938,0,,5.4404,0
2015-07-28,3008110,대청,66.59,632.938,25.256,45.648,42.5,64.2,69.84,533.594,0.526,421.0055,357.5146,663.6544,33.92,0,0,0,0,5.566,4.626,1.536,0,,5.1666,0
2015-07-27,3008110,대청,66.63,634.7,32.112,47.431,42.6,64.28,69.95,536.735,1.5451,420.4795,357.2818,658.4878,37.024,0,0,0,0,5.174,4.709,0.524,0,,3.2261,0
2015-07-26,3008110,대청,66.66,636.023,36.794,41.905,42.7,64.33,69.9,538.704,0,418.9344,357.2818,655.2617,31.026,0,0,0,0,5.775,4.587,0.517,0,,8.994,0
2015-07-25,3008110,대청,66.67,636.465,44.386,44.386,42.7,64.37,69.88,540.283,0.092,418.9344,356.8797,646.2677,33.933,0,0,0,0,5.312,4.611,0.53,0,,7.8485,0
2015-07-24,3008110,대청,66.67,636.465,64.839,44.409,42.7,64.39,69.8,541.074,2.2028,418.8424,356.386,638.4192,33.993,0,0,0,0,5.578,4.304,0.534,0,,4.054,0
2015-07-23,3008110,대청,66.63,634.7,64.921,44.529,42.6,64.43,69.58,542.657,6.4785,416.6396,348.7191,634.3652,33.838,0,0,0,0,5.636,4.516,0.539,0,,13.9948,0
2015-07-22,3008110,대청,66.59,632.938,52.039,46.947,42.5,64.47,69.24,544.244,19.2833,410.1611,347.1648,620.3704,33.875,0,0,0,0,5.497,4.477,3.098,0,,10.5276,0
2015-07-21,3008110,대청,66.58,632.498,31.362,51.744,42.5,64.51,69.24,545.834,6.4044,390.8778,347.1648,609.8428,34.115,0,0,0,0,5.601,4.637,7.391,0,,5.572,0
2015-07-20,3008110,대청,66.62,634.259,34.014,54.435,42.6,64.53,69.24,546.63,0.1075,384.4734,347.1648,604.2708,37.202,0,0,0,0,5.209,4.643,7.381,0,,3.1764,0
2015-07-19,3008110,대청,66.66,636.023,38.145,48.37,42.7,64.49,69.17,545.039,0,384.3659,347.1648,601.0944,31.006,0,0,0,0,5.44,4.499,7.425,0,,6.3925,0
2015-07-18,3008110,대청,66.68,636.907,35.631,50.986,42.8,64.44,69.05,543.054,0,384.3659,340.0415,594.7019,33.931,0,0,0,0,5.162,4.59,7.303,0,,6.9592,0
2015-07-17,3008110,대청,66.71,638.234,46.52,51.643,42.8,64.34,68.71,539.099,0.4147,384.3659,310.5605,587.7427,34.067,0,0,0,0,5.589,4.668,7.319,0,,14.3117,0
2015-07-16,3008110,대청,66.72,638.676,63.023,47.66,42.9,64.41,68.17,541.865,0.0449,383.9512,308.1612,573.431,33.856,0,0,0,0,5.023,4.452,4.329,0,,13.6537,0
2015-07-15,3008110,대청,66.69,637.349,95.7,44.648,42.8,64.48,67.91,544.641,0.0755,383.9063,307.6291,559.7773,33.904,0,0,0,0,5.636,4.643,0.465,0,,15.1142,0
2015-07-14,3008110,대청,66.59,632.938,160.956,44.451,42.5,64.54,67.65,547.029,0,383.8308,307.4557,544.6631,33.854,0,0,0,0,5.532,4.603,0.462,0,,11.3151,0
2015-07-13,3008110,대청,66.36,622.872,141.798,46.512,41.8,64.61,67.4,549.823,1.7676,383.8308,307.4557,533.348,36.918,0,0,0,0,4.676,4.464,0.454,0,,11.5649,0
2015-07-12,3008110,대청,66.17,614.639,101.468,41.731,41.3,64.64,67.08,551.023,15.137,382.0632,302.3071,521.7831,31.021,0,0,0,0,5.741,4.523,0.446,0,,14.7311,0
2015-07-11,3008110,대청,66.05,609.478,157.974,44.434,40.9,64.69,66.95,553.028,4.0181,366.9262,302.3071,507.052,33.898,0,0,0,0,5.497,4.589,0.45,0,,16.3486,0
2015-07-10,3008110,대청,65.82,599.668,377.491,44.341,40.3,64.75,66.68,555.44,0,362.9081,302.3071,490.7034,33.901,0,0,0,0,5.405,4.594,0.441,0,,11.9875,0
2015-07-09,3008110,대청,65.13,570.884,143.658,44.466,38.3,64.79,66.39,557.052,52.8968,362.9081,302.3071,478.7159,34.173,0,0,0,0,5.336,4.527,0.43,0,,14.0516,0
2015-07-08,3008110,대청,64.92,562.314,34.65,44.053,37.7,64.82,66.27,558.264,22.9551,310.0113,297.0565,464.6643,33.923,0,0,0,0,5.266,4.437,0.427,0,,6.8402,0
2015-07-07,3008110,대청,64.94,563.126,20.706,44.254,37.8,64.84,66.12,559.072,7.642,287.0562,296.0144,457.8241,33.974,0,0,0,0,5.347,4.502,0.431,0,,8.2327,0
2015-07-06,3008110,대청,64.99,565.161,15.469,43.803,37.9,64.85,65.94,559.477,1.6656,279.4142,296.0144,449.5914,33.876,0,0,0,0,4.931,4.554,0.442,0,,9.1533,0
2015-07-05,3008110,대청,65.05,567.609,30.716,49.651,38.1,64.82,65.67,558.264,4.9854,277.7486,294.9002,440.4381,34.143,0,0,0,0,5.324,4.567,5.617,0,,9.5027,0
2015-07-04,3008110,대청,65.09,569.245,22.516,50.988,38.2,64.7,65.57,553.43,0,272.7632,294.9002,430.9354,34.258,0,0,0,0,5.254,4.5,6.976,0,,7.6546,0
2015-07-03,3008110,대청,65.15,571.705,17.861,51.185,38.4,64.62,65.47,550.223,0,272.7632,294.7365,423.2808,34.179,0,0,0,0,5.428,4.6,6.978,0,,10.8571,0
2015-07-02,3008110,대청,65.22,574.584,31.843,50.936,38.6,64.63,65.38,550.623,0.0505,272.7632,257.7346,412.4237,34.097,0,0,0,0,5.336,4.506,6.997,0,,7.8409,0
2015-07-01,3008110,대청,65.26,576.234,21.135,45.054,38.7,64.69,65.32,553.028,0.5809,272.7127,254.7449,404.5828,33.721,0,0,0,0,5.312,4.513,1.508,0,,8.5769,0
2015-06-30,3008110,대청,65.31,578.3,29.662,58.441,38.8,64.76,65.3,555.843,3.8172,272.1318,252.9718,396.0059,47.749,0,0,0,0,5.613,4.652,0.427,0,,5.1554,0
2015-06-29,3008110,대청,65.37,580.787,39.02,58.253,39,64.87,65.24,560.286,0,268.3146,251.894,390.8505,47.986,0,0,0,0,5.163,4.677,0.427,0,,6.808,0
2015-06-28,3008110,대청,65.41,582.448,58.572,58.572,39.1,64.98,65.25,564.753,0,268.3146,251.894,384.0425,48.053,0,0,0,0,5.544,4.544,0.431,0,,5.3659,0
2015-06-27,3008110,대청,65.41,582.448,101.577,58.355,39.1,65.09,65.21,569.245,0,268.3146,251.7658,378.6766,47.997,0,0,0,0,5.37,4.539,0.449,0,,8.9875,0
2015-06-26,3008110,대청,65.32,578.714,86.878,58.168,38.8,65.18,65.17,572.937,43.6732,268.3146,251.7658,369.6891,48.043,0,0,0,0,5.243,4.431,0.451,0,,4.6098,0
2015-06-25,3008110,대청,65.26,576.234,24.776,58.279,38.7,65.25,65,575.821,12.9255,224.6414,251.7658,365.0793,47.977,0,0,0,0,5.314,4.53,0.458,0,,10.3339,0
2015-06-24,3008110,대청,65.33,579.128,16.386,69.264,38.9,65.27,64.8,576.646,0.6782,211.7159,251.7658,354.7454,53.305,0,0,0,0,5.531,4.656,5.772,0,,12.7654,0
2015-06-23,3008110,대청,65.44,583.697,22.146,70.462,39.2,65.22,64.75,574.584,0.1684,211.0377,248.5415,341.98,53.073,0,0,0,0,5.44,4.647,7.302,0,,8.1842,0
2015-06-22,3008110,대청,65.54,587.871,21.935,75.354,39.5,65.26,64.79,576.234,1.4345,210.8693,231.9894,333.7958,58.205,0,0,0,0,5.128,4.688,7.333,0,,5.2688,0
2015-06-21,3008110,대청,65.65,592.487,20.974,60.003,39.8,65.34,64.82,579.543,0.0552,209.4348,219.1289,328.527,48.126,0,0,0,0,5.498,4.594,1.785,0,,3.5807,0
2015-06-20,3008110,대청,65.73,595.859,17.795,66.793,40,65.46,64.71,584.53,6.5748,209.3796,219.1016,324.9463,53.12,0,0,0,0,5.218,4.534,3.921,0,,11.9065,0
2015-06-19,3008110,대청,65.83,600.092,16.294,70.465,40.3,65.55,64.72,588.29,3.0199,202.8048,215.3227,313.0398,52.996,0,0,0,0,5.498,4.631,7.34,0,,7.67,0
2015-06-18,3008110,대청,65.94,604.773,16.283,70.741,40.6,65.67,64.79,593.329,0,199.7849,215.3227,305.3698,53.173,0,0,0,0,5.637,4.549,7.382,0,,5.8081,0
2015-06-17,3008110,대청,66.05,609.478,15.93,70.676,40.9,65.79,64.76,598.396,0.1051,199.7849,215.3227,299.5617,53.105,0,0,0,0,5.485,4.686,7.4,0,,6.2986,0
2015-06-16,3008110,대청,66.16,614.208,26.062,71.069,41.2,65.9,64.77,603.068,4.7844,199.6798,215.3227,293.2631,53.16,0,0,0,0,5.799,4.691,7.419,0,,4.0502,0
2015-06-15,3008110,대청,66.25,618.097,14.476,74.786,41.5,66.01,64.88,607.764,0,194.8954,215.3227,289.2129,57.032,0,0,0,0,5.694,4.594,7.466,0,,0.8663,0
2015-06-14,3008110,대청,66.37,623.307,14.52,65.042,41.8,66.1,64.98,611.625,1.3166,194.8954,215.3227,288.3466,48.134,0,0,0,0,5.185,4.225,7.498,0,,3.0224,0
2015-06-13,3008110,대청,66.47,627.672,13.536,69.388,42.1,66.18,65.09,615.071,0,193.5788,215.2472,285.3242,53.178,0,0,0,0,4.437,4.217,7.556,0,,1.8978,0
2015-06-12,3008110,대청,66.58,632.498,15.004,71.148,42.5,66.25,65.18,618.097,0.521,193.5788,213.2647,283.4264,53.17,0,0,0,0,5.827,4.254,7.897,0,,2.1604,0
2015-06-11,3008110,대청,66.69,637.349,14.312,81.041,42.8,66.33,65.27,621.567,0.1673,193.0578,209.4962,281.266,63.989,0,0,0,0,5.43,4.294,7.328,0,,2.3788,0
2015-06-10,3008110,대청,66.82,643.114,19.761,81.721,43.2,66.4,65.34,624.615,0,192.8905,196.1757,278.8872,64.078,0,0,0,0,5.741,4.228,7.674,0,,5.0868,0
2015-06-09,3008110,대청,66.94,648.468,13.911,81.43,43.5,66.49,65.42,628.548,0,192.8905,191.7539,273.8004,64.096,0,0,0,0,5.44,4.173,7.721,0,,2.1842,0
2015-06-08,3008110,대청,67.07,654.301,18.42,86.352,43.9,66.6,65.49,633.378,0.1095,192.8905,188.3837,271.6162,69.25,0,0,0,0,4.68,4.338,8.084,0,,4.8084,0
2015-06-07,3008110,대청,67.2,660.171,12.995,76.069,44.3,66.71,65.58,638.234,0,192.781,188.3837,266.8078,59.174,0,0,0,0,5.227,4.177,7.491,0,,4.2381,0
2015-06-06,3008110,대청,67.32,665.62,18.733,82.161,44.7,66.82,65.7,643.114,0,192.781,188.3837,262.5697,64.317,0,0,0,0,5.487,4.524,7.833,0,,0.6478,0
2015-06-05,3008110,대청,67.44,671.1,17.971,92.419,45,66.92,65.8,647.573,0.114,192.781,188.3837,261.9219,74.323,0,0,0,0,5.612,4.601,7.883,0,,1.9005,0
2015-06-04,3008110,대청,67.58,677.533,21.189,90.754,45.5,67.04,65.91,652.952,0,192.667,188.3837,260.0214,74.225,0,0,0,0,5.555,4.652,6.322,0,,0.2084,0
2015-06-03,3008110,대청,67.71,683.543,20.278,95.663,45.9,67.14,66.01,657.457,0,192.667,188.2818,259.813,79.259,0,0,0,0,5.705,4.584,6.115,0,,1.7432,0
2015-06-02,3008110,대청,67.85,690.056,19.824,90.262,46.3,67.24,66.12,661.984,0,192.667,185.898,258.0698,74.044,0,0,0,0,5.764,4.305,6.149,0,,3.6425,0
2015-06-01,3008110,대청,67.98,696.142,13.356,89.685,46.7,67.37,66.23,667.9,0,192.667,185.6024,254.4273,73.964,0,0,0,0,5.267,4.275,6.179,0,,3.1676,0
2015-05-31,3008110,대청,68.12,702.737,24.508,90.324,47.2,67.47,66.33,672.475,0,192.667,185.6024,251.2597,74.09,0,0,0,0,5.567,4.451,6.216,0,,0.5745,0
2015-05-30,3008110,대청,68.24,708.423,24.342,90.52,47.6,67.55,66.42,676.151,2.2746,192.667,185.6024,250.6852,74.008,0,0,0,0,5.566,4.707,6.239,0,,2.5152,0
2015-05-29,3008110,대청,68.36,714.141,17.938,90.042,47.9,67.64,66.5,680.302,0,190.3924,185.6024,248.17,74.035,0,0,0,0,5.069,4.677,6.261,0,,1.0568,0
2015-05-28,3008110,대청,68.49,720.371,12.556,90.685,48.4,67.72,66.61,684.007,0,190.3924,185.6024,247.1132,74.04,0,0,0,0,5.694,4.651,6.3,0,,1.735,0
2015-05-27,3008110,대청,68.63,727.121,23.224,90.588,48.8,67.8,66.7,687.725,0,190.3924,185.4836,245.3782,74.035,0,0,0,0,5.545,4.664,6.344,0,,1.5882,0
2015-05-26,3008110,대청,68.75,732.942,22.067,95.459,49.2,67.87,66.81,690.99,0,190.3924,185.4836,243.79,79.056,0,0,0,0,5.392,4.637,6.374,0,,2.2736,0
2015-05-25,3008110,대청,68.88,739.283,16.963,85.093,49.6,67.95,66.9,694.734,0,190.3924,180.8119,241.5164,69.085,0,0,0,0,4.978,4.622,6.408,0,,1.9442,0
2015-05-24,3008110,대청,69,745.169,16.316,90.54,50,68.01,67,697.552,0,190.3924,178.4464,239.5722,74.235,0,0,0,0,5.2,4.651,6.454,0,,1.8357,0
2015-05-23,3008110,대청,69.13,751.582,21.723,90.624,50.4,68.09,67.08,701.32,0,190.3924,178.4464,237.7365,74.093,0,0,0,0,5.388,4.667,6.476,0,,1.1419,0
2015-05-22,3008110,대청,69.25,757.535,21.527,90.799,50.8,68.16,67.16,704.629,0,190.3924,178.4464,236.5946,74.113,0,0,0,0,5.498,4.678,6.51,0,,2.0473,0
2015-05-21,3008110,대청,69.37,763.52,27.788,91.615,51.2,68.24,67.24,708.423,0,190.3924,178.4464,234.5473,75.057,0,0,0,0,5.3,4.696,6.562,0,,2.4905,0
2015-05-20,3008110,대청,69.48,769.035,21.585,91.573,51.6,68.32,67.32,712.232,0.1159,190.3924,178.4464,232.0568,74.887,0,0,0,0,5.463,4.635,6.588,0,,1.2845,0
2015-05-19,3008110,대청,69.6,775.082,21.398,91.761,52,68.39,67.4,715.576,0.2385,190.2765,177.832,230.7723,75.135,0,0,0,0,5.348,4.682,6.596,0,,2.4697,0
2015-05-18,3008110,대청,69.72,781.161,26.619,97.357,52.4,68.48,67.48,719.89,0,190.038,177.832,228.3026,80.076,0,0,0,0,5.528,4.831,6.922,0,,3.8474,0
2015-05-17,3008110,대청,69.84,787.273,19.335,90.451,52.8,68.55,67.56,723.259,0,190.038,177.832,224.4552,74.19,0,0,0,0,5.107,4.739,6.415,0,,2.0248,0
2015-05-16,3008110,대청,69.96,793.417,27.826,95.952,53.3,68.62,67.62,726.638,0,190.038,177.832,222.4304,79.195,0,0,0,0,5.289,4.733,6.735,0,,2.8034,0
2015-05-15,3008110,대청,70.07,799.303,32.161,97.677,53.6,68.69,67.64,730.027,0,190.038,177.832,219.627,81.089,0,0,0,0,5.093,4.732,6.763,0,,0.8894,0
2015-05-14,3008110,대청,70.18,804.964,30.108,95.892,54,68.75,67.63,732.942,0,190.038,177.832,218.7376,79.295,0,0,0,0,5.114,4.698,6.785,0,,2.4159,0
2015-05-13,3008110,대청,70.29,810.648,41.861,95.884,54.4,68.81,67.65,735.864,0.2863,190.038,177.832,216.3217,78.945,0,0,0,0,5.51,4.658,6.771,0,,7.7183,0
2015-05-12,3008110,대청,70.38,815.315,33.524,93.761,54.7,68.86,67.67,738.305,9.363,189.7517,177.832,208.6034,79.168,0,0,0,0,5.359,4.655,4.579,0,,2.3566,0
2015-05-11,3008110,대청,70.48,820.52,36.565,97.025,55.1,68.92,67.69,741.241,5.0741,180.3887,171.2725,206.2468,84.002,0,0,0,0,5.047,4.035,3.941,0,,4.6204,0
2015-05-10,3008110,대청,70.58,825.743,28.175,88.858,55.4,68.96,67.7,743.203,0,175.3146,161.4478,201.6264,74.135,0,0,0,0,5.22,4.781,4.722,0,,4.2747,0
2015-05-09,3008110,대청,70.68,830.986,20.365,93.48,55.8,69.03,67.72,746.646,0,175.3146,161.4478,197.3517,78.795,0,0,0,0,5.186,4.762,4.737,0,,1.7823,0
2015-05-08,3008110,대청,70.8,837.304,38.738,93.786,56.2,69.1,67.72,750.099,0,175.3146,161.4478,195.5694,78.864,0,0,0,0,5.426,4.749,4.747,0,,1.0306,0
2015-05-07,3008110,대청,70.89,842.06,26.278,93.805,56.5,69.16,67.68,753.067,0,175.3146,160.5334,194.5388,78.935,0,0,0,0,5.394,4.714,4.762,0,,6.9257,0
2015-05-06,3008110,대청,71,847.894,37.499,92.951,56.9,69.17,67.65,753.563,0,175.3146,160.5334,187.6131,79.035,0,0,0,0,5.289,4.735,3.892,0,,4.7344,0
2015-05-05,3008110,대청,71.09,852.685,42.191,91.634,57.2,69.17,67.69,753.563,0,175.3146,160.5334,182.8787,79.141,0,0,0,0,5.22,4.766,2.507,0,,1.903,0
2015-05-04,3008110,대청,71.17,856.957,40.515,96.311,57.5,69.17,67.71,753.563,0.2501,175.3146,160.3563,180.9757,83.931,0,0,0,0,5.244,4.736,2.4,0,,1.2128,0
2015-05-03,3008110,대청,71.26,861.778,49.055,86.354,57.8,69.14,67.73,752.077,5.5889,175.0645,156.9198,179.7629,74.043,0,0,0,0,5.347,4.547,2.417,0,,4.113,0
2015-05-02,3008110,대청,71.32,865,48.007,91.625,58.1,69.09,67.77,749.605,0,169.4756,156.9198,175.6499,79.031,0,0,0,0,5.358,4.813,2.423,0,,1.921,0
2015-05-01,3008110,대청,71.39,868.769,54.284,91.759,58.3,69.01,67.78,745.661,0,169.4756,156.9198,173.7289,78.775,0,0,0,0,5.717,4.852,2.415,0,,1.6701,0
2015-04-30,3008110,대청,71.45,872.007,54.052,41.551,58.5,68.8,67.77,735.376,0,169.4756,156.9198,172.0588,28.81,0,0,0,0,5.532,4.785,2.424,0,,3.6462,0
2015-04-29,3008110,대청,71.43,870.927,53.656,41.164,58.5,68.44,67.77,717.971,16.3233,169.4756,156.789,168.4126,29.461,0,0,0,0,4.714,4.559,2.43,0,,4.2865,0
2015-04-28,3008110,대청,71.41,869.847,41.438,41.438,58.4,68.4,67.78,716.054,0.1575,153.1523,133.6928,164.1261,29.083,0,0,0,0,5.404,4.521,2.43,0,,3.2285,0
2015-04-27,3008110,대청,71.41,869.847,41.104,41.104,58.4,68.41,67.82,716.533,0,152.9948,110.2122,160.8976,28.906,0,0,0,0,5.174,4.594,2.43,0,,1.1342,0
2015-04-26,3008110,대청,71.41,869.847,52.159,39.676,58.4,68.42,67.86,717.012,0,152.9948,102.5589,159.7634,29.11,0,0,0,0,4.849,4.629,1.088,0,,1.961,0
2015-04-25,3008110,대청,71.39,868.769,64.222,82.949,58.3,68.46,67.86,718.93,0,152.9948,102.5589,157.8024,70.908,0,0,0,0,5.313,4.682,2.046,0,,2.5367,0
2015-04-24,3008110,대청,71.42,870.387,70.983,83.479,58.4,68.49,67.85,720.371,0,152.9948,102.5589,155.2657,71.571,0,0,0,0,4.864,4.698,2.346,0,,0.255,0
2015-04-23,3008110,대청,71.44,871.467,89.011,82.762,58.5,68.52,67.85,721.814,0,152.9948,102.5589,155.0107,70.963,0,0,0,0,5.03,4.61,2.159,0,,2.8823,0
2015-04-22,3008110,대청,71.43,870.927,120.437,82.989,58.5,68.56,67.87,723.741,0,152.9948,102.5589,152.1284,70.93,0,0,0,0,5.186,4.619,2.254,0,,3.2209,0
2015-04-21,3008110,대청,71.37,867.691,81.557,69.092,58.2,68.59,67.89,725.188,0.1684,152.9948,102.5589,148.9075,58.85,0,0,0,0,4.594,4.604,1.044,0,,2.6534,0
2015-04-20,3008110,대청,71.35,866.614,79.173,79.173,58.2,68.62,67.87,726.638,15.2309,152.8264,102.5589,146.2541,68.939,0,0,0,0,4.851,4.592,0.791,0,,2.3748,0
2015-04-19,3008110,대청,71.35,866.614,65.485,59.256,58.2,68.63,67.87,727.121,2.1898,137.5955,102.5589,143.8793,49.065,0,0,0,0,4.86,4.54,0.791,0,,3.2727,0
2015-04-18,3008110,대청,71.34,866.076,69.485,69.485,58.1,68.65,67.84,728.089,3.1848,135.4057,102.5589,140.6066,58.897,0,0,0,0,5.104,4.695,0.789,0,,4.3099,0
2015-04-17,3008110,대청,71.34,866.076,69.281,69.281,58.1,68.67,67.86,729.058,0,132.2209,102.384,136.2967,58.818,0,0,0,0,5.046,4.614,0.803,0,,3.1918,0
2015-04-16,3008110,대청,71.34,866.076,64.239,70.468,58.1,68.68,67.87,729.543,3.8201,132.2209,88.2343,133.1049,59.008,0,0,0,0,5.116,4.628,1.716,0,,2.3606,0
2015-04-15,3008110,대청,71.35,866.614,57.201,69.666,58.2,68.71,67.9,730.998,2.9333,128.4008,88.2343,130.7443,58.906,0,0,0,0,4.389,4.229,2.142,0,,0.9387,0
2015-04-14,3008110,대청,71.37,867.691,51.315,70.029,58.2,68.73,67.93,731.969,12.7844,125.4675,88.2343,129.8056,59.071,0,0,0,0,5.56,4.668,0.73,0,,1.1,0
2015-04-13,3008110,대청,71.4,869.308,42.133,79.621,58.3,68.76,67.94,733.428,2.3573,112.6831,88.2343,128.7056,69.018,0,0,0,0,5.096,4.775,0.732,0,,0.9936,0
2015-04-12,3008110,대청,71.46,872.547,41.112,59.887,58.6,68.77,67.95,733.915,0,110.3258,87.7726,127.712,48.99,0,0,0,0,5.41,4.751,0.736,0,,2.5908,0
2015-04-11,3008110,대청,71.49,874.169,45.844,70.909,58.7,68.79,67.96,734.889,0,110.3258,87.4788,125.1212,59.001,0,0,0,0,6.421,4.75,0.737,0,,1.9623,0
2015-04-10,3008110,대청,71.53,876.335,49.087,61.633,58.8,68.81,67.96,735.864,0,110.3258,87.2831,123.1589,51.01,0,0,0,0,5.116,4.772,0.735,0,,2.4879,0
2015-04-09,3008110,대청,71.55,877.419,62.128,62.128,58.9,68.83,67.99,736.839,0,110.3258,87.2831,120.671,51.607,0,0,0,0,5.187,4.63,0.704,0,,3.508,0
2015-04-08,3008110,대청,71.55,877.419,67.658,61.384,58.9,68.84,68.02,737.328,0.0634,110.3258,87.2831,117.163,50.761,0,0,0,0,5.149,4.724,0.75,0,,0.6351,0
2015-04-07,3008110,대청,71.54,876.877,74.32,61.779,58.9,68.84,68.05,737.328,0,110.2624,87.2831,116.5279,50.879,0,0,0,0,5.31,4.776,0.814,0,,0.9799,0
2015-04-06,3008110,대청,71.52,875.793,70.874,70.874,58.8,68.84,68.06,737.328,1.8356,110.2624,87.2831,115.548,61.039,0,0,0,0,4.321,4.805,0.709,0,,1.5618,0
2015-04-05,3008110,대청,71.52,875.793,58.857,52.59,58.8,68.82,68.06,736.351,2.856,108.4268,87.2281,113.9862,41.317,0,0,0,0,5.669,4.838,0.766,0,,1.7691,0
2015-04-04,3008110,대청,71.51,875.252,41.579,60.388,58.7,68.79,68.07,734.889,13.5084,105.5708,86.7642,112.2171,50.922,0,0,0,0,3.925,4.834,0.707,0,,0.7196,0
2015-04-03,3008110,대청,71.54,876.877,43.289,62.118,58.9,68.77,68.08,733.915,7.6868,92.0624,86.6429,111.4975,51.219,0,0,0,0,5.324,4.806,0.769,0,,2.2454,0
2015-04-02,3008110,대청,71.57,878.504,36.568,61.705,59,68.71,68.09,730.998,0.325,84.3756,84.8276,109.2521,50.884,0,0,0,0,5.301,4.713,0.807,0,,2.1152,0
2015-04-01,3008110,대청,71.61,880.675,30.264,61.737,59.1,68.64,68.1,727.605,1.1634,84.0506,84.8276,107.1369,50.955,0,0,0,0,5.152,4.823,0.807,0,,2.4764,0
2015-03-31,3008110,대청,71.66,883.395,40.411,34.112,59.3,68.55,68.11,723.259,2.364,82.8872,84.8276,104.6605,23.08,0,0,0,0,5.368,4.855,0.809,0,,1.0592,0
2015-03-30,3008110,대청,71.65,882.85,26.984,33.283,59.3,68.44,68.12,717.971,0,80.5232,84.8276,103.6013,22.453,0,0,0,0,5.163,4.861,0.806,0,,1.4746,0
2015-03-29,3008110,대청,71.66,883.395,33.406,33.406,59.3,68.38,68.13,715.097,0,80.5232,78.1934,102.1267,22.939,0,0,0,0,4.826,4.835,0.806,0,,1.1305,0
2015-03-28,3008110,대청,71.66,883.395,40.067,33.768,59.3,68.31,68.13,711.755,0.11,80.5232,69.4716,100.9962,22.823,0,0,0,0,5.348,4.791,0.806,0,,0.9717,0
2015-03-27,3008110,대청,71.65,882.85,40.611,34.314,59.3,68.22,68.11,707.473,0,80.4132,69.4716,100.0245,23.068,0,0,0,0,5.358,5.083,0.805,0,,1.0459,0
2015-03-26,3008110,대청,71.64,882.306,38.424,51.02,59.2,68.15,68.11,704.156,0,80.4132,69.4267,98.9786,39.861,0,0,0,0,5.278,5.077,0.804,0,,1.2497,0
2015-03-25,3008110,대청,71.66,883.395,38.471,51.076,59.3,68.14,68.1,703.682,0,80.4132,53.4051,97.7289,40,0,0,0,0,5.243,5.029,0.804,0,,1.2815,0
2015-03-24,3008110,대청,71.68,884.484,50.934,50.934,59.4,68.13,68.1,703.21,0,80.4132,46.3679,96.4474,39.891,0,0,0,0,5.197,5.044,0.802,0,,3.0782,0
2015-03-23,3008110,대청,71.68,884.484,67.272,60.968,59.4,68.14,68.1,703.682,0,80.4132,46.3679,93.3692,50.062,0,0,0,0,5.312,4.787,0.807,0,,2.096,0
2015-03-22,3008110,대청,71.67,883.939,65.834,40.642,59.3,68.14,68.11,703.682,0,80.4132,46.3679,91.2732,30.009,0,0,0,0,5.359,4.464,0.81,0,,1.9597,0
2015-03-21,3008110,대청,71.63,881.762,88.376,50.657,59.2,68.14,68.12,703.682,0,80.4132,46.3679,89.3135,40.018,0,0,0,0,5.359,4.472,0.808,0,,1.9213,0
2015-03-20,3008110,대청,71.57,878.504,120.236,51.295,59,68.13,68.13,703.21,0,80.4132,45.7512,87.3922,40.161,0,0,0,0,5.382,4.945,0.807,0,,0.8332,0
2015-03-19,3008110,대청,71.46,872.547,63.322,50.817,58.6,68.1,68.14,701.792,0.3689,80.4132,43.5549,86.559,40.189,0,0,0,0,5.175,4.651,0.802,0,,0.7309,0
2015-03-18,3008110,대청,71.44,871.467,56.204,49.955,58.5,68.1,68.14,701.792,28.9735,80.0443,43.5549,85.8281,39.977,0,0,0,0,4.293,4.886,0.799,0,,3.1011,0
2015-03-17,3008110,대청,71.43,870.927,25.988,50.998,58.5,68.08,68.15,700.848,0,51.0708,43.0604,82.727,39.912,0,0,0,0,5.371,4.918,0.797,0,,2.493,0
2015-03-16,3008110,대청,71.47,873.088,29.14,60.454,58.6,68.05,68.15,699.434,0,51.0708,43.0604,80.234,49.774,0,0,0,0,4.943,4.94,0.797,0,,1.3205,0
2015-03-15,3008110,대청,71.52,875.793,16.16,41.252,58.8,68.01,68.16,697.552,0,51.0708,43.0604,78.9135,29.989,0,0,0,0,5.66,4.808,0.795,0,,1.6414,0
2015-03-14,3008110,대청,71.56,877.961,31.957,50.8,58.9,67.96,68.18,695.203,0,51.0708,43.0604,77.2721,39.82,0,0,0,0,5.289,4.896,0.795,0,,1.7038,0
2015-03-13,3008110,대청,71.59,879.589,25.755,50.91,59,67.93,68.19,693.797,1.1574,51.0708,42.6393,75.5683,40.14,0,0,0,0,5.128,4.846,0.796,0,,1.6964,0
2015-03-12,3008110,대청,71.63,881.762,25.856,51.048,59.2,67.91,68.21,692.861,0,49.9134,33.8316,73.8719,40.106,0,0,0,0,5.313,4.835,0.794,0,,0.9821,0
2015-03-11,3008110,대청,71.67,883.939,19.397,50.938,59.3,67.89,68.22,691.925,0,49.9134,8.3426,72.8898,40.047,0,0,0,0,5.265,4.831,0.795,0,,1.4967,0
2015-03-10,3008110,대청,71.72,886.664,31.848,50.8,59.5,67.91,68.23,692.861,0,49.9134,8.3426,71.3931,39.948,0,0,0,0,5.279,4.768,0.805,0,,1.1091,0
2015-03-09,3008110,대청,71.75,888.302,22.66,60.625,59.6,67.94,68.24,694.266,0,49.9134,8.3426,70.284,50.068,0,0,0,0,4.885,4.851,0.821,0,,0.8992,0
2015-03-08,3008110,대청,71.81,891.582,28.932,41.605,59.8,67.96,68.25,695.203,0,49.9134,7.4513,69.3848,30.292,0,0,0,0,5.66,4.834,0.819,0,,1.32,0
2015-03-07,3008110,대청,71.83,892.677,25.591,50.965,59.9,67.98,68.26,696.142,0,49.9134,7.4513,68.0648,39.957,0,0,0,0,5.359,4.831,0.818,0,,1.8075,0
2015-03-06,3008110,대청,71.87,894.869,29.659,55.069,60.1,68.01,68.27,697.552,0,49.9134,7.4513,66.2573,44.711,0,0,0,0,4.63,4.915,0.813,0,,1.4865,0
2015-03-05,3008110,대청,71.91,897.064,36.077,55.158,60.2,68.03,68.27,698.493,0,49.9134,7.4513,64.7708,44.803,0,0,0,0,5.018,4.598,0.739,0,,1.873,0
2015-03-04,3008110,대청,71.94,898.713,24.268,56.116,60.3,68.05,68.26,699.434,0.0663,49.9134,7.4513,62.8978,45.129,0,0,0,0,5.473,4.7,0.814,0,,1.8277,0
2015-03-03,3008110,대청,71.99,901.465,39.797,46.173,60.5,68.07,68.25,700.377,0.8929,49.8471,7.4513,61.0701,35.041,0,0,0,0,5.497,4.82,0.815,0,,1.4797,0
2015-03-02,3008110,대청,72,902.016,32.909,45.669,60.5,68.08,68.24,700.848,0,48.9542,7.4513,59.5904,35.019,0,0,0,0,4.97,4.829,0.851,0,,0.5109,0
2015-03-01,3008110,대청,72.02,903.118,32.794,45.563,60.6,68.1,68.23,701.792,1.1448,48.9542,7.4513,59.0795,35.096,0,0,0,0,4.776,4.908,0.783,0,,1.8633,0
2015-02-28,3008110,대청,72.04,904.221,37.944,50.722,60.7,68.12,68.22,702.737,0.2191,47.8094,7.195,57.2162,39.997,0,0,0,0,5.081,4.828,0.816,0,,1.6798,0
2015-02-27,3008110,대청,72.06,905.325,38.025,50.812,60.8,68.15,68.22,704.156,0,47.5903,7.195,55.5364,39.972,0,0,0,0,5.255,4.769,0.816,0,,2.1184,0
2015-02-26,3008110,대청,72.08,906.43,38.226,51.022,60.8,68.17,68.23,705.102,0,47.5903,7.195,53.418,40.068,0,0,0,0,5.358,4.777,0.819,0,,0.2669,0
2015-02-25,3008110,대청,72.1,907.536,38.387,51.192,60.9,68.2,68.23,706.524,0,47.5903,6.9013,53.1511,40.362,0,0,0,0,5.22,4.791,0.819,0,,2.9897,0
2015-02-24,3008110,대청,72.12,908.642,44.22,50.626,61,68.22,68.22,707.473,0,47.5903,6.9013,50.1614,40.104,0,0,0,0,4.804,4.901,0.817,0,,0.9252,0
2015-02-23,3008110,대청,72.13,909.196,42.64,55.459,61,68.24,68.21,708.423,0,47.5903,6.9013,49.2362,44.873,0,0,0,0,5.289,4.478,0.819,0,,1.5327,0
2015-02-22,3008110,대청,72.15,910.303,33.196,46.024,61.1,68.27,68.2,709.85,0.7489,47.5903,6.9013,47.7035,35.22,0,0,0,0,5.139,4.843,0.822,0,,2.4989,0
2015-02-21,3008110,대청,72.17,911.411,43.528,49.946,61.2,68.29,68.2,710.802,3.5302,46.8414,6.9013,45.2046,39.906,0,0,0,0,4.467,4.754,0.819,0,,1.1128,0
2015-02-20,3008110,대청,72.18,911.966,30.347,49.613,61.2,68.31,68.22,711.755,0,43.3112,6.9013,44.0918,39.621,0,0,0,0,4.468,4.719,0.805,0,,0.9557,0
2015-02-19,3008110,대청,72.21,913.631,39.603,46.03,61.3,68.34,68.23,713.186,0,43.3112,6.9013,43.1361,34.803,0,0,0,0,4.895,4.761,1.571,0,,0.7897,0
2015-02-18,3008110,대청,72.22,914.186,50.107,50.107,61.4,68.37,68.26,714.619,0.1002,43.3112,6.9013,42.3464,39.603,0,0,0,0,5.556,4.915,0.033,0,,0.715,0
2015-02-17,3008110,대청,72.22,914.186,36.065,55.359,61.4,68.39,68.28,715.576,0.2409,43.211,6.9013,41.6314,45.049,0,0,0,0,4.702,4.804,0.804,0,,0.7339,0
2015-02-16,3008110,대청,72.25,915.853,41.117,60.431,61.5,68.42,68.3,717.012,14.7602,42.9701,6.9013,40.8975,49.597,0,0,0,0,5.192,4.831,0.811,0,,2.3847,0
2015-02-15,3008110,대청,72.28,917.522,24.279,50.064,61.6,68.43,68.32,717.491,1.6853,28.2099,6.9013,38.5128,38.935,0,0,0,0,5.544,4.78,0.805,0,,1.1139,0
2015-02-14,3008110,대청,72.32,919.749,21.296,60.042,61.7,68.46,68.34,718.93,0,26.5246,6.9013,37.3989,49.106,0,0,0,0,5.347,4.787,0.802,0,,0.608,0
2015-02-13,3008110,대청,72.38,923.097,27.57,59.921,62,68.48,68.35,719.89,0,26.5246,6.9013,36.7909,48.973,0,0,0,0,5.347,4.791,0.81,0,,1.2259,0
2015-02-12,3008110,대청,72.43,925.892,26.582,58.991,62.1,68.5,68.35,720.852,0,26.5246,6.9013,35.565,49.099,0,0,0,0,4.275,4.793,0.824,0,,0.7422,0
2015-02-11,3008110,대청,72.48,928.692,27.374,59.84,62.3,68.53,68.38,722.295,0,26.5246,6.9013,34.8228,49.017,0,0,0,0,5.192,4.806,0.825,0,,1.5025,0
2015-02-10,3008110,대청,72.53,931.497,26.851,59.375,62.5,68.54,68.41,722.777,0,26.5246,6.6823,33.3203,49.009,0,0,0,0,5.301,4.238,0.827,0,,1.8266,0
2015-02-09,3008110,대청,72.58,934.307,24.158,63.262,62.7,68.56,68.44,723.741,0,26.5246,6.4053,31.4937,52.369,0,0,0,0,5.208,4.861,0.824,0,,1.3975,0
2015-02-08,3008110,대청,72.64,937.686,27.505,40.558,62.9,68.58,68.48,724.706,0,26.5246,6.1274,30.0962,29.893,0,0,0,0,5.032,4.804,0.829,0,,1.508,0
2015-02-07,3008110,대청,72.66,938.814,24.829,50.963,63,68.6,68.51,725.671,0,26.5246,4.6378,28.5882,39.971,0,0,0,0,5.415,4.738,0.839,0,,0.347,0
2015-02-06,3008110,대청,72.7,941.072,31.167,50.792,63.2,68.62,68.54,726.638,0,26.5246,4.5929,28.2412,39.883,0,0,0,0,5.302,4.77,0.837,0,,0.203,0
2015-02-05,3008110,대청,72.73,942.767,31.227,50.873,63.3,68.64,68.58,727.605,0,26.5246,4.5929,28.0382,40.026,0,0,0,0,5.197,4.817,0.833,0,,0.2351,0
2015-02-04,3008110,대청,72.76,944.465,24.36,50.586,63.4,68.65,68.61,728.089,0,26.5246,4.5929,27.8031,39.778,0,0,0,0,5.185,4.792,0.831,0,,0.4012,0
2015-02-03,3008110,대청,72.8,946.731,31.243,50.937,63.5,68.67,68.64,729.058,0,26.5246,4.5929,27.4019,40.08,0,0,0,0,5.208,4.819,0.83,0,,0.4412,0
2015-02-02,3008110,대청,72.83,948.432,34.534,60.825,63.7,68.7,68.68,730.513,0,26.5246,4.5929,26.9607,49.953,0,0,0,0,5.185,4.858,0.829,0,,0.4555,0
2015-02-01,3008110,대청,72.87,950.704,33.921,40.5,63.8,68.71,68.71,730.998,0,26.5246,4.4029,26.5052,30.172,0,0,0,0,4.715,4.78,0.833,0,,1.1682,0
2015-01-31,3008110,대청,72.88,951.272,39.498,46.079,63.8,68.74,68.75,732.455,0,26.5246,3.8764,25.337,35.217,0,0,0,0,5.146,4.881,0.835,0,,1.1915,0
2015-01-30,3008110,대청,72.89,951.841,32.81,45.979,63.9,68.76,68.78,733.428,0.6849,26.5246,3.8764,24.1455,35.06,0,0,0,0,5.208,4.863,0.848,0,,0.6554,0
2015-01-29,3008110,대청,72.91,952.979,45.651,45.651,64,68.77,68.82,733.915,0.437,25.8397,3.2467,23.4901,34.953,0,0,0,0,5.092,4.759,0.847,0,,0.2982,0
2015-01-28,3008110,대청,72.91,952.979,32.306,45.484,64,68.8,68.86,735.376,0,25.4027,3.2467,23.1919,34.774,0,0,0,0,5.081,4.781,0.848,0,,0.22,0
2015-01-27,3008110,대청,72.93,954.117,32.778,45.965,64,68.81,68.89,735.864,0,25.4027,3.2467,22.9719,35.188,0,0,0,0,5.162,4.765,0.85,0,,0.6292,0
2015-01-26,3008110,대청,72.95,955.257,30.833,50.631,64.1,68.83,68.92,736.839,1.7979,25.4027,3.2467,22.3427,40.016,0,0,0,0,5.069,4.725,0.821,0,,0.4867,0
2015-01-25,3008110,대청,72.98,956.967,33.94,40.544,64.2,68.85,68.96,737.816,1.298,23.6048,3.2467,21.856,29.996,0,0,0,0,5.139,4.56,0.849,0,,0.1545,0
2015-01-24,3008110,대청,72.99,957.538,31.733,44.948,64.3,68.87,68.99,738.793,0,22.3068,2.0923,21.7015,35.034,0,0,0,0,4.491,4.574,0.849,0,,0.3329,0
2015-01-23,3008110,대청,73.01,958.68,32.529,45.753,64.3,68.88,69.02,739.283,0,22.3068,2.0923,21.3686,34.934,0,0,0,0,5.289,4.681,0.849,0,,1.0616,0
2015-01-22,3008110,대청,73.03,959.822,38.461,45.077,64.4,68.9,69.05,740.261,1.4873,22.3068,2.0923,20.307,34.952,0,0,0,0,4.501,4.774,0.85,0,,1.3354,0
2015-01-21,3008110,대청,73.04,960.394,25.815,45.676,64.5,68.91,69.07,740.751,3.7761,20.8195,2.0923,18.9716,34.989,0,0,0,0,5.093,4.744,0.85,0,,1.554,0
2015-01-20,3008110,대청,73.07,962.11,32.235,45.487,64.6,68.93,69.09,741.731,0,17.0434,1.9267,17.4176,34.753,0,0,0,0,5.081,4.804,0.849,0,,0.9142,0
2015-01-19,3008110,대청,73.09,963.255,30.604,50.5,64.7,68.95,69.11,742.712,0.7291,17.0434,0.1393,16.5034,39.958,0,0,0,0,4.909,4.783,0.85,0,,0.8457,0
2015-01-18,3008110,대청,73.12,964.974,27.41,40.685,64.8,68.96,69.14,743.203,1.1734,16.3143,0.1393,15.6577,29.922,0,0,0,0,5.08,4.835,0.848,0,,0.9498,0
2015-01-17,3008110,대청,73.14,966.121,38.848,45.489,64.8,68.97,69.16,743.694,0.1042,15.1409,0.1393,14.7079,34.865,0,0,0,0,5,4.774,0.85,0,,0.5639,0
2015-01-16,3008110,대청,73.15,966.694,25.625,45.562,64.9,68.99,69.19,744.677,0.11,15.0367,0.1393,14.144,34.868,0,0,0,0,5.127,4.716,0.851,0,,1.346,0
2015-01-15,3008110,대청,73.18,968.417,31.897,45.2,65,69.01,69.23,745.661,0,14.9267,0.1393,12.798,34.945,0,0,0,0,4.687,4.715,0.853,0,,1.5518,0
2015-01-14,3008110,대청,73.2,969.566,32.405,45.718,65.1,69.03,69.26,746.646,0,14.9267,0.1393,11.2462,35.074,0,0,0,0,5.081,4.713,0.85,0,,0.5195,0
2015-01-13,3008110,대청,73.22,970.717,39.122,45.782,65.2,69.04,69.29,747.138,0,14.9267,0.1393,10.7267,35.125,0,0,0,0,5.158,4.662,0.837,0,,0.5543,0
2015-01-12,3008110,대청,73.23,971.292,30.533,50.526,65.2,69.06,69.32,748.124,0,14.9267,0.1393,10.1724,39.971,0,0,0,0,4.941,4.765,0.849,0,,0.6493,0
2015-01-11,3008110,대청,73.26,973.019,47.673,41.006,65.3,69.08,69.35,749.111,0.0505,14.9267,0.1393,9.5231,30.049,0,0,0,0,5.417,4.689,0.851,0,,1.0456,0
2015-01-10,3008110,대청,73.25,972.443,45.784,45.784,65.3,69.09,69.38,749.605,0,14.8762,0.1393,8.4775,34.972,0,0,0,0,5.243,4.719,0.85,0,,0.3137,0
2015-01-09,3008110,대청,73.25,972.443,45.785,45.785,65.3,69.11,69.41,750.593,0,14.8762,0.1393,8.1638,35.001,0,0,0,0,5.369,4.63,0.785,0,,0.4001,0
2015-01-08,3008110,대청,73.25,972.443,59.318,45.992,65.3,69.13,69.44,751.582,0,14.8762,0.0663,7.7637,35,0,0,0,0,5.513,4.635,0.844,0,,0.7733,0
2015-01-07,3008110,대청,73.23,971.292,55.973,42.656,65.2,69.14,69.47,752.077,0,14.8762,0,6.9904,31.504,0,0,0,0,5.569,4.735,0.848,0,,2.1409,0
2015-01-06,3008110,대청,73.21,970.141,36.585,43.242,65.1,69.15,69.5,752.572,8.533,14.8762,0,4.8495,32.196,0,0,0,0,5.507,4.688,0.851,0,,0.7567,0
2015-01-05,3008110,대청,73.22,970.717,16.073,29.395,65.2,69.16,69.52,753.067,6.2879,6.3432,0,4.0928,21.193,0,0,0,0,5,2.351,0.851,0,,0.9226,0
2015-01-04,3008110,대청,73.24,971.868,19.997,33.328,65.2,69.17,69.54,753.563,0,0.0553,0,3.1702,27.123,0,0,0,0,5.347,0.008,0.85,0,,0.6228,0
2015-01-03,3008110,대청,73.26,973.019,28.391,41.731,65.3,69.19,69.56,754.554,0,0.0553,0,2.5474,32.115,0,0,0,0,4.758,4.01,0.848,0,,0.5328,0
2015-01-02,3008110,대청,73.28,974.172,21.887,41.915,65.4,69.2,69.58,755.051,0,0.0553,0,2.0146,31.975,0,0,0,0,4.517,4.575,0.848,0,,1.3211,0
2015-01-01,3008110,대청,73.31,975.902,28.909,42.273,65.5,69.21,69.6,755.547,0.0553,0.0553,0,0.6935,31.029,0,0,0,0,5.748,4.649,0.847,0,,0.6935,0
2014-12-31,3008110,대청,73.33,977.057,28.125,54.881,65.6,69.22,69.7,756.044,1.206,995.9377,957.6561,1192.0774,43.91,0,0,0,0,5.37,4.75,0.851,0,,0.3091,0
2014-12-30,3008110,대청,73.37,979.369,28.417,55.21,65.7,69.23,69.75,756.541,0,994.7317,957.6561,1191.7683,43.991,0,0,0,0,5.625,4.741,0.853,0,,0.8801,0
2014-12-29,3008110,대청,73.41,981.684,32.757,59.587,65.9,69.24,69.8,757.038,0,994.7317,957.6561,1190.8882,49.019,0,0,0,0,5.023,4.692,0.853,0,,0.4014,0
2014-12-28,3008110,대청,73.45,984.002,29.492,49.639,66,69.26,69.84,758.033,0,994.7317,957.6561,1190.4868,38.278,0,0,0,0,5.845,4.664,0.852,0,,0.7069,0
2014-12-27,3008110,대청,73.48,985.742,28.117,55.012,66.2,69.27,69.88,758.53,0,994.7317,957.6561,1189.7799,44.104,0,0,0,0,5.369,4.688,0.851,0,,0.5689,0
2014-12-26,3008110,대청,73.52,988.066,32.875,59.808,66.3,69.28,69.92,759.028,0,994.7317,957.6561,1189.211,49.015,0,0,0,0,5.209,4.733,0.851,0,,0.3617,0
2014-12-25,3008110,대청,73.56,990.393,30.274,50.498,66.5,69.29,69.96,759.526,0,994.7317,957.3182,1188.8493,39.159,0,0,0,0,5.844,4.639,0.856,0,,0.7076,0
2014-12-24,3008110,대청,73.59,992.141,28.669,55.667,66.6,69.29,69.99,759.526,0.2356,994.7317,957.3182,1188.1417,44.011,0,0,0,0,5.324,4.652,1.68,0,,0.54,0
2014-12-23,3008110,대청,73.63,994.473,33.832,54.105,66.7,69.3,70.03,760.025,0,994.4961,957.3182,1187.6017,43.888,0,0,0,0,5.474,4.708,0.035,0,,0.5097,0
2014-12-22,3008110,대청,73.66,996.225,32.708,59.772,66.9,69.3,70.07,760.025,0.055,994.4961,957.3182,1187.092,49.044,0,0,0,0,5.173,4.701,0.854,0,,0.7449,0
2014-12-21,3008110,대청,73.7,998.563,36.687,50.233,67,69.31,70.11,760.524,0.1095,994.4411,957.3182,1186.3471,38.971,0,0,0,0,5.729,4.675,0.858,0,,0.2699,0
2014-12-20,3008110,대청,73.72,999.733,34.885,55.221,67.1,69.31,70.14,760.524,1.5857,994.3316,957.3182,1186.0772,44.066,0,0,0,0,5.601,4.694,0.86,0,,0.4174,0
2014-12-19,3008110,대청,73.75,1001.49,34.679,55.036,67.2,69.31,70.17,760.524,0,992.7459,956.6613,1185.6598,43.973,0,0,0,0,5.487,4.712,0.864,0,,0.3409,0
2014-12-18,3008110,대청,73.78,1003.249,27.498,54.674,67.3,69.31,70.2,760.524,0.0525,992.7459,956.5474,1185.3189,44.108,0,0,0,0,4.989,4.708,0.869,0,,0.6678,0
2014-12-17,3008110,대청,73.82,1005.597,48.392,55.192,67.5,69.31,70.24,760.524,0,992.6934,956.5474,1184.6511,44.079,0,0,0,0,5.565,4.678,0.87,0,,0.7372,0
2014-12-16,3008110,대청,73.83,1006.185,41.579,55.186,67.5,69.31,70.27,760.524,7.6149,992.6934,956.5474,1183.9139,43.934,0,0,0,0,5.636,4.743,0.873,0,,0.8357,0
2014-12-15,3008110,대청,73.85,1007.361,31.428,58.67,67.6,69.3,70.3,760.025,0.4705,985.0785,956.5474,1183.0782,48.907,0,0,0,0,4.113,4.776,0.874,0,,0.3862,0
2014-12-14,3008110,대청,73.89,1009.714,36.772,50.407,67.8,69.29,70.34,759.526,0,984.608,956.5474,1182.692,39.137,0,0,0,0,5.702,4.694,0.874,0,,1.1068,0
2014-12-13,3008110,대청,73.91,1010.892,41.423,55.067,67.9,69.27,70.37,758.53,0.5686,984.608,956.3374,1181.5852,44.04,0,0,0,0,5.427,4.725,0.875,0,,0.7896,0
2014-12-12,3008110,대청,73.93,1012.071,41.558,55.212,67.9,69.26,70.4,757.407,0.5678,984.0394,956.1179,1180.7956,43.958,0,0,0,0,5.613,4.765,0.876,0,,0.3544,0
2014-12-11,3008110,대청,73.95,1013.251,34.046,54.544,68,69.24,70.44,757.038,0.1055,983.4716,949.8825,1180.4412,43.275,0,0,0,0,5.6,4.755,0.914,0,,0.9103,0
2014-12-10,3008110,대청,73.98,1015.022,41.57,55.247,68.1,69.22,70.47,756.044,0,983.3661,947.3483,1179.5309,44.106,0,0,0,0,5.531,4.734,0.876,0,,1.555,0
2014-12-09,3008110,대청,74,1016.204,41.011,54.698,68.2,69.22,70.5,756.044,0,983.3661,947.2441,1177.9759,44.258,0,0,0,0,5.555,4.007,0.878,0,,1.143,0
2014-12-08,3008110,대청,74.02,1017.386,46.465,60.161,68.3,69.2,70.53,755.051,3.2073,983.3661,935.3827,1176.8329,49.191,0,0,0,0,5.294,4.797,0.879,0,,0.9777,0
2014-12-07,3008110,대청,74.04,1018.57,49.762,49.762,68.4,69.21,70.55,755.547,0,980.1588,935.3827,1175.8552,39.027,0,0,0,0,5.174,4.682,0.879,0,,0.9895,0
2014-12-06,3008110,대청,74.04,1018.57,54.761,54.761,68.4,69.22,70.58,756.044,0,980.1588,935.3827,1174.8657,44.012,0,0,0,0,5.15,4.721,0.878,0,,1.702,0
2014-12-05,3008110,대청,74.04,1018.57,48.05,54.902,68.4,69.22,70.6,756.044,0,980.1588,935.3827,1173.1637,43.963,0,0,0,0,5.404,4.658,0.877,0,,0.7731,0
2014-12-04,3008110,대청,74.05,1019.161,60.564,53.712,68.4,69.24,70.63,757.038,1.2523,980.1588,935.2252,1172.3906,43.68,0,0,0,0,5.139,4.014,0.879,0,,2.9977,0
2014-12-03,3008110,대청,74.04,1018.57,67.832,54.136,68.4,69.24,70.66,757.038,4.1059,978.9065,935.2252,1169.3929,43.983,0,0,0,0,5.312,3.972,0.869,0,,1.3506,0
2014-12-02,3008110,대청,74.02,1017.386,55.209,55.209,68.3,69.25,70.69,757.535,0.1547,974.8006,935.2252,1168.0423,44.045,0,0,0,0,5.544,4.756,0.864,0,,0.6864,0
2014-12-01,3008110,대청,74.02,1017.386,62.265,55.42,68.3,69.26,70.7,758.033,1.7618,974.6459,935.1151,1167.3559,44.111,0,0,0,0,5.509,4.937,0.863,0,,0.6308,0
2014-11-30,3008110,대청,74.01,1016.795,55.475,41.793,68.2,69.26,70.71,758.033,9.1664,972.8841,934.8948,1166.7251,31.007,0,0,0,0,4.953,4.968,0.865,0,,2.4316,0
2014-11-29,3008110,대청,73.99,1015.613,63.093,42.588,68.2,69.26,70.72,758.033,0.0634,963.7177,932.7949,1164.2935,31.014,0,0,0,0,5.695,5.015,0.864,0,,2.6223,0
2014-11-28,3008110,대청,73.96,1013.841,69.45,42.142,68,69.25,70.74,757.535,2.6257,963.6543,929.7293,1161.6712,30.97,0,0,0,0,5.362,4.947,0.863,0,,1.6166,0
2014-11-27,3008110,대청,73.92,1011.482,83.553,42.662,67.9,69.24,70.76,757.038,0,961.0286,928.7498,1160.0546,31.011,0,0,0,0,5.948,4.84,0.863,0,,2.5337,0
2014-11-26,3008110,대청,73.86,1007.949,110.36,42.396,67.7,69.22,70.78,756.044,0.2351,961.0286,921.0196,1157.5209,30.916,0,0,0,0,5.706,4.914,0.86,0,,0.9758,0
2014-11-25,3008110,대청,73.76,1002.077,82.912,42.246,67.3,69.22,70.81,756.044,0.1607,960.7935,920.9747,1156.5451,31.059,0,0,0,0,5.498,4.831,0.858,0,,1.0795,0
2014-11-24,3008110,대청,73.7,998.563,47.143,47.143,67,69.21,70.83,755.547,32.0566,960.6328,906.1755,1155.4656,36.032,0,0,0,0,5.405,4.85,0.856,0,,1.8293,0
2014-11-23,3008110,대청,73.7,998.563,24.209,37.755,67,69.22,70.86,756.044,0,928.5762,900.1425,1153.6363,26.024,0,0,0,0,6.042,4.835,0.854,0,,0.9843,0
2014-11-22,3008110,대청,73.72,999.733,28.848,42.403,67.1,69.24,70.89,757.59,0,928.5762,899.9775,1152.652,31.015,0,0,0,0,5.637,4.898,0.853,0,,0.9171,0
2014-11-21,3008110,대청,73.74,1000.905,21.332,41.682,67.2,69.26,70.91,758.734,0,928.5762,899.9775,1151.7349,30.979,0,0,0,0,4.93,4.921,0.852,0,,0.7005,0
2014-11-20,3008110,대청,73.77,1002.663,28.812,42.391,67.3,69.28,70.94,759.028,0,928.5762,899.9775,1151.0344,30.979,0,0,0,0,5.717,4.844,0.851,0,,0.9676,0
2014-11-19,3008110,대청,73.79,1003.836,20.293,40.679,67.4,69.3,70.97,760.025,0,928.5762,899.9775,1150.0668,29.059,0,0,0,0,5.935,4.835,0.85,0,,1.3694,0
2014-11-18,3008110,대청,73.82,1005.597,27.17,40.772,67.5,69.31,70.99,760.524,0,928.5762,899.7199,1148.6974,28.974,0,0,0,0,6.077,4.873,0.848,0,,0.8366,0
2014-11-17,3008110,대청,73.84,1006.773,31.742,45.354,67.6,69.33,71.02,761.521,0,928.5762,899.5543,1147.8608,34.093,0,0,0,0,5.556,4.857,0.848,0,,0.6542,0
2014-11-16,3008110,대청,73.86,1007.949,22.209,35.83,67.7,69.36,71.05,763.02,0,928.5762,898.4066,1147.2066,23.97,0,0,0,0,6.157,4.854,0.849,0,,0.8479,0
2014-11-15,3008110,대청,73.88,1009.125,33.956,40.77,67.7,69.38,71.07,764.02,0,928.5762,898.4066,1146.3587,29.135,0,0,0,0,5.868,4.92,0.847,0,,0.3885,0
2014-11-14,3008110,대청,73.89,1009.714,26.692,40.327,67.8,69.39,71.1,764.521,0,928.5762,898.3024,1145.9702,29.023,0,0,0,0,5.59,4.868,0.846,0,,0.7817,0
2014-11-13,3008110,대청,73.91,1010.892,33.982,40.803,67.9,69.41,71.13,765.522,0,928.5762,898.3024,1145.1885,29.116,0,0,0,0,5.984,4.861,0.842,0,,1.4806,0
2014-11-12,3008110,대청,73.92,1011.482,31.047,37.87,67.9,69.43,71.17,766.525,2.6094,928.5762,898.3024,1143.7079,26.97,0,0,0,0,5.161,4.896,0.843,0,,1.814,0
2014-11-11,3008110,대청,73.93,1012.071,38.234,38.234,67.9,69.44,71.2,767.026,0,925.9668,898.3024,1141.8939,27.116,0,0,0,0,5.324,4.953,0.841,0,,4.1358,0
2014-11-10,3008110,대청,73.93,1012.071,43.269,43.269,67.9,69.45,71.22,767.528,0,925.9668,898.2519,1137.7581,32.038,0,0,0,0,5.498,4.895,0.838,0,,0.9186,0
2014-11-09,3008110,대청,73.93,1012.071,40.89,34.067,67.9,69.48,71.26,769.035,0,925.9668,896.8823,1136.8395,22.341,0,0,0,0,5.811,5.073,0.842,0,,2.0775,0
2014-11-08,3008110,대청,73.92,1011.482,52.114,38.474,67.9,69.48,71.29,769.035,0,925.9668,884.8642,1134.762,27.052,0,0,0,0,5.67,4.915,0.837,0,,1.4261,0
2014-11-07,3008110,대청,73.9,1010.303,57.085,36.643,67.8,69.5,71.32,770.04,0,925.9668,884.8642,1133.3359,26.984,0,0,0,0,5.754,3.071,0.834,0,,1.192,0
2014-11-06,3008110,대청,73.87,1008.537,63.346,36.123,67.7,69.52,71.35,771.047,0,925.9668,883.9682,1132.1439,26.987,0,0,0,0,5.741,2.563,0.832,0,,2.8329,0
2014-11-05,3008110,대청,73.83,1006.185,71.698,37.722,67.5,69.54,71.38,772.054,0,925.9668,883.4518,1129.311,26.978,0,0,0,0,5.012,4.9,0.832,0,,1.7266,0
2014-11-04,3008110,대청,73.78,1003.249,86.356,38.888,67.3,69.56,71.41,773.062,0,925.9668,883.4518,1127.5844,27.078,0,0,0,0,6.029,4.951,0.83,0,,0.3827,0
2014-11-03,3008110,대청,73.71,999.148,109.468,41.856,67.1,69.58,71.44,774.072,0,925.9668,883.3406,1127.2017,32.022,0,0,0,0,5,4.005,0.829,0,,0.4511,0
2014-11-02,3008110,대청,73.61,993.306,157.887,30.068,66.7,69.59,71.47,774.577,4.1619,925.9668,883.203,1126.7506,21.989,0,0,0,0,5.463,1.791,0.825,0,,0.9868,0
2014-11-01,3008110,대청,73.42,982.263,168.471,34.834,65.9,69.61,71.49,775.587,3.9952,921.8049,882.6403,1125.7638,27.006,0,0,0,0,4.282,2.725,0.821,0,,2.1593,0
2014-10-31,3008110,대청,73.22,970.717,84.919,38.366,65.2,69.63,71.51,776.598,36.1527,917.8097,882.6403,1123.6045,26.986,0,0,0,0,5.868,4.696,0.816,0,,3.522,0
2014-10-30,3008110,대청,73.15,966.694,37.361,37.361,64.9,69.65,71.54,777.611,0,881.657,882.6403,1120.0825,26.359,0,0,0,0,5.266,4.92,0.816,0,,1.1206,0
2014-10-29,3008110,대청,73.15,966.694,37.237,37.237,64.9,69.67,71.58,778.624,0,881.657,882.6403,1118.9619,26.291,0,0,0,0,5.313,4.815,0.818,0,,2.4501,0
2014-10-28,3008110,대청,73.15,966.694,45.004,38.363,64.9,69.69,71.61,779.638,0,881.657,882.6403,1116.5118,26.558,0,0,0,0,6.175,4.838,0.792,0,,1.5206,0
2014-10-27,3008110,대청,73.14,966.121,48.681,42.042,64.8,69.71,71.64,780.653,0,881.657,882.6403,1114.9912,31.291,0,0,0,0,5.103,4.897,0.751,0,,0.9456,0
2014-10-26,3008110,대청,73.13,965.547,65.474,32.315,64.8,69.72,71.67,781.161,0,881.657,882.6403,1114.0456,21.354,0,0,0,0,5.428,4.8,0.733,0,,0.5172,0
2014-10-25,3008110,대청,73.08,962.682,76.373,36.658,64.6,69.74,71.69,782.177,0,881.657,882.6403,1113.5284,26.305,0,0,0,0,4.75,4.871,0.732,0,,0.709,0
2014-10-24,3008110,대청,73.02,959.251,109.779,37.186,64.4,69.76,71.72,783.195,0,881.657,882.6403,1112.8194,26.251,0,0,0,0,5.331,4.878,0.726,0,,1.1009,0
2014-10-23,3008110,대청,72.91,952.979,195.331,37.917,64,69.78,71.75,784.213,0.101,881.657,882.6403,1111.7185,26.279,0,0,0,0,5.926,4.992,0.72,0,,0.6088,0
2014-10-22,3008110,대청,72.67,939.378,270.665,37.032,63.1,69.79,71.77,784.722,8.5973,881.556,882.6403,1111.1097,25.62,0,0,0,0,5.706,4.987,0.719,0,,4.2763,0
2014-10-21,3008110,대청,72.31,919.192,121.517,37.881,61.7,69.81,71.79,785.742,52.67,872.9587,882.6403,1106.8334,26.638,0,0,0,0,5.648,4.875,0.72,0,,3.2419,0
2014-10-20,3008110,대청,72.18,911.966,35.056,41.476,61.2,69.83,71.82,786.762,17.4657,820.2887,882.6403,1103.5915,31.315,0,0,0,0,4.59,4.739,0.832,0,,0.677,0
2014-10-19,3008110,대청,72.19,912.521,20.049,32.896,61.2,69.84,71.85,787.273,0,802.823,882.6403,1102.9145,21.153,0,0,0,0,5.856,4.967,0.92,0,,0.8387,0
2014-10-18,3008110,대청,72.21,913.631,25.448,38.304,61.3,69.85,71.89,787.784,0,802.823,882.6403,1102.0758,26.551,0,0,0,0,5.902,4.931,0.92,0,,0.8118,0
2014-10-17,3008110,대청,72.23,914.741,16.023,35.324,61.4,69.86,71.91,788.295,0,802.823,882.6403,1101.264,26.326,0,0,0,0,5.903,2.157,0.938,0,,1.2232,0
2014-10-16,3008110,대청,72.26,916.409,16.807,36.128,61.5,69.87,71.95,788.806,2.5112,802.823,882.6403,1100.0408,26.27,0,0,0,0,5.613,3.271,0.974,0,,1.4215,0
2014-10-15,3008110,대청,72.29,918.078,18.092,37.434,61.6,69.87,71.98,788.806,0,800.3118,882.5954,1098.6193,26.325,0,0,0,0,5.208,4.913,0.988,0,,0.48,0
2014-10-14,3008110,대청,72.32,919.749,31.208,37.66,61.7,69.87,72,788.806,0,800.3118,881.0309,1098.1393,26.286,0,0,0,0,5.879,4.743,0.752,0,,1.3193,0
2014-10-13,3008110,대청,72.33,920.307,22.356,41.725,61.8,69.86,72,788.295,8.7622,800.3118,881.0309,1096.82,31.183,0,0,0,0,5.14,4.956,0.446,0,,1.1751,0
2014-10-12,3008110,대청,72.36,921.98,19.091,32.015,61.9,69.85,72,787.784,0,791.5496,881.0309,1095.6449,21.269,0,0,0,0,5.381,4.921,0.444,0,,2.8265,0
2014-10-11,3008110,대청,72.38,923.097,18.143,37.547,62,69.81,72.01,785.742,0,791.5496,881.0309,1092.8184,26.374,0,0,0,0,5.799,4.924,0.45,0,,2.1389,0
2014-10-10,3008110,대청,72.41,924.774,18.122,37.547,62.1,69.79,72.03,784.722,0,791.5496,880.707,1090.6795,26.383,0,0,0,0,5.405,4.966,0.793,0,,3.3563,0
2014-10-09,3008110,대청,72.44,926.452,23.753,36.714,62.2,69.75,72.06,782.686,0,791.5496,872.0302,1087.3232,26.11,0,0,0,0,5.235,4.614,0.755,0,,1.2623,0
2014-10-08,3008110,대청,72.46,927.572,29.742,36.226,62.3,69.74,72.09,782.177,0,791.5496,871.9207,1086.0609,26.163,0,0,0,0,5.007,4.603,0.453,0,,1.2897,0
2014-10-07,3008110,대청,72.47,928.132,20.926,40.392,62.3,69.72,72.13,781.161,0,791.5496,855.0752,1084.7712,30.579,0,0,0,0,5.167,4.192,0.454,0,,0.5912,0
2014-10-06,3008110,대청,72.5,929.814,22.968,35.957,62.4,69.75,72.16,782.686,0,791.5496,855.0752,1084.18,26.256,0,0,0,0,5.181,4.073,0.447,0,,1.5047,0
2014-10-05,3008110,대청,72.52,930.936,16.573,36.073,62.5,69.75,72.21,782.686,0,791.5496,854.3755,1082.6753,26.255,0,0,0,0,5.475,3.89,0.453,0,,1.6129,0
2014-10-04,3008110,대청,72.55,932.621,22.477,35.489,62.6,69.74,72.24,782.177,0,791.5496,854.3755,1081.0624,26.453,0,0,0,0,4.688,3.897,0.451,0,,0.4717,0
2014-10-03,3008110,대청,72.57,933.745,29.822,36.331,62.7,69.73,72.27,781.669,0,791.5496,854.3755,1080.5907,26.392,0,0,0,0,5.513,3.959,0.467,0,,0.4365,0
2014-10-02,3008110,대청,72.58,934.307,30.286,36.798,62.7,69.7,72.3,780.146,0.055,791.5496,854.3755,1080.1542,26.414,0,0,0,0,5.527,4.428,0.429,0,,2.7007,0
2014-10-01,3008110,대청,72.59,934.87,37.474,37.474,62.7,69.67,72.31,778.624,0,791.4946,846.2462,1077.4535,26.142,0,0,0,0,5.915,4.974,0.443,0,,1.1971,0
2014-09-30,3008110,대청,72.59,934.87,34.492,60.562,62.7,69.62,72.23,776.093,0,791.4946,846.2462,1076.2564,50.063,0,0,0,0,5.508,4.55,0.441,0,,4.8499,0
2014-09-29,3008110,대청,72.63,937.122,39.029,58.605,62.9,69.58,72.23,774.072,4.5338,791.4213,841.3218,1071.4065,50.076,0,0,0,0,5.2,2.888,0.441,0,,4.4734,0
2014-09-28,3008110,대청,72.66,938.814,45.802,58.864,63,69.55,72.27,772.558,0,786.9608,812.6153,1066.9331,49.919,0,0,0,0,5.983,2.529,0.433,0,,1.5838,0
2014-09-27,3008110,대청,72.68,939.942,53.666,60.201,63.1,69.57,72.31,773.567,0,786.9608,809.2466,1065.3493,49.98,0,0,0,0,5.671,4.12,0.43,0,,1.994,0
2014-09-26,3008110,대청,72.69,940.507,93.683,61.033,63.1,69.6,72.35,775.082,0,786.9608,809.2466,1063.3553,49.933,0,0,0,0,5.764,4.906,0.43,0,,1.0114,0
2014-09-25,3008110,대청,72.64,937.686,145.535,60.913,62.9,69.62,72.38,776.093,0.0722,786.9608,809.2466,1062.3439,50.002,0,0,0,0,5.558,4.928,0.425,0,,0.6201,0
2014-09-24,3008110,대청,72.51,930.375,104.414,59.01,62.4,69.64,72.41,777.105,55.1192,786.8886,808.1145,1061.7238,48.249,0,0,0,0,5.519,4.821,0.421,0,,6.9202,0
2014-09-23,3008110,대청,72.44,926.452,23.293,62.204,62.2,69.66,72.42,778.117,8.064,731.7694,804.5966,1054.8036,49.874,0,0,0,0,5.086,4.624,2.62,0,,3.7667,0
2014-09-22,3008110,대청,72.5,929.814,19.74,65.241,62.4,69.68,72.42,779.131,0,723.7054,804.5966,1051.0369,49.957,0,0,0,0,5.449,4.991,4.844,0,,0.9965,0
2014-09-21,3008110,대청,72.57,933.745,19.59,65.204,62.7,69.71,72.45,780.653,0,723.7054,804.5966,1050.0404,49.949,0,0,0,0,5.6,4.806,4.849,0,,3.2448,0
2014-09-20,3008110,대청,72.64,937.686,19.267,64.994,62.9,69.73,72.49,781.669,0,723.7054,804.5966,1046.7956,49.906,0,0,0,0,5.6,5.041,4.447,0,,3.3353,0
2014-09-19,3008110,대청,72.71,941.637,19.879,65.719,63.2,69.74,72.52,782.177,0,723.7054,804.5966,1043.4603,50.032,0,0,0,0,6.253,4.855,4.579,0,,3.1822,0
2014-09-18,3008110,대청,72.78,945.597,19.708,65.661,63.5,69.74,72.56,782.177,0,723.7054,804.5966,1040.2781,49.913,0,0,0,0,5.602,4.952,5.194,0,,2.835,0
2014-09-17,3008110,대청,72.85,949.568,23.474,62.952,63.7,69.72,72.54,781.161,0,723.7054,804.5966,1037.4431,49.884,0,0,0,0,5.81,4.92,2.338,0,,6.5524,0
2014-09-16,3008110,대청,72.91,952.979,21.944,61.506,64,69.69,72.44,779.638,0,723.7054,804.5966,1030.8907,49.975,0,0,0,0,5.487,4.956,1.088,0,,7.0377,0
2014-09-15,3008110,대청,72.97,956.397,20.794,60.439,64.2,69.6,72.42,775.082,0,723.7054,804.5966,1023.853,49.989,0,0,0,0,5.462,4.005,0.983,0,,5.9697,0
2014-09-14,3008110,대청,73.03,959.822,25.359,65.088,64.4,69.41,72.45,765.522,0,723.7054,804.5966,1017.8833,49.915,0,0,0,0,5.925,4.886,4.362,0,,6.1349,0
2014-09-13,3008110,대청,73.09,963.255,32.651,65.822,64.7,69.25,72.39,757.535,0,723.7054,767.0206,1011.7484,50.076,0,0,0,0,5.719,4.859,5.168,0,,4.1316,0
2014-09-12,3008110,대청,73.14,966.121,19.172,65.709,64.8,69.23,72.29,756.541,0,723.7054,760.6534,1007.6168,49.995,0,0,0,0,5.612,4.918,5.184,0,,5.5195,0
2014-09-11,3008110,대청,73.21,970.141,32.346,65.656,65.1,69.25,72.27,757.535,0,723.7054,760.3131,1002.0973,50.007,0,0,0,0,5.498,4.97,5.181,0,,5.3428,0
2014-09-10,3008110,대청,73.26,973.019,22.34,62.389,65.3,69.24,72.27,757.038,0,723.7054,752.706,996.7545,50.048,0,0,0,0,5.358,4.939,2.044,0,,4.8096,0
2014-09-09,3008110,대청,73.32,976.48,34.432,61.178,65.5,69.27,72.25,758.53,0,723.7054,750.6102,991.9449,50.323,0,0,0,0,5.001,4.939,0.915,0,,5.4458,0
2014-09-08,3008110,대청,73.36,978.791,34.12,60.903,65.7,69.3,72.25,760.025,0,723.7054,750.6102,986.4991,49.99,0,0,0,0,5.022,4.939,0.952,0,,4.4885,0
2014-09-07,3008110,대청,73.4,981.105,37.912,64.733,65.9,69.32,72.26,761.022,0,723.7054,750.3914,982.0106,49.895,0,0,0,0,5.682,4.939,4.217,0,,3.2764,0
2014-09-06,3008110,대청,73.44,983.4219,44.791,64.931,66,69.33,72.29,761.521,0,723.7054,750.3914,978.7342,50.031,0,0,0,0,5.89,4.939,4.071,0,,3.1803,0
2014-09-05,3008110,대청,73.47,985.162,48.853,62.291,66.1,69.36,72.35,763.02,0,723.7054,746.43,975.5539,49.959,0,0,0,0,5.902,5.08,1.35,0,,6.4389,0
2014-09-04,3008110,대청,73.49,986.323,61.387,61.387,66.2,69.4,72.4,765.021,0.933,723.7054,746.43,969.115,49.994,0,0,0,0,5.522,4.959,0.912,0,,3.2357,0
2014-09-03,3008110,대청,73.49,986.323,74.902,61.464,66.2,69.43,72.37,766.525,6.6872,722.7724,746.43,965.8793,49.98,0,0,0,0,5.648,4.885,0.951,0,,4.7398,0
2014-09-02,3008110,대청,73.47,985.162,58.699,65.417,66.1,69.46,72.31,768.03,6.3375,716.0852,746.43,961.1395,49.913,0,0,0,0,5.879,4.888,4.737,0,,9.4676,0
2014-09-01,3008110,대청,73.48,985.742,59.943,66.663,66.2,69.48,72.27,769.035,0,709.7477,746.43,951.6719,49.931,0,0,0,0,5.51,4.961,6.261,0,,6.4886,0
2014-08-31,3008110,대청,73.49,986.323,80.269,66.831,66.2,69.49,71.96,769.537,0,709.7477,746.43,945.1833,50.057,0,0,0,0,5.555,4.954,6.265,0,,12.5751,0
2014-08-30,3008110,대청,73.47,985.162,94.131,67.282,66.1,69.49,71.69,769.537,0,709.7477,746.43,932.6082,49.909,0,0,0,0,6.087,5.039,6.247,0,,14.9749,0
2014-08-29,3008110,대청,73.43,982.842,127.395,67.122,66,69.52,71.47,771.047,0,709.7477,746.1494,917.6333,50.28,0,0,0,0,5.695,4.928,6.219,0,,7.126,0
2014-08-28,3008110,대청,73.34,977.635,181.48,61.5,65.6,69.52,71.44,771.047,0,709.7477,736.5897,910.5073,49.983,0,0,0,0,5.371,4.89,1.256,0,,8.3158,0
2014-08-27,3008110,대청,73.16,967.268,313.306,42.824,64.9,69.52,71.42,771.047,0.0663,709.7477,736.5897,902.1915,31.368,0,0,0,0,5.936,4.904,0.616,0,,5.956,0
2014-08-26,3008110,대청,72.75,943.899,799.331,42.441,63.4,69.5,71.3,770.04,0.4956,709.6814,736.5897,896.2355,31.268,0,0,0,0,5.661,4.901,0.611,0,,8.0776,0
2014-08-25,3008110,대청,71.57,878.504,743.218,41.963,59,69.4,71.15,765.021,75.5065,709.1858,736.5392,888.1579,31.348,0,0,0,0,5.243,4.802,0.57,0,,10.5107,0
2014-08-24,3008110,대청,70.43,817.915,138.411,42.316,54.9,69.17,71.06,753.563,0.1645,633.6793,736.5392,877.6472,31.475,0,0,0,0,5.475,4.797,0.569,0,,7.3732,0
2014-08-23,3008110,대청,70.27,809.6125,229.882,42.436,54.3,69,71.09,745.169,0.3302,633.5148,716.8864,870.274,31.341,0,0,0,0,5.717,4.805,0.573,0,,5.5906,0
2014-08-22,3008110,대청,69.96,793.417,440.302,42.282,53.3,68.91,71.12,740.751,1.0526,633.1846,679.3841,864.6834,31.361,0,0,0,0,5.591,4.768,0.562,0,,7.1271,0
2014-08-21,3008110,대청,69.28,759.028,606.347,42.662,50.9,68.95,71.03,742.712,21.1399,632.132,665.5611,857.5563,31.508,0,0,0,0,5.828,4.765,0.561,0,,10.5043,0
2014-08-20,3008110,대청,68.28,710.326,319.991,42.252,47.7,69.02,70.95,746.153,24.1898,610.9921,665.5106,847.052,31.401,0,0,0,0,5.607,4.748,0.496,0,,10.6282,0
2014-08-19,3008110,대청,67.77,686.329,685.323,41.933,46.1,69.08,70.93,749.111,10.2956,586.8023,665.4657,836.4238,31.422,0,0,0,0,5.348,4.65,0.513,0,,5.4326,0
2014-08-18,3008110,대청,66.54,630.74,341.786,41.235,42.3,69.14,70.83,752.077,52.4681,576.5067,665.2859,830.9912,31.315,0,0,0,0,4.896,4.53,0.494,0,,9.9916,0
2014-08-17,3008110,대청,65.94,604.773,76.499,41.993,40.6,69.2,70.83,755.051,12.9144,524.0386,665.2859,820.9996,31.383,0,0,0,0,5.555,4.471,0.584,0,,6.0393,0
2014-08-16,3008110,대청,65.87,601.791,96.049,42.06,40.4,69.25,70.76,757.535,0.6854,511.1242,665.2859,814.9603,31.479,0,0,0,0,5.278,4.629,0.674,0,,11.1362,0
2014-08-15,3008110,대청,65.76,597.127,85.856,41.895,40.1,69.31,70.51,760.524,2.4437,510.4388,665.2859,803.8241,31.413,0,0,0,0,5.463,4.527,0.492,0,,10.9668,0
2014-08-14,3008110,대청,65.67,593.329,76.241,42.181,39.8,69.35,70.39,762.52,13.0426,507.9951,665.2859,792.8573,31.507,0,0,0,0,5.59,4.591,0.493,0,,6.762,0
2014-08-13,3008110,대청,65.6,590.386,90.052,46.43,39.6,69.39,70.32,764.521,4.3005,494.9525,665.2859,786.0953,31.431,0,0,0,0,5.659,4.54,4.8,0,,10.5185,0
2014-08-12,3008110,대청,65.51,586.617,139.064,42.805,39.4,69.41,70.33,765.522,0,490.652,665.2859,775.5768,31.407,0,0,0,0,5.533,4.6,1.265,0,,8.9922,0
2014-08-11,3008110,대청,65.31,578.3,98.867,41.56,38.8,69.43,70.21,766.525,0.2308,490.652,665.2859,766.5846,31.553,0,0,0,0,4.965,4.554,0.488,0,,7.7043,0
2014-08-10,3008110,대청,65.19,573.349,98.783,46.545,38.5,69.41,70.13,765.522,26.0908,490.4212,665.2225,758.8803,31.531,0,0,0,0,5.554,4.474,4.986,0,,12.2401,0
2014-08-09,3008110,대청,65.08,568.835,136.527,46.958,38.2,69.36,70.14,763.02,0,464.3304,656.9543,746.6402,31.352,0,0,0,0,5.74,4.575,5.291,0,,6.6848,0
2014-08-08,3008110,대청,64.89,561.097,145.082,42.409,37.7,69.29,70.14,759.526,2.6313,464.3304,656.9543,739.9554,31.361,0,0,0,0,5.232,4.518,1.298,0,,6.3809,0
2014-08-07,3008110,대청,64.67,552.226,104.582,39.822,37.1,69.1,70.19,750.099,31.5417,461.6991,656.9543,733.5745,31.435,0,0,0,0,5.647,2.284,0.456,0,,6.8369,0
2014-08-06,3008110,대청,64.53,546.63,99.721,39.987,36.7,68.78,70.22,734.402,0,430.1574,656.9543,726.7376,31.4,0,0,0,0,5.567,2.4,0.62,0,,6.3318,0
2014-08-05,3008110,대청,64.4,541.469,119.953,42.419,36.3,68.65,70.15,728.089,1.3587,430.1574,632.4104,720.4058,31.21,0,0,0,0,5.395,4.48,1.334,0,,1.5775,0
2014-08-04,3008110,대청,64.23,534.77,149.825,41.477,35.9,68.4,70.04,716.054,9.5159,428.7987,629.9822,718.8283,31.439,0,0,0,0,5.611,4.427,0,0,,11.2262,0
2014-08-03,3008110,대청,63.99,525.409,41.645,41.645,35.3,68.08,69.84,700.848,17.4225,419.2828,623.5787,707.6021,31.487,0,0,0,0,5.672,4.468,0.018,0,,11.4379,0
2014-08-02,3008110,대청,63.99,525.409,46.544,42.058,35.3,67.98,69.73,696.142,23.6991,401.8603,595.819,696.1642,31.417,0,0,0,0,5.486,4.557,0.598,0,,6.6905,0
2014-08-01,3008110,대청,63.98,525.022,33.117,42.092,35.2,67.87,69.76,690.99,0.5273,378.1612,594.5649,689.4737,31.387,0,0,0,0,5.671,4.573,0.461,0,,6.3828,0
2014-07-31,3008110,대청,64,525.797,18.776,50.259,35.3,67.74,69.82,684.935,12.9165,377.6339,583.1704,683.0909,35.083,0,0,0,0,5.684,4.679,4.813,0,,3.2091,0
2014-07-30,3008110,대청,64.07,528.517,19.791,51.384,35.5,67.68,69.85,682.153,2.1265,364.7174,574.5523,679.8818,35.176,0,0,0,0,5.573,4.614,6.021,0,,3.9183,0
2014-07-29,3008110,대청,64.14,531.247,24.03,51.198,35.7,67.66,69.88,681.227,5.0763,362.5909,557.6644,675.9635,34.923,0,0,0,0,5.647,4.579,6.049,0,,5.1723,0
2014-07-28,3008110,대청,64.2,533.594,31.336,67.687,35.8,67.67,69.94,681.69,0.2328,357.5146,555.0472,670.7912,39.893,0,0,0,0,5.487,4.588,17.719,0,,5.3031,0
2014-07-27,3008110,대청,64.28,536.735,17.454,40.247,36,67.7,70.05,683.079,0,357.2818,539.6265,665.4881,29.937,0,0,0,0,5.578,4.532,0.2,0,,3.2755,0
2014-07-26,3008110,대청,64.33,538.704,27.068,45.343,36.2,67.73,69.99,684.471,0.4021,357.2818,539.6265,662.2126,34.964,0,0,0,0,5.798,4.581,0,0,,9.2585,0
2014-07-25,3008110,대청,64.37,540.283,36.415,45.566,36.3,67.75,69.97,685.4,0.4937,356.8797,539.6265,652.9541,35.152,0,0,0,0,5.822,4.592,0,0,,8.0766,0
2014-07-24,3008110,대청,64.39,541.074,26.717,45.047,36.3,67.75,69.89,685.4,7.6669,356.386,539.6265,644.8775,35.055,0,0,0,0,5.799,4.075,0.118,0,,4.1084,0
2014-07-23,3008110,대청,64.43,542.657,27.12,45.486,36.4,67.73,69.66,684.471,1.5543,348.7191,536.3088,640.7691,35.202,0,0,0,0,5.81,4.474,0,0,,14.2159,0
2014-07-22,3008110,대청,64.47,544.244,27.109,45.511,36.5,67.72,69.32,684.007,0,347.1648,517.2464,626.5532,35.13,0,0,0,0,5.822,4.559,0,0,,10.2701,0
2014-07-21,3008110,대청,64.51,545.834,43.197,52.412,36.6,67.75,69.32,685.4,0,347.1648,516.5506,616.2831,39.997,0,0,0,0,5.475,4.488,2.452,0,,5.5475,0
2014-07-20,3008110,대청,64.53,546.63,65.006,46.585,36.7,67.79,69.31,687.26,0,347.1648,513.4454,610.7356,29.992,0,0,0,0,5.868,4.523,6.202,0,,3.2667,0
2014-07-19,3008110,대청,64.49,545.039,69.417,46.442,36.6,67.82,69.24,688.657,7.1233,347.1648,512.7295,607.4689,35.013,0,0,0,0,5.574,4.533,1.322,0,,6.5805,0
2014-07-18,3008110,대청,64.44,543.054,91.301,45.523,36.5,67.86,69.12,690.523,29.481,340.0415,510.8018,600.8884,35.085,0,0,0,0,5.479,4.523,0.436,0,,7.1639,0
2014-07-17,3008110,대청,64.34,539.099,19.9,51.921,36.2,67.9,68.77,692.393,2.3993,310.5605,510.6284,593.7245,34.952,0,0,0,0,5.844,4.516,6.609,0,,14.7204,0
2014-07-16,3008110,대청,64.41,541.865,21.074,53.206,36.4,67.94,68.22,694.266,0.5321,308.1612,508.3902,579.0041,35.06,0,0,0,0,5.613,4.502,8.031,0,,14.054,0
2014-07-15,3008110,대청,64.48,544.641,27.343,54.974,36.6,67.98,67.94,696.142,0.1734,307.6291,508.3902,564.9501,35.099,0,0,0,0,5.916,4.545,9.413,0,,15.5565,0
2014-07-14,3008110,대청,64.54,547.029,19.122,51.462,36.7,67.99,67.69,696.612,0,307.4557,508.3173,549.3936,39.97,0,0,0,0,5.328,4.577,1.587,0,,11.6479,0
2014-07-13,3008110,대청,64.61,549.823,29.029,42.923,36.9,68,67.43,697.082,5.1486,307.4557,498.3433,537.7457,30.113,0,0,0,0,5.555,4.465,2.79,0,,11.8531,0
2014-07-12,3008110,대청,64.64,551.023,28.399,51.602,37,68.05,67.11,699.434,0,302.3071,491.9379,525.8926,34.991,0,0,0,0,5.659,4.544,6.408,0,,14.7192,0
2014-07-11,3008110,대청,64.69,553.028,23.339,51.258,37.1,68.06,66.97,699.905,0,302.3071,491.9379,511.1734,35.062,0,0,0,0,5.636,4.585,5.975,0,,16.7113,0
2014-07-10,3008110,대청,64.75,555.44,28.507,47.166,37.3,68.1,66.71,701.792,0,302.3071,491.9379,494.4621,35.136,0,0,0,0,5.776,4.563,1.691,0,,12.34,0
2014-07-09,3008110,대청,64.79,557.052,31.878,45.896,37.4,68.11,66.43,702.264,5.2506,302.3071,491.9379,482.1221,35.077,0,0,0,0,5.786,4.58,0.453,0,,12.909,0
2014-07-08,3008110,대청,64.82,558.264,36.727,46.084,37.5,68.05,66.31,699.434,1.0421,297.0565,491.5867,469.2131,35.086,0,0,0,0,5.787,4.578,0.633,0,,6.3662,0
2014-07-07,3008110,대청,64.84,559.072,45.99,50.672,37.5,67.87,66.15,690.99,0,296.0144,491.3383,462.8469,40.255,0,0,0,0,5.313,4.409,0.695,0,,8.25,0
2014-07-06,3008110,대청,64.85,559.477,56.508,42.469,37.6,67.48,65.97,672.934,1.1142,296.0144,483.9271,454.5969,27.953,0,0,0,0,5.786,4.479,4.251,0,,9.3735,0
2014-07-05,3008110,대청,64.82,558.264,100.306,44.358,37.5,66.1,65.69,611.625,0,294.9002,482.6126,445.2234,33.138,0,0,0,0,5.532,4.501,1.187,0,,9.6355,0
2014-07-04,3008110,대청,64.7,553.43,80.883,43.768,37.1,65.82,65.58,599.668,0.1637,294.9002,411.9058,435.5879,33.023,0,0,0,0,5.626,4.498,0.621,0,,7.8798,0
2014-07-03,3008110,대청,64.62,550.223,38.81,43.441,36.9,65.91,65.48,603.494,37.0019,294.7365,395.4679,427.7081,33.03,0,0,0,0,5.474,4.482,0.455,0,,11.1764,0
2014-07-02,3008110,대청,64.63,550.623,21.005,48.842,37,66.01,65.39,607.764,2.9897,257.7346,387.0636,416.5317,33.016,0,0,0,0,5.811,4.565,5.45,0,,8.07,0
2014-07-01,3008110,대청,64.69,553.0282,15.46,48.04,37.1,66.12,65.32,612.485,1.7731,254.7449,381.0382,408.4617,33.11,0,0,0,0,5.591,4.558,4.781,0,,8.8121,0
2014-06-30,3008110,대청,64.76,555.843,27.964,79.389,37.3,66.24,65.3,617.664,1.0778,252.9718,381.0382,399.6496,63.07,0,0,0,0,5.36,4.603,6.356,0,,5.1948,0
2014-06-29,3008110,대청,64.87,560.286,17.955,69.659,37.6,66.34,65.24,622.002,0,251.894,381.0382,394.4548,53.107,0,0,0,0,5.774,4.616,6.162,0,,7.0082,0
2014-06-28,3008110,대청,64.98,564.753,22.611,74.594,37.9,66.4,65.24,624.615,0.1282,251.894,380.9857,387.4466,57.965,0,0,0,0,5.822,4.573,6.234,0,,5.5237,0
2014-06-27,3008110,대청,65.09,569.245,32.545,75.285,38.2,66.45,65.2,626.798,0,251.7658,380.784,381.9229,58.413,0,0,0,0,5.949,4.506,6.417,0,,9.2518,0
2014-06-26,3008110,대청,65.18,572.937,41.552,74.924,38.5,66.5,65.17,628.986,0,251.7658,376.9458,372.6711,57.954,0,0,0,0,5.938,4.515,6.517,0,,3.4609,0
2014-06-25,3008110,대청,65.25,575.821,65.075,74.631,38.7,66.54,64.99,630.74,0,251.7658,375.5049,369.2102,57.901,0,0,0,0,5.775,4.508,6.447,0,,10.2576,0
2014-06-24,3008110,대청,65.27,576.646,98.663,74.791,38.7,66.66,64.78,636.023,3.2243,251.7658,362.2095,358.9526,58.354,0,0,0,0,5.753,4.529,6.155,0,,13.1209,0
2014-06-23,3008110,대청,65.22,574.584,57.213,76.306,38.6,66.82,64.73,643.114,16.5521,248.5415,362.2095,345.8317,63.213,0,0,0,0,5.393,4.533,3.167,0,,8.4199,0
2014-06-22,3008110,대청,65.26,576.234,25.561,63.859,38.7,66.95,64.77,648.915,12.8605,231.9894,360.312,337.4118,53.124,0,0,0,0,5.995,4.532,0.208,0,,5.3816,0
2014-06-21,3008110,대청,65.34,579.543,10.852,68.579,38.9,67.08,64.79,654.751,0.0273,219.1289,358.5804,332.0302,58.183,0,0,0,0,5.671,4.543,0.182,0,,3.6844,0
2014-06-20,3008110,대청,65.46,584.53,24.809,68.325,39.2,67.14,64.68,657.457,3.7789,219.1016,358.5804,328.3458,58.203,0,0,0,0,5.568,4.554,0,0,,12.0633,0
2014-06-19,3008110,대청,65.55,588.29,15.216,73.534,39.5,67.05,64.69,653.401,0,215.3227,358.5804,316.2825,58.152,0,0,0,0,5.627,4.622,5.133,0,,7.8068,0
2014-06-18,3008110,대청,65.67,593.329,17.891,76.547,39.8,66.6,64.75,633.378,0,215.3227,349.0723,308.4757,58.284,0,0,0,0,5.498,4.581,8.184,0,,5.9789,0
2014-06-17,3008110,대청,65.79,598.396,22.121,76.188,40.2,66.55,64.73,631.179,0,215.3227,281.1301,302.4968,58.259,0,0,0,0,5.497,4.561,7.871,0,,6.4808,0
2014-06-16,3008110,대청,65.9,603.068,26.184,80.538,40.5,66.73,64.73,639.119,0,215.3227,280.4972,296.016,63.164,0,0,0,0,5.405,4.627,7.342,0,,4.0286,0
2014-06-15,3008110,대청,66.01,607.764,24.162,68.847,40.8,66.91,64.84,647.126,0,215.3227,280.4972,291.9874,53.078,0,0,0,0,5.37,4.547,5.852,0,,0.8918,0
2014-06-14,3008110,대청,66.1,611.625,31.29,71.172,41.1,67.09,64.94,655.202,0.0755,215.3227,280.024,291.0956,57.972,0,0,0,0,5.405,4.556,3.239,0,,3.0726,0
2014-06-13,3008110,대청,66.18,615.071,37.782,72.804,41.3,67.26,65.05,662.892,1.9825,215.2472,279.8033,288.023,57.967,0,0,0,0,5.486,4.178,5.173,0,,1.9537,0
2014-06-12,3008110,대청,66.25,618.097,30.596,70.764,41.5,67.43,65.14,670.642,3.7685,213.2647,279.4428,286.0693,58.028,0,0,0,0,5.428,0.798,6.51,0,,2.2087,0
2014-06-11,3008110,대청,66.33,621.567,38.148,73.421,41.7,67.61,65.23,678.916,13.3205,209.4962,278.0306,283.8606,58.062,0,0,0,0,5.486,3.371,6.502,0,,2.4439,0
2014-06-10,3008110,대청,66.4,624.615,24.164,69.688,41.9,67.78,65.3,686.794,4.4218,196.1757,277.4645,281.4167,57.939,0,0,0,0,5.474,4.613,1.662,0,,5.2364,0
2014-06-09,3008110,대청,66.49,628.548,22.885,78.79,42.2,67.96,65.38,695.204,3.3702,191.7539,277.4645,276.1803,63.309,0,0,0,0,5.324,4.522,5.635,0,,2.2484,0
2014-06-08,3008110,대청,66.6,633.378,13.748,69.945,42.5,68.14,65.44,703.683,0,188.3837,277.4645,273.9319,53.152,0,0,0,0,5.231,4.611,6.951,0,,4.9466,0
2014-06-07,3008110,대청,66.71,638.234,18.437,74.927,42.8,68.3,65.54,711.278,0,188.3837,277.4645,268.9853,58.085,0,0,0,0,5.173,4.739,6.93,0,,4.3627,0
2014-06-06,3008110,대청,66.82,643.114,18.586,70.195,43.2,68.45,65.65,718.45,0,188.3837,277.4645,264.6226,53.058,0,0,0,0,5.428,4.704,7.005,0,,0.6669,0
2014-06-05,3008110,대청,66.92,647.573,17.711,79.963,43.5,68.63,65.76,727.121,0,188.3837,277.4645,263.9557,62.858,0,0,0,0,5.359,4.681,7.065,0,,1.953,0
2014-06-04,3008110,대청,67.04,652.952,28.511,80.656,43.8,68.78,65.87,734.402,0.1019,188.3837,275.9444,262.0027,58.027,0,0,0,5.727,5.243,4.545,7.114,0,,0.2146,0
2014-06-03,3008110,대청,67.14,657.457,22.223,74.613,44.1,68.94,65.96,742.222,2.3838,188.2818,275.9444,261.7881,58.091,0,0,0,0,5.081,4.5,6.941,0,,1.7945,0
2014-06-02,3008110,대청,67.24,661.984,11.898,80.372,44.4,69.09,66.07,749.605,0.2956,185.898,275.9444,259.9936,62.972,0,0,0,0,5.556,4.702,7.142,0,,3.7496,0
2014-06-01,3008110,대청,67.37,667.9,17.846,70.801,44.8,69.23,66.17,756.541,0,185.6024,275.9444,256.244,52.921,0,0,0,0,5.949,4.716,7.215,0,,3.2607,0
2014-05-31,3008110,대청,67.47,672.475,23.547,66.089,45.1,69.3,66.28,760.025,0,185.6024,275.9444,252.9833,48.447,0,0,0,0,5.533,4.8,7.309,0,,0.5914,0
2014-05-30,3008110,대청,67.55,676.151,18.048,66.097,45.4,69.33,66.36,761.521,0,185.6024,275.9444,252.3919,48.33,0,0,0,0,5.682,4.82,7.265,0,,2.5223,0
2014-05-29,3008110,대청,67.64,680.302,23.023,65.901,45.7,69.31,66.45,760.524,0,185.6024,275.9444,249.8696,48.227,0,0,0,0,5.556,4.782,7.337,0,,1.0879,0
2014-05-28,3008110,대청,67.72,684.007,20.7,63.737,45.9,69.26,66.55,758.033,0.1188,185.6024,275.6443,248.7817,48.423,0,0,0,0,5.579,4.754,4.981,0,,1.786,0
2014-05-27,3008110,대청,67.8,687.725,26.846,64.634,46.2,69.24,66.65,757.038,0,185.4836,266.5581,246.9957,48.278,0,0,0,0,5.695,4.71,5.951,0,,1.6349,0
2014-05-26,3008110,대청,67.87,690.99,25.809,69.145,46.4,69.24,66.75,757.038,4.6717,185.4836,235.9701,245.3608,53.22,0,0,0,0,5.244,4.694,5.987,0,,2.3405,0
2014-05-25,3008110,대청,67.95,694.734,27.084,59.691,46.6,69.32,66.84,761.022,2.3655,180.8119,235.9701,243.0203,43.412,0,0,0,0,5.293,4.678,6.308,0,,2.0014,0
2014-05-24,3008110,대청,68.01,697.552,20.986,64.602,46.8,69.4,66.94,765.021,0,178.4464,235.8243,241.0189,48.401,0,0,0,0,5.679,4.668,5.854,0,,1.8897,0
2014-05-23,3008110,대청,68.09,701.32,26.342,64.637,47.1,69.47,67.02,768.532,0,178.4464,235.8243,239.1292,48.191,0,0,0,0,5.417,4.684,6.345,0,,1.1755,0
2014-05-22,3008110,대청,68.16,704.629,20.879,64.797,47.3,69.54,67.1,772.054,0,178.4464,235.8243,237.9537,48.403,0,0,0,0,5.382,4.63,6.382,0,,2.1076,0
2014-05-21,3008110,대청,68.24,708.423,20.041,64.12,47.6,69.59,67.18,774.577,0,178.4464,235.8243,235.8461,48.262,0,0,0,0,5.266,4.683,5.909,0,,2.5637,0
2014-05-20,3008110,대청,68.32,712.232,26.109,64.81,47.8,69.61,67.26,775.587,0.6144,178.4464,235.8243,233.2824,48.417,0,0,0,0,5.798,4.676,5.919,0,,1.3189,0
2014-05-19,3008110,대청,68.39,715.576,19.728,69.669,48,69.62,67.33,776.093,0,177.832,235.8243,231.9635,53.542,0,0,0,0,5.29,4.638,6.199,0,,2.5353,0
2014-05-18,3008110,대청,68.48,719.89,20.594,59.578,48.3,69.61,67.42,775.587,0,177.832,216.9562,229.4282,43.301,0,0,0,0,5.405,4.658,6.214,0,,3.9605,0
2014-05-17,3008110,대청,68.55,723.259,25.695,64.804,48.5,69.66,67.49,778.117,0,177.832,215.671,225.4677,48.381,0,0,0,0,5.29,4.626,6.507,0,,2.0843,0
2014-05-16,3008110,대청,68.62,726.638,37.805,77.038,48.8,69.71,67.55,780.653,0,177.832,215.671,223.3834,48.354,0,0,0,0,5.798,4.662,18.224,0,,2.8859,0
2014-05-15,3008110,대청,68.69,730.027,24.916,58.644,49,69.76,67.56,783.195,0,177.832,215.671,220.4975,48.19,0,0,0,0,5.417,4.717,0.32,0,,0.9156,0
2014-05-14,3008110,대청,68.75,732.942,24.842,58.662,49.2,69.8,67.56,785.232,0,177.832,215.671,219.5819,48.494,0,0,0,0,5.313,4.619,0.236,0,,2.4869,0
2014-05-13,3008110,대청,68.81,735.864,36.323,64.576,49.4,69.85,67.57,787.784,0,177.832,215.671,217.095,48.673,0,0,0,0,5.335,4.657,5.911,0,,7.9369,0
2014-05-12,3008110,대청,68.86,738.305,35.585,69.573,49.6,69.87,67.6,788.806,6.5595,177.832,215.671,209.1581,53.384,0,0,0,0,5.324,4.712,6.153,0,,2.1505,0
2014-05-11,3008110,대청,68.92,741.241,36.932,59.642,49.8,69.89,67.61,789.829,9.8247,171.2725,215.671,207.0076,43.411,0,0,0,0,5.312,4.73,6.189,0,,4.6071,0
2014-05-10,3008110,대청,68.96,743.203,24.711,64.552,49.9,69.9,67.62,790.341,0,161.4478,215.671,202.4005,48.233,0,0,0,0,5.255,4.736,6.328,0,,4.4004,0
2014-05-09,3008110,대청,69.03,746.646,24.905,64.872,50.1,69.9,67.63,790.341,0,161.4478,200.3938,198.0001,48.303,0,0,0,0,5.358,4.738,6.473,0,,1.8348,0
2014-05-08,3008110,대청,69.1,750.099,30.142,64.5,50.3,69.93,67.63,791.878,0.9144,161.4478,199.5709,196.1653,48.302,0,0,0,0,5.289,4.738,6.171,0,,1.0609,0
2014-05-07,3008110,대청,69.16,753.067,43.765,49.5,50.5,69.98,67.58,794.445,0,160.5334,199.5709,195.1044,33.436,0,0,0,0,5.106,4.737,6.221,0,,7.1294,0
2014-05-06,3008110,대청,69.17,753.563,39.608,39.608,50.6,70.04,67.55,797.764,0,160.5334,199.5709,187.975,23.421,0,0,0,0,5.289,4.738,6.16,0,,4.8736,0
2014-05-05,3008110,대청,69.17,753.563,44.197,44.197,50.6,70.1,67.59,800.845,0.1771,160.5334,199.5709,183.1014,28.338,0,0,0,0,4.792,4.738,6.329,0,,1.9589,0
2014-05-04,3008110,대청,69.17,753.563,61.469,44.271,50.6,70.16,67.61,803.933,3.4365,160.3563,199.5709,181.1425,28.301,0,0,0,0,5.034,4.738,6.198,0,,1.2411,0
2014-05-03,3008110,대청,69.14,752.077,69.813,41.202,50.5,70.21,67.63,806.512,0,156.9198,199.5184,179.9014,23.34,0,0,0,0,5.416,4.738,7.707,0,,4.0695,0
2014-05-02,3008110,대청,69.09,749.605,94.012,48.366,50.3,70.25,67.66,808.578,0,156.9198,199.3617,175.8319,33.291,0,0,0,0,5.288,4.641,5.146,0,,1.9775,0
2014-05-01,3008110,대청,69.01,745.661,164.523,45.484,50,70.29,67.68,810.648,0,156.9198,199.2514,173.8544,28.472,0,0,0,0,5.42,4.701,6.891,0,,1.7192,0
2014-04-30,3008110,대청,68.8,735.376,242.287,40.835,49.4,70.31,67.66,811.684,0.1308,156.9198,199.2514,172.1352,25.974,0,0,0,0,5.411,4.669,4.781,0,,3.7535,0
2014-04-29,3008110,대청,68.44,717.971,59.257,37.076,48.2,70.34,67.66,813.239,23.0962,156.789,199.2514,168.3817,25.914,0,0,0,0,5.402,4.606,1.154,0,,3.9325,0
2014-04-28,3008110,대청,68.4,716.054,37.551,43.092,48.1,70.37,67.67,814.796,23.4806,133.6928,187.0712,164.4492,31.044,0,0,0,0,5.386,4.66,2.002,0,,3.3189,0
2014-04-27,3008110,대청,68.41,716.533,29.39,34.934,48.1,70.4,67.71,816.355,7.6533,110.2122,187.0712,161.1303,20.995,0,0,0,0,5.393,4.68,3.866,0,,1.1676,0
2014-04-26,3008110,대청,68.42,717.012,17.798,39.999,48.1,70.42,67.75,817.395,0,102.5589,186.9662,159.9627,26.026,0,0,0,0,5.38,4.665,3.928,0,,2.0187,0
2014-04-25,3008110,대청,68.46,718.93,23.224,39.901,48.3,70.42,67.75,817.395,0,102.5589,186.9662,157.944,25.833,0,0,0,0,5.458,4.741,3.869,0,,2.6113,0
2014-04-24,3008110,대청,68.49,720.371,22.481,39.181,48.4,70.43,67.75,817.915,0,102.5589,184.4856,155.3327,26.053,0,0,0,0,5.4,3.88,3.848,0,,0.2625,0
2014-04-23,3008110,대청,68.52,721.814,17.718,40.02,48.4,70.45,67.74,818.956,0,102.5589,182.2963,155.0702,26.009,0,0,0,0,5.364,4.709,3.938,0,,2.9671,0
2014-04-22,3008110,대청,68.56,723.741,27.176,43.929,48.6,70.48,67.77,820.52,0,102.5589,166.1834,152.1031,26.208,0,0,0,0,5.612,4.632,7.477,0,,3.3156,0
2014-04-21,3008110,대청,68.59,725.188,27.494,44.27,48.7,70.54,67.79,823.652,0,102.5589,166.1834,148.7875,31.003,0,0,0,0,5.316,4.759,3.192,0,,2.7265,0
2014-04-20,3008110,대청,68.62,726.638,26.637,32.234,48.8,70.61,67.77,827.314,0,102.5589,164.5408,146.061,21.056,0,0,0,0,5.319,4.719,1.14,0,,1.9967,0
2014-04-19,3008110,대청,68.63,727.121,25.534,36.736,48.8,70.66,67.77,829.936,0,102.5589,149.7119,144.0643,25.995,0,0,0,0,5.32,4.713,0.708,0,,3.3045,0
2014-04-18,3008110,대청,68.65,728.089,25.729,36.941,48.9,70.74,67.74,834.142,0.1749,102.5589,149.7119,140.7598,26.092,0,0,0,0,5.372,4.764,0.713,0,,4.343,0
2014-04-17,3008110,대청,68.67,729.058,31.113,36.723,48.9,70.82,67.76,838.359,14.1497,102.384,149.7119,136.4168,26.011,0,0,0,0,5.323,4.676,0.713,0,,3.2856,0
2014-04-16,3008110,대청,68.68,729.543,19.948,36.793,49,70.9,67.77,842.589,0,88.2343,149.7119,133.1312,25.999,0,0,0,0,5.316,4.763,0.715,0,,2.3176,0
2014-04-15,3008110,대청,68.71,730.998,25.726,36.969,49.1,70.97,67.8,846.301,0,88.2343,149.7119,130.8136,26.042,0,0,0,0,5.358,4.852,0.717,0,,0.8801,0
2014-04-14,3008110,대청,68.73,731.969,25.156,42.039,49.1,71.03,67.82,849.489,0,88.2343,149.7119,129.9335,31.109,0,0,0,0,5.347,4.811,0.772,0,,0.7563,0
2014-04-13,3008110,대청,68.76,733.428,26.235,31.868,49.2,71.1,67.84,853.218,0.4617,88.2343,149.1598,129.1772,21.003,0,0,0,0,5.358,4.785,0.722,0,,0.9535,0
2014-04-12,3008110,대청,68.77,733.915,25.444,36.717,49.3,71.18,67.85,857.492,0.2938,87.7726,149.1598,128.2237,26.176,0,0,0,0,5.053,4.762,0.726,0,,2.667,0
2014-04-11,3008110,대청,68.79,734.889,25.789,37.072,49.3,71.23,67.85,860.169,0.1957,87.4788,149.1598,125.5567,26.098,0,0,0,0,5.456,4.791,0.727,0,,2.02,0
2014-04-10,3008110,대청,68.81,735.864,25.825,37.119,49.4,71.29,67.86,863.388,0,87.2831,146.7598,123.5367,26.259,0,0,0,0,5.359,4.769,0.732,0,,2.561,0
2014-04-09,3008110,대청,68.83,736.839,31.274,36.925,49.5,71.35,67.88,866.614,0,87.2831,146.7598,120.9757,26.136,0,0,0,0,5.324,4.731,0.734,0,,3.6112,0
2014-04-08,3008110,대청,68.84,737.328,30.234,30.234,49.5,71.4,67.92,869.308,0,87.2831,146.7598,117.3645,19.264,0,0,0,0,5.37,4.868,0.732,0,,0.6519,0
2014-04-07,3008110,대청,68.84,737.328,30.178,30.178,49.5,71.43,67.95,870.927,0,87.2831,146.7598,116.7126,19.266,0,0,0,0,5.315,4.865,0.732,0,,1.0087,0
2014-04-06,3008110,대청,68.84,737.328,41.567,30.268,49.5,71.48,67.96,873.628,0.055,87.2831,144.6723,115.7039,19.232,0,0,0,0,5.604,4.699,0.733,0,,1.5537,0
2014-04-05,3008110,대청,68.82,736.351,46.811,29.882,49.4,71.53,67.96,876.335,0.4639,87.2281,123.8944,114.1502,19.226,0,0,0,0,5.15,4.776,0.73,0,,1.7372,0
2014-04-04,3008110,대청,68.79,734.889,41.442,30.169,49.3,71.61,67.97,880.675,0.1213,86.7642,123.8944,112.413,19.227,0,0,0,0,5.359,4.851,0.732,0,,0.3434,0
2014-04-03,3008110,대청,68.77,733.915,63.806,30.048,49.3,71.65,67.98,882.85,1.8153,86.6429,123.8944,112.0696,19.243,0,0,0,0,5.498,4.732,0.575,0,,2.0853,0
2014-04-02,3008110,대청,68.71,730.998,69.975,30.706,49.1,71.69,67.98,885.029,0,84.8276,123.8215,109.9843,19.412,0,0,0,0,5.948,4.848,0.498,0,,2.1679,0
2014-04-01,3008110,대청,68.64,727.605,80.464,30.158,48.8,71.73,68,887.21,0,84.8276,122.9093,107.8164,19.237,0,0,0,0,5.521,4.905,0.495,0,,2.515,0
2014-03-31,3008110,대청,68.55,723.259,90.928,29.722,48.5,71.77,68,889.394,0,84.8276,122.9093,105.3014,18.84,0,0,0,0,5.359,5.027,0.496,0,,1.0208,0
2014-03-30,3008110,대청,68.44,717.971,62.889,29.633,48.2,71.77,68.02,889.394,6.6342,84.8276,122.8543,104.2806,18.86,0,0,0,0,5.405,4.874,0.494,0,,1.518,0
2014-03-29,3008110,대청,68.38,715.097,68.364,29.681,48,71.78,68.02,889.941,8.7218,78.1934,122.8543,102.7626,18.857,0,0,0,0,5.451,4.88,0.493,0,,1.1638,0
2014-03-28,3008110,대청,68.31,711.755,79.141,29.587,47.8,71.79,68.02,890.488,0,69.4716,122.8543,101.5988,18.856,0,0,0,0,5.37,4.859,0.502,0,,0.9971,0
2014-03-27,3008110,대청,68.22,707.473,68.092,29.691,47.5,71.79,68.01,890.488,0.0449,69.4716,122.8543,100.6017,18.903,0,0,0,0,5.394,4.904,0.49,0,,1.0766,0
2014-03-26,3008110,대청,68.15,704.156,34.888,29.412,47.3,71.78,68,889.941,16.0216,69.4267,122.8543,99.5251,18.799,0,0,0,0,5.324,4.8,0.489,0,,1.2864,0
2014-03-25,3008110,대청,68.14,703.682,34.962,29.489,47.2,71.77,68,889.394,7.0372,53.4051,122.8543,98.2387,18.616,0,0,0,0,5.486,4.898,0.489,0,,1.3192,0
2014-03-24,3008110,대청,68.13,703.21,24.012,29.485,47.2,71.75,68,888.302,0,46.3679,122.8543,96.9195,18.781,0,0,0,0,5.336,4.885,0.483,0,,3.1688,0
2014-03-23,3008110,대청,68.14,703.682,29.488,29.488,47.2,71.73,68,887.21,0,46.3679,122.8543,93.7507,18.769,0,0,0,0,5.405,4.872,0.442,0,,2.1576,0
2014-03-22,3008110,대청,68.14,703.682,29.494,29.494,47.2,71.68,68.01,884.484,0,46.3679,122.8543,91.5931,18.825,0,0,0,0,5.347,4.84,0.482,0,,2.0173,0
2014-03-21,3008110,대청,68.14,703.682,35.077,29.604,47.2,71.62,68.02,881.219,0.6167,46.3679,122.8543,89.5758,18.913,0,0,0,0,5.242,4.868,0.581,0,,1.9778,0
2014-03-20,3008110,대청,68.13,703.21,45.725,29.32,47.2,71.52,68.03,875.793,2.1963,45.7512,122.8543,87.598,18.922,0,0,0,0,5.191,4.822,0.385,0,,0.8577,0
2014-03-19,3008110,대청,68.1,701.792,29.658,29.658,47.1,71.39,68.04,868.769,0,43.5549,122.3493,86.7403,19.232,0,0,0,0,5.01,4.932,0.484,0,,0.7416,0
2014-03-18,3008110,대청,68.1,701.792,40.28,29.356,47.1,71.17,68.05,856.957,0.4945,43.5549,122.2923,85.9987,18.891,0,0,0,0,5.079,4.903,0.483,0,,2.3401,0
2014-03-17,3008110,대청,68.08,700.848,46.19,29.823,47,71.07,68.05,851.619,0,43.0604,105.8457,83.6586,18.873,0,0,0,0,5.591,4.877,0.482,0,,2.5663,0
2014-03-16,3008110,대청,68.05,699.434,51.407,29.619,46.9,71.05,68.05,850.554,0,43.0604,96.2189,81.0923,18.869,0,0,0,0,5.404,4.866,0.48,0,,1.3593,0
2014-03-15,3008110,대청,68.01,697.552,56.559,29.38,46.8,71,68.06,847.894,0,43.0604,96.2189,79.733,18.814,0,0,0,0,5.116,4.973,0.477,0,,1.6897,0
2014-03-14,3008110,대청,67.96,695.203,46.099,29.822,46.7,70.96,68.08,845.77,0.4211,43.0604,96.2189,78.0433,18.966,0,0,0,0,5.486,4.913,0.457,0,,1.754,0
2014-03-13,3008110,대청,67.93,693.797,40.453,29.614,46.6,70.92,68.09,843.649,8.8077,42.6393,96.2189,76.2893,18.866,0,0,0,0,5.475,4.823,0.45,0,,1.7123,0
2014-03-12,3008110,대청,67.91,692.861,40.029,29.2,46.5,70.89,68.11,842.06,25.489,33.8316,78.9623,74.577,18.815,0,0,0,0,5.046,4.889,0.45,0,,1.011,0
2014-03-11,3008110,대청,67.89,691.925,18.714,29.543,46.4,70.9,68.12,842.589,0,8.3426,78.6202,73.566,18.848,0,0,0,0,5.578,4.705,0.412,0,,1.5408,0
2014-03-10,3008110,대청,67.91,692.861,15.484,31.746,46.5,70.91,68.13,843.119,0,8.3426,78.6202,72.0252,21.106,0,0,0,0,5.463,4.727,0.45,0,,1.1417,0
2014-03-09,3008110,대청,67.94,694.2657,21.077,31.931,46.6,70.92,68.13,843.649,0.8913,8.3426,78.6202,70.8835,21.091,0,0,0,0,5.729,4.661,0.45,0,,0.9256,0
2014-03-08,3008110,대청,67.96,695.203,20.711,31.575,46.7,70.94,68.15,844.709,0,7.4513,78.6202,69.9579,21.035,0,0,0,0,5.452,4.637,0.451,0,,1.3588,0
2014-03-07,3008110,대청,67.98,696.142,15.295,31.61,46.7,70.95,68.16,845.239,0,7.4513,78.6202,68.5991,21.013,0,0,0,0,5.486,4.659,0.452,0,,1.8606,0
2014-03-06,3008110,대청,68.01,697.552,20.73,31.619,46.8,70.97,68.16,846.301,0,7.4513,76.3318,66.7385,20.981,0,0,0,0,5.486,4.7,0.452,0,,1.5303,0
2014-03-05,3008110,대청,68.03,698.493,18.526,29.425,46.9,70.97,68.16,846.301,0,7.4513,76.3318,65.2082,18.854,0,0,0,0,5.486,4.632,0.453,0,,1.9281,0
2014-03-04,3008110,대청,68.05,699.434,18.604,29.513,46.9,70.98,68.15,846.832,0,7.4513,76.3318,63.2801,18.92,0,0,0,0,5.486,4.654,0.453,0,,1.8795,0
2014-03-03,3008110,대청,68.07,700.377,23.813,29.271,47,71,68.14,847.894,0,7.4513,76.3318,61.4006,18.817,0,0,0,0,5.359,4.64,0.455,0,,1.497,0
2014-03-02,3008110,대청,68.08,700.848,18.73,29.654,47,71.01,68.13,848.426,0,7.4513,76.3318,59.9036,18.804,0,0,0,0,5.718,4.677,0.455,0,,0.5259,0
2014-03-01,3008110,대청,68.1,701.792,18.524,29.458,47.1,71.01,68.12,848.426,0.2563,7.4513,76.3318,59.3777,18.864,0,0,0,0,5.474,4.664,0.456,0,,1.8844,0
2014-02-28,3008110,대청,68.12,702.737,16.241,32.661,47.2,71.02,68.11,848.957,0,7.195,71.3222,57.4933,22.155,0,0,0,0,5.255,4.795,0.456,0,,1.7228,0
2014-02-27,3008110,대청,68.15,704.156,20.559,31.518,47.3,71.08,68.11,852.152,0,7.195,71.3222,55.7705,22.012,0,0,0,0,5.208,3.85,0.448,0,,2.1807,0
2014-02-26,3008110,대청,68.17,705.102,16.196,32.654,47.3,71.12,68.11,854.286,0.2937,7.195,71.3222,53.5898,21.979,0,0,0,0,5.394,4.843,0.438,0,,0.2748,0
2014-02-25,3008110,대청,68.2,706.524,21.538,32.522,47.4,71.16,68.11,856.422,0,6.9013,71.3222,53.315,22.025,0,0,0,0,5.416,4.643,0.438,0,,3.0776,0
2014-02-24,3008110,대청,68.22,707.473,21.267,32.261,47.5,71.21,68.11,859.098,0,6.9013,71.3222,50.2374,22.067,0,0,0,0,5.255,4.502,0.437,0,,0.9524,0
2014-02-23,3008110,대청,68.24,708.423,15.464,31.975,47.6,71.24,68.09,860.705,0,6.9013,71.3222,49.285,21.98,0,0,0,0,5.394,4.164,0.437,0,,1.5778,0
2014-02-22,3008110,대청,68.27,709.85,20.942,31.962,47.6,71.29,68.08,863.388,0,6.9013,71.3222,47.7072,21.964,0,0,0,0,5.394,4.167,0.437,0,,2.5503,0
2014-02-21,3008110,대청,68.29,710.802,21.431,32.461,47.7,71.33,68.09,865.538,0,6.9013,69.1496,45.1569,22.07,0,0,0,0,5.393,4.562,0.436,0,,1.0417,0
2014-02-20,3008110,대청,68.31,711.755,16.101,32.665,47.8,71.38,68.1,868.23,0,6.9013,69.1496,44.1152,22.15,0,0,0,0,5.394,4.685,0.436,0,,0.9838,0
2014-02-19,3008110,대청,68.34,713.186,16.119,32.705,47.9,71.41,68.11,869.847,0,6.9013,69.1496,43.1314,22.002,0,0,0,0,5.393,4.713,0.596,0,,0.8129,0
2014-02-18,3008110,대청,68.37,714.6191,21.725,32.796,48,71.46,68.14,872.547,0,6.9013,69.1496,42.3185,21.94,0,0,0,0,5.417,4.659,0.78,0,,0.7331,0
2014-02-17,3008110,대청,68.39,715.576,15.419,32.043,48,71.48,68.16,873.628,0,6.9013,68.2276,41.5854,22.005,0,0,0,0,5.382,4.656,0,0,,0.7484,0
2014-02-16,3008110,대청,68.42,717.012,27.08,32.626,48.1,71.51,68.19,875.252,0,6.9013,67.7994,40.837,22.153,0,0,0,0,5.266,4.714,0.493,0,,2.0208,0
2014-02-15,3008110,대청,68.43,717.491,15.628,32.282,48.2,71.55,68.21,877.419,0,6.9013,67.7994,38.8162,21.982,0,0,0,0,5.324,4.642,0.334,0,,1.0971,0
2014-02-14,3008110,대청,68.46,718.93,21.381,32.497,48.3,71.59,68.22,879.589,0,6.9013,67.7994,37.7191,22.047,0,0,0,0,5.394,4.686,0.37,0,,0.6259,0
2014-02-13,3008110,대청,68.48,719.89,21.494,32.62,48.3,71.6,68.23,880.132,0,6.9013,67.6484,37.0932,22.026,0,0,0,0,5.509,4.669,0.416,0,,1.262,0
2014-02-12,3008110,대청,68.5,720.852,16.106,32.814,48.4,71.62,68.23,881.219,0,6.9013,67.5729,35.8312,22.107,0,0,0,0,5.429,4.725,0.553,0,,0.764,0
2014-02-11,3008110,대청,68.53,722.295,27.322,32.896,48.5,71.7,68.25,885.574,0.219,6.9013,67.168,35.0672,22.033,0,0,0,0,5.417,4.711,0.735,0,,1.5467,0
2014-02-10,3008110,대청,68.54,722.777,21.551,32.707,48.5,71.85,68.29,893.772,0.277,6.6823,67.168,33.5205,22.095,0,0,0,0,5.185,4.671,0.756,0,,1.8803,0
2014-02-09,3008110,대청,68.56,723.741,21.986,33.152,48.6,71.96,68.32,899.813,0.2779,6.4053,67.0555,31.6402,21.924,0,0,0,0,5.729,4.704,0.795,0,,1.4386,0
2014-02-08,3008110,대청,68.58,724.706,21.434,32.61,48.6,72.09,68.36,906.983,1.4896,6.1274,67.0555,30.2016,22.112,0,0,0,0,5.116,4.648,0.734,0,,1.5524,0
2014-02-07,3008110,대청,68.6,725.671,21.296,32.483,48.7,72.2,68.39,913.075,0.0449,4.6378,67.0555,28.6492,21.897,0,0,0,0,5.278,4.677,0.631,0,,0.3572,0
2014-02-06,3008110,대청,68.62,726.638,21.137,32.334,48.8,72.3,68.42,918.635,0,4.5929,67.0555,28.292,22.054,0,0,0,0,5.139,4.69,0.451,0,,0.209,0
2014-02-05,3008110,대청,68.64,727.605,26.733,32.335,48.8,72.36,68.46,921.98,0,4.5929,63.7488,28.083,22.052,0,0,0,0,5.174,4.684,0.425,0,,0.242,0
2014-02-04,3008110,대청,68.65,728.089,21.26,32.472,48.9,72.4,68.49,924.214,0,4.5929,62.0565,27.841,22.063,0,0,0,0,5.278,4.727,0.404,0,,0.413,0
2014-02-03,3008110,대청,68.67,729.058,15.584,32.421,48.9,72.43,68.52,925.892,0,4.5929,53.9183,27.428,22.104,0,0,0,0,5.312,4.603,0.402,0,,0.4542,0
2014-02-02,3008110,대청,68.7,730.513,26.915,32.532,49,72.39,68.56,923.656,0.19,4.5929,52.6324,26.9738,22.258,0,0,0,0,5.475,4.399,0.4,0,,0.4689,0
2014-02-01,3008110,대청,68.71,730.998,14.835,31.703,49.1,72.35,68.59,921.422,0.5265,4.4029,52.6324,26.5049,21.86,0,0,0,0,5.046,4.399,0.398,0,,1.2026,0
2014-01-31,3008110,대청,68.74,732.455,20.654,31.912,49.2,72.45,68.62,927.012,0,3.8764,35.249,25.3023,22.234,0,0,0,0,4.838,4.444,0.396,0,,1.2265,0
2014-01-30,3008110,대청,68.76,733.428,27.157,32.79,49.2,72.6,68.66,935.433,0.6297,3.8764,35.249,24.0758,21.876,0,0,0,0,5.613,4.903,0.398,0,,0.6545,0
2014-01-29,3008110,대청,68.77,733.915,15.429,32.343,49.3,72.75,68.7,943.899,0,3.2467,35.249,23.4213,21.733,0,0,0,0,5.613,4.602,0.395,0,,0.2941,0
2014-01-28,3008110,대청,68.8,735.376,27.079,32.722,49.4,72.88,68.74,951.272,0,3.2467,35.249,23.1272,22.227,0,0,0,0,5.602,4.496,0.397,0,,0.2265,0
2014-01-27,3008110,대청,68.81,735.864,18.176,29.47,49.4,73.01,68.77,958.68,0,3.2467,35.249,22.9007,19.003,0,0,0,0,5.347,4.724,0.396,0,,0.6477,0
2014-01-26,3008110,대청,68.83,736.839,18.339,29.643,49.5,73.13,68.81,965.547,0,3.2467,35.249,22.253,19.03,0,0,0,0,5.532,4.683,0.398,0,,0.4482,0
2014-01-25,3008110,대청,68.85,737.816,18.162,29.476,49.5,73.24,68.85,971.868,1.1544,3.2467,35.249,21.8048,18.796,0,0,0,0,5.601,4.68,0.399,0,,0.1209,0
2014-01-24,3008110,대청,68.87,738.793,23.822,29.483,49.6,73.33,68.88,977.057,0,2.0923,35.249,21.6839,19.343,0,0,0,0,5.104,4.64,0.396,0,,0.3427,0
2014-01-23,3008110,대청,68.88,739.283,18.001,29.33,49.6,73.29,68.9,974.749,0,2.0923,33.8083,21.3412,18.934,0,0,0,0,5.336,4.665,0.395,0,,1.0928,0
2014-01-22,3008110,대청,68.9,740.261,23.359,29.028,49.7,73.2,68.93,969.566,0,2.0923,32.4974,20.2484,19.113,0,0,0,0,4.804,4.715,0.396,0,,1.3309,0
2014-01-21,3008110,대청,68.91,740.751,17.72,29.065,49.7,73.17,68.95,967.843,0.1656,2.0923,30.0455,18.9175,19.144,0,0,0,0,4.913,4.611,0.397,0,,1.4887,0
2014-01-20,3008110,대청,68.93,741.731,17.606,28.961,49.8,73.18,68.97,968.417,1.7874,1.9267,4.4867,17.4288,19.093,0,0,0,0,4.937,4.533,0.398,0,,0.941,0
2014-01-19,3008110,대청,68.95,742.712,23.324,29.005,49.9,73.26,69,973.019,0,0.1393,4.4867,16.4878,19.302,0,0,0,0,4.958,4.349,0.396,0,,0.8491,0
2014-01-18,3008110,대청,68.96,743.203,23.102,28.786,49.9,73.33,69.02,977.057,0,0.1393,4.4867,15.6387,19.06,0,0,0,0,4.978,4.349,0.399,0,,0.9432,0
2014-01-17,3008110,대청,68.97,743.694,17.675,29.05,49.9,73.4,69.04,981.105,0,0.1393,4.4867,14.6955,18.959,0,0,0,0,4.996,4.701,0.394,0,,0.5775,0
2014-01-16,3008110,대청,68.99,744.677,17.794,29.18,50,73.46,69.08,984.582,0,0.1393,4.4867,14.118,19.105,0,0,0,0,5.013,4.668,0.394,0,,1.3824,0
2014-01-15,3008110,대청,69.01,745.661,17.672,29.068,50,73.53,69.11,988.648,0,0.1393,4.4867,12.7356,18.95,0,0,0,0,5.028,4.698,0.392,0,,1.5975,0
2014-01-14,3008110,대청,69.03,746.646,22.801,28.503,50.1,73.59,69.15,992.141,0,0.1393,4.4867,11.1381,18.954,0,0,0,0,4.455,4.7,0.394,0,,0.5348,0
2014-01-13,3008110,대청,69.04,747.138,17.376,28.787,50.1,73.65,69.17,995.641,0,0.1393,4.4867,10.6033,18.954,0,0,0,0,4.672,4.767,0.394,0,,0.5706,0
2014-01-12,3008110,대청,69.06,748.124,17.679,29.101,50.2,73.71,69.2,999.148,0,0.1393,4.4867,10.0327,19.003,0,0,0,0,5.046,4.655,0.397,0,,0.6684,0
2014-01-11,3008110,대청,69.08,749.111,23.543,29.258,50.3,73.77,69.23,1002.663,0,0.1393,4.2602,9.3643,19.004,0,0,0,0,5.158,4.7,0.396,0,,1.0749,0
2014-01-10,3008110,대청,69.09,749.605,17.644,29.081,50.3,73.82,69.26,1005.597,0,0.1393,4.2602,8.2894,18.877,0,0,0,0,5.162,4.648,0.394,0,,0.323,0
2014-01-09,3008110,대청,69.11,750.593,17.732,29.179,50.4,73.89,69.29,1009.714,0.073,0.1393,4.2602,7.9664,18.936,0,0,0,0,5.165,4.688,0.39,0,,0.4118,0
2014-01-08,3008110,대청,69.13,751.582,23.801,29.529,50.4,73.94,69.32,1012.661,0.0663,0.0663,4.2602,7.5546,19.101,0,0,0,0,5.168,4.675,0.585,0,,0.796,0
2014-01-07,3008110,대청,69.14,752.077,23.819,29.549,50.5,74.01,69.36,1016.795,0,0,4.2077,6.7586,18.943,0,0,0,0,5.17,4.729,0.707,0,,2.2039,0
2014-01-06,3008110,대청,69.15,752.572,24.088,29.821,50.5,74.07,69.39,1020.346,0,0,4.1027,4.5547,19.156,0,0,0,0,5.173,4.785,0.707,0,,0.528,0
2014-01-05,3008110,대청,69.16,753.067,24.22,29.955,50.5,74.12,69.41,1023.311,0,0,3.9977,4.0267,19.153,0,0,0,0,5.175,4.919,0.708,0,,0.7648,0
2014-01-04,3008110,대청,69.17,753.563,18.198,29.676,50.6,74.18,69.43,1026.876,0,0,3.9977,3.2619,19.213,0,0,0,0,5.003,4.751,0.709,0,,0.6411,0
2014-01-03,3008110,대청,69.19,754.554,23.824,29.567,50.6,74.23,69.45,1029.852,0,0,3.9977,2.6208,19.026,0,0,0,0,5.194,4.637,0.71,0,,0.5485,0
2014-01-02,3008110,대청,69.2,755.051,24.08,29.826,50.7,74.29,69.47,1033.43,0,0,3.9452,2.0723,19.224,0,0,0,0,5.193,4.698,0.711,0,,1.36,0
2014-01-01,3008110,대청,69.21,755.547,23.651,29.399,50.7,74.34,69.49,1036.417,0,0,2.5891,0.7123,18.843,0,0,0,0,5.198,4.647,0.711,0,,0.7123,0
2013-12-31,3008110,대청,69.22,756.044,24.06,29.811,50.7,74.39,69.6,1039.41,0,957.6561,1427.4583,1198.0196,19.203,0,0,0,0,5.197,4.7,0.711,0,,0.2819,0
2013-12-30,3008110,대청,69.23,756.541,25.177,30.93,50.8,74.44,69.65,1042.408,0,957.6561,1427.3553,1197.7377,20.366,0,0,0,0,5.158,4.702,0.704,0,,0.9068,0
2013-12-29,3008110,대청,69.24,757.038,18.336,29.85,50.8,74.48,69.69,1044.809,0,957.6561,1425.4613,1196.8309,19.242,0,0,0,0,5.191,4.707,0.71,0,,0.4135,0
2013-12-28,3008110,대청,69.26,758.033,23.878,29.639,50.9,74.53,69.73,1047.816,0,957.6561,1423.5735,1196.4174,19.123,0,0,0,0,5.196,4.669,0.651,0,,0.7284,0
2013-12-27,3008110,대청,69.27,758.53,24.02,29.784,50.9,74.57,69.78,1050.225,0,957.6561,1418.3767,1195.689,19.207,0,0,0,0,5.196,4.67,0.711,0,,0.5861,0
2013-12-26,3008110,대청,69.28,759.028,24.109,29.875,50.9,74.61,69.82,1052.638,0.3379,957.6561,1418.3242,1195.1029,19.296,0,0,0,0,5.191,4.672,0.716,0,,0.3726,0
2013-12-25,3008110,대청,69.29,759.526,29.863,29.863,51,74.66,69.86,1055.658,0,957.3182,1418.3242,1194.7303,19.129,0,0,0,0,5.193,4.827,0.714,0,,0.729,0
2013-12-24,3008110,대청,69.29,759.526,24.841,30.61,51,74.72,69.89,1059.289,0,957.3182,1418.1675,1194.0013,19.249,0,0,0,0,5.188,4.767,1.406,0,,0.5492,0
2013-12-23,3008110,대청,69.3,760.025,29.025,29.025,51,74.75,69.92,1061.107,0,957.3182,1418.1675,1193.4521,19.268,0,0,0,0,5.178,4.549,0.03,0,,0.5251,0
2013-12-22,3008110,대청,69.3,760.025,24.138,29.909,51,74.79,69.96,1063.535,0,957.3182,1418.115,1192.927,19.196,0,0,0,0,5.264,4.731,0.718,0,,0.7658,0
2013-12-21,3008110,대청,69.31,760.524,29.709,29.709,51,74.81,70,1064.749,0,957.3182,1417.5171,1192.1612,19.148,0,0,0,0,5.168,4.672,0.721,0,,0.2748,0
2013-12-20,3008110,대청,69.31,760.524,29.976,29.976,51,74.83,70.03,1065.965,0.6569,957.3182,1413.3499,1191.8864,19.239,0,0,0,0,5.159,4.856,0.722,0,,0.382,0
2013-12-19,3008110,대청,69.31,760.524,29.846,29.846,51,74.82,70.06,1065.357,0.1139,956.6613,1413.3499,1191.5044,19.06,0,0,0,0,5.161,4.901,0.724,0,,0.3512,0
2013-12-18,3008110,대청,69.31,760.524,29.954,29.954,51,74.8,70.09,1064.142,0,956.5474,1413.3499,1191.1532,19.24,0,0,0,0,5.306,4.684,0.724,0,,0.6865,0
2013-12-17,3008110,대청,69.31,760.524,29.729,29.729,51,74.78,70.13,1062.927,0,956.5474,1413.3499,1190.4667,19.219,0,0,0,0,5.128,4.66,0.722,0,,0.7595,0
2013-12-16,3008110,대청,69.31,760.524,35.634,29.863,51,74.72,70.16,1059.289,0,956.5474,1413.2744,1189.7072,19.293,0,0,0,0,5.14,4.677,0.753,0,,0.6303,0
2013-12-15,3008110,대청,69.3,760.025,35.469,29.7,51,74.66,70.2,1055.658,0,956.5474,1413.2744,1189.0769,19.233,0,0,0,0,5.228,4.544,0.695,0,,0.3837,0
2013-12-14,3008110,대청,69.29,759.526,41.187,29.657,51,74.66,70.23,1055.658,0.21,956.5474,1412.8131,1188.6932,19.276,0,0,0,0,5.106,4.551,0.724,0,,1.1403,0
2013-12-13,3008110,대청,69.27,758.53,35.576,29.815,50.9,74.68,70.27,1056.868,0.2195,956.3374,1398.6647,1187.5529,19.402,0,0,0,0,5.078,4.611,0.724,0,,0.7963,0
2013-12-12,3008110,대청,69.26,758.033,41.15,29.636,50.9,74.71,70.3,1058.683,6.2354,956.1179,1397.9635,1186.7566,19.235,0,0,0,0,5.077,4.599,0.725,0,,0.3479,0
2013-12-11,3008110,대청,69.24,757.038,41.197,29.693,50.8,74.75,70.33,1061.107,2.5342,949.8825,1397.1173,1186.4087,19.177,0,0,0,0,5.219,4.542,0.755,0,,0.9346,0
2013-12-10,3008110,대청,69.22,756.044,29.423,29.423,50.7,74.78,70.37,1062.927,0.1042,947.3483,1396.6764,1185.4741,19.059,0,0,0,0,5.088,4.58,0.696,0,,1.6021,0
2013-12-09,3008110,대청,69.22,756.044,39.522,28.028,50.7,74.82,70.39,1065.357,11.8614,947.2441,1396.2457,1183.872,19.047,0,0,0,0,5.432,2.586,0.963,0,,1.1776,0
2013-12-08,3008110,대청,69.2,755.051,23.87,29.616,50.7,74.86,70.42,1067.79,0,935.3827,1396.1407,1182.6944,19.194,0,0,0,0,4.746,4.583,1.093,0,,0.9101,0
2013-12-07,3008110,대청,69.21,755.547,24.351,30.099,50.7,74.89,70.45,1069.617,0,935.3827,1395.8798,1181.7843,19.089,0,0,0,0,5.274,4.642,1.094,0,,1.0195,0
2013-12-06,3008110,대청,69.22,756.044,28.935,28.935,50.7,74.92,70.47,1071.446,0,935.3827,1393.8125,1180.7648,18.172,0,0,0,0,5.055,4.614,1.094,0,,1.7535,0
2013-12-05,3008110,대청,69.22,756.044,18.592,30.096,50.7,74.94,70.5,1072.666,0.1575,935.3827,1391.9535,1179.0113,19.281,0,0,0,0,5.092,4.618,1.105,0,,0.7965,0
2013-12-04,3008110,대청,69.24,757.038,29.792,29.792,50.8,74.96,70.53,1073.887,0,935.2252,1387.9753,1178.2148,19.121,0,0,0,0,4.858,4.686,1.127,0,,3.0506,0
2013-12-03,3008110,대청,69.24,757.038,23.41,29.166,50.8,74.99,70.56,1075.72,0,935.2252,1387.852,1175.1642,19.161,0,0,0,0,5.014,4.483,0.508,0,,1.2671,0
2013-12-02,3008110,대청,69.25,757.535,23.384,29.142,50.8,75.03,70.58,1078.167,0.1101,935.2252,1384.5359,1173.8971,19.314,0,0,0,0,5.16,4.668,0,0,,0.7025,0
2013-12-01,3008110,대청,69.26,758.033,29.043,29.043,50.9,75.06,70.6,1080.005,0.2203,935.1151,1384.5359,1173.1946,19.167,0,0,0,0,5.38,4.496,0,0,,0.5965,0
2013-11-30,3008110,대청,69.26,758.033,29.22,29.22,50.9,75.1,70.61,1082.457,2.0999,934.8948,1384.5359,1172.5981,19.146,0,0,0,0,5.397,4.677,0,0,,2.2275,0
2013-11-29,3008110,대청,69.26,758.033,34.816,29.058,50.9,75.13,70.62,1084.299,3.0656,932.7949,1384.4834,1170.3706,19.069,0,0,0,0,5.413,4.576,0,0,,2.6999,0
2013-11-28,3008110,대청,69.25,757.535,34.641,28.885,50.8,75.15,70.64,1085.528,0.9795,929.7293,1384.4011,1167.6707,18.997,0,0,0,0,5.426,4.462,0,0,,1.586,0
2013-11-27,3008110,대청,69.24,757.038,40.586,29.082,50.8,75.18,70.66,1087.373,7.7302,928.7498,1383.9769,1166.0847,19.043,0,0,0,0,5.44,4.501,0.098,0,,2.6105,0
2013-11-26,3008110,대청,69.22,756.044,28.985,28.985,50.7,75.2,70.69,1088.604,0.0449,921.0196,1383.9244,1163.4742,18.942,0,0,0,0,5.439,4.342,0.262,0,,0.9982,0
2013-11-25,3008110,대청,69.22,756.044,34.915,29.167,50.7,75.22,70.72,1089.836,14.7992,920.9747,1380.8475,1162.476,19.091,0,0,0,0,5.223,4.553,0.3,0,,1.1074,0
2013-11-24,3008110,대청,69.21,755.547,23.311,29.059,50.7,75.25,70.75,1091.685,6.033,906.1755,1380.5551,1161.3686,19.107,0,0,0,0,5.049,4.587,0.316,0,,0.9133,0
2013-11-23,3008110,대청,69.22,756.044,17.533,29.037,50.7,75.27,70.77,1092.919,0.165,900.1425,1380.5551,1160.4553,18.948,0,0,0,0,5.252,4.524,0.313,0,,1.0141,0
2013-11-22,3008110,대청,69.24,757.038,18.061,29.575,50.8,75.28,70.8,1093.536,0,899.9775,1380.5551,1159.4412,18.932,0,0,0,0,5.685,4.645,0.313,0,,0.9449,0
2013-11-21,3008110,대청,69.26,758.033,17.848,29.373,50.9,75.31,70.83,1095.389,0,899.9775,1380.5551,1158.4963,18.957,0,0,0,0,5.549,4.554,0.313,0,,0.7217,0
2013-11-20,3008110,대청,69.28,759.028,17.983,29.518,50.9,75.31,70.85,1095.389,0,899.9775,1380.5551,1157.7746,19.093,0,0,0,0,5.571,4.543,0.311,0,,0.9969,0
2013-11-19,3008110,대청,69.3,760.025,19.921,25.692,51,75.33,70.88,1096.625,0.2576,899.9775,1380.5551,1156.7777,15.244,0,0,0,0,5.554,4.585,0.309,0,,1.4109,0
2013-11-18,3008110,대청,69.31,760.524,21.862,33.413,51,75.34,70.9,1097.244,0.1656,899.7199,1380.043,1155.3668,22.924,0,0,0,0,5.575,4.604,0.31,0,,0.862,0
2013-11-17,3008110,대청,69.33,761.521,12.043,29.388,51.1,75.34,70.93,1097.244,1.1477,899.5543,1380.043,1154.5048,19.014,0,0,0,0,5.416,4.647,0.311,0,,0.674,0
2013-11-16,3008110,대청,69.36,763.02,17.834,29.41,51.2,75.34,70.96,1097.244,0,898.4066,1378.3632,1153.8308,19.103,0,0,0,0,5.392,4.596,0.319,0,,0.8736,0
2013-11-15,3008110,대청,69.38,764.02,23.737,29.529,51.3,75.35,70.99,1097.862,0.1042,898.4066,1374.0359,1152.9572,19.038,0,0,0,0,5.587,4.565,0.339,0,,0.4003,0
2013-11-14,3008110,대청,69.39,764.521,17.826,29.418,51.3,75.34,71.02,1097.244,0,898.3024,1374.0359,1152.5569,18.874,0,0,0,0,5.536,4.722,0.286,0,,0.8054,0
2013-11-13,3008110,대청,69.41,765.522,17.95,29.552,51.4,75.34,71.05,1097.244,0,898.3024,1373.2116,1151.7515,19.181,0,0,0,0,5.525,4.561,0.285,0,,1.5255,0
2013-11-12,3008110,대청,69.43,766.525,23.123,28.928,51.4,75.32,71.08,1096.007,0,898.3024,1368.1438,1150.226,19.145,0,0,0,0,5.636,3.845,0.302,0,,1.7899,0
2013-11-11,3008110,대청,69.44,767.026,23.013,28.821,51.5,75.33,71.11,1096.625,0.0505,898.3024,1368.1438,1148.4361,18.95,0,0,0,0,5.773,3.855,0.243,0,,4.2611,0
2013-11-10,3008110,대청,69.45,767.528,12.345,29.783,51.5,75.32,71.14,1096.007,1.3696,898.2519,1354.371,1144.175,19.093,0,0,0,0,5.796,4.61,0.284,0,,0.9464,0
2013-11-09,3008110,대청,69.48,769.035,29.624,29.624,51.6,75.34,71.18,1097.244,12.0181,896.8823,1353.1154,1143.2286,19.412,0,0,0,0,5.272,4.654,0.286,0,,2.1404,0
2013-11-08,3008110,대청,69.48,769.035,18.459,30.098,51.6,75.36,71.21,1098.481,0,884.8642,1353.0584,1141.0882,19.361,0,0,0,0,5.864,4.58,0.293,0,,1.4693,0
2013-11-07,3008110,대청,69.5,770.04,17.797,29.446,51.7,75.38,71.24,1099.72,0.896,884.8642,1353.0584,1139.6189,19.079,0,0,0,0,5.457,4.613,0.297,0,,1.2281,0
2013-11-06,3008110,대청,69.52,771.047,18.041,29.7,51.8,75.39,71.28,1100.339,0.5164,883.9682,1353.0059,1138.3908,19.075,0,0,0,0,5.423,4.608,0.594,0,,2.9187,0
2013-11-05,3008110,대청,69.54,772.054,18.132,29.802,51.8,75.41,71.31,1101.579,0,883.4518,1343.6637,1135.4721,19.015,0,0,0,0,5.128,4.551,1.108,0,,1.779,0
2013-11-04,3008110,대청,69.56,773.062,17.644,29.324,51.9,75.43,71.34,1102.819,0.1112,883.4518,1343.0544,1133.6931,19.144,0,0,0,0,5.335,4.525,0.32,0,,0.3943,0
2013-11-03,3008110,대청,69.58,774.072,23.311,29.155,52,75.45,71.37,1104.06,0.1376,883.3406,1339.0539,1133.2988,19.034,0,0,0,0,5.602,4.519,0,0,,0.4648,0
2013-11-02,3008110,대청,69.59,774.577,17.65,29.346,52,75.48,71.4,1105.924,0.5627,883.203,1339.0539,1132.834,19.243,0,0,0,0,5.544,4.559,0,0,,0.8906,0
2013-11-01,3008110,대청,69.61,775.587,17.578,29.284,52.1,75.51,71.43,1107.789,0,882.6403,1339.0539,1131.9434,19.082,0,0,0,0,5.555,4.647,0,0,,2.1037,0
2013-10-31,3008110,대청,69.63,776.598,19.832,31.549,52.1,75.53,71.46,1109.034,0,882.6403,1338.8863,1129.8397,21.163,0,0,0,0,5.556,4.83,0,0,,2.5332,0
2013-10-30,3008110,대청,69.65,777.611,19.002,30.729,52.2,75.55,71.49,1110.279,0,882.6403,1338.3162,1127.3065,20.941,0,0,0,0,5.266,4.522,0,0,,1.1545,0
2013-10-29,3008110,대청,69.67,778.624,19.222,30.96,52.3,75.56,71.53,1110.903,0,882.6403,1338.3162,1126.152,20.872,0,0,0,0,5.391,4.697,0,0,,2.5243,0
2013-10-28,3008110,대청,69.69,779.638,19.791,31.539,52.3,75.56,71.56,1110.903,0,882.6403,1338.3162,1123.6277,21.129,0,0,0,0,5.765,4.645,0,0,,1.5667,0
2013-10-27,3008110,대청,69.71,780.653,24.515,30.393,52.4,75.57,71.59,1111.526,0,882.6403,1338.3162,1122.061,21.043,0,0,0,0,4.731,4.619,0,0,,0.9743,0
2013-10-26,3008110,대청,69.72,781.161,19.45,31.214,52.4,75.56,71.62,1110.903,0,882.6403,1321.9643,1121.0867,20.856,0,0,0,0,5.703,4.655,0,0,,0.5328,0
2013-10-25,3008110,대청,69.74,782.177,19.381,31.155,52.5,75.58,71.65,1112.149,0,882.6403,1321.9643,1120.5539,20.998,0,0,0,0,5.463,4.694,0,0,,0.7305,0
2013-10-24,3008110,대청,69.76,783.195,19.217,31.002,52.6,75.59,71.68,1112.773,0,882.6403,1321.9643,1119.8234,20.941,0,0,0,0,5.463,4.598,0,0,,1.1343,0
2013-10-23,3008110,대청,69.78,784.213,25.181,31.077,52.6,75.58,71.71,1112.149,0,882.6403,1321.9643,1118.6891,20.988,0,0,0,0,5.44,4.649,0,0,,0.6242,0
2013-10-22,3008110,대청,69.79,784.722,19.417,31.217,52.7,75.57,71.74,1111.526,0,882.6403,1321.9643,1118.0649,21.006,0,0,0,0,5.474,4.737,0,0,,4.1454,0
2013-10-21,3008110,대청,69.81,785.742,19.384,31.195,52.7,75.52,71.77,1108.412,0,882.6403,1286.6975,1113.9195,20.982,0,0,0,0,5.44,4.773,0,0,,1.744,0
2013-10-20,3008110,대청,69.83,786.762,25.288,31.197,52.8,75.55,71.81,1110.279,0,882.6403,1286.6975,1112.1755,21.008,0,0,0,0,5.451,4.738,0,0,,0.1683,0
2013-10-19,3008110,대청,69.84,787.273,25.131,31.043,52.8,75.58,71.84,1112.149,0,882.6403,1286.6975,1112.0072,20.866,0,0,0,0,5.44,4.737,0,0,,0.8641,0
2013-10-18,3008110,대청,69.85,787.784,25.358,31.272,52.9,75.6,71.88,1113.397,0,882.6403,1286.6975,1111.1431,20.989,0,0,0,0,5.451,4.832,0,0,,0.8364,0
2013-10-17,3008110,대청,69.86,788.295,25.488,31.405,52.9,75.62,71.91,1114.645,0,882.6403,1286.6975,1110.3067,21.026,0,0,0,0,5.632,4.747,0,0,,1.2603,0
2013-10-16,3008110,대청,69.87,788.806,31.185,31.185,52.9,75.65,71.94,1116.519,0.0449,882.6403,1283.6337,1109.0464,20.877,0,0,0,0,5.463,4.845,0,0,,1.3885,0
2013-10-15,3008110,대청,69.87,788.806,31.179,31.179,52.9,75.68,71.97,1118.395,1.5645,882.5954,1283.6337,1107.6579,21.046,0,0,0,0,5.386,4.747,0,0,,0.4946,0
2013-10-14,3008110,대청,69.87,788.806,36.9,30.983,52.9,75.7,71.99,1119.647,0,881.0309,1283.6337,1107.1633,20.864,0,0,0,0,5.377,4.742,0,0,,1.3592,0
2013-10-13,3008110,대청,69.86,788.295,36.946,31.032,52.9,75.72,71.99,1120.9,0,881.0309,1283.6337,1105.8041,20.958,0,0,0,0,5.409,4.665,0,0,,0.9452,0
2013-10-12,3008110,대청,69.85,787.784,54.829,31.197,52.9,75.75,71.99,1122.78,0,881.0309,1283.6337,1104.8589,20.964,0,0,0,0,5.486,4.747,0,0,,2.9121,0
2013-10-11,3008110,대청,69.81,785.742,40.856,29.056,52.7,75.77,71.99,1124.035,0.3239,881.0309,1283.6337,1101.9468,18.898,0,0,0,0,5.451,4.707,0,0,,2.2038,0
2013-10-10,3008110,대청,69.79,784.722,52.998,29.429,52.7,75.79,72.02,1125.29,8.6768,880.707,1283.6337,1099.743,19.02,0,0,0,0,5.44,4.841,0.128,0,,3.458,0
2013-10-09,3008110,대청,69.75,782.686,34.951,29.065,52.5,75.81,72.05,1126.546,0.1095,872.0302,1283.6337,1096.285,18.885,0,0,0,0,5.44,4.674,0.066,0,,1.3005,0
2013-10-08,3008110,대청,69.74,782.177,40.545,28.781,52.5,75.83,72.09,1127.803,16.8455,871.9207,1283.6337,1094.9845,18.921,0,0,0,0,5.665,4.195,0,0,,1.3288,0
2013-10-07,3008110,대청,69.72,781.161,23.045,40.694,52.4,75.85,72.12,1129.061,0,855.0752,1283.6337,1093.6557,30.85,0,0,0,0,5.44,4.357,0.047,0,,0.6091,0
2013-10-06,3008110,대청,69.75,782.686,28.481,28.481,52.5,75.86,72.16,1129.691,0.6997,855.0752,1283.6337,1093.0466,18.93,0,0,0,0,5.335,4.189,0.027,0,,1.5503,0
2013-10-05,3008110,대청,69.75,782.686,34.502,28.616,52.5,75.87,72.2,1130.32,0,854.3755,1283.6337,1091.4963,19.04,0,0,0,0,5.301,4.275,0,0,,1.6617,0
2013-10-04,3008110,대청,69.74,782.177,34.457,28.574,52.5,75.88,72.23,1130.95,0,854.3755,1283.6337,1089.8346,19.143,0,0,0,0,5.451,3.978,0.002,0,,0.486,0
2013-10-03,3008110,대청,69.73,781.669,46.097,28.463,52.5,75.9,72.27,1132.21,0,854.3755,1283.6337,1089.3486,19.123,0,0,0,0,5.682,3.658,0,0,,0.4497,0
2013-10-02,3008110,대청,69.7,780.146,46.259,28.649,52.4,75.9,72.29,1132.21,8.1293,854.3755,1283.6337,1088.8989,18.921,0,0,0,0,5.435,4.293,0,0,,2.7808,0
2013-10-01,3008110,대청,69.67,778.624,58.061,28.763,52.3,75.91,72.3,1132.84,0,846.2462,1283.6337,1086.1181,18.917,0,0,0,0,5.451,4.339,0.056,0,,1.2364,0
2013-09-30,3008110,대청,69.62,776.093,62.341,38.949,52.1,75.91,72.22,1132.84,4.9244,846.2462,1283.6337,1084.8817,28.799,0,0,0,0,5.417,4.14,0.593,0,,4.9969,0
2013-09-29,3008110,대청,69.58,774.072,56.558,39.042,52,75.93,72.22,1134.102,28.7065,841.3218,1283.6337,1079.8848,29.048,0,0,0,0,5.255,4.074,0.665,0,,4.4716,0
2013-09-28,3008110,대청,69.55,772.558,27.687,39.362,51.9,75.94,72.26,1134.733,3.3687,812.6153,1283.6337,1075.4132,29.127,0,0,0,0,5.451,4.117,0.667,0,,1.6318,0
2013-09-27,3008110,대청,69.57,773.567,21.87,39.402,51.9,75.96,72.3,1135.995,0,809.2466,1283.4134,1073.7814,29.112,0,0,0,0,5.451,4.176,0.663,0,,2.0544,0
2013-09-26,3008110,대청,69.6,775.082,27.928,39.629,52,75.97,72.34,1136.627,0,809.2466,1283.4134,1071.727,29.096,0,0,0,0,5.604,4.273,0.656,0,,1.042,0
2013-09-25,3008110,대청,69.62,776.093,27.693,39.404,52.1,76.2,72.37,1151.212,1.1321,809.2466,1283.4134,1070.685,29.049,0,0,0,0,5.44,4.264,0.651,0,,0.6368,0
2013-09-24,3008110,대청,69.64,777.105,27.688,39.41,52.2,76.41,72.41,1164.625,3.5179,808.1145,1283.4134,1070.0482,29.175,0,0,0,0,5.44,4.154,0.641,0,,5.4596,0
2013-09-23,3008110,대청,69.66,778.117,27.291,39.023,52.2,76.49,72.42,1169.759,0,804.5966,1283.4134,1064.5886,29.138,0,0,0,0,5.134,4.165,0.586,0,,3.6365,0
2013-09-22,3008110,대청,69.68,779.131,21.998,39.616,52.3,76.65,72.42,1180.068,0,804.5966,1283.4134,1060.9521,29.038,0,0,0,0,5.347,4.597,0.634,0,,1.0267,0
2013-09-21,3008110,대청,69.71,780.653,26.974,38.732,52.4,76.79,72.44,1189.133,0,804.5966,1283.4134,1059.9254,29.015,0,0,0,0,5.318,3.775,0.624,0,,3.3431,0
2013-09-20,3008110,대청,69.73,781.669,36.156,42.039,52.5,76.96,72.49,1200.197,0,804.5966,1283.4134,1056.5823,33.029,0,0,0,0,4.671,3.721,0.618,0,,3.4364,0
2013-09-19,3008110,대청,69.74,782.177,34.221,34.221,52.5,77.17,72.51,1213.948,0,804.5966,1283.4134,1053.1459,24.999,0,0,0,0,5.057,3.554,0.611,0,,3.2786,0
2013-09-18,3008110,대청,69.74,782.177,51.976,40.212,52.5,77.35,72.55,1225.809,0,804.5966,1283.4134,1049.8673,29.014,0,0,0,0,6.007,4.598,0.593,0,,2.9209,0
2013-09-17,3008110,대청,69.72,781.161,57.669,40.043,52.4,75.94,72.54,1134.733,0,804.5966,1282.9859,1046.9464,29.29,0,0,0,0,5.486,4.678,0.589,0,,6.751,0
2013-09-16,3008110,대청,69.69,779.638,92.46,39.723,52.3,74.32,72.43,1035.222,0,804.5966,1189.3037,1040.1954,28.885,0,0,0,0,5.429,4.821,0.588,0,,7.2509,0
2013-09-15,3008110,대청,69.6,775.082,150.637,39.996,52,75.11,72.4,1083.071,0,804.5966,1154.5224,1032.9445,29.131,0,0,0,0,5.59,4.676,0.599,0,,6.1506,0
2013-09-14,3008110,대청,69.41,765.522,132.559,40.113,51.4,75.87,72.43,1130.32,37.576,804.5966,1154.3213,1026.7939,29.062,0,0,0,0,5.625,4.77,0.656,0,,6.3208,0
2013-09-13,3008110,대청,69.25,757.535,51.266,39.757,50.8,76.13,72.37,1146.761,6.3672,767.0206,1149.5136,1020.4731,29.062,0,0,0,0,5.417,4.623,0.655,0,,4.2568,0
2013-09-12,3008110,대청,69.23,756.541,28.148,39.657,50.8,76.27,72.26,1155.672,0.3403,760.6534,1143.1325,1016.2163,28.9,0,0,0,0,5.428,4.674,0.655,0,,5.6868,0
2013-09-11,3008110,대청,69.25,757.535,45.528,39.772,50.8,76.4,72.24,1163.984,7.6071,760.3131,1143.1325,1010.5295,29.183,0,0,0,0,5.405,4.53,0.654,0,,5.5047,0
2013-09-10,3008110,대청,69.24,757.038,25.991,43.266,50.8,76.46,72.24,1167.832,2.0958,752.706,1143.1325,1005.0248,29.019,0,0,0,0,5.417,4.749,4.081,0,,4.9554,0
2013-09-09,3008110,대청,69.27,758.53,24.388,41.687,50.9,76.48,72.21,1169.117,0,750.6102,1140.929,1000.0694,29.177,0,0,0,0,5.347,4.702,2.461,0,,5.6108,0
2013-09-08,3008110,대청,69.3,760.025,29.886,41.431,51,76.33,72.22,1159.504,0.2188,750.6102,1139.6975,994.4586,29.11,0,0,0,0,5.764,4.862,1.695,0,,4.6245,0
2013-09-07,3008110,대청,69.32,761.022,39.195,44.972,51.1,75.86,72.23,1129.691,0,750.3914,1098.9283,989.8341,28.976,0,0,0,0,5.405,4.516,6.075,0,,3.3756,0
2013-09-06,3008110,대청,69.33,761.521,22.213,39.558,51.1,76.41,72.26,1164.625,3.9614,750.3914,1089.2554,986.4585,29.021,0,0,0,0,5.432,4.824,0.281,0,,3.2767,0
2013-09-05,3008110,대청,69.36,763.02,19.353,42.516,51.2,76.78,72.32,1188.484,0,746.43,1089.1824,983.1818,26.025,0,0,0,0,5.529,4.463,6.499,0,,6.634,0
2013-09-04,3008110,대청,69.4,765.021,28.63,46.03,51.3,76.47,72.39,1168.474,0,746.43,1061.1123,976.5478,29.02,0,0,0,0,5.59,4.485,6.935,0,,3.3055,0
2013-09-03,3008110,대청,69.43,766.525,28.383,45.806,51.4,76.98,72.34,1201.502,0,746.43,1014.8506,973.2423,28.986,0,0,0,0,5.382,4.486,6.952,0,,4.6807,0
2013-09-02,3008110,대청,69.46,768.03,28.446,40.074,51.6,77.56,72.28,1239.735,0,746.43,1014.8506,968.5616,28.89,0,0,0,0,5.336,4.208,1.64,0,,9.5625,0
2013-09-01,3008110,대청,69.48,769.035,33.128,38.946,51.6,77.91,72.24,1263.154,0,746.43,1014.7751,958.9991,28.944,0,0,0,0,5.359,4.018,0.625,0,,6.6852,0
2013-08-31,3008110,대청,69.49,769.537,55.195,55.195,51.7,77.89,71.92,1261.809,0,746.43,1014.2798,952.3139,45.143,0,0,0,0,5.416,4.018,0.618,0,,12.9562,0
2013-08-30,3008110,대청,69.49,769.537,37.589,55.059,51.7,76.49,71.64,1169.759,0.2806,746.43,1011.3463,939.3577,44.882,0,0,0,0,5.533,4.017,0.627,0,,15.4286,0
2013-08-29,3008110,대청,69.52,771.047,57.364,57.364,51.8,74.81,71.42,1064.749,9.5597,746.1494,907.5722,923.9291,45.299,0,0,0,0,5.555,4.018,2.492,0,,7.342,0
2013-08-28,3008110,대청,69.52,771.047,59.075,59.075,51.8,74.35,71.39,1037.016,0,736.5897,907.0495,916.5871,44.924,0,0,0,0,4.93,4.198,5.023,0,,8.5678,0
2013-08-27,3008110,대청,69.52,771.047,71.788,60.139,51.8,74.42,71.38,1041.208,0,736.5897,860.8227,908.0193,45.213,0,0,0,0,5.404,4.505,5.017,0,,6.1345,0
2013-08-26,3008110,대청,69.5,770.04,112.447,54.358,51.7,74.71,71.26,1058.683,0.0505,736.5897,860.8227,901.8848,42.99,0,0,0,0,5.578,4.419,1.371,0,,8.3073,0
2013-08-25,3008110,대청,69.4,765.021,188.418,55.794,51.3,74.78,71.14,1062.927,0,736.5392,860.8227,893.5775,45.033,0,0,0,0,5.694,4.52,0.547,0,,8.5411,0
2013-08-24,3008110,대청,69.17,753.563,152.844,55.694,50.6,74.53,71.08,1047.816,19.6528,736.5392,859.1076,885.0364,44.999,0,0,0,0,5.648,4.501,0.546,0,,7.5916,0
2013-08-23,3008110,대청,69,745.169,106.806,55.674,50,74.51,71.13,1046.613,37.5023,716.8864,833.2948,877.4448,44.924,0,0,0,0,5.717,4.471,0.562,0,,5.75,0
2013-08-22,3008110,대청,68.91,740.751,38.147,60.847,49.7,74.6,71.14,1052.034,13.823,679.3841,825.7882,871.6948,45.344,0,0,0,0,5.753,4.751,4.999,0,,7.3112,0
2013-08-21,3008110,대청,68.95,742.712,18.817,58.64,49.9,74.74,71.09,1060.501,0.0505,665.5611,809.8617,864.3836,42.956,0,0,0,0,5.316,4.482,5.886,0,,10.182,0
2013-08-20,3008110,대청,69.02,746.153,27.43,61.664,50.1,74.9,71.04,1070.226,0.0449,665.5106,802.6374,854.2016,45.088,0,0,0,0,5.695,4.771,6.11,0,,10.2172,0
2013-08-19,3008110,대청,69.08,749.111,27.448,61.775,50.3,75.03,71.03,1078.167,0.1798,665.4657,800.5367,843.9844,45.015,0,0,0,0,5.694,4.951,6.115,0,,5.2852,0
2013-08-18,3008110,대청,69.14,752.077,27.747,62.166,50.5,75.04,70.96,1078.779,0,665.2859,800.4267,838.6992,45.279,0,0,0,0,5.729,5.003,6.155,0,,8.7044,0
2013-08-17,3008110,대청,69.2,755.051,33.145,61.899,50.7,74.8,70.98,1064.142,0,665.2859,798.8598,829.9948,45.061,0,0,0,0,5.713,4.957,6.168,0,,5.831,0
2013-08-16,3008110,대청,69.25,757.535,27.155,61.745,50.8,74.14,70.92,1024.498,0,665.2859,782.2177,824.1638,44.952,0,0,0,0,5.675,4.951,6.167,0,,11.4529,0
2013-08-15,3008110,대청,69.31,760.524,39.019,62.13,51,71.58,70.66,879.046,0,665.2859,728.8924,812.7109,45.068,0,0,0,0,5.683,4.937,6.442,0,,11.225,0
2013-08-14,3008110,대청,69.35,762.52,37.683,60.836,51.2,71.34,70.53,866.076,0,665.2859,672.9306,801.4859,43.906,0,0,0,0,5.67,5.11,6.15,0,,6.5717,0
2013-08-13,3008110,대청,69.39,764.521,48.644,60.236,51.3,70.99,70.48,847.363,0,665.2859,672.8006,794.9142,44.93,0,0,0,0,5.695,4.987,4.624,0,,10.7069,0
2013-08-12,3008110,대청,69.41,765.522,46.816,58.418,51.4,69.98,70.48,794.445,0,665.2859,590.6479,784.2073,45.096,0,0,0,0,5.705,4.649,2.968,0,,9.2647,0
2013-08-11,3008110,대청,69.43,766.525,69.755,58.153,51.4,69.97,70.36,793.931,0.0634,665.2859,557.6607,774.9426,45.127,0,0,0,0,5.455,4.665,2.906,0,,7.9307,0
2013-08-10,3008110,대청,69.41,765.522,86.641,57.681,51.4,70.04,70.28,797.764,8.2682,665.2225,553.6339,767.0119,45.08,0,0,0,0,5.612,4.829,2.16,0,,11.8204,0
2013-08-09,3008110,대청,69.36,763.02,97.093,56.657,51.2,70.1,70.29,800.845,0,656.9543,544.0482,755.1915,45.273,0,0,0,0,5.683,4.859,0.842,0,,6.8874,0
2013-08-08,3008110,대청,69.29,759.526,165.829,56.712,51,70.18,70.3,804.964,0,656.9543,543.6923,748.3041,45.171,0,0,0,0,5.671,4.761,1.109,0,,6.4946,0
2013-08-07,3008110,대청,69.1,750.099,237.054,55.374,50.3,70.27,70.36,809.613,0,656.9543,543.6923,741.8095,44.929,0,0,0,0,5.682,4.763,0,0,,6.0882,0
2013-08-06,3008110,대청,68.78,734.402,128.268,55.208,49.3,70.35,70.39,813.758,24.5439,656.9543,543.6923,735.7213,44.795,0,0,0,0,5.648,4.765,0,0,,6.5236,0
2013-08-05,3008110,대청,68.65,728.089,194.54,55.246,48.9,70.47,70.32,819.998,2.4282,632.4104,543.6923,729.1977,44.845,0,0,0,0,5.637,4.764,0,0,,1.5841,0
2013-08-04,3008110,대청,68.4,716.054,231.189,55.196,48.1,70.55,70.21,824.174,6.4035,629.9822,543.6923,727.6136,45.165,0,0,0,0,5.266,4.765,0,0,,11.2781,0
2013-08-03,3008110,대청,68.08,700.848,111.019,56.549,47,70.63,70.02,828.363,27.7597,623.5787,543.6923,716.3355,44.883,0,0,0,0,5.613,4.765,1.288,0,,11.2565,0
2013-08-02,3008110,대청,67.98,696.142,116.023,56.394,46.7,70.71,69.9,832.563,1.2541,595.819,543.6923,705.079,45.232,0,0,0,0,5.544,4.765,0.853,0,,6.1751,0
2013-08-01,3008110,대청,67.87,690.99,125.561,55.48,46.4,70.78,69.93,836.249,11.3945,594.5649,543.6923,698.9039,44.723,0,0,0,0,5.602,4.767,0.388,0,,6.5602,0
2013-07-31,3008110,대청,67.74,684.935,87.991,55.787,46,70.85,69.99,839.944,8.6181,583.1704,543.6923,692.3437,44.991,0,0,0,0,5.609,4.768,0.419,0,,2.915,0
2013-07-30,3008110,대청,67.68,682.153,66.634,55.919,45.8,70.93,70.03,844.179,16.8879,574.5523,543.6923,689.4287,44.938,0,0,0,0,5.594,4.914,0.473,0,,3.9726,0
2013-07-29,3008110,대청,67.66,681.227,50.218,55.574,45.7,70.99,70.05,847.363,2.6172,557.6644,543.6923,685.4561,44.953,0,0,0,0,5.417,4.687,0.517,0,,5.1752,0
2013-07-28,3008110,대청,67.67,681.69,40.075,56.158,45.8,71.06,70.18,851.086,15.4207,555.0472,543.6923,680.2809,45.261,0,0,0,0,5.706,4.67,0.521,0,,5.4568,0
2013-07-27,3008110,대청,67.7,683.079,39.744,55.849,45.8,71.1,70.22,853.218,0,539.6265,543.6923,674.8241,45.006,0,0,0,0,5.59,4.722,0.531,0,,3.3748,0
2013-07-26,3008110,대청,67.73,684.471,45.423,56.172,45.9,71.13,70.16,854.819,0,539.6265,543.6923,671.4493,44.948,0,0,0,0,5.624,5.068,0.532,0,,9.5269,0
2013-07-25,3008110,대청,67.75,685.4,56.19,56.19,46,71.14,70.14,855.354,0,539.6265,543.6923,661.9224,45.106,0,0,0,0,5.613,4.946,0.525,0,,8.3064,0
2013-07-24,3008110,대청,67.75,685.4,66.478,55.729,46,71.11,70.06,853.752,3.3177,539.6265,543.6923,653.616,44.999,0,0,0,0,5.602,4.616,0.512,0,,4.0006,0
2013-07-23,3008110,대청,67.73,684.471,61.251,55.88,45.9,71.05,69.82,850.554,19.0624,536.3088,543.5881,649.6154,44.952,0,0,0,0,5.613,4.805,0.51,0,,14.5996,0
2013-07-22,3008110,대청,67.72,684.007,39.914,56.034,45.9,70.87,69.47,841.001,0.6958,517.2464,543.5881,635.0158,45.041,0,0,0,0,5.637,4.845,0.511,0,,10.5813,0
2013-07-21,3008110,대청,67.75,685.4,34.6,56.129,46,70.63,69.48,828.363,3.1052,516.5506,528.9003,624.4345,44.94,0,0,0,0,6.007,4.677,0.505,0,,5.7156,0
2013-07-20,3008110,대청,67.79,687.26,39.764,55.937,46.1,70.43,69.48,817.915,0.7159,513.4454,528.834,618.7189,45.046,0,0,0,0,5.66,4.725,0.506,0,,3.3656,0
2013-07-19,3008110,대청,67.82,688.657,34.404,56.002,46.2,69.94,69.39,792.391,1.9277,512.7295,528.723,615.3533,45.173,0,0,0,0,5.648,4.678,0.503,0,,6.564,0
2013-07-18,3008110,대청,67.86,690.523,44.265,65.903,46.3,69.58,69.26,774.072,0.1734,510.8018,500.8904,608.7893,55.112,0,0,0,0,5.648,4.645,0.498,0,,6.4876,0
2013-07-17,3008110,대청,67.9,692.393,54.168,75.846,46.5,69.45,68.9,767.528,2.2382,510.6284,490.0673,602.3017,64.989,0,0,0,0,5.66,4.716,0.481,0,,15.0938,0
2013-07-16,3008110,대청,67.94,694.266,54.184,75.902,46.6,69.16,68.33,753.067,0,508.3902,488.5875,587.2079,65.046,0,0,0,0,5.671,4.696,0.489,0,,14.4637,0
2013-07-15,3008110,대청,67.98,696.142,70.473,75.909,46.7,68.33,68.05,712.709,0.0729,508.3902,488.4067,572.7442,65.044,0,0,0,0,5.66,4.717,0.488,0,,16.0227,0
2013-07-14,3008110,대청,67.99,696.612,70.292,75.73,46.8,67.2,67.78,660.171,9.974,508.3173,450.9303,556.7215,65.016,0,0,0,0,5.567,4.661,0.486,0,,12.0009,0
2013-07-13,3008110,대청,68,697.082,48.694,75.923,46.8,67.01,67.52,651.604,6.4054,498.3433,429.0189,544.7206,65.025,0,0,0,0,5.683,4.736,0.479,0,,12.0563,0
2013-07-12,3008110,대청,68.05,699.434,71.009,76.462,46.9,66.92,67.18,647.573,0,491.9379,412.4683,532.6643,65.467,0,0,0,0,5.81,4.697,0.488,0,,15.1652,0
2013-07-11,3008110,대청,68.06,699.905,74.172,96.01,47,66.76,67.04,640.449,0,491.9379,411.5909,517.4991,84.976,0,0,0,0,5.787,4.753,0.494,0,,17.2177,0
2013-07-10,3008110,대청,68.1,701.792,90.556,96.022,47.1,66.69,66.76,637.349,0,491.9379,385.0546,500.2814,85.118,0,0,0,0,5.66,4.739,0.505,0,,12.714,0
2013-07-09,3008110,대청,68.11,702.264,128.688,95.931,47.1,66.64,66.48,635.141,0.3512,491.9379,384.7031,487.5674,85.332,0,0,0,0,5.385,4.699,0.515,0,,13.1411,0
2013-07-08,3008110,대청,68.05,699.434,193.598,95.866,46.9,66.56,66.36,631.619,0.2484,491.5867,384.7031,474.4263,85.178,0,0,0,0,5.563,4.613,0.512,0,,6.5276,0
2013-07-07,3008110,대청,67.87,690.99,304.769,95.783,46.4,66.32,66.19,621.133,7.4112,491.3383,384.7031,467.8987,85.098,0,0,0,0,5.565,4.622,0.498,0,,8.5,0
2013-07-06,3008110,대청,67.48,672.934,805.232,95.637,45.2,65.68,66,593.75,1.3145,483.9271,382.5089,459.3987,84.901,0,0,0,0,5.559,4.691,0.486,0,,9.6238,0
2013-07-05,3008110,대청,66.1,611.625,233.849,95.461,41.1,65.1,65.72,569.654,70.7068,482.6126,313.6295,449.7749,84.88,0,0,0,0,5.545,4.615,0.421,0,,9.9275,0
2013-07-04,3008110,대청,65.82,599.668,51.418,95.697,40.3,65.11,65.61,570.064,16.4379,411.9058,286.2474,439.8474,85.069,0,0,0,0,5.532,4.669,0.427,0,,8.1136,0
2013-07-03,3008110,대청,65.91,603.494,46.159,95.583,40.5,65.15,65.51,571.705,8.4043,395.4679,286.2474,431.7338,85.025,0,0,0,0,5.544,4.581,0.433,0,,10.3938,0
2013-07-02,3008110,대청,66.01,607.764,41.229,95.87,40.8,65.17,65.41,572.526,6.0254,387.0636,286.2474,421.34,85.191,0,0,0,0,5.555,4.682,0.442,0,,8.2239,0
2013-07-01,3008110,대청,66.12,612.485,35.659,95.596,41.1,65.17,65.34,572.526,0,381.0382,286.2474,413.1161,84.865,0,0,0,0,5.578,4.694,0.459,0,,9.0254,0
2013-06-30,3008110,대청,66.24,617.664,35.473,85.683,41.5,65.14,65.32,571.294,0,381.0382,286.2474,404.0907,74.983,0,0,0,0,5.636,4.614,0.45,0,,5.3195,0
2013-06-29,3008110,대청,66.34,622.002,55.697,85.938,41.8,65.23,65.25,574.996,0.0525,381.0382,244.7133,398.7712,75.242,0,0,0,0,5.59,4.64,0.466,0,,7.2206,0
2013-06-28,3008110,대청,66.4,624.615,60.319,85.586,41.9,65.35,65.25,579.957,0.2017,380.9857,244.5624,391.5506,74.881,0,0,0,0,5.579,4.64,0.486,0,,5.6872,0
2013-06-27,3008110,대청,66.45,626.798,60.102,85.429,42.1,65.48,65.2,585.364,3.8382,380.784,244.4324,385.8634,74.698,0,0,0,0,5.601,4.635,0.495,0,,9.5322,0
2013-06-26,3008110,대청,66.5,628.986,70.075,90.38,42.2,65.62,65.17,591.226,1.4409,376.9458,244.4324,376.3312,74.758,0,0,0,0,5.463,4.792,5.367,0,,3.5657,0
2013-06-25,3008110,대청,66.54,630.74,60.132,121.278,42.3,65.75,64.98,596.704,13.2954,375.5049,244.4324,372.7655,105.443,0,0,0,0,5.039,4.641,6.155,0,,10.5685,0
2013-06-24,3008110,대청,66.66,636.023,38.977,121.047,42.7,65.89,64.77,602.642,0,362.2095,244.4324,362.197,104.943,0,0,0,0,5.139,4.786,6.179,0,,13.4208,0
2013-06-23,3008110,대청,66.82,643.114,54.283,121.422,43.2,66,64.72,607.336,1.8975,362.2095,244.4051,348.7762,104.934,0,0,0,0,5.682,4.566,6.24,0,,8.1735,0
2013-06-22,3008110,대청,66.95,648.915,54.03,121.581,43.6,66.13,64.76,612.916,1.7316,360.312,242.8232,340.6027,105.141,0,0,0,0,5.382,4.804,6.254,0,,5.1549,0
2013-06-21,3008110,대청,67.08,654.751,87.251,118.567,43.9,66.24,64.78,617.664,0,358.5804,242.8232,335.4478,105.545,0,0,0,0,5.578,4.601,2.843,0,,3.7952,0
2013-06-20,3008110,대청,67.14,657.457,162.356,115.414,44.1,66.35,64.66,622.437,0,358.5804,242.8232,331.6526,104.917,0,0,0,0,5.567,4.487,0.443,0,,12.3144,0
2013-06-19,3008110,대청,67.05,653.401,347.154,115.402,43.9,66.46,64.66,627.235,9.5081,358.5804,240.6481,319.3382,104.833,0,0,0,0,5.486,4.591,0.492,0,,8.0434,0
2013-06-18,3008110,대청,66.6,633.378,140.98,115.532,42.5,66.57,64.72,632.058,67.9422,349.0723,235.085,311.2948,105.148,0,0,0,0,5.289,4.58,0.515,0,,6.1601,0
2013-06-17,3008110,대청,66.55,631.179,28.508,120.402,42.4,66.69,64.7,637.349,0.6329,281.1301,235.085,305.1347,105.843,0,0,0,0,5.37,4.732,4.457,0,,6.6771,0
2013-06-16,3008110,대청,66.73,639.119,28.584,121.262,42.9,66.79,64.69,641.781,0,280.4972,235.085,298.4576,104.966,0,0,0,0,5.578,4.955,5.763,0,,4.1507,0
2013-06-15,3008110,대청,66.91,647.126,27.872,121.338,43.4,66.91,64.8,647.126,0.4732,280.4972,235.012,294.3069,105.106,0,0,0,0,5.509,4.955,5.768,0,,0.9188,0
2013-06-14,3008110,대청,67.09,655.202,34.318,123.318,44,67,64.91,651.156,0.2207,280.024,233.3149,293.3881,105.297,0,0,0,0,5.521,5.008,7.492,0,,3.1634,0
2013-06-13,3008110,대청,67.26,662.892,29.946,119.656,44.5,67.1,64.99,655.653,0.3605,279.8033,233.3149,290.2247,105.079,0,0,0,0,5.44,4.977,4.16,0,,1.9528,0
2013-06-12,3008110,대청,67.43,670.642,25.492,121.256,45,67.18,65.1,659.265,1.4122,279.4428,228.556,288.2719,105.112,0,0,0,0,5.266,5,5.878,0,,2.1614,0
2013-06-11,3008110,대청,67.61,678.9164,30.42,121.601,45.6,67.26,65.22,662.892,0.5661,278.0306,219.1037,286.1105,105.143,0,0,0,0,5.694,4.902,5.862,0,,2.1143,0
2013-06-10,3008110,대청,67.78,686.7944,24.393,121.72,46.1,67.37,65.27,667.9,0,277.4645,219.1037,283.9962,105.259,0,0,0,0,5.476,5.115,5.871,0,,5.2611,0
2013-06-09,3008110,대청,67.96,695.2035,22.425,120.562,46.7,67.45,65.34,671.558,0,277.4645,218.9995,278.7351,104.558,0,0,0,0,5.092,5.016,5.896,0,,2.2144,0
2013-06-08,3008110,대청,68.14,703.6825,33.662,121.577,47.2,67.54,65.41,675.691,0,277.4645,218.9445,276.5207,104.962,0,0,0,0,5.659,5.037,5.92,0,,5.0965,0
2013-06-07,3008110,대청,68.3,711.278,38.932,121.939,47.7,67.65,65.51,680.765,0,277.4645,199.6659,271.4242,105.298,0,0,0,0,5.637,5.075,5.929,0,,4.495,0
2013-06-06,3008110,대청,68.45,718.45,21.536,121.896,48.2,67.76,65.65,685.864,0,277.4645,199.6659,266.9292,104.929,0,0,0,0,5.891,5.112,5.964,0,,0.6871,0
2013-06-05,3008110,대청,68.63,727.121,37.273,121.535,48.8,67.86,65.73,690.523,1.5201,277.4645,199.6659,266.2421,104.986,0,0,0,0,5.463,5.078,6.008,0,,2.0122,0
2013-06-04,3008110,대청,68.78,734.402,31.289,121.801,49.3,67.97,65.83,695.673,0,275.9444,199.6659,264.2299,104.907,0,0,0,0,5.729,5.11,6.055,0,,0.218,0
2013-06-03,3008110,대청,68.94,742.222,35.783,121.234,49.8,68.09,65.93,701.32,0,275.9444,199.6659,264.0119,104.884,0,0,0,0,5.073,5.202,6.075,0,,1.7766,0
2013-06-02,3008110,대청,69.09,749.605,41.928,122.204,50.3,68.17,66.03,705.103,0,275.9444,199.6659,262.2353,105.069,0,0,0,0,5.74,5.258,6.137,0,,3.8543,0
2013-06-01,3008110,대청,69.23,756.5406,41.521,81.849,50.8,68.28,66.14,710.326,0,275.9444,197.1202,258.381,65.23,0,0,0,0,5.371,5.082,6.166,0,,3.3595,0
2013-05-31,3008110,대청,69.3,760.025,64.134,81.456,51,68.37,66.25,714.619,0,275.9444,197.065,255.0215,65.043,0,0,0,0,5.428,5.052,5.933,0,,0.6093,0
2013-05-30,3008110,대청,69.33,761.521,90.526,78.975,51.1,68.42,66.33,717.012,0,275.9444,197.065,254.4122,64.972,0,0,0,0,5.532,5.112,3.359,0,,2.5987,0
2013-05-29,3008110,대청,69.31,760.524,107.168,78.337,51,68.47,66.42,719.41,0.3001,275.9444,191.524,251.8135,65.021,0,0,0,0,5.486,4.914,2.916,0,,1.1209,0
2013-05-28,3008110,대청,69.26,758.033,87.471,75.957,50.9,68.53,66.52,722.295,9.0862,275.6443,191.3408,250.6926,65.089,0,0,0,0,5.3,4.851,0.717,0,,1.8365,0
2013-05-27,3008110,대청,69.24,757.038,78.009,78.009,50.8,68.59,66.61,725.188,30.588,266.5581,188.6241,248.8561,65.078,0,0,0,0,5.524,4.718,2.689,0,,1.6845,0
2013-05-26,3008110,대청,69.24,757.038,35.36,81.479,50.8,68.65,66.72,728.089,0,235.9701,188.6241,247.1716,64.971,0,0,0,0,5.536,5.031,5.941,0,,2.2698,0
2013-05-25,3008110,대청,69.32,761.022,35.466,81.751,51.1,68.72,66.81,731.484,0.1458,235.9701,188.6241,244.9018,65.103,0,0,0,0,5.542,5.129,5.977,0,,1.9903,0
2013-05-24,3008110,대청,69.4,765.021,41.124,81.759,51.3,68.78,66.91,734.402,0,235.8243,188.6241,242.9115,65.026,0,0,0,0,5.555,5.184,5.994,0,,1.9469,0
2013-05-23,3008110,대청,69.47,768.532,41.2,81.962,51.6,68.84,66.99,737.328,0,235.8243,188.6241,240.9646,65.122,0,0,0,0,5.833,4.986,6.021,0,,1.2111,0
2013-05-22,3008110,대청,69.54,772.054,52.035,81.229,51.8,68.9,67.07,740.261,0,235.8243,188.6241,239.7535,64.898,0,0,0,0,5.59,4.943,5.798,0,,2.1714,0
2013-05-21,3008110,대청,69.59,774.577,67.948,79.644,52,68.96,67.15,743.203,0,235.8243,188.6241,237.5821,65.079,0,0,0,0,5.197,3.912,5.456,0,,2.6414,0
2013-05-20,3008110,대청,69.61,775.587,74.645,80.497,52.1,69.01,67.22,745.661,0,235.8243,188.6241,234.9407,65.041,0,0,0,0,5.337,4.724,5.395,0,,1.3403,0
2013-05-19,3008110,대청,69.62,776.093,85.769,79.917,52.1,69.06,67.31,748.124,18.8681,235.8243,188.6241,233.6004,65.04,0,0,0,0,5.504,4.667,4.706,0,,2.6122,0
2013-05-18,3008110,대청,69.61,775.587,51.785,81.07,52.1,69.12,67.39,751.087,1.2852,216.9562,188.6241,230.9882,64.843,0,0,0,0,5.542,4.657,6.028,0,,4.0806,0
2013-05-17,3008110,대청,69.66,778.117,52.407,81.757,52.2,69.17,67.46,753.563,0,215.671,188.6241,226.9076,65.06,0,0,0,0,5.729,4.664,6.304,0,,2.1475,0
2013-05-16,3008110,대청,69.71,780.653,52.508,81.924,52.4,69.21,67.52,755.547,0,215.671,187.8164,224.7601,65.169,0,0,0,0,5.602,4.755,6.398,0,,2.9733,0
2013-05-15,3008110,대청,69.76,783.195,58.366,81.945,52.6,69.24,67.53,757.038,0,215.671,187.8164,221.7868,65.044,0,0,0,0,5.602,4.785,6.514,0,,0.9433,0
2013-05-14,3008110,대청,69.8,785.232,50.837,80.37,52.7,69.27,67.52,758.53,0,215.671,187.2696,220.8435,65.219,0,0,0,0,5.717,4.764,4.67,0,,2.5623,0
2013-05-13,3008110,대청,69.85,787.784,66.749,78.581,52.9,69.31,67.53,760.524,0,215.671,168.7554,218.2812,65.059,0,0,0,0,5.258,4.677,3.587,0,,8.1774,0
2013-05-12,3008110,대청,69.87,788.806,66.017,77.859,52.9,69.36,67.56,763.02,0,215.671,168.7554,210.1038,65.07,0,0,0,0,5.349,4.5,2.94,0,,2.0169,0
2013-05-11,3008110,대청,69.89,789.829,71.917,77.842,53,69.41,67.57,765.522,0,215.671,168.7554,208.0869,65.069,0,0,0,0,5.345,4.471,2.957,0,,4.449,0
2013-05-10,3008110,대청,69.9,790.341,76.746,76.746,53,69.47,67.58,768.532,15.2772,215.671,168.7554,203.6379,64.966,0,0,0,0,5.554,4.349,1.877,0,,4.5338,0
2013-05-09,3008110,대청,69.9,790.341,60.143,77.934,53,69.52,67.59,771.047,0.8229,200.3938,168.7554,199.1041,65.101,0,0,0,0,5.335,4.497,3.001,0,,1.8904,0
2013-05-08,3008110,대청,69.93,791.878,48.307,78.011,53.2,69.57,67.58,773.567,0,199.5709,168.7554,197.2137,65.103,0,0,0,0,5.347,4.556,3.005,0,,1.0653,0
2013-05-07,3008110,대청,69.98,794.4445,39.625,78.041,53.3,69.63,67.54,776.599,0,199.5709,168.7004,196.1484,64.973,0,0,0,0,5.474,4.586,3.007,0,,7.3455,0
2013-05-06,3008110,대청,70.04,797.764,39.973,75.636,53.5,69.68,67.51,779.131,0,199.5709,168.7004,188.8029,64.977,0,0,0,0,5.382,4.406,0.871,0,,5.0213,0
2013-05-05,3008110,대청,70.1,800.845,41.772,77.515,53.8,69.72,67.54,781.161,0,199.5709,168.7004,183.7816,64.825,0,0,0,0,5.359,4.52,2.811,0,,2.0129,0
2013-05-04,3008110,대청,70.16,803.933,49.649,79.495,54,69.81,67.57,785.742,0.0525,199.5709,168.7004,181.7687,65.801,0,0,0,0,5.233,4.545,3.916,0,,1.1745,0
2013-05-03,3008110,대청,70.21,806.512,54.776,78.693,54.1,69.86,67.59,788.295,0.1567,199.5184,168.7004,180.5942,65.056,0,0,0,0,5.22,4.472,3.945,0,,4.1929,0
2013-05-02,3008110,대청,70.25,808.578,54.812,78.765,54.3,69.86,67.62,788.295,0.1103,199.3617,168.7004,176.4013,64.982,0,0,0,0,5.359,4.512,3.912,0,,2.0374,0
2013-05-01,3008110,대청,70.29,810.648,66.761,78.751,54.4,69.87,67.64,788.806,0,199.2514,165.7778,174.3639,64.934,0,0,0,0,5.312,4.565,3.94,0,,1.7713,0
2013-04-30,3008110,대청,70.31,811.684,63.565,81.566,54.5,69.88,67.63,789.317,0,199.2514,165.7778,172.5926,68.346,0,0,0,0,5.498,4.431,3.291,0,,3.8633,0
2013-04-29,3008110,대청,70.34,813.239,62.434,80.455,54.6,70.02,67.64,796.738,12.1802,199.2514,165.7778,168.7293,69.127,0,0,0,0,5.254,4.335,1.739,0,,3.3518,0
2013-04-28,3008110,대청,70.37,814.796,62.515,80.556,54.7,70.16,67.65,803.933,0,187.0712,165.7778,165.3775,69.025,0,0,0,0,5.37,4.416,1.745,0,,2.7079,0
2013-04-27,3008110,대청,70.4,816.355,68.891,80.93,54.8,70.28,67.69,810.13,0.105,187.0712,165.7778,162.6696,69.429,0,0,0,0,5.347,4.407,1.747,0,,0.971,0
2013-04-26,3008110,대청,70.42,817.395,80.136,80.136,54.9,70.36,67.73,814.277,0,186.9662,165.7778,161.6986,68.758,0,0,0,0,5.335,4.289,1.754,0,,2.0798,0
2013-04-25,3008110,대청,70.42,817.395,74.934,80.957,54.9,70.46,67.73,819.477,2.4806,186.9662,165.6173,159.6188,69.134,0,0,0,0,5.694,4.393,1.736,0,,2.6905,0
2013-04-24,3008110,대청,70.43,817.915,69.072,81.124,54.9,70.55,67.72,824.174,2.1893,184.4856,152.2602,156.9283,68.913,0,0,0,0,5.116,4.344,2.751,0,,0.2705,0
2013-04-23,3008110,대청,70.45,818.956,60.916,79.011,55,70.63,67.72,828.363,16.1129,182.2963,152.2602,156.6578,69.086,0,0,0,0,4.906,4.294,0.725,0,,3.057,0
2013-04-22,3008110,대청,70.48,820.52,43.73,79.979,55.1,70.65,67.74,829.412,0,166.1834,152.2602,153.6008,69.146,0,0,0,0,5.103,4.41,1.32,0,,3.4161,0
2013-04-21,3008110,대청,70.54,823.652,36.742,79.134,55.3,70.74,67.76,834.142,1.6426,166.1834,151.4957,150.1847,68.949,0,0,0,0,5.277,4.335,0.573,0,,2.8091,0
2013-04-20,3008110,대청,70.61,827.314,49.13,79.477,55.5,70.87,67.74,841.001,14.8289,164.5408,118.6179,147.3756,69.027,0,0,0,0,5.523,4.331,0.596,0,,2.0572,0
2013-04-19,3008110,대청,70.66,829.936,30.815,79.487,55.7,71.02,67.74,848.957,0,149.7119,118.4184,145.3184,69.066,0,0,0,0,5.391,4.484,0.546,0,,3.4046,0
2013-04-18,3008110,대청,70.74,834.142,30.775,79.59,56,71.12,67.71,854.286,0,149.7119,117.9651,141.9138,69.142,0,0,0,0,5.405,4.471,0.572,0,,4.4693,0
2013-04-17,3008110,대청,70.82,838.359,30.443,79.401,56.3,71.21,67.73,859.098,0,149.7119,117.9651,137.4445,68.96,0,0,0,0,5.359,4.516,0.566,0,,2.9564,0
2013-04-16,3008110,대청,70.9,842.589,36.146,79.102,56.6,71.29,67.74,863.388,0,149.7119,117.9651,134.4881,69.074,0,0,0,0,5.301,4.266,0.461,0,,2.3879,0
2013-04-15,3008110,대청,70.97,846.301,42.481,79.388,56.8,71.35,67.77,866.614,0,149.7119,117.9651,132.1002,69.148,0,0,0,0,5.06,4.589,0.591,0,,0.9067,0
2013-04-14,3008110,대청,71.03,849.489,36.35,79.51,57,71.4,67.8,869.308,0.5521,149.7119,117.9651,131.1935,68.974,0,0,0,0,5.037,4.91,0.589,0,,0.7793,0
2013-04-13,3008110,대청,71.1,853.218,30.355,79.816,57.3,71.45,67.81,872.007,0,149.1598,117.9017,130.4142,69.076,0,0,0,0,5.245,4.907,0.588,0,,0.9684,0
2013-04-12,3008110,대청,71.18,857.492,48.695,79.681,57.6,71.49,67.82,874.169,0,149.1598,117.7942,129.4458,69.022,0,0,0,0,5.142,4.921,0.596,0,,2.7389,0
2013-04-11,3008110,대청,71.23,860.169,42.59,79.848,57.7,71.53,67.83,876.335,2.4,149.1598,117.7669,126.7069,69.025,0,0,0,0,5.349,4.874,0.6,0,,2.0753,0
2013-04-10,3008110,대청,71.29,863.388,42.664,80.003,58,71.57,67.82,878.504,0,146.7598,116.6483,124.6316,69.194,0,0,0,0,5.278,4.93,0.601,0,,2.6386,0
2013-04-09,3008110,대청,71.35,866.614,48.854,80.032,58.2,71.61,67.86,880.675,0,146.7598,115.3085,121.993,69.076,0,0,0,0,5.439,4.915,0.602,0,,3.7206,0
2013-04-08,3008110,대청,71.4,869.308,61.239,79.973,58.3,71.63,67.89,881.763,0,146.7598,115.3085,118.2724,69.092,0,0,0,0,5.486,4.794,0.601,0,,0.6716,0
2013-04-07,3008110,대청,71.43,870.927,48.787,80.056,58.5,71.64,67.93,882.306,2.0875,146.7598,115.3085,117.6008,69.231,0,0,0,0,5.285,4.94,0.6,0,,1.0393,0
2013-04-06,3008110,대청,71.48,873.628,48.921,80.246,58.6,71.64,67.94,882.306,20.7779,144.6723,115.3085,116.5615,69.438,0,0,0,0,5.386,4.823,0.599,0,,1.5991,0
2013-04-05,3008110,대청,71.53,876.335,28.318,78.556,58.8,71.63,67.93,881.763,0,123.8944,115.3085,114.9624,67.835,0,0,0,0,5.125,4.973,0.623,0,,1.7758,0
2013-04-04,3008110,대청,71.61,880.675,34.759,59.933,59.1,71.57,67.94,878.504,0,123.8944,115.3085,113.1866,48.919,0,0,0,0,5.526,4.908,0.58,0,,0.3502,0
2013-04-03,3008110,대청,71.65,882.85,34.582,59.792,59.3,71.5,67.95,874.71,0.0729,123.8944,115.2535,112.8364,49.122,0,0,0,0,5.154,4.892,0.624,0,,2.0935,0
2013-04-02,3008110,대청,71.69,885.029,34.637,59.883,59.4,71.43,67.96,870.927,0.9122,123.8215,97.762,110.7429,48.995,0,0,0,0,5.359,4.909,0.62,0,,2.2336,0
2013-04-01,3008110,대청,71.73,887.21,34.352,59.635,59.5,71.39,67.98,868.769,0,122.9093,97.0837,108.5093,48.993,0,0,0,0,5.223,4.803,0.616,0,,2.5912,0
2013-03-31,3008110,대청,71.77,889.394,42.113,42.113,59.7,71.29,67.99,863.388,0.055,122.9093,97.0837,105.9181,31.181,0,0,0,0,5.393,4.921,0.618,0,,1.0518,0
2013-03-30,3008110,대청,71.77,889.394,35.786,42.112,59.7,71.23,68,860.169,0,122.8543,96.7404,104.8663,31.031,0,0,0,0,5.544,4.917,0.62,0,,1.3629,0
2013-03-29,3008110,대청,71.78,889.941,35.513,41.842,59.7,71.22,68.01,859.633,0,122.8543,78.6003,103.5034,30.952,0,0,0,0,5.322,4.946,0.622,0,,0.9348,0
2013-03-28,3008110,대청,71.79,890.488,41.992,41.992,59.8,71.22,68.01,859.633,0,122.8543,76.2692,102.5686,30.965,0,0,0,0,5.5,4.908,0.619,0,,1.0273,0
2013-03-27,3008110,대청,71.79,890.488,48.397,42.068,59.8,71.21,68,859.098,0,122.8543,76.2692,101.5413,30.967,0,0,0,0,5.555,4.929,0.617,0,,1.1079,0
2013-03-26,3008110,대청,71.78,889.941,48.589,42.263,59.7,71.18,68,857.492,0,122.8543,76.2692,100.4334,31.063,0,0,0,0,5.65,4.934,0.616,0,,0.8369,0
2013-03-25,3008110,대청,71.77,889.394,54.514,41.868,59.7,71.14,68,855.354,0,122.8543,76.2692,99.5965,31.27,0,0,0,0,5.007,4.974,0.617,0,,1.146,0
2013-03-24,3008110,대청,71.75,888.302,54.59,41.953,59.6,71.05,67.99,850.554,0,122.8543,76.1592,98.4505,30.897,0,0,0,0,5.437,5.001,0.618,0,,3.2648,0
2013-03-23,3008110,대청,71.73,887.21,73.488,41.936,59.5,71.04,67.99,850.021,0,122.8543,72.5261,95.1857,30.835,0,0,0,0,5.498,4.987,0.616,0,,2.223,0
2013-03-22,3008110,대청,71.68,884.484,80.008,42.22,59.4,71.03,68.06,849.489,0,122.8543,52.0645,92.9627,31.073,0,0,0,0,5.595,4.935,0.617,0,,2.0784,0
2013-03-21,3008110,대청,71.62,881.219,104.503,41.705,59.1,71.07,68.01,851.619,0,122.8543,47.0684,90.8843,31.074,0,0,0,0,5.08,4.928,0.623,0,,2.0191,0
2013-03-20,3008110,대청,71.52,875.793,122.878,41.579,58.8,71.1,68.03,853.218,0.505,122.8543,47.0684,88.8652,31.081,0,0,0,0,4.911,4.962,0.625,0,,0.8172,0
2013-03-19,3008110,대청,71.39,868.769,178.183,41.47,58.3,71.13,68.04,854.819,0.057,122.3493,47.0684,88.048,31.063,0,0,0,0,4.818,4.965,0.624,0,,0.7641,0
2013-03-18,3008110,대청,71.17,856.957,103.716,41.935,57.5,71.17,68.05,856.957,16.4466,122.2923,47.0684,87.2839,30.917,0,0,0,0,5.413,4.991,0.614,0,,2.396,0
2013-03-17,3008110,대청,71.07,851.619,54.407,42.078,57.2,71.2,68.04,858.562,9.6268,105.8457,46.8141,84.8879,31.152,0,0,0,0,5.348,4.971,0.607,0,,2.6441,0
2013-03-16,3008110,대청,71.05,850.554,72.372,41.588,57.1,71.23,68.05,860.169,0,96.2189,45.541,82.2438,31.054,0,0,0,0,4.997,4.93,0.607,0,,1.4005,0
2013-03-15,3008110,대청,71,847.894,66.432,41.845,56.9,71.27,68.06,862.314,0,96.2189,43.2251,80.8433,31.016,0,0,0,0,5.423,4.799,0.607,0,,1.7409,0
2013-03-14,3008110,대청,70.96,845.77,66.212,41.661,56.8,71.3,68.08,863.925,0,96.2189,43.2251,79.1024,30.992,0,0,0,0,5.115,4.945,0.609,0,,1.7943,0
2013-03-13,3008110,대청,70.92,843.649,59.909,41.519,56.6,71.34,68.1,866.076,17.2566,96.2189,43.1698,77.3081,31.005,0,0,0,0,4.987,4.914,0.613,0,,1.4972,0
2013-03-12,3008110,대청,70.89,842.06,36.046,42.174,56.5,71.37,68.11,867.691,0.3421,78.9623,43.1698,75.8109,30.98,0,0,0,0,5.583,5.001,0.61,0,,0.2692,0
2013-03-11,3008110,대청,70.9,842.589,35.961,42.091,56.6,71.41,68.13,869.847,0,78.6202,43.1698,75.5417,30.799,0,0,0,0,5.738,4.957,0.597,0,,1.5875,0
2013-03-10,3008110,대청,70.91,843.119,36.137,42.269,56.6,71.44,68.13,871.467,0,78.6202,43.1698,73.9542,30.977,0,0,0,0,5.868,4.835,0.589,0,,1.1763,0
2013-03-09,3008110,대청,70.92,843.649,30.473,42.744,56.6,71.46,68.14,872.547,0,78.6202,43.1698,72.7779,31.591,0,0,0,0,5.613,4.959,0.581,0,,0.9267,0
2013-03-08,3008110,대청,70.94,844.709,36.105,42.244,56.7,71.47,68.15,873.088,0,78.6202,43.1698,71.8512,31.138,0,0,0,0,5.617,4.908,0.581,0,,1.4,0
2013-03-07,3008110,대청,70.95,845.239,29.603,41.887,56.7,71.48,68.16,873.628,2.2884,78.6202,43.1698,70.4512,30.789,0,0,0,0,5.598,4.92,0.58,0,,1.917,0
2013-03-06,3008110,대청,70.97,846.301,42.342,42.342,56.8,71.49,68.17,874.169,0,76.3318,43.0968,68.5342,31.222,0,0,0,0,5.605,4.94,0.575,0,,1.5766,0
2013-03-05,3008110,대청,70.97,846.301,35.825,41.971,56.8,71.51,68.17,875.252,0,76.3318,39.9093,66.9576,31.029,0,0,0,0,5.59,4.779,0.573,0,,1.9865,0
2013-03-04,3008110,대청,70.98,846.832,29.515,41.813,56.8,71.54,68.15,876.877,0,76.3318,22.2581,64.9711,30.973,0,0,0,0,5.31,4.966,0.564,0,,1.9365,0
2013-03-03,3008110,대청,71,847.894,35.714,41.866,56.9,71.58,68.14,879.046,0,76.3318,19.7448,63.0346,30.787,0,0,0,0,5.61,4.91,0.559,0,,1.5423,0
2013-03-02,3008110,대청,71.01,848.426,41.739,41.739,56.9,71.63,68.13,881.763,0,76.3318,19.6166,61.4923,31.024,0,0,0,0,5.255,4.901,0.559,0,,0.5419,0
2013-03-01,3008110,대청,71.01,848.426,35.438,41.593,56.9,71.68,68.12,884.484,5.0096,76.3318,18.254,60.9504,31.114,0,0,0,0,4.976,4.942,0.561,0,,1.9337,0
2013-02-28,3008110,대청,71.02,848.957,23.53,60.504,57,71.76,68.11,888.848,0,71.3222,18.254,59.0167,49.35,0,0,0,0,5.671,4.921,0.562,0,,1.775,0
2013-02-27,3008110,대청,71.08,852.152,35.256,59.951,57.2,71.79,68.11,890.488,0,71.3222,18.254,57.2417,49.137,0,0,0,0,5.376,4.876,0.562,0,,2.2468,0
2013-02-26,3008110,대청,71.12,854.286,35.495,60.226,57.3,71.82,68.11,892.129,0,71.3222,18.1811,54.9949,49.195,0,0,0,0,5.566,4.91,0.555,0,,0.2742,0
2013-02-25,3008110,대청,71.16,856.422,29.121,60.085,57.5,71.85,68.11,893.772,0,71.3222,18.1811,54.7207,49.021,0,0,0,0,5.567,4.942,0.555,0,,3.1709,0
2013-02-24,3008110,대청,71.21,859.098,40.786,59.391,57.7,71.87,68.1,894.869,0,71.3222,17.4384,51.5498,48.944,0,0,0,0,4.979,4.914,0.554,0,,0.9812,0
2013-02-23,3008110,대청,71.24,860.705,30.955,62.009,57.8,71.91,68.09,897.064,0,71.3222,17.4384,50.5686,51.174,0,0,0,0,5.276,5.004,0.555,0,,1.6256,0
2013-02-22,3008110,대청,71.29,863.388,35.251,60.135,58,71.95,68.08,899.263,2.1726,71.3222,17.4384,48.943,48.962,0,0,0,0,5.749,4.868,0.556,0,,2.6276,0
2013-02-21,3008110,대청,71.33,865.538,28.73,59.886,58.1,71.99,68.08,901.465,0,69.1496,17.4384,46.3154,49.106,0,0,0,0,5.358,4.865,0.557,0,,1.0732,0
2013-02-20,3008110,대청,71.38,868.23,40.869,59.59,58.3,72.03,68.09,903.67,0,69.1496,17.4384,45.2422,49.059,0,0,0,0,5.11,4.864,0.557,0,,1.0136,0
2013-02-19,3008110,대청,71.41,869.847,29.282,60.528,58.4,72.06,68.11,905.325,0,69.1496,17.4384,44.2286,49.094,0,0,0,0,5.401,4.889,1.144,0,,0.8375,0
2013-02-18,3008110,대청,71.46,872.547,46.943,59.457,58.6,72.1,68.13,907.536,0.922,69.1496,17.4384,43.3911,49.092,0,0,0,0,5.421,4.917,0.027,0,,0.7553,0
2013-02-17,3008110,대청,71.48,873.628,41.549,60.337,58.6,72.13,68.15,909.196,0.4282,68.2276,17.4384,42.6358,49.081,0,0,0,0,5.629,4.956,0.671,0,,0.7711,0
2013-02-16,3008110,대청,71.51,875.252,35.034,60.117,58.7,72.17,68.18,911.412,0,67.7994,17.4384,41.8647,49.107,0,0,0,0,5.402,4.936,0.672,0,,2.082,0
2013-02-15,3008110,대청,71.55,877.419,35.548,60.667,58.9,72.21,68.19,913.631,0,67.7994,17.4384,39.7827,49.024,0,0,0,0,5.953,5.016,0.674,0,,1.1303,0
2013-02-14,3008110,대청,71.59,879.589,54.157,60.442,59,72.24,68.21,915.297,0.151,67.7994,17.4384,38.6524,49.109,0,0,0,0,5.717,4.93,0.686,0,,0.6448,0
2013-02-13,3008110,대청,71.6,880.132,47.599,60.177,59.1,72.28,68.22,917.522,0.0755,67.6484,17.4384,38.0076,49.153,0,0,0,0,5.396,4.916,0.712,0,,1.3002,0
2013-02-12,3008110,대청,71.62,881.219,50.109,100.511,59.1,72.32,68.23,919.749,0.4049,67.5729,17.4384,36.7074,89.106,0,0,0,0,5.701,4.971,0.733,0,,0.7871,0
2013-02-11,3008110,대청,71.7,885.574,45.742,140.637,59.4,72.35,68.25,921.422,0,67.168,17.4384,35.9203,129.187,0,0,0,0,5.741,4.974,0.735,0,,1.5869,0
2013-02-10,3008110,대청,71.85,893.772,65.089,135.004,60,72.39,68.28,923.656,0.1125,67.168,17.4384,34.3334,123.798,0,0,0,0,5.515,4.954,0.737,0,,1.9289,0
2013-02-09,3008110,대청,71.96,899.813,59.076,142.059,60.4,72.42,68.31,925.333,0,67.0555,17.4384,32.4045,130.355,0,0,0,0,5.867,5.097,0.74,0,,1.4737,0
2013-02-08,3008110,대청,72.09,906.983,70.019,140.537,60.9,72.46,68.35,927.572,0,67.0555,17.4384,30.9308,129.282,0,0,0,0,5.557,4.953,0.745,0,,1.5543,0
2013-02-07,3008110,대청,72.2,913.075,75.772,140.119,61.3,72.49,68.38,929.253,0,67.0555,17.4384,29.3765,128.863,0,0,0,0,5.575,4.928,0.753,0,,0.3667,0
2013-02-06,3008110,대청,72.3,918.635,102.13,140.848,61.7,72.53,68.42,931.497,3.3067,67.0555,17.4384,29.0098,129.409,0,0,0,0,5.775,4.905,0.759,0,,0.2153,0
2013-02-05,3008110,대청,72.36,921.98,114.108,139.966,61.9,72.57,68.45,933.745,1.6923,63.7488,17.2401,28.7945,128.605,0,0,0,0,5.776,4.93,0.655,0,,0.2493,0
2013-02-04,3008110,대청,72.4,924.214,120.169,139.587,62,72.61,68.48,935.996,8.1382,62.0565,16.9055,28.5452,128.868,0,0,0,0,5.686,4.476,0.557,0,,0.4255,0
2013-02-03,3008110,대청,72.43,925.892,165.686,139.8,62.1,72.65,68.52,938.25,1.2859,53.9183,16.6008,28.1197,128.973,0,0,0,0,5.849,4.396,0.582,0,,0.4679,0
2013-02-02,3008110,대청,72.39,923.656,165.917,140.068,62,72.68,68.56,939.943,0,52.6324,16.5455,27.6518,129.366,0,0,0,0,5.764,4.396,0.542,0,,0.4773,0
2013-02-01,3008110,대청,72.35,921.422,75.784,140.475,61.8,72.71,68.58,941.637,17.3834,52.6324,16.493,27.1745,129.449,0,0,0,0,5.822,4.651,0.553,0,,1.223,0
2013-01-31,3008110,대청,72.45,927.012,42.997,140.465,62.2,72.74,68.62,943.333,0,35.249,15.4281,25.9515,129.137,0,0,0,0,5.845,4.922,0.561,0,,1.2637,0
2013-01-30,3008110,대청,72.6,935.433,42.542,140.528,62.8,72.77,68.66,945.031,0,35.249,9.3258,24.6878,129.112,0,0,0,0,5.937,4.918,0.561,0,,0.6552,0
2013-01-29,3008110,대청,72.75,943.899,55.206,140.547,63.4,72.8,68.69,946.731,0,35.249,9.3258,24.0326,128.957,0,0,0,0,6.086,4.941,0.563,0,,0.303,0
2013-01-28,3008110,대청,72.88,951.272,54.053,139.785,63.8,72.84,68.74,949,0,35.249,9.3258,23.7296,128.887,0,0,0,0,5.398,4.937,0.563,0,,0.2333,0
2013-01-27,3008110,대청,73.01,958.68,60.908,140.393,64.3,72.88,68.77,951.272,0,35.249,9.3258,23.4963,128.948,0,0,0,0,5.86,5.021,0.564,0,,0.6673,0
2013-01-26,3008110,대청,73.13,965.547,67.72,140.875,64.8,72.91,68.81,952.979,0,35.249,9.0795,22.829,129.687,0,0,0,0,5.911,4.712,0.565,0,,0.4617,0
2013-01-25,3008110,대청,73.24,971.868,80.477,140.54,65.2,72.95,68.85,955.257,0,35.249,9.0795,22.3673,129.124,0,0,0,0,5.833,5.015,0.568,0,,0.0896,0
2013-01-24,3008110,대청,73.33,977.057,114,87.282,65.6,72.98,68.88,956.967,1.4407,35.249,9.0795,22.2777,76.094,0,0,0,0,5.891,4.73,0.567,0,,0.3531,0
2013-01-23,3008110,대청,73.29,974.749,130.005,70.025,65.4,73,68.9,958.109,1.3109,33.8083,9.0795,21.9246,59.01,0,0,0,0,5.871,4.58,0.564,0,,1.1259,0
2013-01-22,3008110,대청,73.2,969.566,90.186,70.235,65.1,73.02,68.93,959.251,2.4519,32.4974,9.0795,20.7987,59.077,0,0,0,0,5.842,4.751,0.565,0,,1.3713,0
2013-01-21,3008110,대청,73.17,967.843,63.852,70.5,65,73.04,68.95,960.394,25.5588,30.0455,9.0795,19.4274,59.25,0,0,0,0,5.729,4.964,0.557,0,,1.5288,0
2013-01-20,3008110,대청,73.18,968.417,16.998,70.267,65,73.07,68.97,962.11,0,4.4867,7.3703,17.8986,59.091,0,0,0,0,5.689,4.925,0.562,0,,0.9154,0
2013-01-19,3008110,대청,73.26,973.019,23.741,70.473,65.3,73.09,69,963.255,0,4.4867,7.1589,16.9832,59.078,0,0,0,0,5.87,4.96,0.565,0,,0.8749,0
2013-01-18,3008110,대청,73.33,977.057,23.68,70.526,65.6,73.12,69.02,964.974,0,4.4867,1.8879,16.1083,59.27,0,0,0,0,5.776,4.916,0.564,0,,0.9718,0
2013-01-17,3008110,대청,73.4,981.105,29.825,70.07,65.9,73.15,69.05,966.694,0,4.4867,1.8879,15.1365,59.071,0,0,0,0,5.554,4.906,0.539,0,,0.595,0
2013-01-16,3008110,대청,73.46,984.582,23.329,70.388,66.1,73.18,69.08,968.417,0,4.4867,1.8879,14.5415,59.136,0,0,0,0,5.793,4.947,0.512,0,,1.4242,0
2013-01-15,3008110,대청,73.53,988.648,24.039,64.466,66.4,73.21,69.12,970.141,0,4.4867,1.8879,13.1173,53.099,0,0,0,0,5.891,4.971,0.505,0,,1.6459,0
2013-01-14,3008110,대청,73.59,992.141,23.613,64.124,66.6,73.25,69.15,972.443,0,4.4867,1.8879,11.4714,53.122,0,0,0,0,5.575,4.926,0.501,0,,0.551,0
2013-01-13,3008110,대청,73.65,995.641,23.968,64.563,66.8,73.28,69.18,974.172,0,4.4867,1.8879,10.9204,53.124,0,0,0,0,5.821,5.117,0.501,0,,0.5879,0
2013-01-12,3008110,대청,73.71,999.148,23.744,64.424,67.1,73.31,69.21,975.903,0.2265,4.4867,1.8879,10.3325,52.809,0,0,0,0,6.076,5.038,0.501,0,,0.6887,0
2013-01-11,3008110,대청,73.77,1002.663,30.046,64.01,67.3,73.35,69.24,978.213,0,4.2602,1.8879,9.6438,53.042,0,0,0,0,5.445,5.025,0.498,0,,1.1075,0
2013-01-10,3008110,대청,73.82,1005.597,16.837,64.486,67.5,73.39,69.27,980.526,0,4.2602,1.8879,8.5363,53.142,0,0,0,0,5.914,4.928,0.502,0,,0.3327,0
2013-01-09,3008110,대청,73.89,1009.714,30.492,64.597,67.8,73.43,69.3,982.842,0,4.2602,1.8879,8.2036,53.072,0,0,0,0,6.03,4.996,0.499,0,,0.4221,0
2013-01-08,3008110,대청,73.94,1012.661,17.092,64.938,68,73.46,69.33,984.582,0.0525,4.2602,1.8354,7.7815,53.199,0,0,0,0,6.157,5.083,0.499,0,,0.8181,0
2013-01-07,3008110,대청,74.01,1016.795,22.679,63.782,68.2,73.49,69.37,986.323,0.105,4.2077,1.8354,6.9634,53.199,0,0,0,0,5.123,4.961,0.499,0,,2.2707,0
2013-01-06,3008110,대청,74.07,1020.346,30.589,64.906,68.5,73.53,69.4,988.648,0.105,4.1027,1.8354,4.6927,53.445,0,0,0,0,5.859,5.1,0.502,0,,0.544,0
2013-01-05,3008110,대청,74.12,1023.311,22.595,63.857,68.7,73.56,69.42,990.393,0,3.9977,1.8354,4.1487,53.296,0,0,0,0,5.101,4.96,0.5,0,,0.7879,0
2013-01-04,3008110,대청,74.18,1026.876,29.387,63.831,68.9,73.59,69.44,992.141,0,3.9977,1.7195,3.3608,52.948,0,0,0,0,5.401,4.981,0.501,0,,0.6606,0
2013-01-03,3008110,대청,74.23,1029.852,25.394,66.808,69.1,73.62,69.46,993.89,0.0525,3.9977,1.6193,2.7002,55.369,0,0,0,0,5.984,4.951,0.504,0,,0.5651,0
2013-01-02,3008110,대청,74.29,1033.43,28.983,63.56,69.4,73.65,69.48,995.641,1.3561,3.9452,0.8291,2.1351,51.944,0,0,0,0,5.718,4.971,0.927,0,,1.4012,0
2013-01-01,3008110,대청,74.34,1036.417,29.223,63.859,69.6,73.68,69.49,997.394,2.5891,2.5891,0.8291,0.7339,52.171,0,0,0,0,5.581,4.981,1.126,0,,0.7339,0
2012-12-31,3008110,대청,74.39,1039.41,29.312,64.007,69.8,73.7,69.61,998.563,0.103,1427.4583,1481.1788,1205.706,51.874,0,0,0,0,5.96,5.04,1.133,0,,0.2907,0
2012-12-30,3008110,대청,74.44,1042.408,36.183,63.972,70,73.72,69.66,999.733,1.894,1427.3553,1481.1789,1205.4153,51.696,0,0,0,0,6.142,4.993,1.141,0,,0.9352,0
2012-12-29,3008110,대청,74.48,1044.809,28.202,63.005,70.1,73.73,69.71,1000.319,1.8878,1425.4613,1481.1789,1204.4801,51.644,0,0,0,0,5.209,5.011,1.141,0,,0.4264,0
2012-12-28,3008110,대청,74.53,1047.816,35.467,63.349,70.3,73.75,69.75,1001.491,5.1968,1423.5735,1480.9847,1204.0537,51.698,0,0,0,0,5.552,4.958,1.141,0,,0.7511,0
2012-12-27,3008110,대청,74.57,1050.225,35.344,63.272,70.5,73.77,69.79,1002.663,0.0525,1418.3767,1480.9847,1203.3026,51.91,0,0,0,0,5.255,4.966,1.141,0,,0.6044,0
2012-12-26,3008110,대청,74.61,1052.638,28.295,63.249,70.7,73.79,69.84,1003.836,0,1418.3242,1480.9847,1202.6982,51.787,0,0,0,0,5.305,5.013,1.144,0,,0.3737,0
2012-12-25,3008110,대청,74.66,1055.658,21.363,63.388,70.9,73.82,69.87,1005.597,0.1567,1418.3242,1480.9847,1202.3245,51.758,0,0,0,0,5.533,4.945,1.152,0,,0.7518,0
2012-12-24,3008110,대청,74.72,1059.289,43.912,64.954,71.1,73.83,69.91,1006.185,0,1418.1675,1480.9847,1201.5727,51.912,0,0,0,0,5.717,5.051,2.274,0,,0.5663,0
2012-12-23,3008110,대청,74.75,1061.107,31.213,59.315,71.2,73.85,69.94,1007.361,0.0525,1418.1675,1480.7616,1201.0064,48.73,0,0,0,0,5.625,4.912,0.048,0,,0.5415,0
2012-12-22,3008110,대청,74.79,1063.535,46.275,60.326,71.4,73.85,69.98,1007.361,0.5979,1418.115,1480.7616,1200.4649,48.73,0,0,0,0,5.463,4.967,1.166,0,,0.7897,0
2012-12-21,3008110,대청,74.81,1064.749,42.122,56.196,71.5,73.86,70.02,1007.949,4.1672,1417.5171,1480.7616,1199.6752,44.676,0,0,0,0,5.408,4.946,1.166,0,,0.2834,0
2012-12-20,3008110,대청,74.83,1065.965,55.999,48.962,71.5,73.88,70.06,1009.126,0,1413.3499,1480.7616,1199.3918,37.096,0,0,0,0,5.696,5.006,1.164,0,,0.3734,0
2012-12-19,3008110,대청,74.82,1065.357,62.516,48.453,71.5,73.89,70.09,1009.714,0,1413.3499,1480.7616,1199.0184,36.997,0,0,0,0,5.344,4.946,1.166,0,,0.3586,0
2012-12-18,3008110,대청,74.8,1064.142,63.22,49.157,71.4,73.9,70.12,1010.303,0,1413.3499,1480.7616,1198.6598,37.181,0,0,0,0,5.808,4.992,1.176,0,,0.7079,0
2012-12-17,3008110,대청,74.78,1062.927,91.74,49.634,71.3,73.91,70.15,1010.892,0.0755,1413.3499,1480.7616,1197.9519,37.362,0,0,0,0,6.077,5.017,1.178,0,,0.7833,0
2012-12-16,3008110,대청,74.72,1059.289,91.212,49.187,71.1,73.9,70.19,1010.303,0,1413.2744,1480.7616,1197.1686,37.01,0,0,0,0,6.019,4.984,1.174,0,,0.65,0
2012-12-15,3008110,대청,74.66,1055.658,48.71,48.71,70.9,73.91,70.23,1010.892,0.4613,1413.2744,1480.7616,1196.5186,37.102,0,0,0,0,5.531,4.906,1.171,0,,0.3957,0
2012-12-14,3008110,대청,74.66,1055.658,34.662,48.667,70.9,73.91,70.26,1010.892,14.1484,1412.8131,1480.7616,1196.1229,37.014,0,0,0,0,5.533,4.95,1.17,0,,1.1694,0
2012-12-13,3008110,대청,74.68,1056.868,27.757,48.764,70.9,73.92,70.3,1011.482,0.7012,1398.6647,1480.7616,1194.9535,36.997,0,0,0,0,5.613,4.982,1.172,0,,0.8144,0
2012-12-12,3008110,대청,74.71,1058.683,21.242,49.298,71.1,73.92,70.33,1011.482,0.8462,1397.9635,1480.7616,1194.1391,37.27,0,0,0,0,5.915,4.94,1.173,0,,0.1639,0
2012-12-11,3008110,대청,74.75,1061.107,27.961,49.026,71.2,73.92,70.37,1011.482,0.4409,1397.1173,1480.7616,1193.9752,37.125,0,0,0,0,5.752,4.975,1.174,0,,0.8847,0
2012-12-10,3008110,대청,74.78,1062.927,20.895,49.02,71.3,73.92,70.4,1011.482,0.4307,1396.6764,1480.7616,1193.0905,36.992,0,0,0,0,5.96,4.892,1.176,0,,1.649,0
2012-12-09,3008110,대청,74.82,1065.357,21.234,49.394,71.5,73.91,70.43,1010.892,0.105,1396.2457,1480.7616,1191.4415,37.42,0,0,0,0,5.903,4.891,1.18,0,,0.8438,0
2012-12-08,3008110,대청,74.86,1067.79,27.917,49.063,71.7,73.9,70.46,1010.303,0.2609,1396.1407,1480.7616,1190.5977,37.086,0,0,0,0,5.891,4.905,1.181,0,,0.9386,0
2012-12-07,3008110,대청,74.89,1069.617,27.952,49.121,71.8,73.88,70.49,1009.126,2.0673,1395.8798,1480.7616,1189.6591,37.108,0,0,0,0,5.926,4.908,1.179,0,,1.0513,0
2012-12-06,3008110,대청,74.92,1071.446,35.071,49.191,71.9,73.85,70.51,1007.361,1.859,1393.8125,1480.7111,1188.6078,37.096,0,0,0,0,6.007,4.912,1.176,0,,1.8083,0
2012-12-05,3008110,대청,74.94,1072.666,33.052,47.184,72,73.82,70.54,1005.597,3.9782,1391.9535,1480.3032,1186.7995,37.008,0,0,0,0,5.602,3.395,1.179,0,,0.8165,0
2012-12-04,3008110,대청,74.96,1073.887,26.477,47.692,72.1,73.76,70.57,1002.077,0.1233,1387.9753,1480.3032,1185.983,37.192,0,0,0,0,5.787,3.525,1.188,0,,3.1459,0
2012-12-03,3008110,대청,74.99,1075.72,20.539,48.861,72.2,73.68,70.6,997.394,3.3161,1387.852,1480.3032,1182.8371,37.095,0,0,0,0,5.637,4.941,1.188,0,,1.3067,0
2012-12-02,3008110,대청,75.03,1078.167,27.561,48.834,72.4,73.59,70.62,992.141,0,1384.5359,1472.1718,1181.5304,36.957,0,0,0,0,5.74,4.948,1.189,0,,0.721,0
2012-12-01,3008110,대청,75.06,1080.005,21.046,49.426,72.5,73.46,70.64,984.582,0,1384.5359,1471.7939,1180.8094,37.048,0,0,0,0,6.235,4.952,1.191,0,,0.6082,0
2012-11-30,3008110,대청,75.1,1082.457,23.521,44.84,72.7,73.31,70.65,975.903,0.0525,1384.5359,1471.5797,1180.2012,33.065,0,0,0,0,5.625,4.959,1.191,0,,2.2315,0
2012-11-29,3008110,대청,75.13,1084.299,30.485,44.71,72.8,73.24,70.66,971.868,0.0823,1384.4834,1431.8112,1177.9697,33.086,0,0,0,0,5.583,4.85,1.191,0,,2.6885,0
2012-11-28,3008110,대청,75.15,1085.528,23.802,45.156,72.9,73.25,70.68,972.443,0.4242,1384.4011,1431.8112,1175.2812,33.051,0,0,0,0,5.933,4.982,1.19,0,,1.605,0
2012-11-27,3008110,대청,75.18,1087.373,31.231,45.479,73,73.25,70.71,972.443,0.0525,1383.9769,1431.8112,1173.6762,33.04,0,0,0,0,5.995,5.005,1.439,0,,2.4505,0
2012-11-26,3008110,대청,75.2,1088.604,31.32,45.579,73.1,73.26,70.74,973.019,3.0769,1383.9244,1431.8112,1171.2257,33.091,0,0,0,0,5.729,5.012,1.747,0,,1.028,0
2012-11-25,3008110,대청,75.22,1089.836,23.901,45.301,73.1,73.26,70.77,973.019,0.2924,1380.8475,1431.8112,1170.1977,32.999,0,0,0,0,5.533,4.986,1.783,0,,0.6795,0
2012-11-24,3008110,대청,75.25,1091.685,31.216,45.498,73.3,73.26,70.79,973.019,0,1380.5551,1431.8112,1169.5182,32.993,0,0,0,0,5.717,5.005,1.783,0,,0.7533,0
2012-11-23,3008110,대청,75.27,1092.919,38.039,45.18,73.4,73.27,70.82,973.596,0,1380.5551,1431.8112,1168.7649,33,0,0,0,0,5.729,5.148,1.303,0,,1.0406,0
2012-11-22,3008110,대청,75.28,1093.536,24.133,45.58,73.4,73.28,70.85,974.172,0,1380.5551,1423.3107,1167.7243,33.146,0,0,0,0,5.66,5.054,1.72,0,,0.9744,0
2012-11-21,3008110,대청,75.31,1095.389,44.798,44.798,73.5,73.28,70.88,974.172,0,1380.5551,1423.2582,1166.7499,33.021,0,0,0,0,5.88,4.976,0.921,0,,0.7443,0
2012-11-20,3008110,대청,75.31,1095.389,30.815,45.121,73.5,73.29,70.9,974.749,0,1380.5551,1423.2582,1166.0056,33.872,0,0,0,0,5.602,4.934,0.713,0,,1.028,0
2012-11-19,3008110,대청,75.33,1096.625,37.151,44.315,73.6,73.31,70.93,975.903,0.5121,1380.5551,1423.154,1164.9776,33.011,0,0,0,0,5.613,4.981,0.71,0,,1.447,0
2012-11-18,3008110,대청,75.34,1097.244,44.541,44.541,73.6,73.32,70.95,976.48,0,1380.043,1421.5633,1163.5306,33.062,0,0,0,0,5.776,4.993,0.71,0,,0.8837,0
2012-11-17,3008110,대청,75.34,1097.244,44.395,44.395,73.6,73.32,70.98,976.48,1.6798,1380.043,1414.6841,1162.6469,33.049,0,0,0,0,5.648,4.989,0.709,0,,0.6592,0
2012-11-16,3008110,대청,75.34,1097.244,37.37,44.523,73.6,73.32,71.01,976.48,4.3273,1378.3632,1414.4695,1161.9877,33.03,0,0,0,0,5.822,4.965,0.706,0,,0.9009,0
2012-11-15,3008110,대청,75.35,1097.862,51.681,44.528,73.7,73.34,71.04,977.635,0,1374.0359,1414.4695,1161.0868,33.011,0,0,0,0,5.891,4.924,0.702,0,,0.4096,0
2012-11-14,3008110,대청,75.34,1097.244,43.993,43.993,73.6,73.34,71.07,977.635,0.8243,1374.0359,1414.4695,1160.6772,33.208,0,0,0,0,5.637,4.449,0.699,0,,0.8306,0
2012-11-13,3008110,대청,75.34,1097.244,56.193,41.876,73.6,73.35,71.1,978.213,5.0678,1373.2116,1414.2611,1159.8466,33.159,0,0,0,0,5.382,2.641,0.694,0,,1.5732,0
2012-11-12,3008110,대청,75.32,1096.007,37.134,44.287,73.6,73.36,71.13,978.791,0,1368.1438,1414.2611,1158.2734,33.057,0,0,0,0,5.579,4.968,0.683,0,,1.8459,0
2012-11-11,3008110,대청,75.33,1096.625,51.449,44.296,73.6,73.37,71.17,979.369,13.7728,1368.1438,1414.2611,1156.4275,33.236,0,0,0,0,5.451,4.931,0.678,0,,4.3927,0
2012-11-10,3008110,대청,75.32,1096.007,29.817,44.134,73.6,73.38,71.19,979.947,1.2556,1354.371,1413.889,1152.0348,33.016,0,0,0,0,5.429,4.982,0.707,0,,0.9332,0
2012-11-09,3008110,대청,75.34,1097.244,30.15,44.467,73.6,73.39,71.23,980.526,0.057,1353.1154,1413.889,1151.1016,33.165,0,0,0,0,5.659,4.994,0.649,0,,1.8317,0
2012-11-08,3008110,대청,75.36,1098.481,29.756,44.096,73.7,73.37,71.27,979.369,0,1353.0584,1413.889,1149.2699,33.133,0,0,0,0,5.417,4.867,0.679,0,,1.5152,0
2012-11-07,3008110,대청,75.38,1099.72,36.86,44.024,73.8,73.35,71.3,978.213,0.0525,1353.0584,1413.7097,1147.7547,33,0,0,0,0,5.464,4.882,0.678,0,,1.2385,0
2012-11-06,3008110,대청,75.39,1100.339,29.078,43.43,73.9,73.33,71.33,977.057,9.3422,1353.0059,1413.5311,1146.5162,32.989,0,0,0,0,5.543,4.216,0.682,0,,2.9938,0
2012-11-05,3008110,대청,75.41,1101.579,29.908,44.26,73.9,73.32,71.36,976.48,0.6093,1343.6637,1402.7395,1143.5224,33.063,0,0,0,0,5.567,4.945,0.685,0,,1.8346,0
2012-11-04,3008110,대청,75.43,1102.819,29.499,43.862,74,73.32,71.39,976.48,4.0005,1343.0544,1383.9428,1141.6878,33.031,0,0,0,0,5.301,4.846,0.684,0,,0.4031,0
2012-11-03,3008110,대청,75.45,1104.06,22.995,44.569,74.1,73.34,71.43,977.635,0,1339.0539,1383.9428,1141.2847,33.013,0,0,0,0,5.903,4.968,0.685,0,,0.475,0
2012-11-02,3008110,대청,75.48,1105.924,22.646,44.232,74.2,73.35,71.46,978.213,0,1339.0539,1383.9428,1140.8097,32.999,0,0,0,0,5.601,4.948,0.684,0,,0.9009,0
2012-11-01,3008110,대청,75.51,1107.789,29.805,44.215,74.4,73.37,71.49,979.369,0.1676,1339.0539,1383.9428,1139.9088,33.058,0,0,0,0,5.555,4.92,0.682,0,,2.1694,0
2012-10-31,3008110,대청,75.53,1109.034,26.679,41.089,74.4,73.38,71.52,979.947,0.5701,1338.8863,1383.9428,1137.7394,30.038,0,0,0,0,5.418,4.953,0.68,0,,2.6124,0
2012-10-30,3008110,대청,75.55,1110.279,33.604,40.826,74.5,73.39,71.55,980.526,0,1338.3162,1383.9428,1135.127,30.126,0,0,0,0,5.116,4.906,0.678,0,,1.1906,0
2012-10-29,3008110,대청,75.56,1110.903,41.551,41.551,74.6,73.41,71.59,981.684,0,1338.3162,1383.9428,1133.9364,30.145,0,0,0,0,5.787,4.94,0.679,0,,2.6032,0
2012-10-28,3008110,대청,75.56,1110.903,34.173,41.384,74.6,73.42,71.62,982.263,0,1338.3162,1383.6399,1131.3332,30.068,0,0,0,0,5.635,4.974,0.707,0,,1.6156,0
2012-10-27,3008110,대청,75.57,1111.526,48.258,41.047,74.6,73.43,71.65,982.842,16.3519,1338.3162,1383.6399,1129.7176,29.997,0,0,0,0,5.499,4.904,0.647,0,,1.0047,0
2012-10-26,3008110,대청,75.56,1110.903,26.943,41.364,74.6,73.44,71.68,983.422,0,1321.9643,1383.6399,1128.7129,30.002,0,0,0,0,5.718,4.967,0.677,0,,0.5495,0
2012-10-25,3008110,대청,75.58,1112.149,34.276,41.498,74.6,73.45,71.71,984.002,0,1321.9643,1383.6399,1128.1634,30.077,0,0,0,0,5.787,4.958,0.676,0,,0.7533,0
2012-10-24,3008110,대청,75.59,1112.773,48.52,41.298,74.7,73.45,71.74,984.002,0,1321.9643,1383.5371,1127.4101,29.995,0,0,0,0,5.729,4.898,0.676,0,,1.1697,0
2012-10-23,3008110,대청,75.58,1112.149,48.399,41.188,74.6,73.44,71.77,983.422,0,1321.9643,1382.5956,1126.2404,30.096,0,0,0,0,5.521,4.895,0.676,0,,0.6437,0
2012-10-22,3008110,대청,75.57,1111.526,77.43,41.388,74.6,73.4,71.8,981.105,35.2668,1321.9643,1382.5178,1125.5967,30.392,0,0,0,0,5.44,4.889,0.667,0,,4.2749,0
2012-10-21,3008110,대청,75.52,1108.412,19.589,41.198,74.4,73.36,71.84,978.791,0,1286.6975,1346.4966,1121.3218,30.182,0,0,0,0,5.405,4.938,0.673,0,,1.7985,0
2012-10-20,3008110,대청,75.55,1110.279,19.719,41.363,74.5,73.38,71.87,979.947,0,1286.6975,1341.6435,1119.5233,30.085,0,0,0,0,5.567,4.979,0.732,0,,0.1735,0
2012-10-19,3008110,대청,75.58,1112.149,26.948,41.392,74.6,73.4,71.9,981.105,0,1286.6975,1341.6435,1119.3498,30.053,0,0,0,0,5.707,4.965,0.667,0,,0.8911,0
2012-10-18,3008110,대청,75.6,1113.397,26.732,41.176,74.7,73.42,71.94,982.263,0,1286.6975,1341.6435,1118.4587,30.03,0,0,0,0,5.59,4.889,0.667,0,,0.8625,0
2012-10-17,3008110,대청,75.62,1114.645,18.702,40.392,74.8,73.44,71.97,983.422,3.0638,1286.6975,1341.6435,1117.5962,30.074,0,0,0,0,4.958,4.745,0.615,0,,1.2997,0
2012-10-16,3008110,대청,75.65,1116.519,22.507,44.22,74.9,73.46,72,984.582,0,1283.6337,1341.6435,1116.2965,33.113,0,0,0,0,5.44,4.997,0.67,0,,1.4305,0
2012-10-15,3008110,대청,75.68,1118.395,26.702,41.193,75.1,73.48,72.03,985.742,0,1283.6337,1341.469,1114.866,29.966,0,0,0,0,5.625,4.931,0.671,0,,0.4611,0
2012-10-14,3008110,대청,75.7,1119.647,26.86,41.362,75.1,73.49,72.05,986.323,0,1283.6337,1336.6124,1114.4049,30.195,0,0,0,0,5.638,4.857,0.672,0,,1.4017,0
2012-10-13,3008110,대청,75.72,1120.9,19.598,41.357,75.2,73.51,72.06,987.485,0,1283.6337,1331.4763,1113.0032,30.175,0,0,0,0,5.552,4.957,0.673,0,,0.9747,0
2012-10-12,3008110,대청,75.75,1122.78,26.319,40.844,75.4,73.52,72.06,988.066,0,1283.6337,1331.4763,1112.0285,29.866,0,0,0,0,5.369,4.907,0.702,0,,3.0031,0
2012-10-11,3008110,대청,75.77,1124.035,26.65,41.175,75.4,73.55,72.06,989.811,0,1283.6337,1331.4763,1109.0254,30.056,0,0,0,0,5.719,4.76,0.64,0,,2.2625,0
2012-10-10,3008110,대청,75.79,1125.29,26.306,40.843,75.5,73.56,72.09,990.393,0,1283.6337,1331.4763,1106.7629,29.802,0,0,0,0,5.452,4.917,0.672,0,,3.2949,0
2012-10-09,3008110,대청,75.81,1126.546,27.209,41.758,75.6,73.58,72.12,991.558,0,1283.6337,1331.4763,1103.468,30.096,0,0,0,0,6.019,4.965,0.678,0,,1.3377,0
2012-10-08,3008110,대청,75.83,1127.803,26.827,41.387,75.7,73.6,72.16,992.723,0,1283.6337,1331.4763,1102.1303,30.09,0,0,0,0,5.637,4.918,0.742,0,,0.8439,0
2012-10-07,3008110,대청,75.85,1129.061,33.863,41.155,75.8,73.62,72.19,993.89,0,1283.6337,1331.4763,1101.2864,30.052,0,0,0,0,5.44,4.88,0.783,0,,0.6281,0
2012-10-06,3008110,대청,75.86,1129.691,33.865,41.145,75.8,73.63,72.23,994.473,0,1283.6337,1331.4763,1100.6583,30.053,0,0,0,0,5.486,4.827,0.779,0,,1.5769,0
2012-10-05,3008110,대청,75.87,1130.32,33.82,41.112,75.9,73.65,72.28,995.641,0,1283.6337,1331.4763,1099.0814,29.955,0,0,0,0,5.533,4.837,0.787,0,,1.7137,0
2012-10-04,3008110,대청,75.88,1130.95,26.754,41.337,75.9,73.68,72.31,997.394,0,1283.6337,1331.4763,1097.3677,30.034,0,0,0,0,5.602,4.913,0.788,0,,0.5011,0
2012-10-03,3008110,대청,75.9,1132.21,41.144,41.144,76,73.69,72.35,997.978,0,1283.6337,1331.4763,1096.8666,29.951,0,0,0,0,5.498,4.928,0.767,0,,0.4638,0
2012-10-02,3008110,대청,75.9,1132.21,33.827,41.119,76,73.69,72.37,997.978,0,1283.6337,1331.4763,1096.4028,29.988,0,0,0,0,5.486,4.909,0.736,0,,2.6137,0
2012-10-01,3008110,대청,75.91,1132.84,40.658,40.658,76,73.7,72.38,998.563,0,1283.6337,1331.4763,1093.7891,30.022,0,0,0,0,5.012,4.826,0.798,0,,1.275,0
2012-09-30,3008110,대청,75.91,1132.84,43.876,58.482,76,73.7,72.3,998.563,0,1283.6337,1331.4763,1092.5141,48.131,0,0,0,0,4.664,4.891,0.796,0,,4.9991,0
2012-09-29,3008110,대청,75.93,1134.102,51.823,59.126,76.1,73.72,72.3,999.733,0,1283.6337,1331.3042,1087.515,47.807,0,0,0,0,5.579,4.952,0.788,0,,3.7143,0
2012-09-28,3008110,대청,75.94,1134.733,45.287,59.893,76.2,73.73,72.34,1000.319,0.2203,1283.6337,1320.6445,1083.8007,48.121,0,0,0,0,5.856,5.001,0.915,0,,1.5775,0
2012-09-27,3008110,대청,75.96,1135.995,52.015,59.33,76.2,73.76,72.39,1002.077,0,1283.4134,1320.6445,1082.2232,47.962,0,0,0,0,5.59,4.963,0.815,0,,2.1186,0
2012-09-26,3008110,대청,75.97,1136.627,60.615,229.423,76.3,73.78,72.43,1003.249,0,1283.4134,1320.6445,1080.1046,217.842,0,0,0,0,5.81,4.956,0.815,0,,1.0746,0
2012-09-25,3008110,대청,76.2,1151.212,71.212,226.455,77.3,73.81,72.46,1005.01,0,1283.4134,1320.6445,1079.03,214.82,0,0,0,0,5.741,5.074,0.82,0,,0.6213,0
2012-09-24,3008110,대청,76.41,1164.625,80.553,139.974,78.2,73.83,72.49,1006.185,0,1283.4134,1320.6445,1078.4087,128.302,0,0,0,0,5.577,5.273,0.822,0,,5.5203,0
2012-09-23,3008110,대청,76.49,1169.759,105.149,224.466,78.5,73.87,72.51,1008.537,0,1283.4134,1320.6445,1072.8884,212.877,0,0,0,0,5.61,5.158,0.821,0,,3.7502,0
2012-09-22,3008110,대청,76.65,1180.068,119.001,223.92,79.2,73.9,72.51,1010.303,0,1283.4134,1320.6445,1069.1382,212.247,0,0,0,0,5.671,5.177,0.825,0,,1.0588,0
2012-09-21,3008110,대청,76.79,1189.133,172.712,300.768,79.8,73.92,72.53,1011.482,0,1283.4134,1320.6445,1068.0794,212.441,76.789,0,0,0,5.532,5.187,0.819,0,,3.4476,0
2012-09-20,3008110,대청,76.96,1200.197,270.536,429.691,80.6,73.93,72.57,1012.071,0,1283.4134,1320.6445,1064.6318,213.081,205.03,0,0,0,5.521,5.245,0.814,0,,3.5438,0
2012-09-19,3008110,대청,77.17,1213.948,532.765,670.045,81.5,73.95,72.6,1013.251,0,1283.4134,1320.6445,1061.088,214.458,443.611,0,0,0,5.845,5.311,0.82,0,,3.381,0
2012-09-18,3008110,대청,77.35,1225.809,1873.26,819.14,82.3,73.97,72.67,1014.431,0.4275,1283.4134,1320.4237,1057.707,216.727,590.691,0,0,0,5.66,5.245,0.817,0,,3.0122,0
2012-09-17,3008110,대청,75.94,1134.733,2022.723,870.975,76.2,73.98,72.62,1015.022,93.6822,1282.9859,1319.0616,1054.6948,229.36,630.655,0,0,0,5.324,4.869,0.767,0,,6.9619,0
2012-09-16,3008110,대청,74.32,1035.222,430.498,984.306,69.5,73.97,72.52,1014.431,34.7813,1189.3037,1319.0616,1047.7329,228.776,744.333,0,0,0,5.428,4.997,0.772,0,,7.4775,0
2012-09-15,3008110,대청,75.11,1083.071,221.299,768.162,72.7,73.97,72.49,1014.431,0.2011,1154.5224,1319.0616,1040.2554,220.304,536.45,0,0,0,5.474,5.147,0.787,0,,6.3428,0
2012-09-14,3008110,대청,75.87,1130.32,122.959,313.248,75.9,73.97,72.52,1014.431,4.8077,1154.3213,1319.0616,1033.9126,215.503,86.316,0,0,0,5.486,5.147,0.796,0,,5.3441,0
2012-09-13,3008110,대청,76.13,1146.761,124.181,227.318,77,73.94,72.46,1012.661,6.3811,1149.5136,1319.0616,1028.5685,215.778,0,0,0,0,5.59,5.153,0.797,0,,4.1909,0
2012-09-12,3008110,대청,76.27,1155.672,128.962,225.166,77.6,73.85,72.36,1007.361,0,1143.1325,1319.0343,1024.3776,213.44,0,0,0,0,5.706,5.221,0.799,0,,5.8538,0
2012-09-11,3008110,대청,76.4,1163.984,183.061,227.598,78.1,73.68,72.34,997.394,0,1143.1325,1306.3157,1018.5238,216.042,0,0,0,0,5.521,5.236,0.799,0,,5.439,0
2012-09-10,3008110,대청,76.46,1167.832,276.83,291.703,78.4,73.55,72.34,989.811,2.2035,1143.1325,1290.6741,1013.0848,215.21,64.645,0,0,0,5.937,5.112,0.799,0,,5.0447,0
2012-09-09,3008110,대청,76.48,1169.117,538.517,427.255,78.5,73.53,72.3,988.648,1.2315,1140.929,1264.5498,1008.0401,216.247,199.858,0,0,0,5.192,5.123,0.835,0,,5.7862,0
2012-09-08,3008110,대청,76.33,1159.504,1029.875,684.817,77.8,73.55,72.31,989.811,40.7692,1139.6975,1262.5587,1002.2539,219.583,453.78,0,0,0,5.606,5.087,0.761,0,,4.7622,0
2012-09-07,3008110,대청,75.86,1129.691,589.277,993.606,75.8,73.58,72.32,991.558,9.6729,1098.9283,1262.5587,997.4917,220.664,760.584,0,0,0,5.671,5.104,1.583,0,,3.4811,0
2012-09-06,3008110,대청,76.41,1164.625,715.115,991.261,78.2,73.61,72.35,993.306,0.073,1089.2554,1262.5587,994.0106,218.421,762.101,0,0,0,5.579,5.126,0.034,0,,3.2553,0
2012-09-05,3008110,대청,76.78,1188.484,1085.233,853.636,79.8,73.63,72.41,994.473,28.0701,1089.1824,1262.5587,990.7553,217.213,624.902,0,0,0,5.556,5.151,0.814,0,,6.8413,0
2012-09-04,3008110,대청,76.47,1168.474,308.821,691.09,78.4,73.66,72.48,996.225,46.2617,1061.1123,1262.5587,983.914,217.405,462.036,0,0,0,5.646,5.187,0.816,0,,3.4088,0
2012-09-03,3008110,대청,76.98,1201.502,248.127,690.639,80.6,73.68,72.43,997.394,0,1014.8506,1262.5587,980.5052,214.05,464.694,0,0,0,5.719,5.348,0.828,0,,4.827,0
2012-09-02,3008110,대청,77.56,1239.735,321.208,592.261,83.2,73.7,72.37,998.563,0.0755,1014.8506,1262.5587,975.6782,210.851,370.021,0,0,0,5.255,5.298,0.836,0,,9.8613,0
2012-09-01,3008110,대청,77.91,1263.154,529.263,513.696,84.8,73.71,72.33,999.148,0.4953,1014.7751,1262.5587,965.8169,211.628,290.031,0,0,0,5.879,5.32,0.838,0,,6.8941,0
2012-08-31,3008110,대청,77.89,1261.809,1595.8,530.406,84.7,73.7,72,998.563,2.9335,1014.2798,1262.5587,958.9228,211.953,306.797,0,0,0,5.625,5.197,0.834,0,,13.361,0
2012-08-30,3008110,대청,76.49,1169.759,1446.799,231.405,78.5,73.75,71.71,1001.491,103.7741,1011.3463,1262.5587,945.5618,219.612,0,0,0,0,5.96,5.04,0.793,0,,15.902,0
2012-08-29,3008110,대청,74.81,1064.749,556.929,235.945,71.5,73.77,71.48,1002.663,0.5227,907.5722,1260.3144,929.6598,224.62,0,0,0,0,5.498,5.046,0.781,0,,7.2726,0
2012-08-28,3008110,대청,74.35,1037.016,290.011,338.53,69.6,73.78,71.45,1003.249,46.2268,907.0495,1260.2619,922.3872,222.986,104.357,0,0,0,5.521,4.891,0.775,0,,8.8356,0
2012-08-27,3008110,대청,74.42,1041.208,201.978,404.235,69.9,73.79,71.44,1003.836,0,860.8227,1260.2619,913.5516,225.288,167.594,0,0,0,5.716,5.026,0.611,0,,6.3262,0
2012-08-26,3008110,대청,74.71,1058.683,285.941,335.061,71.1,73.8,71.31,1004.423,0,860.8227,1260.2619,907.2254,222.157,101.599,0,0,0,5.441,5.077,0.787,0,,8.5654,0
2012-08-25,3008110,대청,74.78,1062.927,409.372,234.476,71.3,73.8,71.2,1004.423,1.7151,860.8227,1260.0152,898.66,223.352,0,0,0,0,5.359,5.048,0.717,0,,8.8081,0
2012-08-24,3008110,대청,74.53,1047.816,248.013,234.089,70.3,73.76,71.14,1002.077,25.8128,859.1076,1259.8686,889.8519,223.032,0,0,0,0,5.416,4.861,0.78,0,,7.2147,0
2012-08-23,3008110,대청,74.51,1046.613,170.92,233.663,70.2,73.78,71.19,1003.249,7.5066,833.2948,1258.2118,882.6372,222.573,0,0,0,0,5.302,5.008,0.78,0,,4.7577,0
2012-08-22,3008110,대청,74.6,1052.034,133.054,231.052,70.6,73.83,71.21,1006.185,15.9265,825.7882,1258.2118,877.8795,221.878,0,0,0,0,5.763,2.868,0.543,0,,7.1077,0
2012-08-21,3008110,대청,74.74,1060.501,120.931,233.489,71.2,73.82,71.16,1005.597,7.2243,809.8617,1258.2118,870.7718,223.393,0,0,0,0,5.764,4.332,0,0,,10.4986,0
2012-08-20,3008110,대청,74.9,1070.226,142.52,234.43,71.8,73.78,71.1,1003.249,2.1007,802.6374,1258.2118,860.2732,223.734,0,0,0,0,5.587,5.109,0,0,,10.5351,0
2012-08-19,3008110,대청,75.03,1078.167,225.086,232.169,72.4,73.72,71.09,999.733,0.11,800.5367,1244.5158,849.7381,221.47,0,0,0,0,5.637,5.062,0,0,,5.4448,0
2012-08-18,3008110,대청,75.04,1078.779,396.406,226.996,72.4,73.64,71.02,995.057,1.5669,800.4267,1240.9148,844.2933,216.257,0,0,0,0,5.648,5.091,0,0,,8.9764,0
2012-08-17,3008110,대청,74.8,1064.142,694.343,235.5,71.4,73.57,71.04,990.975,16.6421,798.8598,1233.9158,835.3169,224.765,0,0,0,0,5.8,4.935,0,0,,6.0132,0
2012-08-16,3008110,대청,74.14,1024.498,1816.22,132.748,68.8,73.59,70.97,992.141,53.3253,782.2177,1222.0833,829.3037,122.554,0,0,0,0,5.404,4.79,0,0,,11.8108,0
2012-08-15,3008110,대청,71.58,879.046,358.974,208.858,59,73.65,70.7,995.641,55.9618,728.8924,1213.5712,817.4929,200.085,0,0,0,0,5.555,2.626,0.592,0,,11.5758,0
2012-08-14,3008110,대청,71.34,866.076,416.521,199.935,58.1,73.52,70.57,988.066,0.13,672.9306,1213.5078,805.9171,188.803,0,0,0,0,5.636,4.785,0.711,0,,6.7771,0
2012-08-13,3008110,대청,70.99,847.363,711.933,99.456,56.9,73.46,70.51,984.582,82.1527,672.8006,1208.5359,799.14,88.936,0,0,0,0,5.325,4.506,0.689,0,,11.0415,0
2012-08-12,3008110,대청,69.98,794.445,68.669,62.72,53.3,73.91,70.52,1010.892,32.9872,590.6479,1208.3038,788.0985,49.071,0,0,0,0,5.462,4.774,3.413,0,,9.5542,0
2012-08-11,3008110,대청,69.97,793.931,17.862,62.225,53.3,74.98,70.39,1075.109,4.0268,557.6607,1197.4175,778.5443,45.813,0,0,0,0,5.311,4.904,6.197,0,,8.1766,0
2012-08-10,3008110,대청,70.04,797.764,32.926,68.586,53.5,75.55,70.31,1110.279,9.5857,553.6339,1184.5466,770.3677,51.571,0,0,0,0,5.808,4.993,6.214,0,,11.9314,0
2012-08-09,3008110,대청,70.1,800.845,21.609,69.283,53.8,73.67,70.32,996.809,0.3559,544.0482,1132.9083,758.4363,52.106,0,0,0,0,5.853,5.078,6.246,0,,7.1026,0
2012-08-08,3008110,대청,70.18,804.964,15.568,69.376,54,72.72,70.33,942.202,0,543.6923,1051.2901,751.3337,51.949,0,0,0,0,5.937,5.214,6.276,0,,6.6975,0
2012-08-07,3008110,대청,70.27,809.613,20.918,68.893,54.3,72.14,70.4,909.749,0,543.6923,1013.5549,744.6362,51.572,0,0,0,0,5.868,5.174,6.279,0,,6.2785,0
2012-08-06,3008110,대청,70.35,813.758,13.731,85.953,54.6,72.13,70.44,909.196,0,543.6923,985.7973,738.3577,68.685,0,0,0,0,5.88,5.122,6.266,0,,5.9605,0
2012-08-05,3008110,대청,70.47,819.998,20.306,68.639,55,72.09,70.38,906.983,0,543.6923,985.5772,732.3972,51.733,0,0,0,0,5.556,5.062,6.288,0,,1.5577,0
2012-08-04,3008110,대청,70.55,824.174,20.617,69.101,55.3,72.06,70.27,905.325,0,543.6923,985.5772,730.8395,52.06,0,0,0,0,5.771,4.961,6.309,0,,11.4304,0
2012-08-03,3008110,대청,70.63,828.363,20.275,68.886,55.6,72.08,70.08,906.43,0,543.6923,982.8209,719.4091,51.77,0,0,0,0,5.648,5.152,6.316,0,,10.7408,0
2012-08-02,3008110,대청,70.71,832.563,26.249,68.911,55.9,72.19,69.96,912.521,0,543.6923,975.2429,708.6683,51.667,0,0,0,0,5.81,5.112,6.322,0,,6.3289,0
2012-08-01,3008110,대청,70.78,836.249,26.377,69.143,56.1,72.28,70,917.522,0,543.6923,973.1704,702.3394,51.859,0,0,0,0,5.834,5.129,6.321,0,,6.4091,0
2012-07-31,3008110,대청,70.85,839.944,22.147,71.163,56.4,72.38,70.06,923.097,0,543.6923,950.6462,695.9303,53.989,0,0,0,0,5.706,5.138,6.33,0,,2.7368,0
2012-07-30,3008110,대청,70.93,844.179,34.453,71.305,56.7,72.61,70.1,935.996,0,543.6923,948.9872,693.1935,54.179,0,0,0,0,5.73,5.117,6.279,0,,3.569,0
2012-07-29,3008110,대청,70.99,847.363,26.806,69.896,56.9,72.81,70.13,947.298,0,543.6923,946.1784,689.6245,53.977,0,0,0,0,5.533,5.098,5.288,0,,5.2552,0
2012-07-28,3008110,대청,71.06,851.086,44.42,69.096,57.1,72.98,70.26,956.967,0,543.6923,942.6963,684.3693,53.892,0,0,0,0,5.856,5.163,4.185,0,,5.1454,0
2012-07-27,3008110,대청,71.1,853.218,50.526,69.056,57.3,73.11,70.3,964.401,0,543.6923,941.9217,679.2239,54.152,0,0,0,0,6.088,4.95,3.866,0,,3.4802,0
2012-07-26,3008110,대청,71.13,854.819,59.243,65.435,57.4,73.23,70.24,971.292,0,543.6923,929.0941,675.7437,54.052,0,0,0,0,5.857,5.07,0.456,0,,9.8246,0
2012-07-25,3008110,대청,71.14,855.354,84.195,65.653,57.4,73.3,70.22,975.326,0,543.6923,928.3535,665.9191,54.295,0,0,0,0,5.695,5.133,0.53,0,,8.566,0
2012-07-24,3008110,대청,71.11,853.752,102.576,65.562,57.3,73.18,70.13,968.417,0.1042,543.6923,907.993,657.3531,54.032,0,0,0,0,5.948,5.058,0.524,0,,4.0219,0
2012-07-23,3008110,대청,71.05,850.554,175.865,65.298,57.1,73.34,69.89,977.635,0,543.5881,903.7692,653.3312,54.285,0,0,0,0,5.672,4.819,0.522,0,,14.4601,0
2012-07-22,3008110,대청,70.87,841.001,211.183,64.91,56.4,73.46,69.52,984.582,14.6878,543.5881,897.4217,638.8711,54.028,0,0,0,0,5.567,4.801,0.514,0,,10.8902,0
2012-07-21,3008110,대청,70.63,828.363,185.823,64.897,55.6,73.41,69.53,981.684,0.0663,528.9003,875.6912,627.9809,54.001,0,0,0,0,5.603,4.787,0.506,0,,5.7972,0
2012-07-20,3008110,대청,70.43,817.915,360.403,64.986,54.9,73.46,69.54,984.582,0.111,528.834,868.7941,622.1837,54.18,0,0,0,0,5.555,4.764,0.487,0,,3.4484,0
2012-07-19,3008110,대청,69.94,792.391,282.973,70.948,53.2,73.62,69.44,993.89,27.8326,528.723,868.7941,618.7353,60.303,0,0,0,0,5.613,4.552,0.48,0,,6.7089,0
2012-07-18,3008110,대청,69.58,774.072,150.194,74.453,52,73.91,69.31,1010.892,10.8231,500.8904,868.7941,612.0264,64.069,0,0,0,0,5.255,4.654,0.475,0,,6.6849,0
2012-07-17,3008110,대청,69.45,767.528,227.2,59.827,51.5,74.21,68.94,1028.661,1.4798,490.0673,868.7941,605.3415,49.07,0,0,0,0,5.641,4.647,0.469,0,,15.4955,0
2012-07-16,3008110,대청,69.16,753.067,511.884,44.778,50.5,74.49,68.34,1045.41,0.1808,488.5875,868.7941,589.846,34.025,0,0,0,0,5.633,4.67,0.45,0,,14.9157,0
2012-07-15,3008110,대청,68.33,712.709,652.777,44.698,47.8,74.94,68.05,1072.666,37.4764,488.4067,867.4254,574.9303,34.119,0,0,0,0,5.646,4.505,0.428,0,,16.5211,0
2012-07-14,3008110,대청,67.2,660.171,143.61,44.455,44.3,75.45,67.77,1104.06,21.9114,450.9303,862.6108,558.4092,33.968,0,0,0,0,5.659,4.408,0.42,0,,12.0642,0
2012-07-13,3008110,대청,67.01,651.604,91.323,44.668,43.7,76.53,67.51,1172.332,16.5506,429.0189,857.2291,546.345,33.965,0,0,0,0,5.653,4.638,0.412,0,,12.2329,0
2012-07-12,3008110,대청,66.92,647.573,127.11,44.656,43.5,77.31,67.15,1223.167,0.8774,412.4683,856.2282,534.1121,34.019,0,0,0,0,5.658,4.585,0.394,0,,15.6391,0
2012-07-11,3008110,대청,66.76,640.449,80.652,44.772,43,77.54,67.01,1238.404,26.5363,411.5909,833.2393,518.473,33.995,0,0,0,0,5.89,4.487,0.4,0,,17.7557,0
2012-07-10,3008110,대청,66.69,637.349,70.276,44.72,42.8,73.97,66.72,1014.431,0.3515,385.0546,820.7628,500.7173,34.019,0,0,0,0,5.775,4.521,0.405,0,,13.1113,0
2012-07-09,3008110,대청,66.64,635.141,87.564,46.8,42.6,70.6,66.43,826.791,0,384.7031,671.1082,487.606,37.015,0,0,0,0,5.103,4.31,0.372,0,,13.5408,0
2012-07-08,3008110,대청,66.56,631.619,160.77,39.404,42.4,69.48,66.31,769.035,0,384.7031,632.0054,474.0652,29.01,0,0,0,0,5.311,4.656,0.427,0,,6.7238,0
2012-07-07,3008110,대청,66.32,621.133,363.968,47.035,41.7,68.24,66.14,708.423,2.1942,384.7031,563.9726,467.3414,36.047,0,0,0,0,5.88,4.678,0.43,0,,8.5341,0
2012-07-06,3008110,대청,65.68,593.75,323.147,44.258,39.9,68.5,65.95,720.852,68.8794,382.5089,554.2008,458.8073,33.953,0,0,0,0,5.393,4.5,0.412,0,,9.8834,0
2012-07-05,3008110,대청,65.1,569.654,40.209,44.954,38.2,68.68,65.71,729.543,27.3821,313.6295,554.2008,448.9239,34.164,0,0,0,0,5.879,4.508,0.403,0,,8.0282,0
2012-07-04,3008110,대청,65.11,570.064,27.097,46.09,38.3,68.47,65.6,719.41,0,286.2474,554.2008,440.8957,34.31,0,0,0,0,5.692,4.508,1.58,0,,7.8534,0
2012-07-03,3008110,대청,65.15,571.705,34.709,44.211,38.4,67.98,65.5,696.142,0,286.2474,553.7354,433.0423,34.037,0,0,0,0,5.636,4.538,0,0,,10.456,0
2012-07-02,3008110,대청,65.17,572.526,44.429,44.429,38.4,68.01,65.39,697.552,0,286.2474,504.0003,422.5863,34.137,0,0,0,0,5.66,4.632,0,0,,8.2926,0
2012-07-01,3008110,대청,65.17,572.526,58.1,43.841,38.4,68.13,65.32,703.21,0,286.2474,501.5646,414.2937,33.9,0,0,0,0,5.393,4.48,0.068,0,,9.3074,0
2012-06-30,3008110,대청,65.14,571.294,32.277,75.124,38.3,68.2,65.29,706.524,41.5341,286.2474,501.2268,404.9863,64.56,0,0,0,0,5.651,4.48,0.433,0,,5.4858,0
2012-06-29,3008110,대청,65.23,574.996,20.324,77.743,38.6,68.32,65.22,712.232,0.1509,244.7133,499.6935,399.5005,64.144,0,0,0,0,5.807,4.784,3.008,0,,7.4446,0
2012-06-28,3008110,대청,65.35,579.957,17.317,79.898,38.9,68.49,65.21,720.371,0.13,244.5624,494.2858,392.0559,64.259,0,0,0,0,5.729,4.68,5.23,0,,5.8586,0
2012-06-27,3008110,대청,65.48,585.364,12.353,80.2,39.3,68.55,65.17,723.259,0,244.4324,490.5425,386.1973,64.145,0,0,0,0,5.868,4.704,5.483,0,,9.7101,0
2012-06-26,3008110,대청,65.62,591.226,16.595,79.998,39.7,68.24,65.12,708.423,0,244.4324,490.5425,376.4872,64.218,0,0,0,0,5.66,4.591,5.529,0,,3.6322,0
2012-06-25,3008110,대청,65.75,596.704,13.859,82.586,40.1,67.32,64.93,665.62,0,244.4324,475.0802,372.855,66.925,0,0,0,0,5.636,4.813,5.212,0,,10.4833,0
2012-06-24,3008110,대청,65.89,602.642,20.499,74.828,40.5,64.66,64.71,551.825,0.0273,244.4324,429.6159,362.3717,59.057,0,0,0,0,5.914,4.672,5.185,0,,13.8402,0
2012-06-23,3008110,대청,66,607.336,17.785,82.368,40.8,63.59,64.65,510.055,1.5819,244.4051,324.7553,348.5315,66.066,0,0,0,0,5.961,4.884,5.457,0,,8.3696,0
2012-06-22,3008110,대청,66.13,612.916,24.243,79.197,41.1,63.58,64.69,509.675,0,242.8232,308.2089,340.1619,64.096,0,0,0,0,5.729,4.668,4.704,0,,5.2619,0
2012-06-21,3008110,대청,66.24,617.664,19.98,75.223,41.5,63.66,64.71,512.72,0,242.8232,291.076,334.9,63.961,0,0,0,0,5.683,4.773,0.806,0,,3.9138,0
2012-06-20,3008110,대청,66.35,622.437,23.717,79.249,41.8,63.76,64.58,516.543,2.1751,242.8232,291.076,330.9862,64.093,0,0,0,0,5.636,4.612,4.908,0,,12.6992,0
2012-06-19,3008110,대청,66.46,627.235,24.355,80.177,42.1,63.88,64.59,521.156,5.5631,240.6481,291.076,318.287,64.023,0,0,0,0,5.59,4.738,5.826,0,,7.9976,0
2012-06-18,3008110,대청,66.57,632.058,22.105,83.343,42.4,63.99,64.66,525.409,0,235.085,291.076,310.2894,67.51,0,0,0,0,5.602,4.78,5.451,0,,4.2294,0
2012-06-17,3008110,대청,66.69,637.349,21.65,72.944,42.8,64.1,64.64,529.686,0,235.085,289.4082,306.06,59.078,0,0,0,0,5.497,4.645,3.723,0,,6.866,0
2012-06-16,3008110,대청,66.79,641.781,18.923,80.786,43.1,64.27,64.63,536.342,0.073,235.085,289.4082,299.194,66.009,0,0,0,0,5.555,4.74,4.482,0,,4.2804,0
2012-06-15,3008110,대청,66.91,647.126,33.233,79.877,43.4,64.51,64.73,545.834,1.6971,235.012,289.4082,294.9136,64.432,0,0,0,0,5.645,4.731,5.069,0,,0.9328,0
2012-06-14,3008110,대청,67,651.156,27.127,79.176,43.7,64.74,64.84,555.038,0,233.3149,289.4082,293.9808,64.12,0,0,0,0,5.625,4.83,4.601,0,,3.2554,0
2012-06-13,3008110,대청,67.1,655.653,36.906,78.712,44,64.97,64.92,564.346,4.7589,233.3149,289.4082,290.7254,64.075,0,0,0,0,5.741,4.733,4.163,0,,2.0025,0
2012-06-12,3008110,대청,67.18,659.265,37.229,79.208,44.3,65.2,65.03,573.76,9.4523,228.556,289.4082,288.7229,63.86,0,0,0,0,5.717,4.844,4.787,0,,2.1848,0
2012-06-11,3008110,대청,67.26,662.892,25.114,83.077,44.5,65.42,65.14,582.864,0,219.1037,289.4082,286.5381,66.997,0,0,0,0,5.648,4.846,5.586,0,,2.1627,0
2012-06-10,3008110,대청,67.37,667.9,32.852,75.19,44.8,65.63,65.19,591.646,0.1042,219.1037,289.4082,284.3754,59.043,0,0,0,0,5.475,4.655,6.017,0,,5.4255,0
2012-06-09,3008110,대청,67.45,671.558,34.263,82.099,45.1,66.06,65.26,609.907,0.055,218.9995,289.4082,278.9499,65.96,0,0,0,0,5.501,4.718,5.92,0,,2.2836,0
2012-06-08,3008110,대청,67.54,675.691,22.798,81.525,45.4,66.5,65.32,628.986,19.2786,218.9445,289.4082,276.6663,64.874,0,0,0,0,5.507,4.696,6.448,0,,5.2558,0
2012-06-07,3008110,대청,67.65,680.765,18.427,77.443,45.7,66.93,65.42,648.02,0,199.6659,289.4082,271.4105,64.191,0,0,0,0,5.174,4.928,3.15,0,,4.6354,0
2012-06-06,3008110,대청,67.76,685.864,27.331,81.255,46,67.33,65.56,666.076,0,199.6659,289.4082,266.7751,64.712,0,0,0,0,6.052,4.897,5.594,0,,0.7085,0
2012-06-05,3008110,대청,67.86,690.523,21.441,81.047,46.3,67.73,65.64,684.471,0,199.6659,289.4082,266.0666,64.093,0,0,0,0,5.833,4.984,6.137,0,,2.0276,0
2012-06-04,3008110,대청,67.97,695.673,18.207,83.566,46.7,68.12,65.74,702.737,0,199.6659,289.4082,264.039,67.127,0,0,0,0,5.301,4.97,6.168,0,,0.2248,0
2012-06-03,3008110,대청,68.09,701.32,32.491,76.276,47.1,68.49,65.83,720.371,0,199.6659,289.4082,263.8142,59.078,0,0,0,0,6.134,4.874,6.19,0,,1.8321,0
2012-06-02,3008110,대청,68.17,705.103,22.141,82.592,47.3,68.85,65.94,737.816,2.5457,199.6659,289.4082,261.9821,66.144,0,0,0,0,5.22,5.01,6.218,0,,3.9747,0
2012-06-01,3008110,대청,68.28,710.326,30.826,80.513,47.7,69.21,66.04,755.547,0.0552,197.1202,289.3419,258.0074,63.839,0,0,0,0,5.475,4.992,6.207,0,,3.4645,0
2012-05-31,3008110,대청,68.37,714.619,23.129,50.826,48,69.55,66.15,772.558,0,197.065,279.6324,254.5429,38.965,0,0,0,0,5.665,4.945,1.251,0,,0.6284,0
2012-05-30,3008110,대청,68.42,717.012,25.659,53.414,48.1,69.93,66.24,791.878,5.541,197.065,279.4769,253.9145,39.079,0,0,0,0,5.852,4.707,3.776,0,,2.6799,0
2012-05-29,3008110,대청,68.47,719.41,21.546,54.937,48.3,70.29,66.33,810.648,0.1832,191.524,279.4769,251.2346,39.445,0,0,0,0,5.32,4.926,5.246,0,,1.1465,0
2012-05-28,3008110,대청,68.53,722.295,21.661,55.145,48.5,70.66,66.44,829.936,2.7167,191.3408,279.4769,250.0881,39.089,0,0,0,0,5.687,4.834,5.535,0,,1.61,0
2012-05-27,3008110,대청,68.59,725.188,19.869,53.445,48.7,71,66.53,847.894,0,188.6241,279.4769,248.4781,37.102,0,0,0,0,5.695,4.871,5.777,0,,0.7813,0
2012-05-26,3008110,대청,68.65,728.089,18.216,57.51,48.9,71.34,66.64,866.076,0,188.6241,279.4769,247.6968,41.087,0,0,0,0,5.706,4.911,5.806,0,,2.3408,0
2012-05-25,3008110,대청,68.72,731.484,19.697,53.47,49.1,71.6,66.74,880.132,0,188.6241,271.0456,245.356,36.983,0,0,0,0,5.729,4.93,5.828,0,,2.048,0
2012-05-24,3008110,대청,68.78,734.402,19.409,53.275,49.3,71.76,66.83,888.848,0,188.6241,271.0456,243.308,36.7,0,0,0,0,5.729,5.011,5.835,0,,2.0078,0
2012-05-23,3008110,대청,68.84,737.328,19.961,53.908,49.5,71.9,66.92,896.515,0,188.6241,271.0456,241.3002,37.236,0,0,0,0,5.74,5.087,5.845,0,,1.2489,0
2012-05-22,3008110,대청,68.9,740.261,19.426,53.477,49.7,72.03,66.99,903.67,0,188.6241,271.0456,240.0513,36.852,0,0,0,0,5.741,5.03,5.854,0,,2.2393,0
2012-05-21,3008110,대청,68.96,743.203,28.132,56.581,49.9,72.14,67.07,909.749,0,188.6241,270.5367,237.812,39.924,0,0,0,0,5.752,5.025,5.88,0,,2.7239,0
2012-05-20,3008110,대청,69.01,745.661,20.008,48.515,50,72.19,67.15,912.521,0,188.6241,265.6249,235.0881,32.265,0,0,0,0,5.243,5.108,5.899,0,,1.3821,0
2012-05-19,3008110,대청,69.06,748.124,21.265,55.559,50.2,72.32,67.23,919.749,0,188.6241,263.4723,233.706,38.778,0,0,0,0,5.764,5.058,5.959,0,,2.1042,0
2012-05-18,3008110,대청,69.12,751.087,24.903,53.56,50.4,72.44,67.32,926.452,0,188.6241,263.4723,231.6018,37.385,0,0,0,0,5.267,4.98,5.928,0,,4.1679,0
2012-05-17,3008110,대청,69.17,753.563,31.073,54.036,50.6,72.55,67.39,932.621,0.8077,188.6241,263.4723,227.4339,37.36,0,0,0,0,5.786,5.002,5.888,0,,2.2146,0
2012-05-16,3008110,대청,69.21,755.547,35.422,52.679,50.7,72.65,67.45,938.25,0,187.8164,263.4723,225.2193,37.038,0,0,0,0,5.29,4.907,5.444,0,,3.0662,0
2012-05-15,3008110,대청,69.24,757.038,35.566,52.835,50.8,72.72,67.46,942.202,0.5468,187.8164,263.4723,222.1531,36.998,0,0,0,0,5.752,4.971,5.114,0,,0.9728,0
2012-05-14,3008110,대청,69.27,758.53,34.732,57.811,50.9,72.74,67.45,943.333,18.5142,187.2696,263.4723,221.1803,42.047,0,0,0,0,5.301,4.863,5.6,0,,2.6423,0
2012-05-13,3008110,대청,69.31,760.524,19.791,48.68,51,72.7,67.46,941.072,0,168.7554,263.4723,218.538,32.122,0,0,0,0,5.267,5.013,6.278,0,,8.4329,0
2012-05-12,3008110,대청,69.36,763.02,27.075,56.033,51.2,72.43,67.49,925.892,0,168.7554,263.4723,210.1051,39.015,0,0,0,0,5.705,5.048,6.265,0,,2.0799,0
2012-05-11,3008110,대청,69.41,765.522,19.213,54.051,51.4,71.55,67.5,877.419,0,168.7554,260.5936,208.0252,36.97,0,0,0,0,5.775,5.005,6.301,0,,4.588,0
2012-05-10,3008110,대청,69.47,768.532,26.062,55.171,51.6,70.33,67.51,812.72,0,168.7554,226.5771,203.4372,38.992,0,0,0,0,5.382,4.951,5.846,0,,4.1981,0
2012-05-09,3008110,대청,69.52,771.047,25.292,54.459,51.8,69.86,67.52,788.295,0,168.7554,154.8393,199.2391,39.081,0,0,0,0,5.786,4.903,4.689,0,,1.9237,0
2012-05-08,3008110,대청,69.57,773.567,22.42,57.513,51.9,69.87,67.51,788.806,0.055,168.7554,153.58,197.3154,42.127,0,0,0,0,5.798,4.882,4.706,0,,1.0986,0
2012-05-07,3008110,대청,69.63,776.599,27.355,56.661,52.1,69.88,67.46,789.317,0,168.7004,153.58,196.2168,41.722,0,0,0,0,5.833,4.889,4.217,0,,7.575,0
2012-05-06,3008110,대청,69.68,779.131,26.248,49.743,52.3,69.89,67.43,789.829,0,168.7004,153.58,188.6418,36.083,0,0,0,0,5.347,4.801,3.512,0,,5.1782,0
2012-05-05,3008110,대청,69.72,781.161,32.182,85.203,52.4,69.9,67.46,790.341,0,168.7004,153.58,183.4636,70.993,0,0,0,0,5.821,4.86,3.529,0,,2.0758,0
2012-05-04,3008110,대청,69.81,785.742,35.759,65.308,52.7,69.89,67.49,789.829,0,168.7004,153.58,181.3878,52.302,0,0,0,0,5.625,4.909,2.472,0,,1.2096,0
2012-05-03,3008110,대청,69.86,788.295,52.214,52.214,52.9,69.85,67.5,787.784,0,168.7004,153.58,180.1782,39.17,0,0,0,0,6.11,4.886,2.048,0,,4.319,0
2012-05-02,3008110,대청,69.86,788.295,44.685,50.599,52.9,69.79,67.54,784.722,2.9226,168.7004,153.58,175.8592,39.313,0,0,0,0,5.174,4.908,1.204,0,,2.0976,0
2012-05-01,3008110,대청,69.87,788.806,49.072,54.986,52.9,69.68,67.55,779.131,0,165.7778,153.58,173.7616,44.017,0,0,0,0,5.429,4.796,0.744,0,,1.8267,0
2012-04-30,3008110,대청,69.88,789.317,48.946,134.837,53,69.56,67.54,773.063,0,165.7778,150.1262,171.9349,121.084,0,0,0,0,5.877,4.955,2.921,0,,3.984,0
2012-04-29,3008110,대청,70.02,796.738,62.302,145.577,53.5,69.51,67.55,770.544,0,165.7778,118.4025,167.9509,131.465,0,0,0,0,5.83,4.772,3.51,0,,3.0759,0
2012-04-28,3008110,대청,70.16,803.933,72.153,143.878,54,69.53,67.57,771.55,0,165.7778,118.3475,164.875,130.22,0,0,0,0,5.83,4.888,2.94,0,,2.7925,0
2012-04-27,3008110,대청,70.28,810.13,91.704,139.698,54.4,69.55,67.61,772.558,0,165.7778,118.2841,162.0825,128.28,0,0,0,0,5.83,4.826,0.763,0,,0.9981,0
2012-04-26,3008110,대청,70.36,814.2767,79.882,140.074,54.7,69.57,67.65,773.567,0.1605,165.7778,116.9341,161.0844,129.22,0,0,0,0,5.405,4.807,0.643,0,,2.1448,0
2012-04-25,3008110,대청,70.46,819.477,84.913,139.276,55,69.59,67.65,774.577,13.3571,165.6173,113.1225,158.9396,128.132,0,0,0,0,5.697,4.739,0.708,0,,2.697,0
2012-04-24,3008110,대청,70.55,824.174,91.606,140.082,55.3,69.6,67.64,775.082,0,152.2602,112.9573,156.2426,129.011,0,0,0,0,5.464,4.88,0.727,0,,0.2105,0
2012-04-23,3008110,대청,70.63,828.363,126.359,138.5,55.6,69.63,67.64,776.599,0,152.2602,112.9573,156.0321,127.414,0,0,0,0,5.475,4.875,0.736,0,,2.649,0
2012-04-22,3008110,대청,70.65,829.412,85.984,140.729,55.7,69.64,67.66,777.105,0.7645,152.2602,112.9573,153.3831,129.892,0,0,0,0,5.324,4.776,0.737,0,,3.5228,0
2012-04-21,3008110,대청,70.74,834.142,60.359,139.746,56,69.65,67.68,777.611,32.8778,151.4957,94.8776,149.8603,128.654,0,0,0,0,5.508,4.848,0.736,0,,2.8456,0
2012-04-20,3008110,대청,70.87,841.001,36.818,128.901,56.4,69.68,67.65,779.131,0.1995,118.6179,94.8776,147.0147,117.875,0,0,0,0,5.418,4.867,0.741,0,,1.6581,0
2012-04-19,3008110,대청,71.02,848.957,32.65,94.328,57,69.72,67.65,781.161,0.4533,118.4184,94.8776,145.3566,82.719,0,0,0,0,6.006,4.864,0.739,0,,3.511,0
2012-04-18,3008110,대청,71.12,854.286,24.245,79.939,57.3,69.75,67.62,782.686,0,117.9651,94.8776,141.8456,69.023,0,0,0,0,5.312,4.863,0.741,0,,4.609,0
2012-04-17,3008110,대청,71.21,859.098,30.415,80.068,57.7,69.77,67.63,783.704,0,117.9651,94.3898,137.2366,69.082,0,0,0,0,5.52,4.938,0.528,0,,3.0488,0
2012-04-16,3008110,대청,71.29,863.388,38.32,75.658,58,69.81,67.64,785.742,0,117.9651,94.3898,134.1878,64.171,0,0,0,0,6.064,4.978,0.445,0,,2.4625,0
2012-04-15,3008110,대청,71.35,866.614,38.727,69.908,58.2,69.84,67.67,787.273,0,117.9651,94.3898,131.7253,59.001,0,0,0,0,5.51,4.923,0.474,0,,0.9351,0
2012-04-14,3008110,대청,71.4,869.308,38.996,70.234,58.3,69.86,67.7,788.295,0.0634,117.9651,94.3898,130.7902,59.569,0,0,0,0,5.261,4.93,0.474,0,,0.7864,0
2012-04-13,3008110,대청,71.45,872.007,44.422,69.445,58.5,69.88,67.71,789.317,0.1075,117.9017,94.3898,130.0038,59.05,0,0,0,0,5.038,4.882,0.475,0,,0.9986,0
2012-04-12,3008110,대청,71.49,874.169,44.54,69.609,58.7,69.9,67.72,790.341,0.0273,117.7942,94.3898,129.0052,58.96,0,0,0,0,5.274,4.898,0.477,0,,2.8245,0
2012-04-11,3008110,대청,71.53,876.335,42.528,67.632,58.8,69.91,67.72,790.853,1.1186,117.7669,94.3898,126.1807,59.081,0,0,0,0,3.204,4.87,0.477,0,,2.0651,0
2012-04-10,3008110,대청,71.57,878.504,46.717,71.855,59,69.92,67.72,791.366,1.3398,116.6483,88.3237,124.1156,61.51,0,0,0,0,4.979,4.887,0.479,0,,2.7211,0
2012-04-09,3008110,대청,71.61,880.675,57.902,70.495,59.1,69.93,67.75,791.878,0,115.3085,88.3237,121.3945,59.019,0,0,0,0,6.098,4.9,0.478,0,,3.8369,0
2012-04-08,3008110,대청,71.63,881.763,63.82,70.105,59.2,69.95,67.78,792.904,0,115.3085,88.3237,117.5576,59.19,0,0,0,0,5.545,4.894,0.476,0,,0.6926,0
2012-04-07,3008110,대청,71.64,882.306,70.352,70.352,59.2,69.97,67.82,793.931,0,115.3085,85.7597,116.865,59.403,0,0,0,0,5.567,4.905,0.477,0,,1.0065,0
2012-04-06,3008110,대청,71.64,882.306,76.263,69.978,59.2,69.98,67.83,794.445,0,115.3085,73.1462,115.8585,59.053,0,0,0,0,5.59,4.859,0.476,0,,0.9998,0
2012-04-05,3008110,대청,71.63,881.763,107.68,69.96,59.2,70.01,67.82,796.226,0,115.3085,73.0274,114.8587,59.054,0,0,0,0,5.556,4.873,0.477,0,,1.8313,0
2012-04-04,3008110,대청,71.57,878.504,110.24,66.328,59,70.05,67.83,798.277,0.055,115.3085,73.0274,113.0274,55.478,0,0,0,0,5.578,4.795,0.477,0,,0.3611,0
2012-04-03,3008110,대청,71.5,874.71,98.539,54.754,58.7,70.09,67.84,800.331,17.4915,115.2535,73.0274,112.6663,44.023,0,0,0,0,5.555,4.706,0.47,0,,2.1567,0
2012-04-02,3008110,대청,71.43,870.927,82.744,57.767,58.5,70.12,67.85,801.873,0.6783,97.762,68.8061,110.5096,46.881,0,0,0,0,5.544,4.833,0.509,0,,2.2749,0
2012-04-01,3008110,대청,71.39,868.769,112.303,50.023,58.3,70.16,67.86,803.933,0,97.0837,68.34,108.2347,39.008,0,0,0,0,5.532,4.955,0.528,0,,2.6722,0
2012-03-31,3008110,대청,71.29,863.388,87.367,50.11,58,70.18,67.87,804.964,0.3433,97.0837,68.34,105.5625,39.355,0,0,0,0,5.364,4.863,0.528,0,,1.0829,0
2012-03-30,3008110,대청,71.23,860.169,54.126,47.922,57.7,70.22,67.88,807.028,18.1401,96.7404,68.34,104.4796,37.038,0,0,0,0,5.399,4.958,0.527,0,,1.4055,0
2012-03-29,3008110,대청,71.22,859.633,47.762,47.762,57.7,70.25,67.89,808.578,2.3311,78.6003,68.34,103.0741,37.022,0,0,0,0,5.207,5.007,0.526,0,,0.964,0
2012-03-28,3008110,대청,71.22,859.633,54.29,48.098,57.7,70.28,67.89,810.13,0,76.2692,68.34,102.1101,37.061,0,0,0,0,5.521,4.991,0.525,0,,1.0594,0
2012-03-27,3008110,대청,71.21,859.098,67.284,48.696,57.7,70.31,67.89,811.684,0,76.2692,68.34,101.0507,37.217,0,0,0,0,6.029,4.969,0.481,0,,1.1425,0
2012-03-26,3008110,대청,71.18,857.492,75.644,50.899,57.6,70.33,67.88,812.72,0,76.2692,68.34,99.9082,40.067,0,0,0,0,5.339,4.97,0.523,0,,0.863,0
2012-03-25,3008110,대청,71.14,855.354,98.703,43.147,57.4,70.36,67.88,814.277,0.11,76.2692,68.34,99.0452,32.102,0,0,0,0,5.545,4.977,0.523,0,,1.1818,0
2012-03-24,3008110,대청,71.05,850.554,56.02,49.851,57.1,70.38,67.88,815.315,3.6331,76.1592,67.7837,97.8634,38.975,0,0,0,0,5.37,4.981,0.525,0,,3.3668,0
2012-03-23,3008110,대청,71.04,850.021,54.144,47.987,57.1,70.4,67.88,816.355,20.4616,72.5261,65.1116,94.4966,37.073,0,0,0,0,5.427,4.969,0.518,0,,2.2925,0
2012-03-22,3008110,대청,71.03,849.489,23.557,48.21,57,70.42,67.95,817.395,4.9961,52.0645,65.1116,92.2041,37.198,0,0,0,0,5.521,4.968,0.523,0,,2.1434,0
2012-03-21,3008110,대청,71.07,851.619,29.636,48.143,57.2,70.43,67.9,817.915,0,47.0684,65.1116,90.0607,37.154,0,0,0,0,5.498,4.968,0.523,0,,2.0822,0
2012-03-20,3008110,대청,71.1,853.218,29.473,48.003,57.3,70.46,67.92,819.477,0,47.0684,65.1116,87.9785,37.048,0,0,0,0,5.463,4.968,0.524,0,,0.8269,0
2012-03-19,3008110,대청,71.13,854.819,23.866,48.611,57.4,70.47,67.93,819.998,0,47.0684,51.1627,87.1516,37.098,0,0,0,0,6.075,4.916,0.522,0,,0.7862,0
2012-03-18,3008110,대청,71.17,856.957,29.335,47.911,57.5,70.5,67.95,821.563,0.2543,47.0684,51.1627,86.3654,37.05,0,0,0,0,5.406,4.928,0.527,0,,1.957,0
2012-03-17,3008110,대청,71.2,858.562,28.903,47.503,57.6,70.53,67.95,823.129,1.2731,46.8141,51.1627,84.4084,36.701,0,0,0,0,5.382,4.893,0.527,0,,2.4259,0
2012-03-16,3008110,대청,71.23,860.169,23.277,48.103,57.7,70.56,67.96,824.697,2.3159,45.541,51.1627,81.9825,37.071,0,0,0,0,5.542,4.948,0.542,0,,1.4442,0
2012-03-15,3008110,대청,71.27,862.314,29.392,48.038,57.9,70.6,67.97,826.791,0,43.2251,51.1627,80.5383,37.129,0,0,0,0,5.487,4.926,0.496,0,,1.7953,0
2012-03-14,3008110,대청,71.3,863.925,23.636,48.532,58,70.64,67.99,828.887,0.0553,43.2251,51.1627,78.743,37.069,0,0,0,0,6.03,4.916,0.517,0,,1.8504,0
2012-03-13,3008110,대청,71.34,866.076,29.018,47.71,58.1,70.66,68.01,829.936,0,43.1698,51.1627,76.8926,37.082,0,0,0,0,5.179,4.932,0.517,0,,1.0048,0
2012-03-12,3008110,대청,71.37,867.691,23.151,48.105,58.2,70.69,68.02,831.512,0,43.1698,51.1627,75.8878,37.032,0,0,0,0,5.658,4.899,0.516,0,,0.2669,0
2012-03-11,3008110,대청,71.41,869.847,29.012,47.762,58.4,70.72,68.04,833.089,0,43.1698,51.1627,75.6209,36.966,0,0,0,0,5.337,4.94,0.519,0,,1.6371,0
2012-03-10,3008110,대청,71.44,871.467,34.862,47.362,58.5,70.74,68.04,834.142,0,43.1698,51.1627,73.9838,36.743,0,0,0,0,5.219,4.88,0.52,0,,1.2131,0
2012-03-09,3008110,대청,71.46,872.547,41.801,48.063,58.6,70.76,68.05,835.195,0,43.1698,51.1627,72.7707,37.133,0,0,0,0,5.509,4.9,0.521,0,,0.9556,0
2012-03-08,3008110,대청,71.47,873.088,41.852,48.102,58.6,70.79,68.07,836.776,0,43.1698,51.1627,71.8151,37.115,0,0,0,0,5.543,4.924,0.52,0,,1.4438,0
2012-03-07,3008110,대청,71.48,873.628,41.891,48.153,58.6,70.81,68.08,837.831,0.073,43.1698,51.1627,70.3713,37.088,0,0,0,0,5.625,4.919,0.521,0,,1.9054,0
2012-03-06,3008110,대청,71.49,874.169,35.547,48.082,58.7,70.83,68.08,838.887,3.1875,43.0968,51.1627,68.4659,37.05,0,0,0,0,5.544,4.965,0.523,0,,1.6259,0
2012-03-05,3008110,대청,71.51,875.252,29.901,48.709,58.7,70.84,68.08,839.416,17.6512,39.9093,51.1627,66.84,37.24,0,0,0,0,6.03,4.919,0.52,0,,2.0486,0
2012-03-04,3008110,대청,71.54,876.877,22.943,48.047,58.9,70.84,68.06,839.416,2.5133,22.2581,51.1627,64.7914,37.057,0,0,0,0,5.532,4.928,0.53,0,,1.997,0
2012-03-03,3008110,대청,71.58,879.046,16.675,48.122,59,70.83,68.05,838.887,0.1282,19.7448,51.1627,62.7944,37.136,0,0,0,0,5.544,4.917,0.525,0,,1.5905,0
2012-03-02,3008110,대청,71.63,881.763,16.172,47.665,59.2,70.8,68.04,837.304,1.3626,19.6166,51.1627,61.2039,37.029,0,0,0,0,5.205,4.895,0.536,0,,0.5588,0
2012-03-01,3008110,대청,71.68,884.484,22.915,48.146,59.4,70.74,68.03,834.142,0,18.254,51.0872,60.6451,37.36,0,0,0,0,5.36,4.898,0.528,0,,1.8376,0
2012-02-29,3008110,대청,71.72,886.664,15.867,41.145,59.5,,68.49,,0,18.254,47.2466,58.8075,30.184,0,0,0,0,5.567,4.868,0.526,0,,0.175,0
2012-02-28,3008110,대청,71.76,888.848,22.281,41.262,59.7,70.62,68.02,827.838,0,18.254,47.2466,58.6325,30.275,0,0,0,0,5.602,4.861,0.524,0,,1.8304,0
2012-02-27,3008110,대청,71.79,890.488,22.207,41.2,59.8,70.57,68.02,825.22,0.0729,18.254,44.5726,56.8021,30.241,0,0,0,0,5.66,4.777,0.522,0,,2.317,0
2012-02-26,3008110,대청,71.82,892.129,22.095,41.111,59.9,70.55,68.02,824.174,0,18.1811,6.1968,54.4851,30.257,0,0,0,0,5.428,4.903,0.523,0,,0.2828,0
2012-02-25,3008110,대청,71.85,893.772,28.484,41.181,60,70.59,68.02,826.267,0.7427,18.1811,6.1968,54.2023,30.201,0,0,0,0,5.567,4.887,0.526,0,,3.27,0
2012-02-24,3008110,대청,71.87,894.869,15.693,41.098,60.1,70.61,68.01,827.314,0,17.4384,6.1968,50.9323,30.292,0,0,0,0,5.433,4.846,0.527,0,,1.0119,0
2012-02-23,3008110,대청,71.91,897.0644,15.701,41.147,60.2,70.64,67.99,828.887,0,17.4384,6.1968,49.9204,30.22,0,0,0,0,5.613,4.868,0.446,0,,1.6764,0
2012-02-22,3008110,대청,71.95,899.263,15.556,41.042,60.4,70.68,67.98,830.987,0,17.4384,6.1968,48.244,30.188,0,0,0,0,5.521,4.943,0.39,0,,2.6418,0
2012-02-21,3008110,대청,71.99,901.465,15.612,41.133,60.5,70.72,67.98,833.089,0,17.4384,6.1968,45.6022,30.216,0,0,0,0,5.486,4.886,0.545,0,,1.1068,0
2012-02-20,3008110,대청,72.03,903.67,22.658,41.813,60.7,70.76,67.99,835.195,0,17.4384,6.1968,44.4954,30.443,0,0,0,0,5.694,4.982,0.694,0,,1.0453,0
2012-02-19,3008110,대청,72.06,905.325,17.069,42.659,60.8,70.79,68.01,836.776,0,17.4384,6.1968,43.4501,30.251,0,0,0,0,6.145,4.903,1.36,0,,0.8637,0
2012-02-18,3008110,대청,72.1,907.536,21.443,40.656,60.9,70.82,68.03,838.359,0,17.4384,6.1968,42.5864,30.34,0,0,0,0,5.348,4.94,0.028,0,,0.7501,0
2012-02-17,3008110,대청,72.13,909.196,16.168,41.816,61,70.86,68.05,840.473,0,17.4384,5.6354,41.8363,30.141,0,0,0,0,6.04,4.931,0.704,0,,0.7818,0
2012-02-16,3008110,대청,72.17,911.412,15.848,41.531,61.2,70.88,68.08,841.531,0,17.4384,2.4165,41.0545,30.2,0,0,0,0,5.614,4.99,0.727,0,,2.1471,0
2012-02-15,3008110,대청,72.21,913.631,22.095,41.377,61.3,70.92,68.09,843.649,0,17.4384,2.1109,38.9074,31.129,0,0,0,0,5.039,4.569,0.64,0,,1.1656,0
2012-02-14,3008110,대청,72.24,915.297,15.064,40.816,61.4,70.96,68.11,845.77,0,17.4384,2.1109,37.7418,30.008,0,0,0,0,5.244,4.876,0.688,0,,0.6603,0
2012-02-13,3008110,대청,72.28,917.522,15.947,41.722,61.6,71,68.12,847.894,0,17.4384,2.0584,37.0815,30.262,0,0,0,0,5.994,4.928,0.538,0,,1.3385,0
2012-02-12,3008110,대청,72.32,919.749,22.193,41.556,61.7,71.04,68.12,850.021,0,17.4384,2.0584,35.743,30.212,0,0,0,0,5.857,4.999,0.488,0,,0.7991,0
2012-02-11,3008110,대청,72.35,921.422,15.293,41.149,61.8,71.08,68.14,852.152,0,17.4384,2.0584,34.9439,29.923,0,0,0,0,5.774,4.963,0.489,0,,1.6365,0
2012-02-10,3008110,대청,72.39,923.656,22.368,41.778,62,71.12,68.17,854.286,0,17.4384,2.0584,33.3074,30.15,0,0,0,0,6.158,4.981,0.489,0,,1.9857,0
2012-02-09,3008110,대청,72.42,925.333,15.683,41.597,62.1,71.15,68.2,855.888,0,17.4384,2.0584,31.3217,30.205,0,0,0,0,5.937,4.968,0.487,0,,1.5198,0
2012-02-08,3008110,대청,72.46,927.572,22.378,41.834,62.3,71.19,68.23,858.027,0,17.4384,1.9921,29.8019,30.348,0,0,0,0,5.995,5.003,0.488,0,,1.6028,0
2012-02-07,3008110,대청,72.49,929.253,15.589,41.561,62.4,71.23,68.26,860.169,0,17.4384,1.9921,28.1991,30.461,0,0,0,0,5.649,4.962,0.489,0,,0.3781,0
2012-02-06,3008110,대청,72.53,931.4974,15.919,41.933,62.5,71.26,68.3,861.778,0.1983,17.4384,1.9921,27.821,30.221,0,0,0,0,6.168,5.055,0.489,0,,0.1187,0
2012-02-05,3008110,대청,72.57,933.745,15.734,41.787,62.7,71.31,68.33,864.463,0.3346,17.2401,1.9921,27.7023,30.367,0,0,0,0,5.834,5.096,0.49,0,,0.2042,0
2012-02-04,3008110,대청,72.61,935.9958,15.898,41.987,62.8,71.34,68.36,866.076,0.3047,16.9055,1.9921,27.4981,30.205,0,0,0,0,6.295,4.999,0.488,0,,0.1845,0
2012-02-03,3008110,대청,72.65,938.25,21.501,41.096,63,71.37,68.4,867.691,0.0553,16.6008,1.9921,27.3136,30.289,0,0,0,0,5.382,4.939,0.486,0,,0.4424,0
2012-02-02,3008110,대청,72.68,939.943,21.606,41.212,63.1,71.41,68.44,869.847,0.0525,16.5455,1.9921,26.8712,30.423,0,0,0,0,5.348,4.954,0.487,0,,0.4923,0
2012-02-01,3008110,대청,72.71,941.637,21.294,40.924,63.2,71.45,68.47,872.007,1.0649,16.493,1.9921,26.3789,30.243,0,0,0,0,5.347,4.845,0.489,0,,0.718,0
2012-01-31,3008110,대청,72.74,943.333,22.036,41.689,63.3,71.49,68.51,874.169,6.1023,15.4281,1.8801,25.6609,30.159,0,0,0,0,6.145,4.894,0.491,0,,1.3032,0
2012-01-30,3008110,대청,72.77,945.031,21.69,41.366,63.4,71.53,68.54,876.335,0,9.3258,1.8801,24.3577,30.316,0,0,0,0,5.66,4.897,0.493,0,,0.6757,0
2012-01-29,3008110,대청,72.8,946.731,15.127,41.389,63.5,71.57,68.57,878.504,0,9.3258,1.8801,23.682,30.316,0,0,0,0,5.647,4.912,0.514,0,,0.3125,0
2012-01-28,3008110,대청,72.84,948.9999,15.609,41.91,63.7,71.62,68.61,881.219,0,9.3258,1.8801,23.3695,30.434,0,0,0,0,6.134,4.867,0.475,0,,0.2406,0
2012-01-27,3008110,대청,72.88,951.272,21.507,41.264,63.8,71.66,68.64,883.395,0.2463,9.3258,1.8801,23.1289,30.311,0,0,0,0,5.521,4.938,0.494,0,,0.6882,0
2012-01-26,3008110,대청,72.91,952.979,15.217,41.583,64,71.7,68.67,885.574,0,9.0795,1.8801,22.4407,30.445,0,0,0,0,5.752,4.894,0.492,0,,0.4762,0
2012-01-25,3008110,대청,72.95,955.257,20.935,40.727,64.1,71.74,68.71,887.756,0,9.0795,1.8801,21.9645,30.204,0,0,0,0,5.083,4.948,0.492,0,,0.0924,0
2012-01-24,3008110,대청,72.98,956.967,22.334,35.552,64.2,71.78,68.74,889.941,0,9.0795,1.7176,21.8721,25.197,0,0,0,0,4.977,4.885,0.493,0,,0.3191,0
2012-01-23,3008110,대청,73,958.109,22.334,35.552,64.3,71.82,68.77,892.129,0,9.0795,1.5593,21.553,25.109,0,0,0,0,5.266,4.674,0.503,0,,1.1201,0
2012-01-22,3008110,대청,73.02,959.251,23.168,36.397,64.4,71.86,68.8,894.321,0,9.0795,0.9157,20.4329,25.26,0,0,0,0,5.716,4.914,0.507,0,,1.3375,0
2012-01-21,3008110,대청,73.04,960.394,17.142,37.003,64.5,71.89,68.82,895.966,1.7092,9.0795,0.9157,19.0954,25.674,0,0,0,0,5.857,4.963,0.509,0,,0.7778,0
2012-01-20,3008110,대청,73.07,962.11,28.047,41.299,64.6,71.93,68.84,898.163,0.2114,7.3703,0.9157,18.3176,30.323,0,0,0,0,5.544,4.923,0.509,0,,0.944,0
2012-01-19,3008110,대청,73.09,963.255,21.899,41.795,64.7,71.97,68.86,900.363,5.271,7.1589,0.9157,17.3736,30.262,0,0,0,0,6.145,4.88,0.508,0,,0.9022,0
2012-01-18,3008110,대청,73.12,964.974,21.312,41.219,64.8,72.01,68.89,902.567,0,1.8879,0.9157,16.4714,30.37,0,0,0,0,5.487,4.854,0.508,0,,1.0022,0
2012-01-17,3008110,대청,73.15,966.694,21.434,41.376,64.9,72.05,68.91,904.773,0,1.8879,0.9157,15.4692,30.265,0,0,0,0,5.717,4.886,0.508,0,,0.6135,0
2012-01-16,3008110,대청,73.18,968.417,21.326,41.28,65,72.1,68.94,907.536,0,1.8879,0.9157,14.8557,30.194,0,0,0,0,5.66,4.919,0.507,0,,1.4688,0
2012-01-15,3008110,대청,73.21,970.141,14.592,41.236,65.1,72.14,68.98,909.749,0,1.8879,0.9157,13.3869,30.233,0,0,0,0,5.671,4.826,0.506,0,,1.6973,0
2012-01-14,3008110,대청,73.25,972.443,21.444,41.456,65.3,72.18,69.01,911.966,0,1.8879,0.9157,11.6896,30.386,0,0,0,0,5.683,4.881,0.506,0,,0.5682,0
2012-01-13,3008110,대청,73.28,974.172,21.234,41.269,65.4,72.22,69.04,914.186,0,1.8879,0.7342,11.1214,30.228,0,0,0,0,5.59,4.944,0.507,0,,0.6063,0
2012-01-12,3008110,대청,73.31,975.903,14.53,41.266,65.5,72.26,69.07,916.409,0,1.8879,0.7342,10.5151,30.257,0,0,0,0,5.613,4.889,0.507,0,,0.7031,0
2012-01-11,3008110,대청,73.35,978.213,14.537,41.308,65.7,72.3,69.1,918.635,0,1.8879,0.7342,9.812,30.243,0,0,0,0,5.671,4.886,0.508,0,,1.1421,0
2012-01-10,3008110,대청,73.39,980.526,14.562,41.368,65.8,72.34,69.13,920.865,0,1.8879,0.7342,8.6699,30.252,0,0,0,0,5.694,4.913,0.509,0,,0.3431,0
2012-01-09,3008110,대청,73.43,982.842,21.125,41.264,66,72.39,69.16,923.656,0.0525,1.8879,0.7342,8.3268,30.221,0,0,0,0,5.671,4.911,0.461,0,,0.4353,0
2012-01-08,3008110,대청,73.46,984.582,21.01,41.16,66.1,72.42,69.19,925.333,0,1.8354,0.7342,7.8915,30.244,0,0,0,0,5.538,4.934,0.444,0,,0.842,0
2012-01-07,3008110,대청,73.49,986.323,14.206,41.116,66.2,72.46,69.22,927.572,0,1.8354,0.6795,7.0495,30.211,0,0,0,0,5.595,4.9,0.41,0,,2.3384,0
2012-01-06,3008110,대청,73.53,988.648,20.942,41.139,66.4,72.5,69.25,929.814,0,1.8354,0.6795,4.7111,30.185,0,0,0,0,5.59,4.936,0.428,0,,0.5577,0
2012-01-05,3008110,대청,73.56,990.393,21.009,41.24,66.5,72.54,69.27,932.059,0.1159,1.8354,0.6795,4.1534,30.218,0,0,0,0,5.66,4.931,0.431,0,,0.8126,0
2012-01-04,3008110,대청,73.59,992.141,22.307,42.55,66.6,72.57,69.29,933.745,0.1002,1.7195,0.6248,3.3408,31.501,0,0,0,0,5.683,4.933,0.433,0,,0.6812,0
2012-01-03,3008110,대청,73.62,993.89,21.087,41.353,66.7,72.61,69.31,935.996,0.7902,1.6193,0.3968,2.6596,30.239,0,0,0,0,5.706,4.975,0.433,0,,0.5811,0
2012-01-02,3008110,대청,73.65,995.641,18.906,39.195,66.8,72.64,69.33,937.686,0,0.8291,0.0547,2.0785,30.363,0,0,0,0,3.493,4.905,0.434,0,,1.4026,0
2012-01-01,3008110,대청,73.68,997.394,22.476,36.006,66.9,72.68,69.34,939.943,0.8291,0.8291,0,0.6759,28.91,0,0,0,0,1.744,4.918,0.434,0,,0.6759,0
2011-12-31,3008110,대청,73.7,998.563,13.518,27.06,67,72.71,69.46,941.637,0,1481.1789,1226.0127,1198.3721,19.167,0,0,0,0,2.6,4.859,0.434,0,,0.2968,0
2011-12-30,3008110,대청,73.72,999.733,21.572,28.354,67.1,72.74,69.5,943.333,0,1481.1789,1226.0127,1198.0753,19.128,0,0,0,0,3.847,4.944,0.435,0,,0.9042,0
2011-12-29,3008110,대청,73.73,1000.319,16.057,29.622,67.1,72.77,69.55,945.031,0.1942,1481.1789,1224.2344,1197.1711,18.863,0,0,0,0,5.383,4.94,0.436,0,,0.3793,0
2011-12-28,3008110,대청,73.75,1001.491,16.482,30.047,67.2,72.79,69.59,946.164,0,1480.9847,1223.9083,1196.7918,19.057,0,0,0,0,5.602,4.954,0.434,0,,0.6077,0
2011-12-27,3008110,대청,73.77,1002.663,17.018,30.594,67.3,72.81,69.64,947.298,0,1480.9847,1218.8695,1196.1841,18.982,0,0,0,0,6.145,5.033,0.434,0,,0.6222,0
2011-12-26,3008110,대청,73.79,1003.836,9.91,30.292,67.4,72.83,69.68,948.432,0,1480.9847,1217.9798,1195.5619,19.146,0,0,0,0,5.81,4.904,0.432,0,,0.3858,0
2011-12-25,3008110,대청,73.82,1005.597,23.502,30.308,67.5,72.86,69.72,950.136,0,1480.9847,1217.8936,1195.1761,19.177,0,0,0,0,5.717,4.981,0.433,0,,0.771,0
2011-12-24,3008110,대청,73.83,1006.185,16.962,30.573,67.5,72.89,69.75,951.841,0.2231,1480.9847,1217.8936,1194.4051,19.041,0,0,0,0,5.741,4.944,0.847,0,,0.5846,0
2011-12-23,3008110,대청,73.85,1007.361,29.628,29.628,67.6,72.92,69.79,953.548,0,1480.7616,1217.8936,1193.8205,19.143,0,0,0,0,5.532,4.935,0.018,0,,0.5573,0
2011-12-22,3008110,대청,73.85,1007.361,22.907,29.713,67.6,72.95,69.83,955.257,0,1480.7616,1217.8936,1193.2632,18.989,0,0,0,0,5.371,4.922,0.431,0,,0.7959,0
2011-12-21,3008110,대청,73.86,1007.949,16.168,29.791,67.7,72.98,69.86,956.967,0,1480.7616,1217.8936,1192.4673,18.948,0,0,0,0,5.46,4.949,0.434,0,,0.1581,0
2011-12-20,3008110,대청,73.88,1009.126,23.001,29.807,67.7,73.01,69.9,958.68,0,1480.7616,1217.8936,1192.3092,19.041,0,0,0,0,5.367,4.968,0.431,0,,0.3854,0
2011-12-19,3008110,대청,73.89,1009.714,23.437,30.254,67.8,73.02,69.94,959.251,0,1480.7616,1217.7646,1191.9238,19.096,0,0,0,0,5.717,5.012,0.429,0,,0.3702,0
2011-12-18,3008110,대청,73.9,1010.303,23.392,30.209,67.8,73.05,69.97,960.966,0,1480.7616,1217.6887,1191.5536,19.194,0,0,0,0,5.568,5.023,0.424,0,,0.7308,0
2011-12-17,3008110,대청,73.91,1010.892,37.096,30.279,67.9,73.07,70,962.11,0,1480.7616,1217.1353,1190.8228,19.125,0,0,0,0,5.693,5.039,0.422,0,,0.8061,0
2011-12-16,3008110,대청,73.9,1010.303,23.128,29.945,67.8,73.09,70.05,963.255,0,1480.7616,1215.9007,1190.0167,19.093,0,0,0,0,5.521,4.906,0.425,0,,0.671,0
2011-12-15,3008110,대청,73.91,1010.892,29.923,29.923,67.9,73.12,70.08,964.974,0,1480.7616,1215.9007,1189.3457,19.098,0,0,0,0,5.494,4.909,0.422,0,,0.3935,0
2011-12-14,3008110,대청,73.91,1010.892,23.395,30.224,67.9,73.14,70.12,966.121,0,1480.7616,1215.9007,1188.9522,19.13,0,0,0,0,5.617,5.052,0.425,0,,0.7507,0
2011-12-13,3008110,대청,73.92,1011.482,30.087,30.087,67.9,73.17,70.16,967.843,0,1480.7616,1215.828,1188.2015,19.043,0,0,0,0,5.636,4.982,0.426,0,,0.818,0
2011-12-12,3008110,대청,73.92,1011.482,30.089,30.089,67.9,73.19,70.19,968.992,0,1480.7616,1198.2698,1187.3835,18.955,0,0,0,0,5.648,5.059,0.427,0,,0.1419,0
2011-12-11,3008110,대청,73.92,1011.482,30.407,30.407,67.9,73.21,70.23,970.141,0,1480.7616,1198.2698,1187.2416,19.105,0,0,0,0,5.937,4.941,0.424,0,,0.899,0
2011-12-10,3008110,대청,73.92,1011.482,36.59,29.761,67.9,73.24,70.26,971.868,0,1480.7616,1198.1939,1186.3426,19.066,0,0,0,0,5.29,4.981,0.424,0,,1.6883,0
2011-12-09,3008110,대청,73.91,1010.892,37.043,30.226,67.9,73.27,70.29,973.596,0,1480.7616,1197.6523,1184.6543,19.048,0,0,0,0,5.728,5.026,0.424,0,,0.8676,0
2011-12-08,3008110,대청,73.9,1010.303,43.76,30.137,67.8,73.29,70.32,974.749,0,1480.7616,1197.1776,1183.7867,19.005,0,0,0,0,5.775,4.933,0.424,0,,0.9604,0
2011-12-07,3008110,대청,73.88,1009.126,50.256,29.828,67.7,73.32,70.34,976.48,0.0505,1480.7616,1195.9509,1182.8263,19.01,0,0,0,0,5.452,4.943,0.423,0,,1.0186,0
2011-12-06,3008110,대청,73.85,1007.361,49.871,29.455,67.6,73.34,70.37,977.635,0.4079,1480.7111,1195.9509,1181.8077,19.009,0,0,0,0,5.103,4.921,0.422,0,,1.8067,0
2011-12-05,3008110,대청,73.82,1005.597,71.531,30.79,67.5,73.37,70.4,979.369,0,1480.3032,1195.9509,1180.001,19.103,0,0,0,0,5.799,4.888,1,0,,0.7145,0
2011-12-04,3008110,대청,73.76,1002.077,83.967,29.766,67.3,73.4,70.43,981.105,0,1480.3032,1195.9509,1179.2865,19.178,0,0,0,0,5.694,4.894,0,0,,3.2434,0
2011-12-03,3008110,대청,73.68,997.394,90.429,29.63,66.9,73.42,70.46,982.263,8.1314,1480.3032,1195.9509,1176.0431,18.966,0,0,0,0,5.463,4.945,0.256,0,,1.2419,0
2011-12-02,3008110,대청,73.59,992.141,117.772,30.284,66.6,73.45,70.48,984.002,0.3779,1472.1718,1194.2842,1174.8012,19.117,0,0,0,0,5.891,4.869,0.407,0,,0.7442,0
2011-12-01,3008110,대청,73.46,984.582,130.574,30.123,66.1,73.48,70.5,985.742,0.2142,1471.7939,1194.1907,1174.057,19.118,0,0,0,0,5.822,4.77,0.413,0,,0.6279,0
2011-11-30,3008110,대청,73.31,975.903,77.58,30.879,65.5,73.5,70.51,986.904,39.7685,1471.5797,1194.0939,1173.4291,19.943,0,0,0,0,5.59,4.817,0.529,0,,2.3018,0
2011-11-29,3008110,대청,73.24,971.868,24.629,31.284,65.2,73.53,70.52,988.648,0,1431.8112,1192.8054,1171.1273,20.095,0,0,0,0,5.891,4.905,0.393,0,,2.7725,0
2011-11-28,3008110,대청,73.25,972.443,31.232,31.232,65.3,73.55,70.54,989.811,0,1431.8112,1191.8201,1168.3548,19.986,0,0,0,0,5.96,4.893,0.393,0,,1.6431,0
2011-11-27,3008110,대청,73.25,972.443,24.542,31.209,65.3,73.58,70.56,991.558,0,1431.8112,1191.7564,1166.7117,19.994,0,0,0,0,5.915,4.907,0.393,0,,2.5278,0
2011-11-26,3008110,대청,73.26,973.019,31.207,31.207,65.3,73.61,70.59,993.306,0,1431.8112,1189.2123,1164.1839,20.054,0,0,0,0,5.891,4.869,0.393,0,,0.9619,0
2011-11-25,3008110,대청,73.26,973.019,30.769,30.769,65.3,73.63,70.63,994.473,0,1431.8112,1189.2123,1163.222,20.037,0,0,0,0,5.533,4.807,0.392,0,,0.692,0
2011-11-24,3008110,대청,73.26,973.019,24.209,30.878,65.3,73.66,70.65,996.225,0,1431.8112,1189.2123,1162.53,19.997,0,0,0,0,5.636,4.855,0.389,0,,0.7776,0
2011-11-23,3008110,대청,73.27,973.596,24.484,31.151,65.3,73.69,70.68,997.978,8.5005,1431.8112,1189.2123,1161.7524,20.084,0,0,0,0,6.052,4.624,0.391,0,,1.0742,0
2011-11-22,3008110,대청,73.28,974.172,30.527,30.527,65.4,73.72,70.71,999.733,0.0525,1423.3107,1189.2123,1160.6782,20.152,0,0,0,0,5.545,4.44,0.39,0,,1.0058,0
2011-11-21,3008110,대청,73.28,974.172,23.765,30.443,65.4,73.75,70.73,1001.491,0,1423.2582,1189.0836,1159.6724,20.067,0,0,0,0,5.567,4.414,0.395,0,,0.7683,0
2011-11-20,3008110,대청,73.29,974.749,17.17,30.526,65.4,73.77,70.76,1002.663,0.1042,1423.2582,1189.0836,1158.9041,20.078,0,0,0,0,5.638,4.414,0.396,0,,1.0612,0
2011-11-19,3008110,대청,73.31,975.903,23.656,30.334,65.5,73.8,70.79,1004.423,1.5907,1423.154,1189.0836,1157.8429,19.976,0,0,0,0,5.636,4.324,0.398,0,,1.4771,0
2011-11-18,3008110,대청,73.32,976.48,30.386,30.386,65.5,73.82,70.81,1005.597,6.8792,1421.5633,1189.0836,1156.3658,19.952,0,0,0,0,5.81,4.227,0.397,0,,0.9122,0
2011-11-17,3008110,대청,73.32,976.48,30.309,30.309,65.5,73.85,70.84,1007.361,0.2146,1414.6841,1189.0836,1155.4536,20.053,0,0,0,0,5.463,4.397,0.396,0,,0.6263,0
2011-11-16,3008110,대청,73.32,976.48,17.181,30.549,65.5,73.88,70.87,1009.126,0,1414.4695,1189.0836,1154.8273,20.112,0,0,0,0,5.561,4.481,0.395,0,,0.7903,0
2011-11-15,3008110,대청,73.34,977.635,30.46,30.46,65.6,73.9,70.9,1010.303,0,1414.4695,1189.0836,1154.037,20.096,0,0,0,0,5.694,4.276,0.394,0,,0.4228,0
2011-11-14,3008110,대청,73.34,977.635,24.441,31.131,65.6,73.93,70.93,1012.071,0.2084,1414.4695,1189.0836,1153.6142,20.086,0,0,0,0,5.764,4.886,0.395,0,,0.8308,0
2011-11-13,3008110,대청,73.35,978.213,23.781,30.471,65.7,73.96,70.96,1013.841,0,1414.2611,1189.0836,1152.7834,20.032,0,0,0,0,5.156,4.893,0.39,0,,1.4604,0
2011-11-12,3008110,대청,73.36,978.791,24.179,30.869,65.7,73.98,71,1015.022,0,1414.2611,1189.0836,1151.323,20.217,0,0,0,0,5.405,4.852,0.395,0,,1.9054,0
2011-11-11,3008110,대청,73.37,979.369,24.396,31.086,65.7,74,71.03,1016.204,0.3721,1414.2611,1189.0154,1149.4176,20.103,0,0,0,0,5.718,4.871,0.394,0,,4.0901,0
2011-11-10,3008110,대청,73.38,979.947,24.307,31.008,65.8,74.03,71.06,1017.978,0,1413.889,1181.6942,1145.3275,20.154,0,0,0,0,5.567,4.894,0.393,0,,0.9228,0
2011-11-09,3008110,대청,73.39,980.526,44.555,31.164,65.8,74.06,71.1,1019.754,0,1413.889,1181.6942,1144.4047,20.215,0,0,0,0,5.683,4.879,0.387,0,,1.889,0
2011-11-08,3008110,대청,73.37,979.369,44.547,31.167,65.7,74.1,71.14,1022.124,0.1793,1413.889,1181.5834,1142.5157,20.211,0,0,0,0,5.752,4.819,0.385,0,,1.5641,0
2011-11-07,3008110,대청,73.35,978.213,44.595,31.215,65.7,74.13,71.17,1023.905,0.1786,1413.7097,1179.7146,1140.9516,20.075,0,0,0,0,5.834,4.853,0.453,0,,1.2767,0
2011-11-06,3008110,대청,73.33,977.057,37.331,30.653,65.6,74.16,71.2,1025.687,10.7916,1413.5311,1179.7146,1139.6749,20.107,0,0,0,0,5.37,4.855,0.321,0,,2.789,0
2011-11-05,3008110,대청,73.32,976.48,31.018,31.018,65.5,74.18,71.23,1026.876,18.7967,1402.7395,1179.7146,1136.8859,19.975,0,0,0,0,5.763,4.89,0.39,0,,1.8741,0
2011-11-04,3008110,대청,73.32,976.48,17.745,31.113,65.5,74.21,71.26,1028.661,0,1383.9428,1179.7146,1135.0118,19.95,0,0,0,0,5.915,4.856,0.392,0,,0.2871,0
2011-11-03,3008110,대청,73.34,977.635,24.376,31.066,65.6,74.25,71.3,1031.044,0,1383.9428,1179.7146,1134.7247,20.116,0,0,0,0,5.683,4.874,0.393,0,,0.4903,0
2011-11-02,3008110,대청,73.35,978.213,17.361,30.741,65.7,74.27,71.33,1032.237,0,1383.9428,1179.7146,1134.2344,19.882,0,0,0,0,5.694,4.774,0.391,0,,0.9299,0
2011-11-01,3008110,대청,73.37,979.369,24.245,30.935,65.7,74.29,71.36,1033.43,0,1383.9428,1179.7146,1133.3045,19.925,0,0,0,0,5.787,4.826,0.397,0,,2.234,0
2011-10-31,3008110,대청,73.38,979.947,25.437,32.138,65.8,74.32,71.39,1035.222,0,1383.9428,1179.7146,1131.0705,20.839,0,0,0,0,5.797,4.896,0.606,0,,2.6783,0
2011-10-30,3008110,대청,73.39,980.526,18.814,32.217,65.8,74.34,71.42,1036.418,0,1383.9428,1179.7146,1128.3922,21.072,0,0,0,0,5.591,4.716,0.838,0,,1.229,0
2011-10-29,3008110,대청,73.41,981.684,25.469,32.17,65.9,74.36,71.46,1037.614,0.3029,1383.9428,1179.7146,1127.1632,20.967,0,0,0,0,5.555,4.811,0.837,0,,2.6872,0
2011-10-28,3008110,대청,73.42,982.263,25.811,32.512,65.9,74.39,71.49,1039.41,0,1383.6399,1179.7146,1124.476,20.796,0,0,0,0,5.503,4.777,1.436,0,,1.6677,0
2011-10-27,3008110,대청,73.43,982.842,27.073,33.786,66,74.41,71.52,1040.608,0,1383.6399,1179.7146,1122.8083,21.022,0,0,0,0,5.902,4.784,2.078,0,,0.5097,0
2011-10-26,3008110,대청,73.44,983.422,27.068,33.781,66,74.44,71.56,1042.408,0,1383.6399,1179.7146,1122.2986,20.981,0,0,0,0,5.839,4.797,2.164,0,,0.5672,0
2011-10-25,3008110,대청,73.45,984.002,33.373,33.373,66,74.45,71.58,1043.008,0.1028,1383.6399,1179.7146,1121.7314,20.989,0,0,0,0,5.631,4.761,1.992,0,,0.7776,0
2011-10-24,3008110,대청,73.45,984.002,40.126,33.413,66,74.48,71.62,1044.809,0.9415,1383.5371,1179.7146,1120.9538,20.92,0,0,0,0,5.613,4.801,2.079,0,,1.2075,0
2011-10-23,3008110,대청,73.44,983.422,60.199,33.382,66,74.5,71.65,1046.012,0.0778,1382.5956,1178.2344,1119.7463,20.896,0,0,0,0,5.857,4.551,2.078,0,,0.6645,0
2011-10-22,3008110,대청,73.4,981.105,59.924,33.142,65.9,74.52,71.68,1047.215,36.0212,1382.5178,1178.2344,1119.0818,20.956,0,0,0,0,5.382,4.711,2.093,0,,3.2752,0
2011-10-21,3008110,대청,73.36,978.791,19.901,33.281,65.7,74.54,71.72,1048.418,4.8531,1346.4966,1178.2344,1115.8066,20.904,0,0,0,0,5.486,4.762,2.129,0,,1.8566,0
2011-10-20,3008110,대청,73.38,979.947,20.281,33.684,65.8,74.56,71.75,1049.623,0,1341.6435,1178.2344,1113.95,21.156,0,0,0,0,5.602,4.796,2.13,0,,0.1791,0
2011-10-19,3008110,대청,73.4,981.105,20.151,33.554,65.9,74.58,71.78,1050.828,0,1341.6435,1178.2344,1113.7709,20.948,0,0,0,0,5.66,4.817,2.129,0,,0.9198,0
2011-10-18,3008110,대청,73.42,982.263,19.733,33.147,65.9,74.61,71.82,1052.638,0,1341.6435,1178.2344,1112.8511,20.979,0,0,0,0,5.544,4.789,1.835,0,,0.8903,0
2011-10-17,3008110,대청,73.44,983.422,19.505,32.931,66,74.63,71.85,1053.845,0,1341.6435,1178.2344,1111.9608,21.011,0,0,0,0,5.59,4.778,1.552,0,,1.2427,0
2011-10-16,3008110,대청,73.46,984.582,19.431,32.857,66.1,74.65,71.88,1055.054,0.1745,1341.6435,1178.2344,1110.7181,21.147,0,0,0,0,5.324,4.837,1.549,0,,1.4766,0
2011-10-15,3008110,대청,73.48,985.742,25.703,32.428,66.2,74.66,71.91,1055.658,4.8566,1341.469,1178.2344,1109.2415,20.857,0,0,0,0,5.336,4.684,1.551,0,,0.476,0
2011-10-14,3008110,대청,73.49,986.323,19.16,32.609,66.2,74.69,71.93,1057.473,5.1361,1336.6124,1178.2344,1108.7655,21.004,0,0,0,0,5.45,4.605,1.55,0,,1.4469,0
2011-10-13,3008110,대청,73.51,987.485,26.494,33.219,66.3,74.7,71.94,1058.078,0,1331.4763,1178.2344,1107.3186,21.08,0,0,0,0,5.776,4.813,1.55,0,,1.0061,0
2011-10-12,3008110,대청,73.52,988.066,12.425,32.622,66.3,74.71,71.94,1058.683,0,1331.4763,1178.2344,1106.3125,20.963,0,0,0,0,5.372,4.738,1.549,0,,3.1,0
2011-10-11,3008110,대청,73.55,989.811,25.841,32.577,66.4,74.72,71.94,1059.289,0,1331.4763,1178.2344,1103.2125,20.921,0,0,0,0,5.463,4.644,1.549,0,,2.3355,0
2011-10-10,3008110,대청,73.56,990.393,19.399,32.883,66.5,74.73,71.97,1059.895,0,1331.4763,1178.2344,1100.877,21.021,0,0,0,0,5.706,4.606,1.55,0,,3.4012,0
2011-10-09,3008110,대청,73.58,991.558,19.133,32.617,66.6,74.75,72,1061.107,0,1331.4763,1178.2344,1097.4758,20.992,0,0,0,0,5.359,4.715,1.551,0,,1.3809,0
2011-10-08,3008110,대청,73.6,992.723,19.426,32.933,66.6,74.77,72.04,1062.321,0,1331.4763,1178.1268,1096.0949,21.056,0,0,0,0,5.602,4.719,1.556,0,,0.8711,0
2011-10-07,3008110,대청,73.62,993.89,25.607,32.355,66.7,74.79,72.08,1063.535,0,1331.4763,1175.5232,1095.2238,20.921,0,0,0,0,5.614,4.817,1.003,0,,0.6484,0
2011-10-06,3008110,대청,73.63,994.473,18.445,31.964,66.7,74.8,72.12,1064.142,0,1331.4763,1175.5232,1094.5754,21.086,0,0,0,0,5.545,4.729,0.604,0,,1.6277,0
2011-10-05,3008110,대청,73.65,995.641,11.617,31.906,66.8,74.82,72.16,1065.357,0,1331.4763,1175.5232,1092.9477,20.894,0,0,0,0,5.695,4.711,0.606,0,,1.769,0
2011-10-04,3008110,대청,73.68,997.394,25.316,32.075,66.9,74.83,72.2,1065.965,0,1331.4763,1175.4898,1091.1787,21.103,0,0,0,0,5.659,4.704,0.609,0,,0.5173,0
2011-10-03,3008110,대청,73.69,997.978,31.664,31.664,67,74.83,72.23,1065.965,0,1331.4763,1173.2532,1090.6614,20.924,0,0,0,0,5.464,4.67,0.606,0,,0.4788,0
2011-10-02,3008110,대청,73.69,997.978,19.997,26.768,67,74.83,72.26,1065.965,0,1331.4763,1168.9116,1090.1826,16.116,0,0,0,0,5.335,4.713,0.604,0,,2.698,0
2011-10-01,3008110,대청,73.7,998.563,27.33,27.33,67,74.84,72.27,1066.573,0,1331.4763,1160.3974,1087.4846,15.994,0,0,0,0,5.949,4.784,0.603,0,,1.3161,0
2011-09-30,3008110,대청,73.7,998.563,26.531,40.073,67,74.86,72.19,1067.79,0.1721,1331.4763,1160.3974,1086.1685,29.095,0,0,0,0,5.661,4.713,0.604,0,,5.1604,0
2011-09-29,3008110,대청,73.72,999.733,32.714,39.496,67.1,74.91,72.18,1070.836,10.6597,1331.3042,1160.3974,1081.0081,28.958,0,0,0,0,5.531,4.401,0.606,0,,3.8341,0
2011-09-28,3008110,대청,73.73,1000.319,16.952,37.299,67.1,74.94,72.23,1072.666,0,1320.6445,1160.3974,1077.174,29.001,0,0,0,0,3.133,4.561,0.604,0,,1.6213,0
2011-09-27,3008110,대청,73.76,1002.077,24.591,38.156,67.3,74.99,72.27,1075.72,0,1320.6445,1159.2541,1075.5527,28.955,0,0,0,0,3.773,4.824,0.604,0,,2.1869,0
2011-09-26,3008110,대청,73.78,1003.249,21.564,41.946,67.3,75.01,72.31,1076.943,0,1320.6445,1159.2541,1073.3658,30.869,0,0,0,0,5.724,4.75,0.603,0,,1.1092,0
2011-09-25,3008110,대청,73.81,1005.01,28.433,42.033,67.5,75.04,72.33,1078.779,0,1320.6445,1159.2541,1072.2566,30.97,0,0,0,0,5.741,4.714,0.608,0,,0.6413,0
2011-09-24,3008110,대청,73.83,1006.185,28.008,55.23,67.5,75.05,72.37,1079.392,0,1320.6445,1159.2541,1071.6153,43.835,0,0,0,0,6.065,4.723,0.607,0,,5.6984,0
2011-09-23,3008110,대청,73.87,1008.537,22.73,43.17,67.7,75.05,72.38,1079.392,0,1320.6445,1159.2541,1065.9169,32.012,0,0,0,0,5.833,4.721,0.604,0,,3.8711,0
2011-09-22,3008110,대청,73.9,1010.303,29.841,43.487,67.8,75.04,72.37,1078.779,0,1320.6445,1158.9768,1062.0458,32.181,0,0,0,0,5.903,4.779,0.624,0,,1.0929,0
2011-09-21,3008110,대청,73.92,1011.482,36.371,43.188,67.9,74.99,72.39,1075.72,0,1320.6445,1149.2965,1060.9529,31.929,0,0,0,0,5.879,4.776,0.604,0,,3.5588,0
2011-09-20,3008110,대청,73.93,1012.071,28.401,42.058,67.9,74.97,72.43,1074.498,0,1320.6445,1144.1811,1057.3941,30.771,0,0,0,0,5.822,4.893,0.572,0,,3.6581,0
2011-09-19,3008110,대청,73.95,1013.251,29,42.657,68,74.92,72.45,1071.446,0.2208,1320.6445,1135.5026,1053.736,31.896,0,0,0,0,5.51,4.703,0.548,0,,3.4901,0
2011-09-18,3008110,대청,73.97,1014.431,36.656,43.496,68.1,74.93,72.52,1072.056,1.3621,1320.4237,1132.5301,1050.2459,32.191,0,0,0,0,5.879,4.877,0.549,0,,3.0956,0
2011-09-17,3008110,대청,73.98,1015.022,50.523,43.683,68.1,74.92,72.52,1071.446,0,1319.0616,1132.5301,1047.1503,32.117,0,0,0,0,6.088,4.934,0.544,0,,4.1645,0
2011-09-16,3008110,대청,73.97,1014.431,43.632,43.632,68.1,74.89,72.46,1069.617,0,1319.0616,1132.5301,1042.9858,32.221,0,0,0,0,6.018,4.844,0.549,0,,6.5968,0
2011-09-15,3008110,대청,73.97,1014.431,53.461,53.461,68.1,74.83,72.41,1065.965,0,1319.0616,1132.5301,1036.389,42.682,0,0,0,0,5.264,4.967,0.548,0,,6.5409,0
2011-09-14,3008110,대청,73.97,1014.431,59.633,39.142,68.1,74.78,72.42,1062.927,0,1319.0616,1132.5301,1029.8481,32.255,0,0,0,0,1.351,4.996,0.539,0,,5.3614,0
2011-09-13,3008110,대청,73.94,1012.6609,99.299,37.951,68,74.61,72.35,1052.638,0.0273,1319.0616,1132.5301,1024.4867,31.834,0,0,0,0,0.643,4.937,0.537,0,,4.1202,0
2011-09-12,3008110,대청,73.85,1007.3605,153.657,38.298,67.6,74.25,72.23,1031.044,12.7186,1319.0343,1132.5301,1020.3665,32.053,0,0,0,0,0.959,4.753,0.533,0,,6.0427,0
2011-09-11,3008110,대청,73.68,997.3935,126.944,39.185,66.9,73.89,72.21,1009.714,15.6416,1306.3157,1106.9313,1014.3238,32.062,0,0,0,0,1.43,4.916,0.777,0,,5.6144,0
2011-09-10,3008110,대청,73.55,989.811,55.764,42.298,66.4,73.81,72.2,1005.01,26.1243,1290.6741,1086.2547,1008.7094,32.003,0,0,0,0,2.132,4.811,3.353,0,,5.1364,0
2011-09-09,3008110,대청,73.53,988.6476,31.531,44.998,66.4,73.94,72.17,1012.661,1.9911,1264.5498,1083.3506,1003.573,32.128,0,0,0,0,3.195,4.885,4.79,0,,5.9331,0
2011-09-08,3008110,대청,73.55,989.811,26.86,47.08,66.4,74.03,72.18,1017.978,0,1262.5587,1083.116,997.6399,32.049,0,0,0,0,4.977,5.215,4.839,0,,3.6006,0
2011-09-07,3008110,대청,73.58,991.558,24.634,44.865,66.6,74.02,72.2,1017.386,0,1262.5587,1083.0632,994.0393,32.214,0,0,0,0,2.65,5.167,4.834,0,,3.2814,0
2011-09-06,3008110,대청,73.61,993.306,29.529,43.036,66.7,73.99,72.22,1015.613,0,1262.5587,1076.9067,990.7579,32.29,0,0,0,0,0.867,5.003,4.876,0,,3.3579,0
2011-09-05,3008110,대청,73.63,994.473,22.881,43.159,66.7,74.15,72.27,1025.093,0,1262.5587,1063.6116,987.4,32.034,0,0,0,0,1.293,5.031,4.801,0,,6.1565,0
2011-09-04,3008110,대청,73.66,996.225,30.21,43.74,66.9,74.36,72.35,1037.614,0,1262.5587,1055.96,981.2435,31.736,0,0,0,0,1.927,5.193,4.884,0,,2.0265,0
2011-09-03,3008110,대청,73.68,997.394,31.598,45.128,66.9,74.4,72.28,1040.009,0,1262.5587,1055.6394,979.217,31.989,0,0,0,0,2.868,5.407,4.864,0,,4.9827,0
2011-09-02,3008110,대청,73.7,998.563,38.892,45.663,67,74.25,72.2,1031.044,0,1262.5587,1054.4299,974.2343,32.072,0,0,0,0,4.237,5.294,4.06,0,,10.177,0
2011-09-01,3008110,대청,73.71,999.148,54.272,47.501,67.1,73.85,72.15,1007.361,0,1262.5587,1034.4605,964.0573,32.286,0,0,0,0,6.179,5.24,3.796,0,,7.1005,0
2011-08-31,3008110,대청,73.7,998.563,44.811,78.7,67,73.52,71.81,988.066,0,1262.5587,1016.8392,956.9568,65.131,0,0,0,0,4.264,5.198,4.107,0,,13.6974,0
2011-08-30,3008110,대청,73.75,1001.491,39.042,52.607,67.2,73.42,71.56,982.263,2.2443,1262.5587,987.2197,943.2594,40.251,0,0,0,0,3.991,5.038,3.327,0,,13.0674,0
2011-08-29,3008110,대청,73.77,1002.663,44.687,51.469,67.3,73.6,71.37,992.723,0.0525,1260.3144,974.5479,930.192,40.006,0,0,0,0,3.667,5.152,2.644,0,,7.4904,0
2011-08-28,3008110,대청,73.78,1003.249,55.431,62.225,67.3,73.73,71.35,1000.319,0,1260.2619,960.1984,922.7016,54.214,0,0,0,0,2.356,4.958,0.697,0,,7.6294,0
2011-08-27,3008110,대청,73.79,1003.836,56.532,63.326,67.4,73.83,71.34,1006.185,0,1260.2619,956.2146,915.0722,54.243,0,0,0,0,3.567,4.92,0.596,0,,6.5302,0
2011-08-26,3008110,대청,73.8,1004.423,64.834,64.834,67.4,74.03,71.2,1017.978,0.2467,1260.2619,956.1464,908.542,54.131,0,0,0,0,5.536,4.566,0.601,0,,8.8417,0
2011-08-25,3008110,대청,73.8,1004.423,92.786,65.633,67.4,74.34,71.08,1036.418,0.1466,1260.0152,944.6012,899.7003,54.465,0,0,0,0,5.903,4.67,0.595,0,,9.0369,0
2011-08-24,3008110,대청,73.76,1002.077,84.611,98.176,67.3,74.69,71.03,1057.473,1.6568,1259.8686,923.7051,890.6634,86.99,0,0,0,0,5.939,4.65,0.597,0,,6.6148,0
2011-08-23,3008110,대청,73.78,1003.249,103.055,137.036,67.3,75.09,71.09,1081.844,0,1258.2118,920.8041,884.0486,125.926,0,0,0,0,5.832,4.678,0.6,0,,4.6691,0
2011-08-22,3008110,대청,73.83,1006.185,142.633,135.827,67.5,75.48,71.1,1105.924,0,1258.2118,920.4305,879.3795,124.596,0,0,0,0,5.96,4.674,0.597,0,,6.8232,0
2011-08-21,3008110,대청,73.82,1005.597,163.837,136.661,67.5,75.84,71.04,1128.432,0,1258.2118,920.1543,872.5563,125.812,0,0,0,0,5.567,4.683,0.599,0,,10.6042,0
2011-08-20,3008110,대청,73.78,1003.249,176.492,135.798,67.3,76.1,70.98,1144.857,13.696,1258.2118,920.1543,861.9521,124.942,0,0,0,0,5.694,4.581,0.581,0,,10.8072,0
2011-08-19,3008110,대청,73.72,999.733,189.797,135.677,67.1,76.27,70.96,1155.672,3.601,1244.5158,919.7196,851.1449,124.66,0,0,0,0,5.81,4.648,0.559,0,,5.6169,0
2011-08-18,3008110,대청,73.64,995.057,281.231,233.986,66.8,76.43,70.89,1165.907,6.999,1240.9148,919.4486,845.528,222.772,0,0,0,0,5.984,4.675,0.555,0,,9.2155,0
2011-08-17,3008110,대청,73.57,990.975,221.634,235.129,66.5,76.05,70.92,1141.687,11.8325,1233.9158,916.7707,836.3125,224.225,0,0,0,0,5.938,4.406,0.56,0,,5.6703,0
2011-08-16,3008110,대청,73.59,992.141,194.373,234.882,66.6,74.57,70.86,1050.225,8.5121,1222.0833,910.3455,830.6422,223.434,0,0,0,0,6.169,4.724,0.555,0,,10.4716,0
2011-08-15,3008110,대청,73.65,995.641,321.494,233.82,66.8,72.97,70.67,956.397,0.0634,1213.5712,856.8947,820.1706,223.04,0,0,0,0,5.602,4.629,0.549,0,,10.144,0
2011-08-14,3008110,대청,73.52,988.066,480.224,439.9,66.3,71.65,70.54,882.85,4.9719,1213.5078,811.4322,810.0266,225.651,203.428,0,0,0,5.717,4.526,0.578,0,,6.9915,0
2011-08-13,3008110,대청,73.46,984.582,823.53,1128.044,66.1,69.69,70.49,779.638,0.2321,1208.5359,787.9178,803.0351,229.372,887.329,0,0,0,6.03,4.724,0.589,0,,8.7476,0
2011-08-12,3008110,대청,73.91,1010.892,1047.287,1790.539,67.9,68.72,70.53,731.484,10.8863,1208.3038,726.9595,794.2875,228.298,1550.701,0,0,0,6.157,4.779,0.604,0,,8.7983,0
2011-08-11,3008110,대청,74.98,1075.109,1431.412,1838.472,72.2,67.42,70.4,670.185,12.8709,1197.4175,720.5014,785.4892,224.939,1603.607,0,0,0,4.356,4.943,0.627,0,,8.3104,0
2011-08-10,3008110,대청,75.55,1110.279,2792.891,1479.581,74.5,66.25,70.32,618.097,51.6383,1184.5466,680.0091,777.1788,228.222,1241.912,0,0,0,4.052,4.779,0.616,0,,12.0071,0
2011-08-09,3008110,대청,73.67,996.809,1483.466,851.441,66.9,66.11,70.33,612.055,81.6182,1132.9083,628.6273,765.1717,234.102,606.844,0,0,0,5.845,4.065,0.585,0,,7.3203,0
2011-08-08,3008110,대청,72.72,942.202,613.857,238.244,63.2,66.04,70.34,609.049,37.7352,1051.2901,628.6273,757.8514,122.962,104.343,0,0,0,5.771,4.571,0.597,0,,6.9136,0
2011-08-07,3008110,대청,72.14,909.749,69.89,63.49,61.1,65.93,70.4,604.346,27.7576,1013.5549,620.9489,750.9378,52.49,0,0,0,0,5.907,4.542,0.551,0,,6.481,0
2011-08-06,3008110,대청,72.13,909.196,90.341,64.728,61,65.9,70.44,603.068,0.2201,985.7973,612.4796,744.4568,53.581,0,0,0,0,5.949,4.619,0.579,0,,6.1528,0
2011-08-05,3008110,대청,72.09,906.983,104.665,85.475,60.9,65.88,70.37,602.217,0,985.5772,593.24,738.304,74.102,0,0,0,0,6.146,4.648,0.579,0,,1.608,0
2011-08-04,3008110,대청,72.06,905.325,163.409,176.198,60.8,65.87,70.26,601.791,2.7563,985.5772,592.8926,736.696,164.834,0,0,0,0,6.111,4.674,0.579,0,,11.7991,0
2011-08-03,3008110,대청,72.08,906.43,163.962,234.46,60.8,65.85,70.06,600.942,7.578,982.8209,589.0767,724.8969,223.229,0,0,0,0,5.984,4.669,0.578,0,,11.0872,0
2011-08-02,3008110,대청,72.19,912.521,177.768,235.65,61.2,65.85,69.93,600.942,2.0725,975.2429,585.0855,713.8097,224.435,0,0,0,0,6.007,4.633,0.575,0,,6.5331,0
2011-08-01,3008110,대청,72.28,917.522,175.729,240.254,61.6,65.83,69.97,600.092,22.5242,973.1704,584.6423,707.2766,229.268,0,0,0,0,5.893,4.516,0.577,0,,6.6159,0
2011-07-31,3008110,대청,72.38,923.097,90.153,239.447,62,65.79,70.03,598.397,1.659,950.6462,584.5741,700.6607,228.537,0,0,0,0,5.739,4.59,0.581,0,,2.825,0
2011-07-30,3008110,대청,72.61,935.996,104.735,235.545,62.8,65.72,70.08,595.437,2.8088,948.9872,584.5741,697.8357,224.012,0,0,0,0,6.25,4.7,0.583,0,,3.6841,0
2011-07-29,3008110,대청,72.81,947.298,121.016,232.926,63.6,65.61,70.1,590.806,3.4821,946.1784,584.5059,694.1516,221.507,0,0,0,0,6.238,4.591,0.59,0,,5.4247,0
2011-07-28,3008110,대청,72.98,956.967,148.496,234.538,64.2,65.51,70.24,586.617,0.7746,942.6963,584.5059,688.7269,223.239,0,0,0,0,6.053,4.655,0.591,0,,5.3114,0
2011-07-27,3008110,대청,73.11,964.401,155.761,235.518,64.7,65.38,70.27,581.202,12.8276,941.9217,572.5585,683.4155,224.001,0,0,0,0,6.03,4.526,0.961,0,,3.5925,0
2011-07-26,3008110,대청,73.23,971.292,190.729,237.419,65.2,65.28,70.21,577.06,0.7406,929.0941,555.9907,679.823,225.133,0,0,0,0,6.179,4.753,1.354,0,,10.1416,0
2011-07-25,3008110,대청,73.3,975.326,317.803,237.838,65.5,65.22,70.19,574.584,20.3605,928.3535,554.2254,669.6814,225.826,0,0,0,0,5.984,4.675,1.353,0,,8.8423,0
2011-07-24,3008110,대청,73.18,968.417,132.298,238.988,65,65.15,70.1,571.705,4.2238,907.993,545.3576,660.8391,227.185,0,0,0,0,5.533,4.769,1.501,0,,4.1483,0
2011-07-23,3008110,대청,73.34,977.635,154.907,235.312,65.6,65.06,69.85,568.017,6.3475,903.7692,539.9356,656.6908,223.125,0,0,0,0,5.984,4.681,1.522,0,,14.9266,0
2011-07-22,3008110,대청,73.46,984.582,202.724,169.182,66.1,65.01,69.48,565.976,21.7305,897.4217,522.4732,641.7642,158.244,0,0,0,0,6.006,4.626,0.306,0,,10.7677,0
2011-07-21,3008110,대청,73.41,981.684,100.071,133.613,65.9,64.99,69.5,565.161,6.8971,875.6912,519.0994,630.9965,122.561,0,0,0,0,6.088,4.679,0.285,0,,5.982,0
2011-07-20,3008110,대청,73.46,984.582,81.265,188.996,66.1,64.96,69.51,563.939,0,868.7941,518.9834,625.0145,177.459,0,0,0,0,6.551,4.702,0.284,0,,3.5561,0
2011-07-19,3008110,대청,73.62,993.89,117.002,313.784,66.7,64.87,69.42,560.286,0,868.7941,518.9834,621.4584,225.158,77.031,0,0,0,6.564,4.745,0.286,0,,6.0275,0
2011-07-18,3008110,대청,73.91,1010.892,245.079,450.739,67.9,64.71,69.3,553.831,0,868.7941,518.9834,615.4309,223.482,215.739,0,0,0,6.376,4.853,0.289,0,,6.5514,0
2011-07-17,3008110,대청,74.21,1028.661,312.935,506.789,69,64.36,68.92,539.888,0,868.7941,518.9453,608.8795,220.589,275.396,0,0,0,5.603,4.912,0.289,0,,15.9477,0
2011-07-16,3008110,대청,74.49,1045.41,435.261,750.724,70.2,64.08,68.32,528.907,1.3687,868.7941,483.4036,592.9318,221.293,517.77,0,0,0,6.271,5.1,0.29,0,,15.391,0
2011-07-15,3008110,대청,74.94,1072.666,584.019,947.375,72,64.03,68.04,526.962,4.8146,867.4254,473.1017,577.5408,222.199,714.121,0,0,0,6.228,4.54,0.287,0,,15.8451,0
2011-07-14,3008110,대청,75.45,1104.06,644.595,1434.78,74.1,63.95,67.79,523.86,5.3817,862.6108,472.9233,561.6957,221.609,1201.806,0,0,0,6.098,4.976,0.291,0,,11.7466,0
2011-07-13,3008110,대청,76.53,1172.332,885.626,1473.994,78.7,63.87,67.52,520.771,1.0009,857.2291,472.8599,549.9491,217.162,1245.473,0,0,0,5.926,5.138,0.295,0,,12.0936,0
2011-07-12,3008110,대청,77.31,1223.167,954.038,1130.392,82.1,63.61,67.16,510.816,22.9889,856.2282,472.7122,537.8555,211.398,908.022,0,0,0,5.66,5.02,0.292,0,,16.1153,0
2011-07-11,3008110,대청,77.54,1238.404,3443.249,850.969,83.1,63.09,67.02,491.294,12.4765,833.2393,471.8768,521.7402,216.157,623.603,0,0,0,5.857,5.037,0.315,0,,17.4725,0
2011-07-10,3008110,대청,73.97,1014.431,2483.138,311.379,68.1,63.02,66.72,488.706,149.6546,820.7628,405.9455,504.2677,237.119,64.205,0,0,0,5.278,4.476,0.301,0,,13.5229,0
2011-07-09,3008110,대청,70.6,826.791,881.355,212.883,55.5,63.06,66.42,490.184,39.1028,671.1082,405.8908,490.7448,202.38,0,0,0,0,5.742,4.456,0.305,0,,13.9776,0
2011-07-08,3008110,대청,69.48,769.035,958.427,256.899,51.6,63.1,66.3,491.665,68.0328,632.0054,405.8354,476.7672,246.504,0,0,0,0,5.728,4.427,0.24,0,,6.9407,0
2011-07-07,3008110,대청,68.24,708.423,119.285,263.131,47.6,63.12,66.13,492.407,9.7717,563.9725,405.6097,469.8265,252.5,0,0,0,0,5.914,4.46,0.257,0,,8.7386,0
2011-07-06,3008110,대청,68.5,720.852,159.182,259.77,48.4,63.13,65.96,492.778,0,554.2008,405.6097,461.0879,249.029,0,0,0,0,5.995,4.483,0.263,0,,7.9803,0
2011-07-05,3008110,대청,68.68,729.543,299.65,182.37,49,63.13,65.73,492.778,0,554.2008,405.6097,453.1076,171.358,0,0,0,0,6.192,4.544,0.276,0,,7.4039,0
2011-07-04,3008110,대청,68.47,719.41,403.677,134.371,48.3,63.12,65.62,492.407,0.4654,554.2008,404.3974,445.7037,123.892,0,0,0,0,5.903,4.325,0.251,0,,8.1068,0
2011-07-03,3008110,대청,67.98,696.142,118.846,135.165,46.7,63.07,65.51,490.554,49.7351,553.7354,400.7392,437.5969,124.588,0,0,0,0,5.81,4.512,0.255,0,,10.7933,0
2011-07-02,3008110,대청,68.01,697.552,69.809,135.295,46.8,63.01,65.4,488.337,2.4357,504.0003,395.6751,426.8036,124.248,0,0,0,0,6.273,4.517,0.257,0,,8.5602,0
2011-07-01,3008110,대청,68.13,703.21,96.056,134.412,47.2,62.99,65.32,487.599,0.3378,501.5646,365.7266,418.2434,123.802,0,0,0,0,5.949,4.413,0.248,0,,9.6077,0
2011-06-30,3008110,대청,68.2,706.524,111.569,177.626,47.4,63.05,65.29,489.814,1.5333,501.2268,365.7266,408.6357,166.937,0,0,0,0,5.903,4.52,0.266,0,,4.3229,0
2011-06-29,3008110,대청,68.32,712.232,152.231,246.434,47.8,63.13,65.22,492.778,5.4077,499.6935,365.7266,404.3128,235.279,0,0,0,0,6.412,4.499,0.244,0,,7.6798,0
2011-06-28,3008110,대청,68.49,720.371,211.574,245,48.4,63.21,65.21,495.754,3.7433,494.2858,365.7266,396.633,234.332,0,0,0,0,5.996,4.413,0.259,0,,6.0434,0
2011-06-27,3008110,대청,68.55,723.259,415.841,244.128,48.5,63.28,65.16,498.367,0,490.5425,365.7266,390.5896,233.664,0,0,0,0,5.764,4.43,0.27,0,,10.0233,0
2011-06-26,3008110,대청,68.24,708.423,737.407,242.002,47.6,63.34,65.11,500.615,15.4623,490.5425,365.1309,380.5663,231.21,0,0,0,0,6.065,4.456,0.271,0,,3.7493,0
2011-06-25,3008110,대청,67.32,665.62,1467.32,150.248,44.7,63.4,64.91,502.87,45.4643,475.0802,362.884,376.817,140.32,0,0,0,0,5.347,4.29,0.291,0,,10.8214,0
2011-06-24,3008110,대청,64.66,551.825,543.054,59.605,37,63.46,64.67,505.132,104.8606,429.6159,362.884,365.9956,49.168,0,0,0,0,5.938,4.237,0.262,0,,14.2858,0
2011-06-23,3008110,대청,63.59,510.055,67.896,63.498,34.2,63.53,64.61,507.779,16.5464,324.7553,362.884,351.7098,52.987,0,0,0,0,6.018,4.23,0.263,0,,8.5886,0
2011-06-22,3008110,대청,63.58,509.675,27.856,63.099,34.2,63.58,64.64,509.675,17.1329,308.2089,362.884,343.1212,50.813,0,0,0,0,5.96,4.432,1.894,0,,5.4317,0
2011-06-21,3008110,대청,63.66,512.72,23.531,67.779,34.4,63.67,64.66,513.101,0,291.076,362.884,337.6895,52.152,0,0,0,0,5.891,4.774,4.962,0,,4.0401,0
2011-06-20,3008110,대청,63.76,516.543,16.915,70.306,34.7,63.74,64.53,515.777,0,291.076,362.884,333.6494,54.176,0,0,0,0,5.671,4.851,5.608,0,,13.0387,0
2011-06-19,3008110,대청,63.88,521.156,17.51,66.735,35,63.81,64.52,518.462,0,291.076,361.1727,320.6107,52.031,0,0,0,0,6.528,4.979,3.197,0,,8.0761,0
2011-06-18,3008110,대청,63.99,525.409,17.269,66.771,35.3,63.88,64.6,521.156,1.6678,291.076,349.4695,312.5346,51.689,0,0,0,0,5.903,4.948,4.231,0,,4.3659,0
2011-06-17,3008110,대청,64.1,529.686,13.491,90.528,35.6,64.05,64.57,527.739,0,289.4082,349.4695,308.1687,75.055,0,0,0,0,5.903,4.98,4.59,0,,7.0875,0
2011-06-16,3008110,대청,64.27,536.342,16.923,126.784,36,64.21,64.56,533.986,0,289.4082,349.4695,301.0812,111.519,0,0,0,0,5.961,4.825,4.479,0,,4.4161,0
2011-06-15,3008110,대청,64.51,545.834,20.581,127.109,36.6,64.31,64.66,537.916,0,289.4082,349.4695,296.6651,111.962,0,0,0,0,5.961,4.827,4.359,0,,0.9081,0
2011-06-14,3008110,대청,64.74,555.038,21.622,129.353,37.3,64.42,64.77,542.261,0,289.4082,342.2492,295.757,114.249,0,0,0,0,5.776,4.42,4.908,0,,3.3604,0
2011-06-13,3008110,대청,64.97,564.346,19.02,127.978,37.9,64.6,64.85,549.423,0,289.4082,331.9446,292.3966,113.534,0,0,0,0,5.694,4.8,3.95,0,,1.9136,0
2011-06-12,3008110,대청,65.2,573.76,21.744,127.114,38.5,64.75,64.96,555.44,0,289.4082,331.8222,290.483,111.907,0,0,0,0,6.007,4.819,4.381,0,,1.9504,0
2011-06-11,3008110,대청,65.42,582.864,24.862,126.506,39.1,64.94,65.07,563.126,0,289.4082,327.661,288.5326,111.708,0,0,0,0,5.694,4.883,4.221,0,,2.2324,0
2011-06-10,3008110,대청,65.63,591.646,25.052,236.406,39.7,65.12,65.12,570.474,0,289.4082,327.661,286.3002,221.786,0,0,0,0,5.729,4.865,4.026,0,,5.5972,0
2011-06-09,3008110,대청,66.06,609.907,21.201,242.023,40.9,65.29,65.19,577.473,0,289.4082,327.661,280.703,226.477,0,0,0,0,5.66,4.877,5.009,0,,2.3555,0
2011-06-08,3008110,대청,66.5,628.986,18.993,239.294,42.2,65.47,65.25,584.947,0,289.4082,327.661,278.3475,224.959,0,0,0,0,5.995,3.736,4.604,0,,4.8035,0
2011-06-07,3008110,대청,66.93,648.02,28.536,237.517,43.5,65.64,65.35,592.066,0,289.4082,327.661,273.544,223.227,0,0,0,0,5.984,4.17,4.136,0,,4.7849,0
2011-06-06,3008110,대청,67.33,666.076,26.744,239.649,44.7,65.8,65.49,598.82,0,289.4082,327.661,268.7591,224.786,0,0,0,0,5.706,4.803,4.354,0,,0.7314,0
2011-06-05,3008110,대청,67.73,684.471,26.655,238.067,45.9,65.96,65.57,605.626,0,289.4082,327.661,268.0277,223.514,0,0,0,0,5.671,4.863,4.019,0,,2.093,0
2011-06-04,3008110,대청,68.12,702.737,32.044,236.141,47.2,66.12,65.67,612.485,0,289.4082,327.661,265.9347,221.39,0,0,0,0,5.764,4.865,4.122,0,,0.2321,0
2011-06-03,3008110,대청,68.49,720.371,37.996,239.906,48.4,66.27,65.76,618.963,0,289.4082,327.661,265.7026,224.909,0,0,0,0,5.845,4.947,4.205,0,,1.8912,0
2011-06-02,3008110,대청,68.85,737.816,31.183,236.403,49.5,66.4,65.87,624.615,0.0663,289.4082,327.661,263.8114,222.394,0,0,0,0,5.88,4.702,3.427,0,,4.0208,0
2011-06-01,3008110,대청,69.21,755.547,44.657,241.544,50.7,66.54,65.97,630.74,9.7095,289.3419,327.661,259.7906,228.514,0,0,0,0,5.729,4.71,2.591,0,,3.5745,0
2011-05-31,3008110,대청,69.55,772.558,30.243,253.854,51.9,66.68,66.08,636.907,0.1555,279.6324,327.661,256.2161,237.932,0,0,0,0,6.165,4.888,4.869,0,,0.6486,0
2011-05-30,3008110,대청,69.93,791.878,34.499,251.744,53.2,66.8,66.17,642.225,0,279.4769,327.661,255.5675,236.772,0,0,0,0,5.845,5.008,4.119,0,,2.5876,0
2011-05-29,3008110,대청,70.29,810.648,32.777,256.018,54.4,66.89,66.26,646.233,0,279.4769,327.661,252.9799,240.913,0,0,0,0,5.961,4.964,4.18,0,,1.1776,0
2011-05-28,3008110,대청,70.66,829.936,47.249,255.096,55.7,66.97,66.37,649.811,0,279.4769,327.661,251.8023,239.89,0,0,0,0,5.787,5.135,4.284,0,,1.5743,0
2011-05-27,3008110,대청,71,847.894,42.41,252.85,56.9,67,66.47,651.156,0,279.4769,327.661,250.228,237.768,0,0,0,0,5.695,5.194,4.193,0,,0.8065,0
2011-05-26,3008110,대청,71.34,866.076,41.723,204.408,58.1,66.95,66.57,648.915,8.4313,279.4769,327.661,249.4215,188.489,0,0,0,0,5.729,5.341,4.849,0,,2.4163,0
2011-05-25,3008110,대청,71.6,880.132,27.907,128.787,59.1,66.84,66.67,644.004,0,271.0456,327.4062,247.0052,112.765,0,0,0,0,5.787,5.544,4.691,0,,2.114,0
2011-05-24,3008110,대청,71.76,888.848,36.433,125.171,59.7,66.67,66.77,636.465,0,271.0456,323.2709,244.8912,109.395,0,0,0,0,5.81,5.25,4.716,0,,2.0725,0
2011-05-23,3008110,대청,71.9,896.515,43.006,125.818,60.2,66.42,66.85,625.487,0,271.0456,320.8225,242.8187,110.47,0,0,0,0,5.775,4.937,4.636,0,,1.2892,0
2011-05-22,3008110,대청,72.03,903.67,55.665,126.024,60.7,66.3,66.93,620.264,0.5089,271.0456,300.8643,241.5295,110.221,0,0,0,0,5.914,4.596,5.293,0,,2.3115,0
2011-05-21,3008110,대청,72.14,909.749,42.3,74.383,61.1,66.27,67.01,618.963,4.9118,270.5367,284.3558,239.218,57.899,0,0,0,0,5.834,4.93,5.72,0,,2.8118,0
2011-05-20,3008110,대청,72.19,912.521,46.622,130.279,61.2,66.29,67.09,619.83,2.1526,265.6249,284.3558,236.4062,114.808,0,0,0,0,5.751,5.062,4.658,0,,1.4267,0
2011-05-19,3008110,대청,72.32,919.749,52.245,129.826,61.7,66.27,67.18,618.963,0,263.4723,284.3558,234.9795,113.586,0,0,0,0,5.891,5.193,5.156,0,,2.172,0
2011-05-18,3008110,대청,72.44,926.452,55.541,126.941,62.2,66.19,67.26,615.502,0,263.4723,282.9876,232.8075,112.647,0,0,0,0,3.673,5.02,5.601,0,,4.3024,0
2011-05-17,3008110,대청,72.55,932.621,56.466,121.616,62.6,66.19,67.33,615.502,0,263.4723,239.4815,228.5051,108.682,0,0,0,0,3.728,4.906,4.3,0,,2.26,0
2011-05-16,3008110,대청,72.65,938.2499,84.243,129.985,63,66.29,67.39,619.83,0,263.4723,233.562,226.2451,115.499,0,0,0,0,5.701,5.008,3.778,0,,3.1652,0
2011-05-15,3008110,대청,72.72,942.202,115.008,128.098,63.2,66.4,67.4,624.615,0,263.4723,233.562,223.0799,114.291,0,0,0,0,5.741,5.171,2.895,0,,0.9866,0
2011-05-14,3008110,대청,72.74,943.333,153.342,127.173,63.3,66.51,67.39,629.424,0,263.4723,233.562,222.0933,113.725,0,0,0,0,5.845,5.076,2.527,0,,2.1303,0
2011-05-13,3008110,대청,72.7,941.072,288.26,112.566,63.2,66.62,67.4,634.259,0,263.4723,233.562,219.963,99.975,0,0,0,0,6.007,5.008,1.576,0,,8.705,0
2011-05-12,3008110,대청,72.43,925.892,606.19,45.16,62.1,66.72,67.43,638.676,2.8787,263.4723,233.562,211.258,34.123,0,0,0,0,5.822,4.38,0.835,0,,2.147,0
2011-05-11,3008110,대청,71.55,877.419,788.296,39.465,58.9,66.82,67.44,643.114,34.0165,260.5936,233.562,209.111,28.296,0,0,0,0,5.613,4.785,0.771,0,,4.736,0
2011-05-10,3008110,대청,70.33,812.72,327.572,44.875,54.5,66.92,67.44,647.573,71.7378,226.5771,233.562,204.375,33.738,0,0,0,0,5.799,4.604,0.734,0,,4.3335,0
2011-05-09,3008110,대청,69.86,788.295,36.351,42.265,52.9,67.01,67.46,651.604,1.2593,154.8393,233.562,200.0415,31.047,0,0,0,0,5.81,4.623,0.785,0,,1.9858,0
2011-05-08,3008110,대청,69.87,788.806,40.15,46.064,52.9,67.09,67.44,655.202,0,153.58,233.562,198.0557,34.067,0,0,0,0,5.811,4.863,1.323,0,,1.1323,0
2011-05-07,3008110,대청,69.88,789.317,39.763,45.689,53,67.17,67.39,658.813,0,153.58,233.562,196.9234,34,0,0,0,0,5.474,4.919,1.296,0,,7.8194,0
2011-05-06,3008110,대청,69.89,789.829,40.827,46.753,53,67.26,67.36,662.892,0,153.58,233.562,189.104,34.148,0,0,0,0,5.764,4.87,1.971,0,,5.3452,0
2011-05-05,3008110,대청,69.9,790.341,53.301,47.375,53,67.31,67.39,665.165,0,153.58,232.3179,183.7588,34.197,0,0,0,0,5.81,4.92,2.448,0,,2.1428,0
2011-05-04,3008110,대청,69.89,789.829,70.141,46.472,53,67.35,67.41,666.987,0,153.58,232.3179,181.616,33.905,0,0,0,0,5.81,4.91,1.847,0,,1.2486,0
2011-05-03,3008110,대청,69.85,787.784,81.319,45.879,52.9,67.37,67.43,667.9,0,153.58,232.3179,180.3674,33.875,0,0,0,0,5.891,4.868,1.245,0,,4.4583,0
2011-05-02,3008110,대청,69.79,784.722,111.143,46.432,52.7,67.39,67.46,668.813,0,153.58,232.3179,175.9091,34.073,0,0,0,0,5.984,4.87,1.505,0,,2.071,0
2011-05-01,3008110,대청,69.68,779.131,108.811,38.58,52.3,67.39,67.48,668.813,3.4538,153.58,232.3179,173.8381,27.464,0,0,0,0,5.718,4.722,0.676,0,,1.8856,0
2011-04-30,3008110,대청,69.56,773.063,70.148,40.993,51.9,67.37,67.47,667.9,31.7237,150.1262,232.3179,171.9525,29.897,0,0,0,0,5.648,4.638,0.81,0,,4.1125,0
2011-04-29,3008110,대청,69.51,770.544,30.773,42.417,51.7,67.36,67.47,667.444,0.055,118.4025,232.2542,167.84,29.928,0,0,0,0,5.753,4.822,1.914,0,,3.1751,0
2011-04-28,3008110,대청,69.53,771.55,30.664,42.331,51.8,67.34,67.48,666.531,0.0634,118.3475,231.1803,164.6649,29.816,0,0,0,0,6.151,4.605,1.759,0,,2.8826,0
2011-04-27,3008110,대청,69.55,772.558,29.942,41.62,51.9,67.33,67.52,666.076,1.35,118.2841,222.2829,161.7823,29.835,0,0,0,0,5.509,4.786,1.49,0,,1.0303,0
2011-04-26,3008110,대청,69.57,773.567,29.321,41.011,51.9,67.34,67.56,666.531,3.8116,116.9341,218.4228,160.752,29.896,0,0,0,0,5.729,4.688,0.698,0,,2.2088,0
2011-04-25,3008110,대청,69.59,774.577,35.918,41.763,52,67.38,67.56,668.356,0.1652,113.1225,201.2658,158.5432,29.981,0,0,0,0,5.383,4.815,1.584,0,,2.3532,0
2011-04-24,3008110,대청,69.6,775.082,23.639,41.197,52,67.43,67.55,670.643,0,112.9573,201.2658,156.19,29.882,0,0,0,0,5.288,4.768,1.259,0,,0.2173,0
2011-04-23,3008110,대청,69.63,776.599,35.918,41.774,52.1,67.49,67.54,744.726,0,112.9573,201.1454,155.9727,29.78,0,0,0,0,5.868,4.852,1.274,0,,2.7345,0
2011-04-22,3008110,대청,69.64,777.105,36.407,42.263,52.2,67.55,67.56,747.424,18.0797,112.9573,198.9162,153.2382,29.925,0,0,0,0,5.533,4.701,2.104,0,,3.6118,0
2011-04-21,3008110,대청,69.65,777.611,24.209,41.802,52.2,67.61,67.58,750.129,0,94.8776,190.3981,149.6264,29.802,0,0,0,0,5.44,4.81,1.75,0,,1.8768,0
2011-04-20,3008110,대청,69.68,779.131,16.712,40.207,52.3,67.68,67.55,753.291,0,94.8776,189.3377,147.7496,29.906,0,0,0,0,4.959,4.485,0.858,0,,1.7051,0
2011-04-19,3008110,대청,69.72,781.161,23.971,41.621,52.4,67.81,67.54,759.184,0,94.8776,189.3377,146.0445,29.806,0,0,0,0,5.496,4.695,1.624,0,,3.6097,0
2011-04-18,3008110,대청,69.75,782.686,29.973,41.755,52.5,67.95,67.51,765.56,0.4878,94.8776,189.3377,142.4348,29.987,0,0,0,0,5.569,4.694,1.505,0,,4.7577,0
2011-04-17,3008110,대청,69.77,783.704,17.935,41.523,52.6,68.09,67.51,771.966,0,94.3898,189.3377,137.6771,29.818,0,0,0,0,5.498,4.766,1.441,0,,3.1472,0
2011-04-16,3008110,대청,69.81,785.742,23.335,41.055,52.7,68.21,67.53,777.481,0,94.3898,189.3377,134.5299,29.642,0,0,0,0,5.66,4.76,0.993,0,,2.5419,0
2011-04-15,3008110,대청,69.84,787.273,29.252,41.081,52.8,68.34,67.56,783.481,0,94.3898,189.3377,131.988,29.774,0,0,0,0,5.822,4.755,0.73,0,,0.9652,0
2011-04-14,3008110,대청,69.86,788.295,28.921,40.75,52.9,68.47,67.58,789.507,0,94.3898,188.641,131.0228,29.694,0,0,0,0,5.544,4.828,0.684,0,,0.8097,0
2011-04-13,3008110,대청,69.88,789.317,28.471,40.323,53,68.58,67.59,794.626,0,94.3898,188.641,130.2131,29.674,0,0,0,0,5.417,4.554,0.678,0,,1.0274,0
2011-04-12,3008110,대청,69.9,790.341,34.786,40.712,53,68.7,67.6,800.232,0,94.3898,186.492,129.1857,30.001,0,0,0,0,5.277,4.751,0.683,0,,2.9147,0
2011-04-11,3008110,대청,69.91,790.853,33.278,39.215,53.1,68.82,67.6,805.861,6.0661,94.3898,186.2364,126.271,29.856,0,0,0,0,3.846,4.83,0.683,0,,2.0957,0
2011-04-10,3008110,대청,69.92,791.366,34.77,40.696,53.1,68.92,67.59,810.569,0,88.3237,186.2364,124.1753,29.78,0,0,0,0,5.556,4.681,0.679,0,,2.7657,0
2011-04-09,3008110,대청,69.93,791.878,29.178,41.053,53.2,69.03,67.62,815.765,0,88.3237,186.2364,121.4096,29.933,0,0,0,0,5.706,4.735,0.679,0,,3.9607,0
2011-04-08,3008110,대청,69.95,792.904,29.294,41.181,53.2,69.13,67.66,820.505,2.564,88.3237,186.2364,117.4489,29.997,0,0,0,0,5.764,4.74,0.68,0,,0.715,0
2011-04-07,3008110,대청,69.97,793.931,34.787,40.736,53.3,69.23,67.69,825.261,12.6135,85.7597,186.2364,116.7339,29.877,0,0,0,0,5.567,4.611,0.681,0,,1.039,0
2011-04-06,3008110,대청,69.98,794.445,20.334,40.947,53.3,69.3,67.7,828.599,0.1188,73.1462,186.2364,115.6949,29.981,0,0,0,0,5.544,4.741,0.681,0,,1.032,0
2011-04-05,3008110,대청,70.01,796.226,17.645,41.383,53.4,69.37,67.7,831.945,0,73.0274,186.2364,114.6629,30.001,0,0,0,0,5.867,4.805,0.71,0,,1.8903,0
2011-04-04,3008110,대청,70.05,798.277,19.487,43.26,53.6,69.4,67.71,833.381,0,73.0274,186.2364,112.7726,29.921,0,0,0,0,3.423,4.748,5.168,0,,0.371,0
2011-04-03,3008110,대청,70.09,800.331,20.938,38.785,53.7,69.42,67.72,834.34,4.2213,73.0274,186.2364,112.4016,29.926,0,0,0,0,3.501,4.758,0.6,0,,1.662,0
2011-04-02,3008110,대청,70.12,801.873,16.818,40.661,53.8,69.38,67.73,832.424,0.4661,68.8061,186.2364,110.7396,29.945,0,0,0,0,5.393,4.723,0.6,0,,2.3264,0
2011-04-01,3008110,대청,70.16,803.933,29.101,41.034,54,69.41,67.75,833.86,0,68.34,186.0854,108.4132,29.901,0,0,0,0,5.787,4.746,0.6,0,,2.7584,0
2011-03-31,3008110,대청,70.18,804.9639,16.741,40.631,54,69.49,67.76,837.699,0,68.34,170.775,105.6548,29.525,0,0,0,0,5.775,4.731,0.6,0,,1.1068,0
2011-03-30,3008110,대청,70.22,807.028,22.671,40.613,54.2,69.56,67.78,841.065,0,68.34,156.1155,104.548,29.656,0,0,0,0,5.671,4.686,0.6,0,,0.8657,0
2011-03-29,3008110,대청,70.25,808.578,22.398,40.361,54.3,69.67,67.78,846.371,0,68.34,156.1155,103.6823,29.429,0,0,0,0,5.66,4.672,0.6,0,,0.9199,0
2011-03-28,3008110,대청,70.28,810.13,22.609,40.595,54.4,69.78,67.79,851.695,0,68.34,156.1155,102.7624,29.571,0,0,0,0,5.81,4.614,0.6,0,,1.0935,0
2011-03-27,3008110,대청,70.31,811.684,28.598,40.589,54.5,69.85,67.78,855.093,0,68.34,156.1155,101.6689,29.553,0,0,0,0,5.741,4.695,0.6,0,,1.1794,0
2011-03-26,3008110,대청,70.33,812.72,22.157,40.178,54.5,69.93,67.78,858.986,0,68.34,156.1155,100.4895,29.417,0,0,0,0,5.443,4.718,0.6,0,,0.8909,0
2011-03-25,3008110,대청,70.36,814.2767,25.374,37.395,54.7,70,67.77,862.4,0.5563,68.34,155.9991,99.5986,29.697,0,0,0,0,2.386,4.712,0.6,0,,1.2163,0
2011-03-24,3008110,대청,70.38,815.315,26.535,38.572,54.7,70.06,67.77,865.41,2.6721,67.7837,151.4488,98.3823,29.725,0,0,0,0,3.603,4.644,0.6,0,,3.3582,0
2011-03-23,3008110,대청,70.4,816.355,28.421,40.458,54.8,70.12,67.77,868.434,0,65.1116,151.4488,95.0241,29.609,0,0,0,0,5.596,4.653,0.6,0,,1.7064,0
2011-03-22,3008110,대청,70.42,817.395,34.374,40.393,54.9,70.14,67.85,869.444,0,65.1116,151.4488,93.3177,29.383,0,0,0,0,5.706,4.704,0.6,0,,2.0514,0
2011-03-21,3008110,대청,70.43,817.915,22.201,40.28,54.9,70.16,67.8,870.455,0,65.1116,151.4488,91.2663,29.466,0,0,0,0,5.447,4.767,0.6,0,,2.1493,0
2011-03-20,3008110,대청,70.46,819.477,31.594,37.624,55,70.17,67.81,870.96,13.9489,65.1116,151.4488,89.117,29.378,0,0,0,0,2.914,4.732,0.6,0,,0.8536,0
2011-03-19,3008110,대청,70.47,819.998,20.665,38.778,55,70.18,67.83,871.467,0,51.1627,150.0359,88.2634,29.11,0,0,0,0,4.479,4.589,0.6,0,,0.8115,0
2011-03-18,3008110,대청,70.5,821.563,21.745,39.87,55.1,70.17,67.84,870.96,0,51.1627,149.379,87.4519,29.618,0,0,0,0,4.982,4.67,0.6,0,,2.0119,0
2011-03-17,3008110,대청,70.53,823.129,22.133,40.281,55.2,70.14,67.84,869.444,0,51.1627,144.7104,85.44,29.379,0,0,0,0,5.59,4.712,0.6,0,,2.4631,0
2011-03-16,3008110,대청,70.56,824.697,16.254,40.49,55.4,70.08,67.85,866.417,0,51.1627,144.655,82.9769,29.72,0,0,0,0,5.498,4.672,0.6,0,,1.4161,0
2011-03-15,3008110,대청,70.6,826.7905,14.481,38.746,55.5,70.04,67.86,864.404,0,51.1627,144.655,81.5608,29.508,0,0,0,0,3.963,4.674,0.6,0,,1.8532,0
2011-03-14,3008110,대청,70.64,828.887,27.948,40.089,55.6,69.99,67.88,861.912,0,51.1627,136.6048,79.7076,29.483,0,0,0,0,5.401,4.605,0.6,0,,1.9083,0
2011-03-13,3008110,대청,70.66,829.936,21.776,40.017,55.7,69.94,67.9,859.473,0,51.1627,136.6048,77.7993,29.564,0,0,0,0,5.101,4.752,0.6,0,,1.0372,0
2011-03-12,3008110,대청,70.69,831.512,22.223,40.475,55.8,69.9,67.92,857.525,0,51.1627,136.6048,76.7621,29.567,0,0,0,0,5.544,4.764,0.6,0,,0.2756,0
2011-03-11,3008110,대청,70.72,833.089,27.854,40.041,55.9,69.91,67.93,858.012,0,51.1627,136.5004,76.4865,29.453,0,0,0,0,5.498,4.49,0.6,0,,1.6899,0
2011-03-10,3008110,대청,70.74,834.142,28.128,40.315,56,69.9,67.93,857.525,0,51.1627,133.1142,74.7966,29.526,0,0,0,0,5.544,4.645,0.6,0,,1.2522,0
2011-03-09,3008110,대청,70.76,835.195,22.442,40.741,56.1,69.87,67.94,856.065,0,51.1627,126.9963,73.5444,29.693,0,0,0,0,5.695,4.753,0.6,0,,0.9864,0
2011-03-08,3008110,대청,70.79,836.776,28.444,40.655,56.2,69.81,67.96,853.15,0,51.1627,122.2167,72.558,29.673,0,0,0,0,5.66,4.722,0.6,0,,1.4903,0
2011-03-07,3008110,대청,70.81,837.831,28.474,40.696,56.2,69.78,67.97,851.695,0,51.1627,122.2167,71.0677,29.43,0,0,0,0,5.857,4.809,0.6,0,,1.9645,0
2011-03-06,3008110,대청,70.83,838.887,34.519,40.642,56.3,69.72,67.97,848.788,0,51.1627,121.917,69.1032,29.666,0,0,0,0,5.602,4.774,0.6,0,,1.5755,0
2011-03-05,3008110,대청,70.84,839.416,39.526,39.526,56.3,69.67,67.97,846.371,0,51.1627,119.8269,67.5277,28.761,0,0,0,0,5.423,4.742,0.6,0,,1.5453,0
2011-03-04,3008110,대청,70.84,839.416,46.081,39.958,56.3,69.59,67.95,842.51,0,51.1627,115.6402,65.9824,28.693,0,0,0,0,5.915,4.75,0.6,0,,1.9804,0
2011-03-03,3008110,대청,70.83,838.887,58.969,40.647,56.3,69.51,67.94,838.66,0,51.1627,114.5431,64.002,29.533,0,0,0,0,5.879,4.635,0.6,0,,1.6377,0
2011-03-02,3008110,대청,70.8,837.304,77.316,40.719,56.2,69.36,67.93,831.467,0.0755,51.1627,114.5431,62.3643,29.556,0,0,0,0,5.799,4.764,0.6,0,,0.5329,0
2011-03-01,3008110,대청,70.74,834.142,113.746,40.783,56,69.2,67.91,823.833,3.8406,51.0872,114.4041,61.8314,29.639,0,0,0,0,5.81,4.734,0.6,0,,1.8969,0
2011-02-28,3008110,대청,70.62,827.838,70.573,40.272,55.6,69.09,67.9,818.607,2.674,47.2466,97.5408,59.9345,29.627,0,0,0,0,5.26,4.785,0.6,0,,1.8895,0
2011-02-27,3008110,대청,70.57,825.22,52.438,40.332,55.4,68.99,67.9,813.873,38.3758,44.5726,97.5408,58.045,29.453,0,0,0,0,5.66,4.619,0.6,0,,2.3894,0
2011-02-26,3008110,대청,70.55,824.174,16.494,40.719,55.3,68.79,67.9,804.452,0,6.1968,96.1452,55.6556,30.194,0,0,0,0,5.28,4.653,0.592,0,,0.2919,0
2011-02-25,3008110,대청,70.59,826.267,25.953,38.071,55.5,68.57,67.89,794.16,0,6.1968,95.4959,55.3637,29.627,0,0,0,0,5.787,2.057,0.6,0,,3.3515,0
2011-02-24,3008110,대청,70.61,827.314,18.982,37.188,55.5,68.48,67.88,789.971,0,6.1968,63.4194,52.0122,29.743,0,0,0,0,5.764,1.081,0.6,0,,1.0445,0
2011-02-23,3008110,대청,70.64,828.887,12.803,37.109,55.6,68.5,67.86,790.901,0,6.1968,63.4194,50.9677,29.559,0,0,0,0,5.835,1.115,0.6,0,,1.7305,0
2011-02-22,3008110,대청,70.68,830.987,12.887,37.216,55.8,68.51,67.85,791.366,0,6.1968,63.4194,49.2372,29.767,0,0,0,0,5.751,1.098,0.6,0,,2.7271,0
2011-02-21,3008110,대청,70.72,833.0891,14.823,39.195,55.9,68.53,67.85,792.297,0,6.1968,63.4194,46.5101,29.508,0,0,0,0,5.868,3.219,0.6,0,,1.1425,0
2011-02-20,3008110,대청,70.76,835.195,22.433,40.732,56.1,68.53,67.86,792.297,0,6.1968,63.4194,45.3676,29.59,0,0,0,0,5.845,4.697,0.6,0,,1.079,0
2011-02-19,3008110,대청,70.79,836.776,22.164,40.486,56.2,68.54,67.88,792.762,0,6.1968,63.4194,44.2886,29.412,0,0,0,0,5.648,4.826,0.6,0,,0.8916,0
2011-02-18,3008110,대청,70.82,838.359,15.97,40.438,56.3,68.55,67.9,793.228,0.5614,6.1968,63.4194,43.397,29.502,0,0,0,0,5.764,4.572,0.6,0,,0.7742,0
2011-02-17,3008110,대청,70.86,840.473,28.192,40.437,56.4,68.56,67.92,793.694,3.2189,5.6354,63.1791,42.6228,29.349,0,0,0,0,5.833,4.655,0.6,0,,0.8071,0
2011-02-16,3008110,대청,70.88,841.531,15.903,40.417,56.5,68.57,67.94,794.16,0.3056,2.4165,63.1791,41.8157,29.228,0,0,0,0,5.741,4.848,0.6,0,,2.2163,0
2011-02-15,3008110,대청,70.92,843.6486,16.138,40.689,56.6,68.57,67.96,794.16,0,2.1109,63.1791,39.5994,29.578,0,0,0,0,5.764,4.748,0.6,0,,1.2032,0
2011-02-14,3008110,대청,70.96,845.77,15.984,40.567,56.8,68.56,67.97,793.694,0.0525,2.1109,63.1791,38.3962,29.358,0,0,0,0,5.787,4.822,0.6,0,,0.6816,0
2011-02-13,3008110,대청,71,847.894,16.034,40.652,56.9,68.55,67.98,793.228,0,2.0584,63.1032,37.7146,29.317,0,0,0,0,5.834,4.901,0.6,0,,1.3817,0
2011-02-12,3008110,대청,71.04,850.021,15.287,39.951,57.1,68.52,67.98,791.831,0,2.0584,62.0847,36.3329,28.944,0,0,0,0,5.568,4.839,0.6,0,,0.8249,0
2011-02-11,3008110,대청,71.08,852.152,15.962,40.661,57.2,68.48,68,789.971,0,2.0584,60.7143,35.508,29.491,0,0,0,0,5.856,4.714,0.6,0,,1.6893,0
2011-02-10,3008110,대청,71.12,854.2856,22.188,40.732,57.3,68.46,68.03,789.042,0,2.0584,51.047,33.8187,29.506,0,0,0,0,5.914,4.711,0.6,0,,2.0497,0
2011-02-09,3008110,대청,71.15,855.888,16.402,41.159,57.4,68.46,68.06,789.042,0.0663,2.0584,39.0061,31.769,29.78,0,0,0,0,5.972,4.807,0.6,0,,1.5688,0
2011-02-08,3008110,대청,71.19,858.027,15.102,39.894,57.6,68.46,68.09,789.042,0,1.9921,32.3387,30.2002,28.384,0,0,0,0,6.1,4.81,0.6,0,,1.6545,0
2011-02-07,3008110,대청,71.23,860.169,22.349,40.972,57.7,68.48,68.13,789.971,0,1.9921,29.6479,28.5457,29.439,0,0,0,0,6.111,4.822,0.6,0,,0.3903,0
2011-02-06,3008110,대청,71.26,861.778,9.92,40.996,57.8,68.5,68.16,790.901,0,1.9921,29.6479,28.1554,29.363,0,0,0,0,6.123,4.91,0.6,0,,0.1161,0
2011-02-05,3008110,대청,71.31,864.463,22.315,40.984,58,68.52,68.19,791.831,0,1.9921,29.6479,28.0393,29.71,0,0,0,0,5.903,4.771,0.6,0,,0.2,0
2011-02-04,3008110,대청,71.34,866.076,21.536,40.228,58.1,68.54,68.22,792.762,0,1.9921,29.6479,27.8393,29.364,0,0,0,0,5.625,4.639,0.6,0,,0.1806,0
2011-02-03,3008110,대청,71.37,867.691,14.782,39.736,58.2,68.56,68.26,793.694,0,1.9921,29.6479,27.6587,29.122,0,0,0,0,5.512,4.502,0.6,0,,0.4548,0
2011-02-02,3008110,대청,71.41,869.8474,16.621,41.612,58.4,68.57,68.3,794.16,0,1.9921,29.6479,27.2039,29.75,0,0,0,0,6.331,4.931,0.6,0,,0.5065,0
2011-02-01,3008110,대청,71.45,872.007,16.152,41.177,58.5,68.59,68.33,795.093,0.112,1.9921,29.6479,26.6974,29.695,0,0,0,0,6.146,4.736,0.6,0,,0.7068,0
2011-01-31,3008110,대청,71.49,874.1692,15.833,40.897,58.7,68.62,68.37,796.492,0,1.8801,29.6479,25.9906,29.619,0,0,0,0,5.833,4.845,0.6,0,,1.1484,0
2011-01-30,3008110,대청,71.53,876.335,15.942,41.046,58.8,68.63,68.4,796.959,0,1.8801,29.6479,24.8422,29.472,0,0,0,0,6.25,4.724,0.6,0,,0.6975,0
2011-01-29,3008110,대청,71.57,878.504,9.202,40.623,59,68.63,68.43,796.959,0,1.8801,29.6479,24.1447,29.202,0,0,0,0,6.077,4.744,0.6,0,,0.3226,0
2011-01-28,3008110,대청,71.62,881.2188,15.634,40.817,59.1,68.65,68.47,797.894,0,1.8801,29.6479,23.8221,29.542,0,0,0,0,5.984,4.692,0.6,0,,0.2484,0
2011-01-27,3008110,대청,71.66,883.3946,15.654,40.873,59.3,68.66,68.5,798.361,0,1.8801,28.6481,23.5737,29.515,0,0,0,0,5.972,4.786,0.6,0,,0.7024,0
2011-01-26,3008110,대청,71.7,885.574,15.678,40.933,59.4,68.67,68.54,798.829,0,1.8801,21.7159,22.8713,29.512,0,0,0,0,6.019,4.802,0.6,0,,0.4915,0
2011-01-25,3008110,대청,71.74,887.756,14.059,39.348,59.6,68.68,68.57,799.297,0.1625,1.8801,21.7159,22.3798,29.688,0,0,0,0,5.878,3.182,0.6,0,,0.0953,0
2011-01-24,3008110,대청,71.78,889.941,15.901,41.225,59.7,68.7,68.6,800.232,0.1583,1.7176,21.7159,22.2845,29.887,0,0,0,0,5.823,4.915,0.6,0,,0.3294,0
2011-01-23,3008110,대청,71.82,892.129,15.482,40.852,59.9,68.71,68.63,800.701,0.6436,1.5593,21.7159,21.9551,29.479,0,0,0,0,6.1,4.673,0.6,0,,1.1562,0
2011-01-22,3008110,대청,71.86,894.321,20.675,39.714,60,68.71,68.66,800.701,0,0.9157,21.7159,20.7989,28.503,0,0,0,0,5.764,4.847,0.6,0,,1.3806,0
2011-01-21,3008110,대청,71.89,895.966,15.555,40.983,60.1,68.72,68.68,801.169,0,0.9157,21.7159,19.4183,29.498,0,0,0,0,5.961,4.924,0.6,0,,0.7478,0
2011-01-20,3008110,대청,71.93,898.163,15.489,40.952,60.3,68.73,68.7,801.638,0,0.9157,17.235,18.6705,29.54,0,0,0,0,5.996,4.816,0.6,0,,0.9676,0
2011-01-19,3008110,대청,71.97,900.363,15.363,40.872,60.4,68.73,68.73,801.638,0,0.9157,6.4383,17.7029,29.358,0,0,0,0,5.972,4.942,0.6,0,,0.7613,0
2011-01-18,3008110,대청,72.01,902.567,15.375,40.907,60.6,68.75,68.75,802.575,0,0.9157,6.4383,16.9416,29.839,0,0,0,0,5.554,4.914,0.6,0,,1.0345,0
2011-01-17,3008110,대청,72.05,904.773,13.301,45.28,60.7,68.77,68.77,803.513,0,0.9157,6.2106,15.9071,34.105,0,0,0,0,5.725,4.85,0.6,0,,0.6333,0
2011-01-16,3008110,대청,72.1,907.536,15.182,40.795,60.9,68.79,68.81,804.452,0,0.9157,6.1772,15.2738,29.641,0,0,0,0,5.764,4.79,0.6,0,,1.5161,0
2011-01-15,3008110,대청,72.14,909.7492,14.663,40.32,61.1,68.82,68.84,805.861,0,0.9157,6.1772,13.7577,29.46,0,0,0,0,5.648,4.612,0.6,0,,1.7521,0
2011-01-14,3008110,대청,72.18,911.966,14.844,40.536,61.2,68.84,68.87,806.801,0.1815,0.9157,6.0634,12.0056,29.484,0,0,0,0,5.648,4.804,0.6,0,,0.5865,0
2011-01-13,3008110,대청,72.22,914.1858,14.716,40.446,61.4,68.85,68.9,807.272,0,0.7342,6.0634,11.4191,29.726,0,0,0,0,5.371,4.75,0.6,0,,0.6258,0
2011-01-12,3008110,대청,72.26,916.409,14.597,40.361,61.5,68.88,68.93,808.684,0,0.7342,6.0634,10.7933,29.428,0,0,0,0,5.636,4.697,0.6,0,,0.7258,0
2011-01-11,3008110,대청,72.3,918.635,14.667,40.477,61.7,68.9,68.96,809.626,0,0.7342,6.0634,10.0675,29.398,0,0,0,0,5.718,4.761,0.6,0,,1.1789,0
2011-01-10,3008110,대청,72.34,920.865,17.081,49.384,61.8,68.93,68.99,811.04,0,0.7342,6.0164,8.8886,38.346,0,0,0,0,5.602,4.836,0.6,0,,0.3542,0
2011-01-09,3008110,대청,72.39,923.656,21.506,40.916,62,68.95,69.02,811.984,0,0.7342,5.936,8.5344,29.771,0,0,0,0,5.718,4.827,0.6,0,,0.4476,0
2011-01-08,3008110,대청,72.42,925.333,14.149,40.063,62.1,68.96,69.05,812.456,0.0547,0.7342,5.8589,8.0868,29.336,0,0,0,0,5.497,4.63,0.6,0,,0.8692,0
2011-01-07,3008110,대청,72.46,927.572,14.408,40.357,62.3,68.99,69.08,813.873,0,0.6795,5.7682,7.2176,29.587,0,0,0,0,5.671,4.499,0.6,0,,2.4138,0
2011-01-06,3008110,대청,72.5,929.814,14.822,40.806,62.4,69.01,69.11,814.819,0,0.6795,5.6408,4.8038,29.63,0,0,0,0,5.694,4.882,0.6,0,,0.5757,0
2011-01-05,3008110,대청,72.54,932.059,20.648,40.162,62.6,69.02,69.14,815.292,0.0547,0.6795,5.5938,4.2281,29.562,0,0,0,0,5.278,4.722,0.6,0,,0.835,0
2011-01-04,3008110,대청,72.57,933.745,14.478,40.531,62.7,69.04,69.16,816.238,0.228,0.6248,4.9621,3.3931,29.679,0,0,0,0,5.799,4.453,0.6,0,,0.6999,0
2011-01-03,3008110,대청,72.61,935.996,19.785,39.345,62.8,69.06,69.17,817.186,0.3421,0.3968,0.8919,2.6932,28.442,0,0,0,0,5.637,4.666,0.6,0,,0.5744,0
2011-01-02,3008110,대청,72.64,937.686,14.451,40.574,62.9,69.09,69.19,818.607,0.0547,0.0547,0.8285,2.1188,29.573,0,0,0,0,5.741,4.66,0.6,0,,1.4478,0
2011-01-01,3008110,대청,72.68,939.943,20.751,40.357,63.1,69.11,69.2,750.593,0,0,0,0.671,29.773,0,0,0,0,5.43,4.554,0.6,0,,0.671,0
2010-12-31,3008110,대청,72.71,941.637,14.406,34.036,63.2,69.12,69.32,751.087,0,1226.0127,969.0719,1188.9453,23.579,0,0,0,0,5.579,4.278,0.6,0,,0.3067,0
2010-12-30,3008110,대청,72.74,943.333,14.715,34.368,63.3,69.14,69.36,752.077,1.7783,1226.0127,969.0719,1188.6386,23.805,0,0,0,0,5.59,4.373,0.6,0,,0.9344,0
2010-12-29,3008110,대청,72.77,945.031,21.646,34.759,63.4,69.17,69.41,753.563,0.3261,1224.2344,969.0193,1187.7042,23.488,0,0,0,0,5.797,4.874,0.6,0,,0.3855,0
2010-12-28,3008110,대청,72.79,946.164,21.093,34.218,63.5,69.19,69.46,754.554,5.0388,1223.9083,968.9812,1187.3187,23.758,0,0,0,0,5.081,4.779,0.6,0,,0.628,0
2010-12-27,3008110,대청,72.81,947.298,18.96,32.085,63.6,69.21,69.5,755.547,0.8897,1218.8695,968.9812,1186.6907,23.673,0,0,0,0,3.145,4.667,0.6,0,,0.643,0
2010-12-26,3008110,대청,72.83,948.432,10.79,30.512,63.7,69.24,69.55,757.038,0.0862,1217.9798,968.9812,1186.0477,23.714,0,0,0,0,2.036,4.162,0.6,0,,0.3986,0
2010-12-25,3008110,대청,72.86,950.1357,12.766,32.502,63.8,69.25,69.58,826.214,0,1217.8936,968.9085,1185.6491,24.225,0,0,0,0,3.041,4.636,0.6,0,,0.7967,0
2010-12-24,3008110,대청,72.89,951.841,13.486,33.243,63.9,69.26,69.61,826.691,0,1217.8936,968.7074,1184.8524,23.655,0,0,0,0,4.391,4.597,0.6,0,,0.5967,0
2010-12-23,3008110,대청,72.92,953.548,14.201,33.981,64,69.29,69.65,828.122,0,1217.8936,968.7074,1184.2557,23.597,0,0,0,0,5.419,4.39,0.575,0,,0.5759,0
2010-12-22,3008110,대청,72.95,955.2566,14.607,34.406,64.1,69.3,69.69,828.599,0,1217.8936,968.6034,1183.6798,23.563,0,0,0,0,5.659,4.583,0.6,0,,0.8224,0
2010-12-21,3008110,대청,72.98,956.967,14.72,34.546,64.2,69.31,69.73,829.077,0,1217.8936,968.6034,1182.8574,23.58,0,0,0,0,5.602,4.764,0.6,0,,0.1633,0
2010-12-20,3008110,대청,73.01,958.68,28.708,35.317,64.3,69.32,69.77,829.554,0.129,1217.8936,968.6034,1182.6941,24.677,0,0,0,0,5.486,4.554,0.6,0,,0.3983,0
2010-12-19,3008110,대청,73.02,959.251,15.044,34.894,64.4,69.35,69.8,830.988,0.0759,1217.7646,968.4849,1182.2958,23.578,0,0,0,0,6.1,4.616,0.6,0,,0.3825,0
2010-12-18,3008110,대청,73.05,960.966,21.545,34.786,64.5,69.37,69.84,763.52,0.5534,1217.6887,968.4849,1181.9133,23.96,0,0,0,0,5.637,4.589,0.6,0,,0.7551,0
2010-12-17,3008110,대청,73.07,962.11,23.09,36.342,64.6,69.37,69.87,763.52,1.2346,1217.1353,968.4849,1181.1582,25.399,0,0,0,0,5.648,4.695,0.6,0,,0.833,0
2010-12-16,3008110,대청,73.09,963.255,16.941,36.837,64.7,69.39,69.92,764.521,0,1215.9007,968.4849,1180.3252,25.849,0,0,0,0,5.637,4.751,0.6,0,,0.6933,0
2010-12-15,3008110,대청,73.12,964.974,21.804,35.079,64.8,69.41,69.96,765.522,0,1215.9007,968.4849,1179.6319,25.54,0,0,0,0,5.567,3.372,0.6,0,,0.4067,0
2010-12-14,3008110,대청,73.14,966.121,14.204,34.135,64.8,69.42,69.99,766.023,0.0727,1215.9007,968.4849,1179.2252,23.71,0,0,0,0,5.533,4.292,0.6,0,,0.7758,0
2010-12-13,3008110,대청,73.17,967.8426,21.578,34.876,65,69.44,70.03,767.026,17.5582,1215.828,968.4849,1178.4494,24.276,0,0,0,0,5.453,4.548,0.6,0,,0.8453,0
2010-12-12,3008110,대청,73.19,968.992,21.208,34.507,65,69.42,70.07,766.023,0,1198.2698,968.4849,1177.6041,23.721,0,0,0,0,5.693,4.493,0.6,0,,0.1467,0
2010-12-11,3008110,대청,73.21,970.141,14.28,34.268,65.1,69.42,70.1,834.34,0.0759,1198.2698,968.4849,1177.4574,23.913,0,0,0,0,5.336,4.419,0.6,0,,0.9289,0
2010-12-10,3008110,대청,73.24,971.868,13.871,33.871,65.2,69.42,70.14,834.34,0.5416,1198.1939,965.4144,1176.5285,23.591,0,0,0,0,5.485,4.195,0.6,0,,1.7445,0
2010-12-09,3008110,대청,73.27,973.596,20.807,34.152,65.3,69.42,70.17,834.34,0.4747,1197.6523,948.5202,1174.784,23.756,0,0,0,0,5.117,4.679,0.6,0,,0.8965,0
2010-12-08,3008110,대청,73.29,974.749,14.075,34.11,65.4,69.43,70.2,834.819,1.2267,1197.1776,947.1996,1173.8875,23.68,0,0,0,0,5.496,4.334,0.6,0,,0.9925,0
2010-12-07,3008110,대청,73.32,976.48,21.048,34.416,65.5,69.45,70.23,835.778,0,1195.9509,947.1996,1172.895,24.011,0,0,0,0,5.289,4.516,0.6,0,,1.0508,0
2010-12-06,3008110,대청,73.34,977.635,14.233,34.302,65.6,69.47,70.25,836.738,0,1195.9509,947.1996,1171.8442,23.651,0,0,0,0,5.532,4.519,0.6,0,,1.8533,0
2010-12-05,3008110,대청,73.37,979.369,14.736,34.829,65.7,69.49,70.28,837.699,0,1195.9509,947.1996,1169.9909,24.234,0,0,0,0,5.567,4.428,0.6,0,,0.7383,0
2010-12-04,3008110,대청,73.4,981.1046,21.886,35.292,65.9,69.5,70.32,838.179,0,1195.9509,938.8523,1169.2526,24.685,0,0,0,0,5.382,4.625,0.6,0,,3.3515,0
2010-12-03,3008110,대청,73.42,982.263,14.198,34.322,65.9,69.52,70.35,839.14,1.6667,1195.9509,938.8523,1165.9011,23.945,0,0,0,0,5.787,3.99,0.6,0,,1.0122,0
2010-12-02,3008110,대청,73.45,984.0017,14.747,34.894,66,69.54,70.38,840.102,0.0935,1194.2842,938.8523,1164.8889,24.462,0,0,0,0,5.498,4.334,0.6,0,,0.7565,0
2010-12-01,3008110,대청,73.48,985.742,21.328,34.777,66.2,69.56,70.4,841.065,0.0968,1194.1907,938.8523,1164.1324,23.911,0,0,0,0,5.474,4.792,0.6,0,,0.6416,0
2010-11-30,3008110,대청,73.5,986.904,14.909,35.094,66.2,69.58,70.42,842.028,1.2885,1194.0939,938.7997,1163.4908,23.843,0,0,0,0,5.938,4.713,0.6,0,,1.0529,0
2010-11-29,3008110,대청,73.53,988.648,21.003,34.464,66.4,69.59,70.43,842.51,0.9853,1192.8054,938.7006,1162.4379,23.702,0,0,0,0,5.601,4.561,0.6,0,,2.8649,0
2010-11-28,3008110,대청,73.55,989.811,14.253,34.473,66.4,69.59,70.45,842.51,0.0637,1191.8201,930.3431,1159.573,23.553,0,0,0,0,5.938,4.382,0.6,0,,1.6978,0
2010-11-27,3008110,대청,73.58,991.558,14.225,34.456,66.6,69.61,70.47,775.587,2.5441,1191.7564,930.3431,1157.8752,23.611,0,0,0,0,5.533,4.712,0.6,0,,2.6121,0
2010-11-26,3008110,대청,73.61,993.306,20.758,34.265,66.7,69.64,70.5,777.105,0,1189.2123,930.3431,1155.2631,23.611,0,0,0,0,5.394,4.66,0.6,0,,0.994,0
2010-11-25,3008110,대청,73.63,994.473,14.014,34.292,66.7,69.64,70.54,777.105,0,1189.2123,930.3431,1154.2691,23.607,0,0,0,0,5.752,4.333,0.6,0,,0.7151,0
2010-11-24,3008110,대청,73.66,996.2248,13.949,34.243,66.9,69.67,70.56,778.624,0,1189.2123,929.0404,1153.554,23.908,0,0,0,0,5.452,4.284,0.6,0,,0.8035,0
2010-11-23,3008110,대청,73.69,997.978,14.33,34.642,67,69.68,70.59,779.131,0,1189.2123,929.0404,1152.7505,23.584,0,0,0,0,5.567,4.891,0.6,0,,0.8267,0
2010-11-22,3008110,대청,73.72,999.733,14.223,34.57,67.1,69.71,70.62,780.653,0.1287,1189.2123,929.0404,1151.9238,23.673,0,0,0,0,5.44,4.857,0.6,0,,1.0376,0
2010-11-21,3008110,대청,73.75,1001.491,21.024,34.589,67.2,69.72,70.65,781.161,0,1189.0836,929.0404,1150.8862,23.583,0,0,0,0,5.752,4.654,0.6,0,,0.7939,0
2010-11-20,3008110,대청,73.77,1002.663,14.155,34.525,67.3,69.73,70.68,781.669,0,1189.0836,928.9364,1150.0923,23.649,0,0,0,0,5.509,4.767,0.6,0,,1.0931,0
2010-11-19,3008110,대청,73.8,1004.423,21.094,34.682,67.4,69.75,70.7,782.686,0,1189.0836,928.9364,1148.9992,23.653,0,0,0,0,5.532,4.897,0.6,0,,1.4733,0
2010-11-18,3008110,대청,73.82,1005.597,13.999,34.416,67.5,69.76,70.73,783.195,0,1189.0836,928.9364,1147.5259,23.537,0,0,0,0,5.51,4.769,0.6,0,,0.7133,0
2010-11-17,3008110,대청,73.85,1007.3605,14.092,34.52,67.6,69.78,70.76,784.213,0,1189.0836,928.9364,1146.8126,23.581,0,0,0,0,5.533,4.806,0.6,0,,0.64,0
2010-11-16,3008110,대청,73.88,1009.126,20.67,34.293,67.7,69.8,70.79,785.232,0,1189.0836,928.9364,1146.1726,23.684,0,0,0,0,5.509,4.5,0.6,0,,0.8167,0
2010-11-15,3008110,대청,73.9,1010.303,13.526,33.989,67.8,69.82,70.82,786.252,0,1189.0836,928.9364,1145.3559,23.517,0,0,0,0,5.532,4.34,0.6,0,,0.4369,0
2010-11-14,3008110,대청,73.93,1012.071,13.469,33.955,67.9,69.84,70.85,787.273,0,1189.0836,928.8301,1144.919,23.613,0,0,0,0,5.533,4.209,0.6,0,,0.8515,0
2010-11-13,3008110,대청,73.96,1013.841,20.837,34.506,68,69.85,70.88,855.093,0,1189.0836,928.6846,1144.0675,23.731,0,0,0,0,5.567,4.608,0.6,0,,1.5091,0
2010-11-12,3008110,대청,73.98,1015.022,20.714,34.395,68.1,69.86,70.92,855.579,0.0682,1189.0836,926.2108,1142.5584,23.457,0,0,0,0,5.486,4.852,0.6,0,,1.9689,0
2010-11-11,3008110,대청,74,1016.204,14.124,34.656,68.2,69.89,70.96,857.038,7.3212,1189.0154,926.2108,1140.5895,23.676,0,0,0,0,5.637,4.743,0.6,0,,4.214,0
2010-11-10,3008110,대청,74.03,1017.9777,14.257,34.813,68.3,69.89,70.98,857.038,0,1181.6942,926.2108,1136.3755,23.639,0,0,0,0,5.509,5.064,0.6,0,,0.9536,0
2010-11-09,3008110,대청,74.06,1019.754,6.692,34.127,68.4,69.9,71.02,857.525,0.1108,1181.6942,926.2108,1135.4219,23.618,0,0,0,0,5.463,4.446,0.6,0,,1.952,0
2010-11-08,3008110,대청,74.1,1022.1244,10.19,30.794,68.6,69.89,71.06,857.038,1.8688,1181.5834,926.2108,1133.4699,23.227,0,0,0,0,2.751,4.215,0.6,0,,1.6103,0
2010-11-07,3008110,대청,74.13,1023.9046,9.969,30.595,68.7,69.86,71.1,855.579,0,1179.7146,905.7715,1131.8596,23.836,0,0,0,0,1.528,4.631,0.6,0,,1.3133,0
2010-11-06,3008110,대청,74.16,1025.687,17.324,31.086,68.8,69.88,71.13,789.317,0,1179.7146,905.7715,1130.5463,23.736,0,0,0,0,2.315,4.435,0.6,0,,2.5222,0
2010-11-05,3008110,대청,74.18,1026.876,11.49,32.147,68.9,69.89,71.16,789.829,0,1179.7146,905.7045,1128.0241,23.676,0,0,0,0,3.526,4.345,0.6,0,,1.31,0
2010-11-04,3008110,대청,74.21,1028.6608,6.476,34.057,69,69.91,71.19,790.853,0,1179.7146,905.7045,1126.7141,23.571,0,0,0,0,5.493,4.394,0.6,0,,0.2967,0
2010-11-03,3008110,대청,74.25,1031.044,20.36,34.168,69.2,69.93,71.23,791.878,0,1179.7146,905.7045,1126.4174,23.641,0,0,0,0,5.474,4.453,0.6,0,,0.5067,0
2010-11-02,3008110,대청,74.27,1032.237,20.784,34.592,69.3,69.94,71.26,792.391,0,1179.7146,905.7045,1125.9107,23.685,0,0,0,0,5.533,4.774,0.6,0,,0.9609,0
2010-11-01,3008110,대청,74.29,1033.43,13.585,34.326,69.4,69.96,71.29,793.417,0,1179.7146,905.5771,1124.9498,23.709,0,0,0,0,5.52,4.497,0.6,0,,2.3085,0
2010-10-31,3008110,대청,74.32,1035.2219,19.222,33.06,69.5,69.95,71.32,792.904,0,1179.7146,897.5311,1122.6413,22.302,0,0,0,0,5.53,4.628,0.6,0,,2.7675,0
2010-10-30,3008110,대청,74.34,1036.4175,20.338,34.185,69.6,69.96,71.35,860.448,0,1179.7146,895.651,1119.8738,23.518,0,0,0,0,5.53,4.537,0.6,0,,1.27,0
2010-10-29,3008110,대청,74.36,1037.6139,12.77,33.559,69.6,69.99,71.39,794.958,0,1179.7146,895.651,1118.6038,22.864,0,0,0,0,5.53,4.564,0.6,0,,2.7667,0
2010-10-28,3008110,대청,74.39,1039.41,19.546,33.417,69.8,70,71.43,795.713,0,1179.7146,895.651,1115.8371,22.791,0,0,0,0,5.53,4.495,0.6,0,,1.7233,0
2010-10-27,3008110,대청,74.41,1040.6084,11.404,32.228,69.8,70.02,71.46,796.738,0,1179.7146,895.651,1114.1138,22.804,0,0,0,0,5.53,3.294,0.6,0,,0.5267,0
2010-10-26,3008110,대청,74.44,1042.4076,24.588,31.535,70,70.03,71.49,797.251,0,1179.7146,895.651,1113.5871,22.811,0,0,0,0,5.53,2.594,0.6,0,,0.5861,0
2010-10-25,3008110,대청,74.45,1043.0078,12.928,33.78,70,70.05,71.52,798.277,0,1179.7146,895.651,1113.001,22.817,0,0,0,0,5.53,4.833,0.6,0,,0.8001,0
2010-10-24,3008110,대청,74.48,1044.8094,19.369,33.282,70.1,70.06,71.56,798.79,1.4802,1179.7146,895.651,1112.2009,22.818,0,0,0,0,5.53,4.334,0.6,0,,1.2163,0
2010-10-23,3008110,대청,74.5,1046.0115,18.947,32.871,70.2,70.08,71.59,799.817,0,1178.2344,895.651,1110.9846,22.704,0,0,0,0,5.53,4.037,0.6,0,,0.684,0
2010-10-22,3008110,대청,74.52,1047.2145,19.328,33.26,70.3,70.1,71.63,800.845,0,1178.2344,895.651,1110.3006,22.908,0,0,0,0,5.53,4.222,0.6,0,,2.1836,0
2010-10-21,3008110,대청,74.54,1048.4182,19.297,33.239,70.4,70.11,71.66,801.359,0,1178.2344,895.651,1108.117,22.73,0,0,0,0,5.53,4.379,0.6,0,,1.7567,0
2010-10-20,3008110,대청,74.56,1049.6228,19.654,33.605,70.4,70.12,71.69,801.873,0,1178.2344,895.651,1106.3603,22.813,0,0,0,0,5.53,4.663,0.6,0,,0.1851,0
2010-10-19,3008110,대청,74.58,1050.8282,19.677,40.623,70.5,70.13,71.73,802.388,0,1178.2344,895.5982,1106.1752,29.683,0,0,0,0,5.53,4.81,0.6,0,,0.9505,0
2010-10-18,3008110,대청,74.61,1052.6379,19.773,33.747,70.7,70.15,71.77,803.418,0,1178.2344,895.1832,1105.2247,22.828,0,0,0,0,5.53,4.81,0.579,0,,0.92,0
2010-10-17,3008110,대청,74.63,1053.8453,19.7,33.685,70.7,70.17,71.8,804.448,0,1178.2344,895.1832,1104.3047,22.745,0,0,0,0,5.53,4.81,0.6,0,,1.2842,0
2010-10-16,3008110,대청,74.65,1055.0536,26.794,33.79,70.8,70.18,71.83,804.964,0,1178.2344,887.3581,1103.0205,22.85,0,0,0,0,5.53,4.81,0.6,0,,1.52,0
2010-10-15,3008110,대청,74.66,1055.658,13.066,34.069,70.9,70.19,71.86,805.48,0,1178.2344,887.3581,1101.5005,23.129,0,0,0,0,5.53,4.81,0.6,0,,0.33,0
2010-10-14,3008110,대청,74.69,1057.4726,26.809,33.815,71,70.22,71.88,807.028,0,1178.2344,887.3581,1101.1705,22.875,0,0,0,0,5.53,4.81,0.6,0,,1.324,0
2010-10-13,3008110,대청,74.7,1058.0779,26.708,33.715,71,70.24,71.89,808.061,0,1178.2344,886.7394,1099.8465,22.775,0,0,0,0,5.53,4.81,0.6,0,,1.0397,0
2010-10-12,3008110,대청,74.71,1058.6833,26.714,33.724,71.1,70.24,71.89,808.061,0,1178.2344,877.8493,1098.8068,22.784,0,0,0,0,5.53,4.81,0.6,0,,3.2033,0
2010-10-11,3008110,대청,74.72,1059.289,26.807,33.82,71.1,70.27,71.89,809.613,0,1178.2344,877.8493,1095.6035,22.88,0,0,0,0,5.53,4.81,0.6,0,,2.4133,0
2010-10-10,3008110,대청,74.73,1059.8949,26.284,40.316,71.1,70.29,71.91,810.648,0,1178.2344,877.8493,1093.1902,29.376,0,0,0,0,5.53,4.81,0.6,0,,3.5146,0
2010-10-09,3008110,대청,74.75,1061.1073,26.348,40.389,71.2,70.31,71.95,811.684,0.1076,1178.2344,877.8493,1089.6756,29.449,0,0,0,0,5.53,4.81,0.6,0,,1.4269,0
2010-10-08,3008110,대청,74.77,1062.3205,25.292,39.343,71.3,70.34,71.99,813.239,2.6036,1178.1268,877.8493,1088.2487,28.403,0,0,0,0,5.53,4.81,0.6,0,,0.9001,0
2010-10-07,3008110,대청,74.79,1063.5345,29.807,36.836,71.4,70.36,72.03,814.277,0,1175.5232,877.8493,1087.3486,25.896,0,0,0,0,5.53,4.81,0.6,0,,0.67,0
2010-10-06,3008110,대청,74.8,1064.1418,25.81,39.876,71.4,70.37,72.07,814.796,0,1175.5232,877.8493,1086.6786,28.936,0,0,0,0,5.53,4.81,0.6,0,,1.682,0
2010-10-05,3008110,대청,74.82,1065.3571,33.334,40.37,71.5,70.39,72.11,815.835,0.0334,1175.5232,877.8493,1084.9966,29.43,0,0,0,0,5.53,4.81,0.6,0,,1.8279,0
2010-10-04,3008110,대청,74.83,1065.965,40.406,40.406,71.5,70.39,72.15,815.835,2.2366,1175.4898,877.8493,1083.1687,29.466,0,0,0,0,5.53,4.81,0.6,0,,0.5346,0
2010-10-03,3008110,대청,74.83,1065.965,40.317,40.317,71.5,70.4,72.18,816.355,4.3416,1173.2532,877.8493,1082.6341,29.377,0,0,0,0,5.53,4.81,0.6,0,,0.4947,0
2010-10-02,3008110,대청,74.83,1065.965,34.955,41.995,71.5,70.42,72.21,817.395,8.5142,1168.9116,877.8493,1082.1394,29.496,0,0,0,0,5.53,4.81,2.159,0,,2.7879,0
2010-10-01,3008110,대청,74.84,1066.5732,27.918,42.003,71.6,70.42,72.22,817.395,0,1160.3974,877.1253,1079.3515,29.491,0,0,0,0,5.569,4.783,2.16,0,,1.36,0
2010-09-30,3008110,대청,74.86,1067.7901,27.161,62.413,71.7,70.42,72.14,817.395,0,1160.3974,877.1253,1077.9915,52.133,0,0,0,0,5.69,4.32,0.27,0,,5.3267,0
2010-09-29,3008110,대청,74.91,1070.8359,41.562,62.743,71.9,70.4,72.13,816.355,0,1160.3974,877.1253,1072.6648,52.463,0,0,0,0,5.69,4.32,0.27,0,,3.6066,0
2010-09-28,3008110,대청,74.94,1072.6659,27.784,63.133,72,70.36,72.18,814.277,1.1433,1160.3974,877.1253,1069.0582,52.853,0,0,0,0,5.69,4.32,0.27,0,,1.6753,0
2010-09-27,3008110,대청,74.99,1075.7201,48.132,62.287,72.2,70.3,72.22,811.166,0,1159.2541,858.8082,1067.3829,52.007,0,0,0,0,5.69,4.32,0.27,0,,2.2598,0
2010-09-26,3008110,대청,75.01,1076.9431,40.911,62.163,72.3,70.3,72.26,811.166,0,1159.2541,832.6129,1065.1231,51.883,0,0,0,0,5.69,4.32,0.27,0,,1.1462,0
2010-09-25,3008110,대청,75.04,1078.7793,53.43,60.519,72.4,70.31,72.29,811.684,0,1159.2541,832.6129,1063.9769,50.239,0,0,0,0,5.69,4.32,0.27,0,,0.6627,0
2010-09-24,3008110,대청,75.05,1079.3918,62.16,62.16,72.4,70.33,72.32,812.72,0,1159.2541,832.6129,1063.3142,51.88,0,0,0,0,5.69,4.32,0.27,0,,5.8883,0
2010-09-23,3008110,대청,75.05,1079.3918,69.403,62.314,72.4,70.35,72.33,813.758,0.2773,1159.2541,832.6129,1057.4259,52.034,0,0,0,0,5.69,4.32,0.27,0,,4.0002,0
2010-09-22,3008110,대청,75.04,1078.7793,97.723,62.315,72.4,70.37,72.32,814.796,9.6803,1158.9768,832.5582,1053.4257,52.035,0,0,0,0,5.69,4.32,0.27,0,,1.1293,0
2010-09-21,3008110,대청,74.99,1075.7201,76.349,62.202,72.2,70.4,72.34,816.355,5.1154,1149.2965,832.5582,1052.2964,51.922,0,0,0,0,5.69,4.32,0.27,0,,3.6774,0
2010-09-20,3008110,대청,74.97,1074.4978,98.231,62.905,72.1,70.43,72.38,817.915,8.6785,1144.1811,831.2367,1048.619,52.625,0,0,0,0,5.69,4.32,0.27,0,,3.78,0
2010-09-19,3008110,대청,74.92,1071.4457,55.24,62.3,71.9,70.45,72.4,818.956,2.9725,1135.5026,831.2367,1044.839,52.02,0,0,0,0,5.69,4.32,0.27,0,,3.5991,0
2010-09-18,3008110,대청,74.93,1072.0557,69.46,62.4,72,70.47,72.47,819.998,0,1132.5301,831.2367,1041.2399,52.12,0,0,0,0,5.69,4.32,0.27,0,,3.1533,0
2010-09-17,3008110,대청,74.92,1071.4457,82.61,61.444,71.9,70.5,72.47,821.563,0,1132.5301,831.2367,1038.0866,51.164,0,0,0,0,5.69,4.32,0.27,0,,4.3033,0
2010-09-16,3008110,대청,74.89,1069.617,104.875,62.606,71.8,70.52,72.41,822.607,0,1132.5301,831.2367,1033.7833,52.326,0,0,0,0,5.69,4.32,0.27,0,,6.8167,0
2010-09-15,3008110,대청,74.83,1065.965,155.537,120.379,71.5,70.54,72.36,823.652,0,1132.5301,831.2367,1026.9666,110.099,0,0,0,0,5.69,4.32,0.27,0,,6.7589,0
2010-09-14,3008110,대청,74.78,1062.9274,239.331,120.239,71.3,70.56,72.36,824.697,0,1132.5301,831.1685,1020.2077,109.959,0,0,0,0,5.69,4.32,0.27,0,,5.5401,0
2010-09-13,3008110,대청,74.61,1052.6379,370.585,120.653,70.7,70.58,72.29,825.743,0,1132.5301,827.5016,1014.6676,110.373,0,0,0,0,5.69,4.32,0.27,0,,4.2567,0
2010-09-12,3008110,대청,74.25,1031.0438,371.805,124.935,69.2,70.61,72.17,827.314,25.5988,1132.5301,827.5016,1010.4109,114.655,0,0,0,0,5.69,4.32,0.27,0,,5.8201,0
2010-09-11,3008110,대청,73.89,1009.7142,226.928,172.482,67.8,70.64,72.16,828.887,20.6766,1106.9313,825.6964,1004.5908,162.202,0,0,0,0,5.69,4.32,0.27,0,,5.2802,0
2010-09-10,3008110,대청,73.81,1005.0101,149.584,238.135,67.5,70.68,72.16,830.986,2.9041,1086.2547,825.4679,999.3106,227.855,0,0,0,0,5.69,4.32,0.27,0,,4.4368,0
2010-09-09,3008110,대청,73.94,1012.6609,176.566,238.103,68,70.72,72.12,833.089,0.2346,1083.3506,825.4679,994.8738,227.823,0,0,0,0,5.69,4.32,0.27,0,,6.0645,0
2010-09-08,3008110,대청,74.03,1017.9777,243.154,236.308,68.3,70.76,72.13,835.195,0.0528,1083.116,825.4679,988.8093,226.028,0,0,0,0,5.69,4.32,0.27,0,,3.7207,0
2010-09-07,3008110,대청,74.02,1017.3862,282.343,261.817,68.3,70.79,72.16,836.776,6.1565,1083.0632,825.4009,985.0886,223.073,28.464,0,0,0,5.69,4.32,0.27,0,,3.3908,0
2010-09-06,3008110,대청,73.99,1015.6127,348.092,457.812,68.2,70.82,72.18,838.359,13.2951,1076.9067,825.3339,981.6978,228.643,218.889,0,0,0,5.69,4.32,0.27,0,,3.4699,0
2010-09-05,3008110,대청,74.15,1025.0925,242.643,387.566,68.8,70.85,72.22,839.944,7.6516,1063.6116,825.3339,978.2279,222.075,155.211,0,0,0,5.69,4.32,0.27,0,,6.3617,0
2010-09-04,3008110,대청,74.36,1037.6139,281.281,309.003,69.6,70.88,72.31,841.53,0.3206,1055.96,825.3339,971.8662,222.646,76.077,0,0,0,5.69,4.32,0.27,0,,2.094,0
2010-09-03,3008110,대청,74.4,1040.0091,544.454,440.689,69.8,70.9,72.24,842.589,1.2095,1055.6394,825.3339,969.7722,221.935,208.474,0,0,0,5.69,4.32,0.27,0,,5.1488,0
2010-09-02,3008110,대청,74.25,1031.0438,780.748,506.636,69.2,70.93,72.15,844.179,19.9694,1054.4299,825.3339,964.6234,228.245,268.111,0,0,0,5.69,4.32,0.27,0,,10.5162,0
2010-09-01,3008110,대청,73.85,1007.3605,626.054,402.74,67.6,70.96,72.09,845.77,17.6213,1034.4605,825.3339,954.1072,226.728,165.635,0,0,0,5.724,4.318,0.336,0,,7.3372,0
2010-08-31,3008110,대청,73.52,988.066,305.001,237.837,66.3,70.99,71.75,847.363,29.6195,1016.8392,825.3339,946.77,225.431,0,0,0,0,5.938,4.308,2.16,0,,14.154,0
2010-08-30,3008110,대청,73.42,982.263,117.65,238.715,65.9,71,71.49,847.894,12.6718,987.2197,825.3339,932.616,226.468,0,0,0,0,5.845,4.242,2.16,0,,13.4282,0
2010-08-29,3008110,대청,73.6,992.723,94.564,182.481,66.6,71.01,71.29,848.426,14.3495,974.5479,824.0597,919.1878,170.149,0,0,0,0,5.729,4.443,2.16,0,,7.7383,0
2010-08-28,3008110,대청,73.73,1000.319,116.886,184.78,67.1,71.02,71.27,848.957,3.9838,960.1984,824.0597,911.4495,172.594,0,0,0,0,5.776,4.25,2.16,0,,7.8837,0
2010-08-27,3008110,대청,73.83,1006.185,133.509,270.002,67.5,71.04,71.26,850.021,0.0682,956.2146,822.6321,903.5658,225.795,35.878,0,0,0,1.648,4.521,2.16,0,,6.7479,0
2010-08-26,3008110,대청,74.03,1017.978,95.912,309.338,68.3,71.03,71.11,849.489,11.5452,956.1464,814.6633,896.8179,223.063,79.042,0,0,0,0.483,4.59,2.16,0,,9.1282,0
2010-08-25,3008110,대청,74.34,1036.4175,105.841,349.534,69.6,71.06,70.99,851.086,20.8961,944.6012,814.6633,887.6897,221.934,120.026,0,0,0,0.719,4.694,2.16,0,,9.3332,0
2010-08-24,3008110,대청,74.69,1057.473,116.948,399.02,71,71.07,70.94,851.619,2.901,923.7051,814.6633,878.3565,221.709,169.628,0,0,0,1.072,4.451,2.16,0,,6.78,0
2010-08-23,3008110,대청,75.09,1081.844,121.855,400.559,72.6,71.08,71,852.152,0.3736,920.8041,814.6633,871.5765,219.256,173.047,0,0,0,1.598,4.498,2.16,0,,4.8247,0
2010-08-22,3008110,대청,75.48,1105.924,142.583,403.092,74.2,71.04,71.01,850.021,0.2762,920.4305,814.6633,866.7518,218.073,176.22,0,0,0,2.412,4.227,2.16,0,,7.0506,0
2010-08-21,3008110,대청,75.84,1128.432,217.134,407.231,75.7,70.96,70.95,845.77,0,920.1543,814.6633,859.7012,218.016,178.906,0,0,0,4.598,4.425,1.286,0,,10.9577,0
2010-08-20,3008110,대청,76.1,1144.8567,353.177,478.358,76.8,70.84,70.89,839.415,0.4347,920.1543,814.5204,848.7435,216.205,251.513,0,0,0,5.87,4.31,0.46,0,,10.7109,0
2010-08-19,3008110,대청,76.27,1155.6723,388.545,507.005,77.6,70.77,70.87,835.722,0.271,919.7196,774.8119,838.0326,214.128,282.237,0,0,0,5.87,4.31,0.46,0,,5.6841,0
2010-08-18,3008110,대청,76.43,1165.9073,572.506,292.18,78.3,70.81,70.8,837.831,2.6779,919.4486,774.3155,832.3485,212.918,68.622,0,0,0,5.87,4.31,0.46,0,,9.2893,0
2010-08-17,3008110,대청,76.05,1141.6872,1285.111,226.526,76.6,70.83,70.83,838.887,6.4252,916.7707,774.3155,823.0592,215.886,0,0,0,0,5.87,4.31,0.46,0,,5.4649,0
2010-08-16,3008110,대청,74.57,1050.2254,1318.21,232.231,70.5,70.86,70.77,840.473,53.4508,910.3455,774.3155,817.5943,221.591,0,0,0,0,5.87,4.31,0.46,0,,10.5369,0
2010-08-15,3008110,대청,72.97,956.3968,964.966,113.735,64.2,70.86,70.57,840.473,45.4625,856.8947,774.3155,807.0574,103.095,0,0,0,0,5.87,4.31,0.46,0,,10.48,0
2010-08-14,3008110,대청,71.65,882.8504,1223.454,28.869,59.3,70.83,70.44,838.887,23.5144,811.4322,774.3155,796.5774,18.229,0,0,0,0,5.87,4.31,0.46,0,,7.0588,0
2010-08-13,3008110,대청,69.69,779.6382,586.087,28.741,52.3,70.77,70.39,835.722,60.9583,787.9178,774.3155,789.5186,18.101,0,0,0,0,5.87,4.31,0.46,0,,9.0314,0
2010-08-12,3008110,대청,68.72,731.4835,738.191,28.715,49.1,70.67,70.42,830.461,6.4581,726.9595,766.4378,780.4872,18.075,0,0,0,0,5.87,4.31,0.46,0,,8.7287,0
2010-08-11,3008110,대청,67.42,670.1848,631.073,28.199,45,70.66,70.25,829.936,40.4923,720.5014,746.5567,771.7585,17.559,0,0,0,0,5.87,4.31,0.46,0,,8.1584,0
2010-08-10,3008110,대청,66.25,618.0965,98.658,28.731,41.5,70.82,70.14,838.359,51.3818,680.0091,739.0426,763.6001,18.091,0,0,0,0,5.87,4.31,0.46,0,,10.6861,0
2010-08-09,3008110,대청,66.11,612.0548,63.577,28.789,41.1,70.98,70.22,846.832,0,628.6273,739.0426,752.914,18.149,0,0,0,0,5.87,4.31,0.46,0,,4.8437,0
2010-08-08,3008110,대청,66.04,609.0491,83.065,28.634,40.9,71.14,70.26,855.354,7.6784,628.6273,739.0426,748.0703,17.994,0,0,0,0,5.87,4.31,0.46,0,,5.8862,0
2010-08-07,3008110,대청,65.93,604.3462,42.828,28.033,40.6,71.46,70.34,872.547,8.4693,620.9489,738.639,742.1841,17.393,0,0,0,0,5.87,4.31,0.46,0,,5.7718,0
2010-08-06,3008110,대청,65.9,603.0679,38.601,28.749,40.5,71.66,70.39,883.395,19.2396,612.4796,726.0541,736.4123,18.109,0,0,0,0,5.87,4.31,0.46,0,,6.3505,0
2010-08-05,3008110,대청,65.88,602.2167,33.724,28.802,40.4,71.69,70.32,885.029,0.3474,593.24,725.6782,730.0618,18.162,0,0,0,0,5.87,4.31,0.46,0,,1.6616,0
2010-08-04,3008110,대청,65.87,601.7914,38.067,28.23,40.4,71.71,70.2,886.119,3.8159,592.8926,725.6782,728.4002,17.59,0,0,0,0,5.87,4.31,0.46,0,,12.1005,0
2010-08-03,3008110,대청,65.85,600.9415,28.557,28.557,40.3,71.72,70,886.664,3.9912,589.0767,725.6782,716.2997,17.917,0,0,0,0,5.87,4.31,0.46,0,,11.2042,0
2010-08-02,3008110,대청,65.85,600.9415,38.32,28.492,40.3,71.73,69.86,887.21,0.4432,585.0855,725.6782,705.0955,17.852,0,0,0,0,5.87,4.31,0.46,0,,6.6818,0
2010-08-01,3008110,대청,65.83,600.0923,48.336,28.709,40.3,71.73,69.9,887.21,0.0682,584.6423,725.6782,698.4137,17.985,0,0,0,0,5.888,4.317,0.519,0,,6.0856,0
2010-07-31,3008110,대청,65.79,598.3965,63.787,29.529,40.2,71.74,69.96,887.756,0,584.5741,725.6782,692.3281,18.269,0,0,0,0,5.92,4.07,1.27,0,,2.8639,0
2010-07-30,3008110,대청,65.72,595.4366,82.989,29.39,40,71.89,69.99,895.966,0.0682,584.5741,725.6782,689.4642,18.13,0,0,0,0,5.92,4.07,1.27,0,,3.7133,0
2010-07-29,3008110,대청,65.61,590.8056,77.783,29.302,39.7,72.04,70.01,904.221,0,584.5059,725.6782,685.7509,18.042,0,0,0,0,5.92,4.07,1.27,0,,5.4894,0
2010-07-28,3008110,대청,65.51,586.6169,92.018,29.343,39.4,72.17,70.15,911.411,11.9474,584.5059,722.1339,680.2615,18.083,0,0,0,0,5.92,4.07,1.27,0,,5.4626,0
2010-07-27,3008110,대청,65.38,581.2018,77.167,29.224,39,72.28,70.18,917.522,16.5678,572.5585,719.9627,674.7989,17.964,0,0,0,0,5.92,4.07,1.27,0,,3.2846,0
2010-07-26,3008110,대청,65.28,577.0596,58.055,29.401,38.7,72.5,70.11,929.814,1.7653,555.9907,719.9293,671.5143,18.141,0,0,0,0,5.92,4.07,1.27,0,,10.4549,0
2010-07-25,3008110,대청,65.22,574.5839,62.628,29.305,38.6,72.73,70.08,942.767,8.8678,554.2254,719.7138,661.0594,18.045,0,0,0,0,5.92,4.07,1.27,0,,8.4584,0
2010-07-24,3008110,대청,65.15,571.7048,71.911,29.233,38.4,72.92,70,1019.628,5.422,545.3576,714.5898,652.601,17.973,0,0,0,0,5.92,4.07,1.27,0,,4.1458,0
2010-07-23,3008110,대청,65.06,568.0174,52.73,29.101,38.1,73.05,69.73,1027.127,17.4624,539.9356,714.5898,648.4552,17.841,0,0,0,0,5.92,4.07,1.27,0,,15.2126,0
2010-07-22,3008110,대청,65.01,565.9759,38.639,29.204,38,73.08,69.35,1028.864,3.3738,522.4732,713.5188,633.2426,17.944,0,0,0,0,5.92,4.07,1.27,0,,10.4023,0
2010-07-21,3008110,대청,64.99,565.1607,43.458,29.323,37.9,72.78,69.37,1011.599,0.116,519.0994,713.5188,622.8403,18.063,0,0,0,0,5.92,4.07,1.27,0,,5.9515,0
2010-07-20,3008110,대청,64.96,563.9394,73.58,31.297,37.9,72.14,69.38,975.526,0,518.9834,672.4465,616.8888,20.037,0,0,0,0,5.92,4.07,1.27,0,,3.6746,0
2010-07-19,3008110,대청,64.87,560.2862,104.065,29.356,37.6,72.25,69.28,981.653,0,518.9834,667.5412,613.2142,18.096,0,0,0,0,5.92,4.07,1.27,0,,6.2284,0
2010-07-18,3008110,대청,64.71,553.8314,190.636,29.255,37.2,72.49,69.14,995.126,0.0381,518.9834,661.9505,606.9858,17.995,0,0,0,0,5.92,4.07,1.27,0,,6.7698,0
2010-07-17,3008110,대청,64.36,539.8881,156.56,29.458,36.2,72.62,68.74,1002.484,35.5417,518.9453,661.6078,600.216,18.198,0,0,0,0,5.92,4.07,1.27,0,,16.4792,0
2010-07-16,3008110,대청,64.08,528.9065,51.85,29.34,35.5,72.21,68.11,979.421,10.3019,483.4036,633.1536,583.7368,18.08,0,0,0,0,5.92,4.07,1.27,0,,15.8584,0
2010-07-15,3008110,대청,64.03,526.9617,63.482,27.582,35.4,71.6,67.81,945.891,0.1784,473.1017,618.0802,567.8784,16.322,0,0,0,0,5.92,4.07,1.27,0,,16.2128,0
2010-07-14,3008110,대청,63.95,523.8599,65.927,30.172,35.2,67.5,67.54,745.175,0.0634,472.9233,572.1365,551.6656,18.912,0,0,0,0,5.92,4.07,1.27,0,,11.9588,0
2010-07-13,3008110,대청,63.87,520.7706,150.111,34.892,35,67.28,67.22,735.324,0.1477,472.8599,508.4447,539.7068,23.632,0,0,0,0,5.92,4.07,1.27,0,,12.4633,0
2010-07-12,3008110,대청,63.61,510.8157,260.853,34.911,34.3,65.91,66.82,603.494,0.8354,472.7122,498.0418,527.2435,23.651,0,0,0,0,5.92,4.07,1.27,0,,15.8862,0
2010-07-11,3008110,대청,63.09,491.2943,64.885,34.924,33,65.36,66.67,652.536,65.9313,471.8768,443.8386,511.3573,23.664,0,0,0,0,5.92,4.07,1.27,0,,17.639,0
2010-07-10,3008110,대청,63.02,488.7057,17.781,34.889,32.8,64.98,66.48,636.829,0.0547,405.9455,436.6999,493.7183,23.629,0,0,0,0,5.92,4.07,1.27,0,,8.9852,0
2010-07-09,3008110,대청,63.06,490.1838,17.709,34.852,32.9,63.73,66.28,586.743,0.0554,405.8908,436.6999,484.7331,23.592,0,0,0,0,5.92,4.07,1.27,0,,13.1401,0
2010-07-08,3008110,대청,63.1,491.6649,26.163,34.747,33,62.94,66.19,556.339,0.2257,405.8354,358.2524,471.593,23.487,0,0,0,0,5.92,4.07,1.27,0,,4.9043,0
2010-07-07,3008110,대청,63.12,492.4066,31.627,35.922,33.1,62.84,66.06,552.559,0,405.6097,355.6495,466.6887,24.662,0,0,0,0,5.92,4.07,1.27,0,,8.7041,0
2010-07-06,3008110,대청,63.13,492.7777,34.759,34.759,33.1,62.78,65.88,550.299,0,405.6097,313.0256,457.9846,23.499,0,0,0,0,5.92,4.07,1.27,0,,8.2464,0
2010-07-05,3008110,대청,63.13,492.7777,39.278,34.983,33.1,62.81,65.63,551.429,1.2123,405.6097,312.7348,449.7382,23.723,0,0,0,0,5.92,4.07,1.27,0,,7.6507,0
2010-07-04,3008110,대청,63.12,492.4066,56.268,34.823,33.1,62.85,65.52,552.937,3.6582,404.3974,312.5276,442.0875,23.563,0,0,0,0,5.92,4.07,1.27,0,,8.3615,0
2010-07-03,3008110,대청,63.07,490.5538,61.103,35.441,32.9,62.89,65.43,554.447,5.0641,400.7392,307.9704,433.726,24.181,0,0,0,0,5.92,4.07,1.27,0,,9.4952,0
2010-07-02,3008110,대청,63.01,488.3366,49.705,41.169,32.8,62.92,65.31,555.582,29.9485,395.6751,306.0044,424.2308,29.909,0,0,0,0,5.92,4.07,1.27,0,,8.7643,0
2010-07-01,3008110,대청,62.99,487.5991,15.879,41.515,32.7,62.94,65.23,556.339,0,365.7266,300.0891,415.4665,30.241,0,0,0,0,5.946,4.102,1.226,0,,9.9167,0
2010-06-30,3008110,대청,63.05,489.814,13.169,47.475,32.9,62.97,65.2,557.476,0,365.7266,300.0891,405.5498,36.219,0,0,0,0,6.192,5.064,0,0,,4.4159,0
2010-06-29,3008110,대청,63.13,492.778,12.629,47.073,33.1,62.99,65.11,558.234,0,365.7266,299.1125,401.1339,36.177,0,0,0,0,6.273,4.623,0,0,,7.7556,0
2010-06-28,3008110,대청,63.21,495.754,16.732,46.975,33.3,62.98,65.1,557.855,0,365.7266,281.6711,393.3783,36.143,0,0,0,0,5.964,4.868,0,0,,6.1201,0
2010-06-27,3008110,대청,63.28,498.367,20.99,47.009,33.5,63.02,65.04,559.374,0.5957,365.7266,280.6661,387.2582,36.208,0,0,0,0,6.062,4.739,0,0,,10.3575,0
2010-06-26,3008110,대청,63.34,500.615,20.852,46.952,33.6,63.06,65,560.895,2.2469,365.1309,280.6661,376.9007,36.14,0,0,0,0,5.868,4.944,0,0,,3.3589,0
2010-06-25,3008110,대청,63.4,502.87,20.848,47.029,33.8,63.09,64.83,562.037,0,362.884,280.6661,373.5418,36.208,0,0,0,0,6.065,4.756,0,0,,9.6667,0
2010-06-24,3008110,대청,63.46,505.132,16.393,47.03,33.9,63.1,64.68,562.418,0,362.884,280.6661,363.8751,36.097,0,0,0,0,5.902,5.031,0,0,,11.2667,0
2010-06-23,3008110,대청,63.53,507.779,25.462,47.406,34.1,63.06,64.64,560.895,0,362.884,280.6661,352.6084,36.163,0,0,0,0,6.354,4.889,0,0,,8.3233,0
2010-06-22,3008110,대청,63.58,509.675,24.161,63.814,34.2,63.06,64.68,560.895,0,362.884,280.6661,344.2851,53.212,0,0,0,0,6.053,4.549,0,0,,5.0416,0
2010-06-21,3008110,대청,63.67,513.101,38.899,69.871,34.4,63.07,64.69,561.275,0,362.884,263.3177,339.2435,59.417,0,0,0,0,5.822,4.632,0,0,,4.1747,0
2010-06-20,3008110,대청,63.74,515.777,37.984,69.06,34.6,63.08,64.55,561.656,1.7113,362.884,262.7568,335.0688,58.024,0,0,0,0,6.042,4.994,0,0,,13.4733,0
2010-06-19,3008110,대청,63.81,518.462,39.135,70.316,34.8,63.12,64.55,563.181,11.7032,361.1727,231.9219,321.5955,59.622,0,0,0,0,5.775,4.919,0,0,,8.3453,0
2010-06-18,3008110,대청,63.88,521.156,24.217,100.409,35,63.17,64.62,565.091,0,349.4695,231.9219,313.2502,89.181,0,0,0,0,5.995,5.233,0,0,,4.4558,0
2010-06-17,3008110,대청,64.05,527.739,26.319,98.622,35.4,63.23,64.59,567.387,0,349.4695,231.8782,308.7944,88.238,0,0,0,0,5.686,4.698,0,0,,7.3238,0
2010-06-16,3008110,대청,64.21,533.986,54.711,100.195,35.8,63.28,64.57,569.305,0,349.4695,231.1688,301.4706,88.897,0,0,0,0,6.139,5.159,0,0,,4.5633,0
2010-06-15,3008110,대청,64.31,537.9159,50.147,100.439,36.1,63.34,64.67,571.612,7.2203,349.4695,231.1688,296.9073,90.207,0,0,0,0,5.433,4.799,0,0,,0.9384,0
2010-06-14,3008110,대청,64.42,542.261,17.156,100.05,36.4,63.39,64.77,573.539,10.3046,342.2492,231.0382,295.9689,89.364,0,0,0,0,5.72,4.966,0,0,,3.4724,0
2010-06-13,3008110,대청,64.6,549.423,27.773,97.414,36.9,63.44,64.85,575.469,0.1224,331.9446,230.97,292.4965,86.784,0,0,0,0,6.065,4.565,0,0,,1.9774,0
2010-06-12,3008110,대청,64.75,555.44,11.053,100.011,37.3,63.49,64.95,577.404,4.1612,331.8222,230.97,290.5191,89.289,0,0,0,0,5.729,4.993,0,0,,2.0154,0
2010-06-11,3008110,대청,64.94,563.126,15.487,100.533,37.8,63.53,65.06,578.954,0,327.661,230.97,288.5037,89.107,0,0,0,0,6.134,5.292,0,0,,2.3068,0
2010-06-10,3008110,대청,65.12,570.474,19.184,100.191,38.3,63.56,65.1,580.118,0,327.661,230.6648,286.1969,88.932,0,0,0,0,6.046,5.213,0,0,,5.7837,0
2010-06-09,3008110,대청,65.29,577.473,17.91,104.415,38.8,63.6,65.16,581.673,0,327.661,222.5531,280.4132,93.514,0,0,0,0,6.045,4.856,0,0,,2.4341,0
2010-06-08,3008110,대청,65.47,584.947,17.418,99.814,39.3,63.64,65.21,583.23,0,327.661,218.7315,277.9791,89.02,0,0,0,0,5.569,5.225,0,0,,4.9636,0
2010-06-07,3008110,대청,65.64,592.066,22.125,100.296,39.7,63.69,65.29,585.18,0,327.661,218.7315,273.0155,89.29,0,0,0,0,5.81,5.196,0,0,,4.9444,0
2010-06-06,3008110,대청,65.8,598.82,21.369,100.142,40.2,63.73,65.43,586.743,0,327.661,218.6981,268.0711,88.58,0,0,0,0,6.192,5.37,0,0,,0.7558,0
2010-06-05,3008110,대청,65.96,605.626,19.82,99.207,40.7,63.76,65.5,587.916,0,327.661,217.4307,267.3153,88.353,0,0,0,0,5.983,4.871,0,0,,2.1628,0
2010-06-04,3008110,대청,66.12,612.485,28.234,103.21,41.1,63.8,65.59,589.483,0,327.661,217.4307,265.1525,91.868,0,0,0,0,5.93,5.412,0,0,,0.2398,0
2010-06-03,3008110,대청,66.27,618.963,34.297,99.714,41.5,63.83,65.67,590.66,0,327.661,217.4307,264.9127,88.627,0,0,0,0,5.818,5.269,0,0,,1.9543,0
2010-06-02,3008110,대청,66.4,624.615,29.346,100.237,41.9,63.87,65.77,592.232,0,327.661,209.4483,262.9584,89.156,0,0,0,0,5.787,5.294,0,0,,4.1526,0
2010-06-01,3008110,대청,66.54,630.74,28.263,99.64,42.3,63.91,65.86,593.806,0,327.661,209.4483,258.8058,88.994,0,0,0,0,5.615,5.031,0,0,,3.37,0
2010-05-31,3008110,대청,66.68,636.907,39.072,100.623,42.8,63.96,65.96,595.777,0,327.661,209.4483,255.4358,89.535,0,0,0,0,5.915,5.173,0,0,,0.6651,0
2010-05-30,3008110,대청,66.8,642.225,54.28,100.669,43.1,63.99,66.04,596.961,0,327.661,209.4483,254.7707,89.621,0,0,0,0,5.88,5.168,0,0,,2.6739,0
2010-05-29,3008110,대청,66.89,646.233,58.862,100.274,43.4,64.01,66.13,597.751,0,327.661,209.4483,252.0968,89.005,0,0,0,0,5.961,5.308,0,0,,1.2169,0
2010-05-28,3008110,대청,66.97,649.811,80.056,95.623,43.6,64.03,66.23,598.542,0,327.661,209.4483,250.8799,84.522,0,0,0,0,6.041,5.06,0,0,,1.6268,0
2010-05-27,3008110,대청,67,651.156,95.525,69.587,43.7,64.04,66.32,598.938,0,327.661,209.4483,249.2531,58.542,0,0,0,0,5.868,5.177,0,0,,0.8333,0
2010-05-26,3008110,대청,66.95,648.915,126.581,69.741,43.6,64.05,66.41,599.334,0.2548,327.661,209.4483,248.4198,58.736,0,0,0,0,5.789,5.216,0,0,,2.2158,0
2010-05-25,3008110,대청,66.84,644.004,157.027,69.77,43.2,64.03,66.51,598.542,4.1353,327.4062,209.0294,246.204,58.85,0,0,0,0,5.681,5.239,0,0,,2.1845,0
2010-05-24,3008110,대청,66.67,636.465,195.719,68.659,42.7,63.98,66.6,596.566,2.4484,323.2709,209.0294,244.0195,58.039,0,0,0,0,5.752,4.868,0,0,,2.1416,0
2010-05-23,3008110,대청,66.42,625.487,103.91,43.459,42,63.88,66.68,592.625,19.9582,320.8225,209.0294,241.8779,33.002,0,0,0,0,5.498,4.959,0,0,,1.3322,0
2010-05-22,3008110,대청,66.3,620.264,59.533,44.475,41.6,63.69,66.76,585.18,16.5085,300.8643,209.0294,240.5457,33.884,0,0,0,0,5.451,5.14,0,0,,2.3716,0
2010-05-21,3008110,대청,66.27,618.963,61.617,71.652,41.5,63.35,66.84,571.997,0,284.3558,208.8898,238.1741,59.841,0,0,0,0,6.354,5.457,0,0,,2.7418,0
2010-05-20,3008110,대청,66.29,619.83,80.911,70.876,41.6,63.25,66.92,568.154,0,284.3558,163.8355,235.4323,59.246,0,0,0,0,6.099,5.531,0,0,,1.4025,0
2010-05-19,3008110,대청,66.27,618.963,109.333,69.275,41.5,63.25,67,568.154,1.3682,284.3558,163.3596,234.0298,58.296,0,0,0,0,5.614,5.365,0,0,,2.2444,0
2010-05-18,3008110,대청,66.19,615.502,70.392,70.392,41.3,63.23,67.09,567.387,43.5061,282.9876,163.3596,231.7854,59.457,0,0,0,0,5.972,4.963,0,0,,4.4458,0
2010-05-17,3008110,대청,66.19,615.502,19.26,69.353,41.3,63.24,67.16,567.771,5.9195,239.4815,163.3596,227.3396,58.141,0,0,0,0,5.81,5.402,0,0,,2.3353,0
2010-05-16,3008110,대청,66.29,619.83,15.979,71.361,41.6,63.24,67.22,567.771,0,233.562,158.6192,225.0043,59.813,0,0,0,0,6.053,5.495,0,0,,3.2707,0
2010-05-15,3008110,대청,66.4,624.615,14.959,70.619,41.9,63.22,67.23,567.004,0,233.562,123.2994,221.7336,59.045,0,0,0,0,6.064,5.51,0,0,,1.0195,0
2010-05-14,3008110,대청,66.51,629.424,15.17,71.131,42.2,63.27,67.22,568.921,0,233.562,122.4158,220.7141,60.129,0,0,0,0,5.857,5.145,0,0,,2.2014,0
2010-05-13,3008110,대청,66.62,634.259,18.741,69.866,42.6,63.32,67.22,570.843,0,233.562,122.4158,218.5127,58.783,0,0,0,0,5.856,5.226,0,0,,8.9951,0
2010-05-12,3008110,대청,66.72,638.676,18.273,69.639,42.9,63.36,67.26,572.382,0,233.562,122.4158,209.5176,58.821,0,0,0,0,5.764,5.054,0,0,,2.1226,0
2010-05-11,3008110,대청,66.82,643.114,18.379,69.989,43.2,63.39,67.3,573.539,0,233.562,112.6369,207.395,59.134,0,0,0,0,5.74,5.115,0,0,,3.76,0
2010-05-10,3008110,대청,66.92,647.573,23.848,70.503,43.5,63.43,67.35,575.083,0,233.562,112.6369,203.635,59.285,0,0,0,0,5.903,5.315,0,0,,2.0867,0
2010-05-09,3008110,대청,67.01,651.604,27.523,69.167,43.7,63.48,67.38,577.017,0,233.562,112.6369,201.5483,57.967,0,0,0,0,6.088,5.112,0,0,,2.01,0
2010-05-08,3008110,대청,67.09,655.202,28.656,70.45,44,63.53,67.36,578.954,0,233.562,112.6369,199.5383,59.321,0,0,0,0,5.799,5.33,0,0,,1.17,0
2010-05-07,3008110,대청,67.17,658.813,23.12,70.331,44.2,63.58,67.31,580.895,0,233.562,112.6369,198.3683,59.391,0,0,0,0,5.891,5.049,0,0,,8.08,0
2010-05-06,3008110,대청,67.26,662.892,34.002,60.31,44.5,63.63,67.27,582.841,1.2441,233.562,112.6369,190.2883,49.503,0,0,0,0,5.857,4.95,0,0,,5.5234,0
2010-05-05,3008110,대청,67.31,665.165,39.527,60.615,44.6,63.68,67.31,584.79,0,232.3179,112.4785,184.7649,49.265,0,0,0,0,6.239,5.111,0,0,,2.2142,0
2010-05-04,3008110,대청,67.35,666.9873,49.175,59.736,44.8,63.73,67.33,586.743,0,232.3179,112.4785,182.5507,48.696,0,0,0,0,5.995,5.045,0,0,,1.2903,0
2010-05-03,3008110,대청,67.37,667.9,44.008,54.575,44.8,63.78,67.35,588.7,0,232.3179,112.4785,181.2604,43.567,0,0,0,0,5.926,5.082,0,0,,4.6069,0
2010-05-02,3008110,대청,67.39,668.813,55.637,55.637,44.9,63.81,67.38,589.876,0,232.3179,108.4706,176.6535,44.607,0,0,0,0,5.903,5.127,0,0,,2.1401,0
2010-05-01,3008110,대청,67.39,668.813,65.62,55.053,44.9,63.85,67.41,591.446,0,232.3179,101.869,174.5134,43.949,0,0,0,0,6.053,5.051,0,0,,1.8333,0
2010-04-30,3008110,대청,67.37,667.9,64.651,59.373,44.8,63.87,67.4,592.232,0.0637,232.3179,101.869,172.6801,48.748,0,0,0,0,5.695,4.93,0,0,,3.1921,0
2010-04-29,3008110,대청,67.36,667.444,70.26,59.693,44.8,63.9,67.41,593.412,1.0739,232.2542,101.869,169.488,49.016,0,0,0,0,5.799,4.878,0,0,,3.2791,0
2010-04-28,3008110,대청,67.34,666.531,65.211,59.945,44.7,63.94,67.41,594.988,8.8974,231.1803,101.869,166.2089,49.188,0,0,0,0,5.81,4.947,0,0,,2.9766,0
2010-04-27,3008110,대청,67.33,666.076,48.91,54.176,44.7,63.97,67.46,596.171,3.8601,222.2829,101.869,163.2323,43.585,0,0,0,0,5.625,4.966,0,0,,1.0196,0
2010-04-26,3008110,대청,67.34,666.531,38.307,59.43,44.7,64,67.49,597.356,17.157,218.4228,101.3404,162.2127,48.36,0,0,0,0,5.845,5.225,0,0,,2.1554,0
2010-04-25,3008110,대청,67.38,668.356,33.458,59.928,44.9,64.02,67.49,598.147,0,201.2658,99.9752,160.0573,49.183,0,0,0,0,5.984,4.761,0,0,,2.4261,0
2010-04-24,3008110,대청,67.43,670.643,21.5,60.042,45,64.04,67.48,598.938,0.1204,201.2658,96.5926,157.6312,49.059,0,0,0,0,5.81,5.173,0,0,,0.2246,0
2010-04-23,3008110,대청,67.49,744.726,29.951,61.178,50,64.07,67.47,600.126,2.2292,201.1454,93.0762,157.4066,50.325,0,0,0,0,5.718,5.135,0,0,,2.8256,0
2010-04-22,3008110,대청,67.55,747.424,29.312,60.62,50.2,64.09,67.49,600.919,8.5181,198.9162,93.0762,154.581,50.057,0,0,0,0,5.579,4.984,0,0,,3.1295,0
2010-04-21,3008110,대청,67.61,750.129,23.24,59.837,50.3,64.12,67.51,602.109,1.0604,190.3981,93.0762,151.4515,48.845,0,0,0,0,5.961,5.031,0,0,,1.9394,0
2010-04-20,3008110,대청,67.68,753.291,32.372,100.578,50.6,64.15,67.48,603.301,0,189.3377,92.856,149.5121,89.492,0,0,0,0,5.787,5.299,0,0,,1.762,0
2010-04-19,3008110,대청,67.81,759.184,26.176,99.972,51,64.16,67.46,603.699,0,189.3377,76.897,147.7501,89.057,0,0,0,0,5.845,5.07,0,0,,3.73,0
2010-04-18,3008110,대청,67.95,765.56,25.144,99.288,51.4,64.2,67.43,605.291,0,189.3377,76.897,144.0201,88.533,0,0,0,0,5.683,5.072,0,0,,4.9,0
2010-04-17,3008110,대청,68.09,771.966,36.489,100.32,51.8,64.24,67.44,606.885,0,189.3377,76.897,139.1201,89.333,0,0,0,0,5.764,5.223,0,0,,3.2521,0
2010-04-16,3008110,대청,68.21,777.481,30.243,99.687,52.2,64.27,67.45,608.082,0,189.3377,76.897,135.868,89.056,0,0,0,0,5.499,5.132,0,0,,2.6267,0
2010-04-15,3008110,대청,68.34,783.481,29.839,99.584,52.6,64.31,67.48,609.681,0.6967,189.3377,76.897,133.2413,88.97,0,0,0,0,5.629,4.985,0,0,,0.9974,0
2010-04-14,3008110,대청,68.47,789.507,40.244,99.492,53,64.34,67.5,610.882,0,188.641,73.8716,132.2439,88.89,0,0,0,0,5.718,4.884,0,0,,0.8367,0
2010-04-13,3008110,대청,68.58,794.626,34.964,99.848,53.3,64.38,67.51,612.485,2.149,188.641,73.8716,131.4072,89.224,0,0,0,0,5.718,4.906,0,0,,1.0616,0
2010-04-12,3008110,대청,68.7,800.232,34.159,99.309,53.7,64.42,67.52,614.09,0.2556,186.492,73.8716,130.3456,88.933,0,0,0,0,5.277,5.099,0,0,,3.0119,0
2010-04-11,3008110,대청,68.82,805.861,44.668,99.159,54.1,64.46,67.52,615.699,0,186.2364,73.8716,127.3337,90.066,0,0,0,0,4.171,4.922,0,0,,1.9633,0
2010-04-10,3008110,대청,68.92,810.569,41.292,101.431,54.4,64.49,67.51,616.906,0,186.2364,73.8716,125.3704,90.541,0,0,0,0,5.903,4.987,0,0,,2.8578,0
2010-04-09,3008110,대청,69.03,815.765,45.063,99.924,54.8,64.53,67.55,618.519,0,186.2364,73.8716,122.5126,89.357,0,0,0,0,5.706,4.861,0,0,,4.0927,0
2010-04-08,3008110,대청,69.13,820.505,45.071,100.117,55.1,64.56,67.58,619.729,0,186.2364,73.8716,118.4199,89.175,0,0,0,0,5.915,5.027,0,0,,0.6533,0
2010-04-07,3008110,대청,69.23,825.261,60.509,99.143,55.4,64.59,67.62,620.942,0,186.2364,73.8716,117.7666,89.009,0,0,0,0,5.167,4.967,0,0,,0.6532,0
2010-04-06,3008110,대청,69.3,828.599,58.924,97.651,55.6,64.62,67.63,622.156,0,186.2364,73.8716,117.1134,87.885,0,0,0,0,4.659,5.107,0,0,,1.0625,0
2010-04-05,3008110,대청,69.37,831.945,82.589,99.209,55.8,64.65,67.62,623.371,0,186.2364,73.8716,116.0509,89.769,0,0,0,0,4.605,4.835,0,0,,1.9533,0
2010-04-04,3008110,대청,69.4,833.381,88.335,99.435,55.9,64.67,67.63,624.181,0,186.2364,73.8716,114.0976,89.056,0,0,0,0,5.313,5.066,0,0,,0.3833,0
2010-04-03,3008110,대청,69.42,834.34,121.726,99.55,56,64.69,67.64,624.993,0,186.2364,73.8716,113.7143,88.582,0,0,0,0,5.961,5.007,0,0,,1.5767,0
2010-04-02,3008110,대청,69.38,832.424,86.729,103.349,55.9,64.71,67.65,625.805,0.151,186.2364,73.8716,112.1376,92.838,0,0,0,0,5.58,4.931,0,0,,2.3884,0
2010-04-01,3008110,대청,69.41,833.86,54.126,98.559,56,64.75,67.67,627.431,15.3104,186.0854,73.8716,109.7492,88.461,0,0,0,0,5.318,4.78,0,0,,2.8503,0
2010-03-31,3008110,대청,69.49,837.699,59.873,98.831,56.2,64.77,67.68,628.245,14.6595,170.775,73.8716,106.8989,88.348,0,0,0,0,5.625,4.858,0,0,,1.1437,0
2010-03-30,3008110,대청,69.56,841.065,41.802,103.214,56.5,64.79,67.7,629.06,0,156.1155,71.3213,105.7552,92.201,0,0,0,0,5.972,5.041,0,0,,0.8946,0
2010-03-29,3008110,대청,69.67,846.371,37.947,99.567,56.8,64.81,67.7,629.875,0,156.1155,70.6353,104.8606,88.546,0,0,0,0,6.111,4.91,0,0,,0.9505,0
2010-03-28,3008110,대청,69.78,851.695,40.723,80.052,57.2,64.83,67.7,630.691,0,156.1155,70.6353,103.9101,69.196,0,0,0,0,5.822,5.034,0,0,,1.13,0
2010-03-27,3008110,대청,69.85,855.093,34.849,79.907,57.4,64.84,67.69,631.099,0,156.1155,70.6353,102.7801,69.031,0,0,0,0,5.775,5.101,0,0,,1.2187,0
2010-03-26,3008110,대청,69.93,858.986,40.338,79.852,57.7,64.85,67.69,631.507,0.1164,156.1155,70.6353,101.5614,68.898,0,0,0,0,5.833,5.121,0,0,,0.9205,0
2010-03-25,3008110,대청,70,862.4,44.624,79.462,57.9,64.86,67.69,631.915,4.5503,155.9991,70.6353,100.6409,68.985,0,0,0,0,5.625,4.852,0,0,,1.2383,0
2010-03-24,3008110,대청,70.06,865.41,41.414,76.414,58.1,64.88,67.69,632.733,0,151.4488,70.6353,99.4026,66.024,0,0,0,0,5.385,5.005,0,0,,3.3811,0
2010-03-23,3008110,대청,70.12,868.434,47.51,59.2,58.3,64.89,67.69,633.142,0,151.4488,70.6353,96.0215,48.672,0,0,0,0,5.659,4.869,0,0,,1.7632,0
2010-03-22,3008110,대청,70.14,869.444,48.073,59.774,58.4,64.91,67.76,633.96,0,151.4488,70.6353,94.2583,48.988,0,0,0,0,5.822,4.964,0,0,,2.1197,0
2010-03-21,3008110,대청,70.16,870.455,55.544,61.389,58.4,64.92,67.71,634.369,0,151.4488,61.067,92.1386,50.366,0,0,0,0,5.845,5.178,0,0,,2.221,0
2010-03-20,3008110,대청,70.17,870.96,54.039,59.907,58.5,64.93,67.73,634.779,1.4129,151.4488,55.8381,89.9176,49.421,0,0,0,0,5.307,5.179,0,0,,0.4171,0
2010-03-19,3008110,대청,70.18,871.467,66.164,60.296,58.5,64.95,67.74,635.598,0.6569,150.0359,55.8381,89.5005,49.455,0,0,0,0,5.741,5.1,0,0,,0.8386,0
2010-03-18,3008110,대청,70.17,870.96,75.883,58.337,58.5,64.98,67.76,636.829,4.6686,149.379,55.8381,88.6619,48.211,0,0,0,0,5.326,4.8,0,0,,2.079,0
2010-03-17,3008110,대청,70.14,869.444,83.471,48.436,58.4,65,67.75,637.65,0.0554,144.7104,55.8381,86.5829,38.149,0,0,0,0,5.659,4.628,0,0,,2.5452,0
2010-03-16,3008110,대청,70.08,866.417,71.752,48.453,58.2,65.02,67.76,638.472,0,144.655,55.8381,84.0377,38.14,0,0,0,0,5.317,4.996,0,0,,1.4633,0
2010-03-15,3008110,대청,70.04,864.404,73.324,44.481,58,65.04,67.77,639.294,8.0502,144.655,55.8381,82.5744,34.218,0,0,0,0,5.344,4.919,0,0,,1.915,0
2010-03-14,3008110,대청,69.99,861.912,71.206,42.977,57.9,65.06,67.79,640.117,0,136.6048,55.8381,80.6594,32.414,0,0,0,0,5.498,5.065,0,0,,1.9719,0
2010-03-13,3008110,대청,69.94,859.473,65.882,43.336,57.7,65.09,67.81,641.353,0,136.6048,55.7747,78.6875,32.73,0,0,0,0,5.578,5.028,0,0,,1.0717,0
2010-03-12,3008110,대청,69.9,857.525,41.738,47.375,57.6,65.09,67.82,641.353,0.1044,136.6048,50.9669,77.6158,36.914,0,0,0,0,5.503,4.958,0,0,,0.2847,0
2010-03-11,3008110,대청,69.91,858.012,53.594,47.957,57.6,65.11,67.84,642.177,3.3862,136.5004,50.7291,77.3311,37.165,0,0,0,0,5.694,5.098,0,0,,1.7462,0
2010-03-10,3008110,대청,69.9,857.525,64.902,48.004,57.6,65.13,67.84,643.002,6.1179,133.1142,50.7291,75.5849,37.249,0,0,0,0,5.695,5.06,0,0,,1.2939,0
2010-03-09,3008110,대청,69.87,856.065,69.265,35.527,57.5,65.16,67.85,644.241,4.7796,126.9963,50.7291,74.291,24.879,0,0,0,0,5.717,4.931,0,0,,1.0193,0
2010-03-08,3008110,대청,69.81,853.15,52.531,35.691,57.3,65.18,67.86,645.068,0,122.2167,50.7291,73.2717,24.678,0,0,0,0,5.822,5.191,0,0,,1.54,0
2010-03-07,3008110,대청,69.78,851.695,67.803,34.157,57.2,65.18,67.87,645.068,0.2997,122.2167,50.7291,71.7317,23.262,0,0,0,0,5.741,5.154,0,0,,2.03,0
2010-03-06,3008110,대청,69.72,848.788,61.138,33.163,57,65.2,67.88,645.895,2.0901,121.917,50.7291,69.7017,23.139,0,0,0,0,5.181,4.843,0,0,,1.628,0
2010-03-05,3008110,대청,69.67,846.371,82.926,38.238,56.8,65.22,67.88,646.723,4.1867,119.8269,50.4778,68.0737,27.598,0,0,0,0,5.775,4.865,0,0,,1.5968,0
2010-03-04,3008110,대청,69.59,842.51,79.124,34.564,56.5,65.23,67.85,647.137,1.0971,115.6402,44.7604,66.4769,23.778,0,0,0,0,5.637,5.149,0,0,,2.0464,0
2010-03-03,3008110,대청,69.51,838.66,116.453,33.201,56.3,65.25,67.84,647.966,0,114.5431,44.6664,64.4305,22.777,0,0,0,0,5.543,4.881,0,0,,1.6923,0
2010-03-02,3008110,대청,69.36,831.467,122.157,33.801,55.8,65.25,67.83,647.966,0.139,114.5431,38.1976,62.7382,22.865,0,0,0,0,5.868,5.068,0,0,,0.5481,0
2010-03-01,3008110,대청,69.2,823.833,91.205,30.719,55.3,65.27,67.82,648.796,16.8633,114.4041,38.0936,62.1901,22.902,0,0,0,0,3.089,4.728,0,0,,1.8321,0
2010-02-28,3008110,대청,69.09,818.607,79.686,24.894,54.9,65.29,67.81,649.626,0,97.5408,38.0936,60.358,15.749,0,0,0,0,4.286,4.859,0,0,,1.8633,0
2010-02-27,3008110,대청,68.99,813.873,135.697,26.658,54.6,65.32,67.81,650.872,1.3956,97.5408,38.0936,58.4947,17.346,0,0,0,0,4.168,5.144,0,0,,1.1899,0
2010-02-26,3008110,대청,68.79,804.452,150.563,31.443,54,65.34,67.81,651.704,0.6493,96.1452,38.0936,57.3048,20.99,0,0,0,0,5.396,5.057,0,0,,0.3016,0
2010-02-25,3008110,대청,68.57,794.16,77.061,28.577,53.3,65.38,67.8,653.369,32.0765,95.4959,38.0936,57.0032,18.143,0,0,0,0,5.458,4.976,0,0,,3.4632,0
2010-02-24,3008110,대청,68.48,789.971,17.85,28.614,53,65.41,67.79,654.619,0,63.4194,32.073,53.54,17.93,0,0,0,0,5.776,4.908,0,0,,1.0794,0
2010-02-23,3008110,대청,68.5,790.901,23.653,29.035,53.1,65.43,67.77,655.454,0,63.4194,31.7925,52.4606,17.92,0,0,0,0,5.892,5.223,0,0,,1.7882,0
2010-02-22,3008110,대청,68.51,791.366,17.649,28.424,53.1,65.47,67.75,657.124,0,63.4194,31.4477,50.6724,17.91,0,0,0,0,5.577,4.937,0,0,,2.818,0
2010-02-21,3008110,대청,68.53,792.297,27.373,27.373,53.2,65.5,67.75,658.379,0,63.4194,25.409,47.8544,16.573,0,0,0,0,5.93,4.87,0,0,,1.1805,0
2010-02-20,3008110,대청,68.53,792.297,21.704,27.086,53.2,65.53,67.76,659.635,0,63.4194,25.1928,46.6739,16.532,0,0,0,0,5.76,4.794,0,0,,1.115,0
2010-02-19,3008110,대청,68.54,792.762,26.119,31.513,53.2,65.56,67.78,660.893,0,63.4194,23.2431,45.5589,20.881,0,0,0,0,5.474,5.158,0,0,,0.9213,0
2010-02-18,3008110,대청,68.55,793.228,23.639,29.033,53.2,65.6,67.8,662.571,0.2403,63.4194,20.9046,44.6376,18.122,0,0,0,0,5.777,5.134,0,0,,0.7813,0
2010-02-17,3008110,대청,68.56,793.694,26.994,32.388,53.3,65.63,67.82,663.832,0,63.1791,20.9046,43.8563,21.734,0,0,0,0,5.729,4.925,0,0,,0.7267,0
2010-02-16,3008110,대청,68.57,794.16,28.689,28.689,53.3,65.67,67.85,665.515,0,63.1791,20.9046,43.1296,17.793,0,0,0,0,5.948,4.948,0,0,,2.28,0
2010-02-15,3008110,대청,68.57,794.16,32.225,26.831,53.3,65.69,67.86,666.358,0,63.1791,20.9046,40.8496,16.743,0,0,0,0,5.267,4.821,0,0,,1.2433,0
2010-02-14,3008110,대청,68.56,793.694,32.676,27.282,53.3,65.72,67.88,667.623,0.0759,63.1791,20.9046,39.6063,16.893,0,0,0,0,5.66,4.729,0,0,,0.7025,0
2010-02-13,3008110,대청,68.55,793.228,43.273,27.104,53.2,65.76,67.88,669.311,1.0185,63.1032,20.9046,38.9038,15.679,0,0,0,0,6.295,5.13,0,0,,1.4277,0
2010-02-12,3008110,대청,68.52,791.831,53.671,32.143,53.1,65.78,67.88,670.157,1.3704,62.0847,9.0915,37.4761,20.769,0,0,0,0,6.192,5.182,0,0,,0.8523,0
2010-02-11,3008110,대청,68.48,789.971,39.663,28.911,53,65.82,67.9,671.849,9.6673,60.7143,9.0915,36.6238,17.874,0,0,0,0,6.053,4.984,0,0,,1.7456,0
2010-02-10,3008110,대청,68.46,789.042,30.05,30.05,53,65.84,67.93,672.696,12.0409,51.047,9.0915,34.8782,17.677,0,0,0,0,5.593,6.78,0,0,,2.118,0
2010-02-09,3008110,대청,68.46,789.042,30.154,30.154,53,65.88,67.96,674.393,6.6674,39.0061,9.0915,32.7602,15.823,0,0,0,0,5.984,8.347,0,0,,1.6189,0
2010-02-08,3008110,대청,68.46,789.042,19.828,30.58,53,65.93,67.99,676.516,2.6908,32.3387,9.0915,31.1413,15.993,0,0,0,0,5.972,8.615,0,0,,1.7097,0
2010-02-07,3008110,대청,68.48,789.971,18.504,29.268,53,65.95,68.02,677.367,0,29.6479,9.0915,29.4316,14.461,0,0,0,0,5.846,8.961,0,0,,0.4033,0
2010-02-06,3008110,대청,68.5,790.901,18.206,28.97,53.1,65.99,68.06,679.07,0,29.6479,9.0915,29.0283,14.538,0,0,0,0,5.565,8.867,0,0,,0.12,0
2010-02-05,3008110,대청,68.52,791.831,22.719,33.494,53.1,66.02,68.09,680.349,0,29.6479,9.0915,28.9083,18.878,0,0,0,0,5.88,8.736,0,0,,0.2067,0
2010-02-04,3008110,대청,68.54,792.762,19.314,30.101,53.2,66.07,68.12,682.483,0,29.6479,9.0915,28.7016,15.899,0,0,0,0,5.891,8.311,0,0,,0.1867,0
2010-02-03,3008110,대청,68.56,793.694,22.666,28.06,53.3,66.1,68.16,683.766,0,29.6479,9.0915,28.5149,15.877,0,0,0,0,5.949,6.234,0,0,,0.47,0
2010-02-02,3008110,대청,68.57,794.16,19.108,29.907,53.3,66.14,68.2,685.478,0,29.6479,9.0915,28.0449,15.893,0,0,0,0,5.358,8.656,0,0,,0.5233,0
2010-02-01,3008110,대청,68.59,795.093,14.3,30.492,53.4,66.17,68.23,686.764,0,29.6479,9.0915,27.5216,15.839,0,0,0,0,5.879,8.774,0,0,,0.7267,0
2010-01-31,3008110,대청,68.62,796.492,22.876,28.281,53.5,66.2,68.26,688.051,0,29.6479,9.0915,26.7949,13.537,0,0,0,0,5.949,8.795,0,0,,1.1867,0
2010-01-30,3008110,대청,68.63,796.959,27.89,27.89,53.5,66.24,68.3,689.77,0,29.6479,9.0915,25.6082,13.177,0,0,0,0,5.903,8.81,0,0,,0.7208,0
2010-01-29,3008110,대청,68.63,796.959,21.978,32.8,53.5,66.29,68.33,691.922,0,29.6479,7.9686,24.8874,18.047,0,0,0,0,5.823,8.93,0,0,,0.3333,0
2010-01-28,3008110,대청,68.65,797.894,24.1,29.505,53.6,66.32,68.36,693.215,0.9998,29.6479,7.9686,24.5541,15.268,0,0,0,0,5.616,8.621,0,0,,0.2567,0
2010-01-27,3008110,대청,68.66,798.361,24.731,30.148,53.6,66.36,68.4,694.941,6.9322,28.6481,7.9686,24.2974,15.334,0,0,0,0,5.938,8.876,0,0,,0.7259,0
2010-01-26,3008110,대청,68.67,798.829,24.378,29.795,53.6,66.39,68.43,696.237,0,21.7159,7.9249,23.5715,15.081,0,0,0,0,6.007,8.707,0,0,,0.5079,0
2010-01-25,3008110,대청,68.68,799.297,19.47,30.292,53.6,66.43,68.47,697.967,0,21.7159,7.7876,23.0636,15.192,0,0,0,0,6.099,9.001,0,0,,0.0931,0
2010-01-24,3008110,대청,68.7,800.232,22.618,28.046,53.7,66.47,68.49,699.7,0,21.7159,7.2946,22.9705,13.523,0,0,0,0,5.858,8.665,0,0,,0.3351,0
2010-01-23,3008110,대청,68.71,800.701,31.476,31.476,53.7,66.5,68.52,701.001,0,21.7159,7.2418,22.6354,16.787,0,0,0,0,5.89,8.799,0,0,,1.1733,0
2010-01-22,3008110,대청,68.71,800.701,24.788,30.205,53.7,66.54,68.55,702.738,0,21.7159,7.2418,21.4621,15.162,0,0,0,0,6.274,8.769,0,0,,1.4267,0
2010-01-21,3008110,대청,68.72,801.169,25.53,30.958,53.8,66.58,68.57,704.478,4.4809,21.7159,7.2418,20.0354,15.626,0,0,0,0,6.226,9.106,0,0,,0.7727,0
2010-01-20,3008110,대청,68.73,801.638,30.448,30.448,53.8,66.61,68.6,705.784,10.7967,17.235,7.2418,19.2627,15.14,0,0,0,0,6.227,9.081,0,0,,0.9999,0
2010-01-19,3008110,대청,68.73,801.638,19.063,29.908,53.8,66.64,68.62,707.092,0,6.4383,7.2418,18.2628,15.074,0,0,0,0,6.192,8.642,0,0,,0.7867,0
2010-01-18,3008110,대청,68.75,802.575,19.344,30.2,53.9,66.66,68.64,707.965,0.2277,6.4383,7.2418,17.4761,15.16,0,0,0,0,6.076,8.964,0,0,,1.069,0
2010-01-17,3008110,대청,68.77,803.513,19.266,30.134,53.9,66.68,68.67,708.838,0.0334,6.2106,0,16.4071,15.295,0,0,0,0,5.845,8.994,0,0,,0.6544,0
2010-01-16,3008110,대청,68.79,804.452,13.595,29.903,54,66.71,68.7,710.149,0,6.1772,0,15.7527,15.042,0,0,0,0,6.111,8.75,0,0,,1.5667,0
2010-01-15,3008110,대청,68.82,805.861,19.588,30.468,54.1,66.74,68.73,711.461,0.1138,6.1772,0,14.186,15.168,0,0,0,0,6.296,9.004,0,0,,1.8105,0
2010-01-14,3008110,대청,68.84,806.801,24.034,29.485,54.2,66.76,68.76,712.337,0,6.0634,0,12.3755,15.087,0,0,0,0,5.451,8.947,0,0,,0.6,0
2010-01-13,3008110,대청,68.85,807.272,14.892,31.235,54.2,66.8,68.79,714.09,0,6.0634,0,11.7755,16.559,0,0,0,0,5.89,8.786,0,0,,0.6467,0
2010-01-12,3008110,대청,68.88,808.684,19.123,30.026,54.3,66.83,68.82,715.407,0,6.0634,0,11.1288,15.04,0,0,0,0,6.169,8.817,0,0,,0.75,0
2010-01-11,3008110,대청,68.9,809.626,13.613,29.979,54.3,66.87,68.85,717.165,0.047,6.0634,0,10.3788,15.052,0,0,0,0,6.134,8.793,0,0,,1.2182,0
2010-01-10,3008110,대청,68.93,811.0403,18.719,29.642,54.4,66.91,68.88,718.925,0.0804,6.0164,0,9.1606,14.985,0,0,0,0,5.938,8.718,0,0,,0.366,0
2010-01-09,3008110,대청,68.95,811.984,24.205,29.668,54.5,66.94,68.91,720.246,0.0771,5.936,0,8.7946,15.029,0,0,0,0,5.926,8.713,0,0,,0.4626,0
2010-01-08,3008110,대청,68.96,812.456,13.386,29.786,54.5,66.97,68.94,721.57,0.0907,5.8589,0,8.332,15.186,0,0,0,0,5.96,8.64,0,0,,0.8964,0
2010-01-07,3008110,대청,68.99,813.873,18.349,29.298,54.6,67,68.97,722.894,0.1274,5.7682,0,7.4356,15.056,0,0,0,0,5.485,8.757,0,0,,2.4942,0
2010-01-06,3008110,대청,69.01,814.819,24.013,29.488,54.7,67.03,69,724.22,0.047,5.6408,0,4.9414,14.96,0,0,0,0,5.89,8.638,0,0,,0.5949,0
2010-01-05,3008110,대청,69.02,815.292,18.556,29.505,54.7,67.07,69.02,725.99,0.6317,5.5938,0,4.3465,15.126,0,0,0,0,5.799,8.58,0,0,,0.8611,0
2010-01-04,3008110,대청,69.04,816.238,18.598,29.57,54.8,67.11,69.04,727.763,4.0702,4.9621,0,3.4854,15.096,0,0,0,0,6.076,8.398,0,0,,0.7157,0
2010-01-03,3008110,대청,69.06,817.186,13.294,29.741,54.8,67.13,69.05,728.65,0.0634,0.8919,0,2.7697,15.204,0,0,0,0,5.799,8.738,0,0,,0.5821,0
2010-01-02,3008110,대청,69.09,818.607,18.022,29.006,54.9,67.17,69.07,730.426,0.8285,0.8285,0,2.1876,15.111,0,0,0,0,5.291,8.604,0,0,,1.4943,0
2010-01-01,3008110,대청,69.11,819.556,23.333,28.831,55,67.21,69.09,732.205,0,0,0,0.6933,15.152,0,0,0,0,5.423,8.256,0,0,,0.6933,0
2009-12-31,3008110,대청,69.12,820.031,18.563,29.547,55,67.25,69.2,733.986,0,969.0719,782.6781,1187.6674,15.401,0,0,0,0,5.555,8.591,0,0,,0.3172,0
2009-12-30,3008110,대청,69.14,820.98,13.319,29.824,55.1,67.29,69.25,735.77,0.0526,969.0719,782.6781,1187.3502,15.316,0,0,0,0,5.937,8.571,0,0,,0.9053,0
2009-12-29,3008110,대청,69.17,822.406,18.729,29.736,55.2,67.32,69.3,737.109,0.0381,969.0193,782.6781,1186.4449,15.084,0,0,0,0,5.915,8.737,0,0,,0.3875,0
2009-12-28,3008110,대청,69.19,823.357,18.689,29.708,55.3,67.36,69.34,738.897,0,968.9812,782.6781,1186.0574,15.223,0,0,0,0,5.949,8.536,0,0,,0.4759,0
2009-12-27,3008110,대청,69.21,824.309,12.655,29.183,55.3,67.4,69.39,740.688,0,968.9812,782.6781,1185.5815,15.125,0,0,0,0,5.76,8.298,0,0,,0.6345,0
2009-12-26,3008110,대청,69.24,825.737,24.064,29.585,55.4,67.44,69.43,742.481,0.0727,968.9812,782.6781,1184.947,15.302,0,0,0,0,5.64,8.643,0,0,,0.4094,0
2009-12-25,3008110,대청,69.25,826.214,23.622,29.143,55.5,67.49,69.47,744.726,0.2011,968.9085,782.6781,1184.5376,15.143,0,0,0,0,5.556,8.444,0,0,,0.8242,0
2009-12-24,3008110,대청,69.26,826.691,13.556,30.118,55.5,67.53,69.5,746.524,0,968.7074,782.6781,1183.7134,15.128,0,0,0,0,5.972,9.018,0,0,,0.6172,0
2009-12-23,3008110,대청,69.29,828.122,24.392,29.913,55.6,67.57,69.54,748.325,0.104,968.7074,782.6781,1183.0962,15.175,0,0,0,0,5.986,8.752,0,0,,0.5957,0
2009-12-22,3008110,대청,69.3,828.599,22.005,27.537,55.6,67.59,69.58,749.227,0,968.6034,782.6054,1182.5005,15.22,0,0,0,0,4.102,8.215,0,0,,0.8508,0
2009-12-21,3008110,대청,69.31,829.077,23.999,29.52,55.6,67.62,69.62,750.58,0,968.6034,782.5327,1181.6497,15.165,0,0,0,0,5.388,8.967,0,0,,0.169,0
2009-12-20,3008110,대청,69.32,829.554,12.783,29.38,55.7,67.66,69.66,752.387,0.1185,968.6034,782.5327,1181.4807,15.211,0,0,0,0,5.706,8.463,0,0,,0.4075,0
2009-12-19,3008110,대청,69.35,830.988,17.96,29.036,55.8,67.7,69.69,754.196,0,968.4849,778.3326,1181.0732,15.249,0,0,0,0,5.239,8.548,0,0,,0.3931,0
2009-12-18,3008110,대청,69.37,831.945,29.362,29.362,55.8,67.72,69.72,755.102,0,968.4849,778.3326,1180.6801,15.07,0,0,0,0,5.798,8.494,0,0,,0.7621,0
2009-12-17,3008110,대청,69.37,831.945,18.441,29.517,55.8,67.76,69.76,756.915,0,968.4849,778.3326,1179.918,15.141,0,0,0,0,5.892,8.484,0,0,,0.8191,0
2009-12-16,3008110,대청,69.39,832.902,18.619,29.707,55.9,67.79,69.81,758.276,0,968.4849,778.2779,1179.0989,15.29,0,0,0,0,5.845,8.572,0,0,,0.7172,0
2009-12-15,3008110,대청,69.41,833.86,24.063,29.619,56,67.83,69.85,760.093,0,968.4849,778.2779,1178.3817,15.237,0,0,0,0,5.938,8.444,0,0,,0.4207,0
2009-12-14,3008110,대청,69.42,834.34,16.4,27.5,56,67.86,69.88,761.458,0,968.4849,778.2779,1177.961,15.158,0,0,0,0,3.765,8.577,0,0,,0.8,0
2009-12-13,3008110,대청,69.44,835.299,39.674,28.574,56.1,67.89,69.92,762.824,0,968.4849,778.2779,1177.161,14.977,0,0,0,0,4.9,8.697,0,0,,0.269,0
2009-12-12,3008110,대청,69.42,834.34,26.849,26.849,56,67.93,69.96,764.647,0,968.4849,778.2779,1176.892,15.205,0,0,0,0,2.872,8.772,0,0,,0.1517,0
2009-12-11,3008110,대청,69.42,834.34,27.102,27.102,56,67.97,70,766.473,3.0705,968.4849,778.2779,1176.7403,14.83,0,0,0,0,3.725,8.547,0,0,,0.9583,0
2009-12-10,3008110,대청,69.42,834.34,27.839,27.839,56,68.01,70.03,768.301,16.8942,965.4144,777.4564,1175.782,14.987,0,0,0,0,4.537,8.315,0,0,,1.786,0
2009-12-09,3008110,대청,69.42,834.34,23.793,29.337,56,68.04,70.06,769.674,1.3206,948.5202,777.4564,1173.996,15.179,0,0,0,0,6.111,8.047,0,0,,0.9111,0
2009-12-08,3008110,대청,69.43,834.819,18.315,29.415,56,68.08,70.09,771.507,0,947.1996,777.4564,1173.0849,15.214,0,0,0,0,5.81,8.391,0,0,,0.9844,0
2009-12-07,3008110,대청,69.45,835.778,18.16,29.271,56.1,68.12,70.12,773.342,0,947.1996,777.4094,1172.1005,15.05,0,0,0,0,5.891,8.33,0,0,,1.0871,0
2009-12-06,3008110,대청,69.47,836.738,18.071,29.194,56.2,68.16,70.15,775.18,0,947.1996,777.2845,1171.0134,15.315,0,0,0,0,5.263,8.616,0,0,,1.9172,0
2009-12-05,3008110,대청,69.49,837.699,23.833,29.389,56.2,68.19,70.18,776.56,8.3473,947.1996,777.2845,1169.0962,15.554,0,0,0,0,5.217,8.618,0,0,,0.7638,0
2009-12-04,3008110,대청,69.5,838.179,17.433,28.556,56.3,68.23,70.21,778.402,0,938.8523,776.6818,1168.3324,15.216,0,0,0,0,5.202,8.138,0,0,,3.4671,0
2009-12-03,3008110,대청,69.52,839.14,17.35,28.484,56.3,68.26,70.24,779.785,0,938.8523,770.5362,1164.8653,15.027,0,0,0,0,5.061,8.396,0,0,,0.9897,0
2009-12-02,3008110,대청,69.54,840.102,17.298,28.444,56.4,68.29,70.27,781.17,0,938.8523,770.5362,1163.8756,15.135,0,0,0,0,4.837,8.472,0,0,,0.7793,0
2009-12-01,3008110,대청,69.56,841.065,18.241,29.387,56.5,68.33,70.3,783.018,0.0526,938.8523,770.5362,1163.0963,15.034,0,0,0,0,5.984,8.369,0,0,,0.6604,0
2009-11-30,3008110,대청,69.58,842.028,22.142,27.721,56.5,68.37,70.31,784.869,0.0991,938.7997,770.5362,1162.4359,13.4,0,0,0,0,5.799,8.522,0,0,,1.0448,0
2009-11-29,3008110,대청,69.59,842.51,28.239,28.239,56.5,68.41,70.32,786.722,8.3575,938.7006,770.5362,1161.3911,13.737,0,0,0,0,5.788,8.714,0,0,,2.9298,0
2009-11-28,3008110,대청,69.59,842.51,16.826,27.983,56.5,68.43,70.34,787.65,0,930.3431,767.3307,1158.4613,13.469,0,0,0,0,6.018,8.496,0,0,,1.7542,0
2009-11-27,3008110,대청,69.61,843.474,11.245,28.004,56.6,68.47,70.37,789.507,0,930.3431,767.1597,1156.7071,13.508,0,0,0,0,5.858,8.638,0,0,,2.6144,0
2009-11-26,3008110,대청,69.64,844.922,27.554,27.554,56.7,68.5,70.4,790.901,0,930.3431,764.3408,1154.0927,13.359,0,0,0,0,5.834,8.361,0,0,,1.0283,0
2009-11-25,3008110,대청,69.64,844.922,10.7,27.471,56.7,68.54,70.43,792.762,1.3027,930.3431,764.2212,1153.0644,13.371,0,0,0,0,5.948,8.152,0,0,,0.7397,0
2009-11-24,3008110,대청,69.67,846.371,22.872,28.462,56.8,68.57,70.46,794.16,0,929.0404,761.5718,1152.3247,13.793,0,0,0,0,5.973,8.696,0,0,,0.8312,0
2009-11-23,3008110,대청,69.68,846.854,10.384,27.178,56.8,68.61,70.48,796.026,0,929.0404,760.0666,1151.4935,13.533,0,0,0,0,5.983,7.662,0,0,,0.8552,0
2009-11-22,3008110,대청,69.71,848.305,23.005,28.595,56.9,68.65,70.51,797.894,0,929.0404,760.0666,1150.6383,13.704,0,0,0,0,5.869,9.022,0,0,,1.069,0
2009-11-21,3008110,대청,69.72,848.788,23.159,28.772,57,68.69,70.54,799.764,0.104,929.0404,760.0666,1149.5693,13.745,0,0,0,0,6.007,9.02,0,0,,0.8212,0
2009-11-20,3008110,대청,69.73,849.273,16.938,28.142,57,68.73,70.57,801.638,0,928.9364,759.6545,1148.7481,13.445,0,0,0,0,5.857,8.84,0,0,,1.1308,0
2009-11-19,3008110,대청,69.75,850.241,22.319,27.932,57.1,68.77,70.6,803.513,0,928.9364,759.1619,1147.6173,13.629,0,0,0,0,5.577,8.726,0,0,,1.5241,0
2009-11-18,3008110,대청,69.76,850.726,16.573,27.788,57.1,68.81,70.62,805.391,0,928.9364,759.1619,1146.0932,13.528,0,0,0,0,5.856,8.404,0,0,,0.7379,0
2009-11-17,3008110,대청,69.78,851.695,16.171,27.398,57.2,68.85,70.65,807.272,0,928.9364,759.1619,1145.3553,13.566,0,0,0,0,5.369,8.463,0,0,,0.6621,0
2009-11-16,3008110,대청,69.8,852.665,15.771,27.009,57.2,68.89,70.68,809.155,0,928.9364,759.1619,1144.6932,13.525,0,0,0,0,4.968,8.516,0,0,,0.8448,0
2009-11-15,3008110,대청,69.82,853.636,15.852,27.09,57.3,68.93,70.71,811.04,0.1063,928.9364,759.1619,1143.8484,13.46,0,0,0,0,5.365,8.265,0,0,,0.4519,0
2009-11-14,3008110,대청,69.84,854.607,22.244,27.869,57.4,68.97,70.74,812.928,0.1455,928.8301,759.1619,1143.3965,13.484,0,0,0,0,5.89,8.495,0,0,,0.8809,0
2009-11-13,3008110,대청,69.85,855.093,22.3,27.925,57.4,69.01,70.78,814.819,2.4738,928.6846,759.1619,1142.5156,13.58,0,0,0,0,5.858,8.487,0,0,,1.5612,0
2009-11-12,3008110,대청,69.86,855.579,10.697,27.584,57.4,69.05,70.82,816.712,0,926.2108,759.1619,1140.9544,13.569,0,0,0,0,5.409,8.606,0,0,,2.0345,0
2009-11-11,3008110,대청,69.89,857.038,28,28,57.5,69.09,70.85,818.607,0,926.2108,759.1619,1138.9199,13.659,0,0,0,0,5.949,8.392,0,0,,4.1069,0
2009-11-10,3008110,대청,69.89,857.038,21.611,27.248,57.5,69.13,70.88,820.505,0,926.2108,759.1619,1134.813,13.709,0,0,0,0,5.238,8.301,0,0,,0.9865,0
2009-11-09,3008110,대청,69.9,857.525,33.137,27.5,57.6,69.16,70.92,821.93,0,926.2108,759.0548,1133.8265,13.87,0,0,0,0,5.153,8.477,0,0,,2.0155,0
2009-11-08,3008110,대청,69.89,857.038,44.366,27.479,57.5,69.2,70.96,823.833,20.4393,926.2108,758.4067,1131.811,13.61,0,0,0,0,5.274,8.595,0,0,,1.6014,0
2009-11-07,3008110,대청,69.86,855.579,16.543,27.805,57.4,69.23,70.99,825.261,0,905.7715,758.4067,1130.2096,13.442,0,0,0,0,6.031,8.332,0,0,,1.3586,0
2009-11-06,3008110,대청,69.88,856.552,22.147,27.772,57.5,69.27,71.02,827.168,0.067,905.7715,758.4067,1128.851,13.708,0,0,0,0,5.692,8.372,0,0,,2.6092,0
2009-11-05,3008110,대청,69.89,857.038,15.884,27.157,57.5,69.31,71.06,829.077,0,905.7045,758.4067,1126.2418,13.759,0,0,0,0,5.136,8.262,0,0,,1.3552,0
2009-11-04,3008110,대청,69.91,858.012,16.847,28.12,57.6,69.34,71.09,830.51,0,905.7045,758.4067,1124.8866,13.852,0,0,0,0,5.972,8.296,0,0,,0.3069,0
2009-11-03,3008110,대청,69.93,858.986,21.758,27.395,57.7,69.38,71.12,832.424,0,905.7045,758.4067,1124.5797,13.754,0,0,0,0,5.476,8.165,0,0,,0.5241,0
2009-11-02,3008110,대청,69.94,859.473,16.455,27.74,57.7,69.41,71.16,833.86,0.1274,905.7045,758.4067,1124.0556,13.647,0,0,0,0,5.89,8.203,0,0,,0.994,0
2009-11-01,3008110,대청,69.96,860.448,32.588,26.94,57.8,69.45,71.19,835.778,8.046,905.5771,758.4067,1123.0616,13.631,0,0,0,0,5.44,7.869,0,0,,2.3881,0
2009-10-31,3008110,대청,69.95,859.96,23.414,29.062,57.7,69.48,71.22,837.218,1.8801,897.5311,758.2989,1120.6735,14.575,0,0,0,0,5.972,8.515,0,0,,2.863,0
2009-10-30,3008110,대청,69.96,860.448,12.246,29.19,57.8,69.51,71.25,838.66,0,895.651,756.1529,1117.8105,14.766,0,0,0,0,5.961,8.463,0,0,,1.3138,0
2009-10-29,3008110,대청,69.99,861.912,23.225,28.873,57.9,69.55,71.29,840.584,0,895.651,756.1529,1116.4967,14.602,0,0,0,0,5.961,8.31,0,0,,2.8621,0
2009-10-28,3008110,대청,70,862.4,17.606,29.168,57.9,69.59,71.32,842.51,0,895.651,756.1529,1113.6346,14.406,0,0,0,0,5.938,8.824,0,0,,1.7828,0
2009-10-27,3008110,대청,70.02,863.399,23.475,29.285,58,69.63,71.36,844.439,0,895.651,756.1529,1111.8518,14.493,0,0,0,0,5.926,8.866,0,0,,0.5448,0
2009-10-26,3008110,대청,70.03,863.901,17.201,28.845,58,69.67,71.39,846.371,0,895.651,756.1529,1111.307,14.561,0,0,0,0,5.787,8.497,0,0,,0.6063,0
2009-10-25,3008110,대청,70.05,864.907,22.291,28.113,58.1,69.7,71.42,847.821,0,895.651,755.9694,1110.7007,14.466,0,0,0,0,5.683,7.964,0,0,,0.8277,0
2009-10-24,3008110,대청,70.06,865.41,17.257,28.912,58.1,69.73,71.46,849.273,0,895.651,755.8654,1109.873,14.507,0,0,0,0,5.984,8.421,0,0,,1.2072,0
2009-10-23,3008110,대청,70.08,866.417,15.769,27.436,58.2,69.75,71.49,850.241,0,895.651,755.7555,1108.6658,14.418,0,0,0,0,5.845,7.173,0,0,,0.7076,0
2009-10-22,3008110,대청,70.1,867.425,19.371,25.204,58.2,69.77,71.53,851.21,0,895.651,752.5344,1107.9582,14.611,0,0,0,0,5.938,4.655,0,0,,2.2589,0
2009-10-21,3008110,대청,70.11,867.929,18.51,24.355,58.3,69.8,71.56,852.665,0,895.651,730.5251,1105.6993,14.239,0,0,0,0,5.926,4.19,0,0,,1.8172,0
2009-10-20,3008110,대청,70.12,868.434,18.506,24.351,58.3,69.84,71.6,854.607,0.0528,895.651,730.5251,1103.8821,14.639,0,0,0,0,5.857,3.855,0,0,,0.1915,0
2009-10-19,3008110,대청,70.13,868.939,13.014,24.704,58.3,69.88,71.63,856.552,0.415,895.5982,730.5251,1103.6906,14.498,0,0,0,0,5.926,4.28,0,0,,0.9833,0
2009-10-18,3008110,대청,70.15,869.949,12.949,24.65,58.4,69.92,71.67,858.499,0,895.1832,730.5251,1102.7073,14.657,0,0,0,0,5.857,4.136,0,0,,0.9517,0
2009-10-17,3008110,대청,70.17,870.96,18.202,24.07,58.5,69.96,71.7,860.448,7.8251,895.1832,730.5251,1101.7556,14.443,0,0,0,0,5.949,3.678,0,0,,1.3285,0
2009-10-16,3008110,대청,70.18,871.467,18.548,24.404,58.5,70,71.73,862.4,0,887.3581,730.5251,1100.4271,14.596,0,0,0,0,6.007,3.801,0,0,,1.5724,0
2009-10-15,3008110,대청,70.19,871.973,6.964,24.568,58.5,70.04,71.77,864.404,0,887.3581,730.5251,1098.8547,14.565,0,0,0,0,5.915,4.088,0,0,,0.3414,0
2009-10-14,3008110,대청,70.22,873.494,12.154,23.902,58.6,70.08,71.79,866.417,0.6187,887.3581,730.5251,1098.5133,14.59,0,0,0,0,5.775,3.537,0,0,,1.3696,0
2009-10-13,3008110,대청,70.24,874.509,23.969,23.969,58.7,70.12,71.79,868.434,8.8901,886.7394,730.5251,1097.1437,14.541,0,0,0,0,5.81,3.618,0,0,,1.0755,0
2009-10-12,3008110,대청,70.24,874.509,8.608,26.247,58.7,70.15,71.79,869.949,0,877.8493,730.5251,1096.0682,16.405,0,0,0,0,5.914,3.928,0,0,,3.3138,0
2009-10-11,3008110,대청,70.27,876.033,14.095,25.866,58.8,70.19,71.79,871.973,0,877.8493,730.5251,1092.7544,16.105,0,0,0,0,5.717,4.044,0,0,,2.4966,0
2009-10-10,3008110,대청,70.29,877.05,14.713,26.507,58.9,70.22,71.82,873.494,0,877.8493,730.5251,1090.2578,16.094,0,0,0,0,6.007,4.406,0,0,,3.6358,0
2009-10-09,3008110,대청,70.31,878.069,9.049,26.757,58.9,70.26,71.85,875.525,0,877.8493,730.2869,1086.622,16.339,0,0,0,0,6.019,4.399,0,0,,1.4724,0
2009-10-08,3008110,대청,70.34,879.599,14.329,26.146,59,70.3,71.89,877.56,0,877.8493,730.2869,1085.1496,16.191,0,0,0,0,6.023,3.932,0,0,,0.8414,0
2009-10-07,3008110,대청,70.36,880.62,20.765,26.679,59.1,70.33,71.93,879.089,0,877.8493,730.2869,1084.3082,16.36,0,0,0,0,6.088,4.231,0,0,,0.6931,0
2009-10-06,3008110,대청,70.37,881.131,14.492,26.321,59.1,70.37,71.97,881.131,0,877.8493,730.2869,1083.6151,16.048,0,0,0,0,5.88,4.393,0,0,,1.74,0
2009-10-05,3008110,대청,70.39,882.153,26.218,26.218,59.2,70.41,72.02,883.177,0,877.8493,730.1267,1081.8751,16.255,0,0,0,0,5.857,4.106,0,0,,1.8898,0
2009-10-04,3008110,대청,70.39,882.153,19.36,25.286,59.2,70.43,72.05,884.201,0,877.8493,726.9224,1079.9853,16.286,0,0,0,0,5.152,3.848,0,0,,0.4759,0
2009-10-03,3008110,대청,70.4,882.665,13.36,25.212,59.2,70.46,72.09,885.74,0,877.8493,726.9224,1079.5094,16.358,0,0,0,0,5.08,3.774,0,0,,0.3621,0
2009-10-02,3008110,대청,70.42,883.689,26.195,26.195,59.3,70.49,72.12,887.281,0.724,877.8493,726.9224,1079.1473,16.257,0,0,0,0,5.866,4.072,0,0,,2.5905,0
2009-10-01,3008110,대청,70.42,883.689,26.728,26.728,59.3,70.52,72.13,888.824,0,877.1253,726.9224,1076.5568,16.336,0,0,0,0,6.181,4.211,0,0,,1.4069,0
2009-09-30,3008110,대청,70.42,883.689,40.198,28.346,59.3,70.55,72.04,890.37,0,877.1253,726.9224,1075.1499,18.226,0,0,0,0,6.239,3.881,0,0,,5.5103,0
2009-09-29,3008110,대청,70.4,882.665,52.014,28.345,59.2,70.58,72.04,891.918,0,877.1253,726.9224,1069.6396,18.358,0,0,0,0,5.71,4.277,0,0,,3.7309,0
2009-09-28,3008110,대청,70.36,880.62,63.904,28.487,59.1,70.61,72.08,893.468,18.3171,877.1253,723.7256,1065.9087,18.103,0,0,0,0,6.03,4.354,0,0,,1.6937,0
2009-09-27,3008110,대청,70.3,877.56,27.544,27.544,58.9,70.64,72.13,895.02,26.1953,858.8082,723.7256,1064.215,18.004,0,0,0,0,5.718,3.822,0,0,,2.3378,0
2009-09-26,3008110,대청,70.3,877.56,21.981,27.872,58.9,70.66,72.17,896.056,0,832.6129,723.7256,1061.8772,17.768,0,0,0,0,5.938,4.166,0,0,,1.1857,0
2009-09-25,3008110,대청,70.31,878.069,16.294,28.1,58.9,70.7,72.19,898.131,0,832.6129,723.6394,1060.6915,18.027,0,0,0,0,6.273,3.8,0,0,,0.6855,0
2009-09-24,3008110,대청,70.33,879.089,16.965,28.771,59,70.71,72.22,898.651,0,832.6129,718.3587,1060.006,18.251,0,0,0,0,6.215,4.305,0,0,,6.0914,0
2009-09-23,3008110,대청,70.35,880.109,16.739,28.568,59.1,70.74,72.23,900.211,0.0547,832.6129,717.4085,1053.9146,18.058,0,0,0,0,6.204,4.306,0,0,,4.1285,0
2009-09-22,3008110,대청,70.37,881.131,10.376,28.131,59.1,70.76,72.23,901.252,0,832.5582,711.3353,1049.7861,18.117,0,0,0,0,6.007,4.007,0,0,,0.8345,0
2009-09-21,3008110,대청,70.4,882.665,10.645,28.425,59.2,70.78,72.25,902.294,1.3215,832.5582,711.3353,1048.9516,18.113,0,0,0,0,5.845,4.467,0,0,,3.6279,0
2009-09-20,3008110,대청,70.43,884.2012,16.367,28.237,59.3,70.81,72.29,903.859,0,831.2367,710.8489,1045.3237,17.995,0,0,0,0,6.18,4.062,0,0,,3.6111,0
2009-09-19,3008110,대청,70.45,885.227,16.377,28.252,59.4,70.81,72.31,903.859,0,831.2367,700.6268,1041.7126,18.054,0,0,0,0,6.042,4.156,0,0,,3.6207,0
2009-09-18,3008110,대청,70.47,886.253,10.384,28.231,59.5,70.86,72.39,906.473,0,831.2367,700.6268,1038.0919,18.017,0,0,0,0,6.065,4.149,0,0,,3.2621,0
2009-09-17,3008110,대청,70.5,887.795,16.826,28.736,59.6,70.91,72.38,909.093,0,831.2367,700.6268,1034.8298,18.308,0,0,0,0,6.169,4.259,0,0,,4.4517,0
2009-09-16,3008110,대청,70.52,888.824,16.828,28.749,59.7,70.96,72.32,911.719,0,831.2367,700.6268,1030.3781,18.021,0,0,0,0,6.158,4.57,0,0,,7.0517,0
2009-09-15,3008110,대청,70.54,889.854,16.062,28.006,59.7,70.99,72.27,913.298,0.0682,831.2367,700.6268,1023.3264,18.101,0,0,0,0,5.698,4.207,0,0,,6.992,0
2009-09-14,3008110,대청,70.56,890.886,23.223,35.167,59.8,71.03,72.28,915.407,3.6669,831.1685,700.6268,1016.3344,24.99,0,0,0,0,5.995,4.182,0,0,,5.7312,0
2009-09-13,3008110,대청,70.58,891.918,13.157,31.097,59.9,71.05,72.21,916.462,0,827.5016,700.4894,1010.6032,21.046,0,0,0,0,5.753,4.298,0,0,,4.4034,0
2009-09-12,3008110,대청,70.61,893.468,13.521,31.484,60,71.09,72.1,918.577,1.8052,827.5016,700.4894,1006.1998,21.212,0,0,0,0,6.088,4.184,0,0,,5.1381,0
2009-09-11,3008110,대청,70.64,895.02,11.461,35.454,60.1,71.13,72.1,920.696,0.2285,825.6964,700.4894,1001.0617,25.231,0,0,0,0,6.123,4.1,0,0,,4.7493,0
2009-09-10,3008110,대청,70.68,897.093,11.708,35.759,60.2,71.17,72.1,922.818,0,825.4679,700.4894,996.3124,25.249,0,0,0,0,6.215,4.295,0,0,,4.4897,0
2009-09-09,3008110,대청,70.72,899.171,11.626,35.712,60.4,71.19,72.06,923.881,0,825.4679,700.4894,991.8227,25.214,0,0,0,0,6.169,4.329,0,0,,6.2655,0
2009-09-08,3008110,대청,70.76,901.252,17.555,35.657,60.5,71.23,72.07,926.01,0.067,825.4679,700.4894,985.5572,25.146,0,0,0,0,5.816,4.695,0,0,,3.8471,0
2009-09-07,3008110,대청,70.79,902.816,18.167,36.292,60.6,71.25,72.09,927.076,0.067,825.4009,700.4894,981.7101,25.4,0,0,0,0,6.077,4.815,0,0,,3.2954,0
2009-09-06,3008110,대청,70.82,904.382,14.026,32.174,60.7,71.27,72.11,928.142,0,825.3339,700.4894,978.4147,21.054,0,0,0,0,6.331,4.789,0,0,,3.1311,0
2009-09-05,3008110,대청,70.85,905.95,13.538,31.709,60.8,71.3,72.15,929.745,0,825.3339,699.7886,975.2836,20.976,0,0,0,0,6.204,4.529,0,0,,6.3172,0
2009-09-04,3008110,대청,70.88,907.52,23.927,36.068,60.9,71.31,72.24,930.279,0,825.3339,699.7886,968.9664,25.356,0,0,0,0,6.239,4.473,0,0,,2.1552,0
2009-09-03,3008110,대청,70.9,908.569,17.695,35.913,61,71.32,72.16,930.814,0,825.3339,699.7886,966.8112,25.424,0,0,0,0,6.227,4.262,0,0,,5.2847,0
2009-09-02,3008110,대청,70.93,910.143,17.783,36.024,61.1,71.32,72.08,930.814,0,825.3339,699.7334,961.5265,25.441,0,0,0,0,6.204,4.379,0,0,,10.1902,0
2009-09-01,3008110,대청,70.96,911.719,17.291,35.566,61.2,71.31,72.03,930.279,0,825.3339,690.9167,951.3363,25.28,0,0,0,0,6.169,4.117,0,0,,6.9826,0
2009-08-31,3008110,대청,70.99,913.298,32.226,38.326,61.3,71.31,71.68,930.279,0,825.3339,683.7221,944.3537,28.084,0,0,0,0,5.75,4.492,0,0,,13.6207,0
2009-08-30,3008110,대청,71,913.825,31.612,37.712,61.3,71.34,71.42,931.884,1.2742,825.3339,683.7221,930.733,28.208,0,0,0,0,5.671,3.833,0,0,,13.4543,0
2009-08-29,3008110,대청,71.01,914.352,32.436,38.536,61.4,71.36,71.21,932.956,0,824.0597,683.7221,917.2787,28.013,0,0,0,0,6.111,4.412,0,0,,7.5103,0
2009-08-28,3008110,대청,71.02,914.879,26.799,39.01,61.4,71.37,71.19,933.492,1.4276,824.0597,683.7221,909.7684,28.073,0,0,0,0,6.482,4.455,0,0,,8.0182,0
2009-08-27,3008110,대청,71.04,915.934,44.852,38.752,61.5,71.39,71.17,934.565,7.9688,822.6321,683.7221,901.7502,28.154,0,0,0,0,6.181,4.417,0,0,,6.9782,0
2009-08-26,3008110,대청,71.03,915.407,20.265,38.598,61.4,71.37,71.01,933.492,0,814.6633,683.7221,894.772,28.071,0,0,0,0,6.158,4.369,0,0,,9.0448,0
2009-08-25,3008110,대청,71.06,916.991,32.345,38.456,61.5,71.34,70.88,931.884,0,814.6633,683.7221,885.7272,28.067,0,0,0,0,6.077,4.312,0,0,,8.9345,0
2009-08-24,3008110,대청,71.07,917.519,32.715,38.838,61.6,71.27,70.81,928.142,0,814.6633,683.7221,876.7927,28.3,0,0,0,0,6.088,4.45,0,0,,6.9138,0
2009-08-23,3008110,대청,71.08,918.048,62.524,38.056,61.6,71.15,70.86,921.756,0,814.6633,683.7221,869.8789,28.18,0,0,0,0,5.938,3.938,0,0,,4.9782,0
2009-08-22,3008110,대청,71.04,915.934,87.034,38.249,61.5,70.99,70.85,913.298,0,814.6633,683.3548,864.9007,28.125,0,0,0,0,6.042,4.082,0,0,,7.2842,0
2009-08-21,3008110,대청,70.96,911.719,111.714,38.89,61.2,70.84,70.78,905.427,0.1429,814.6633,663.9123,857.6165,28.421,0,0,0,0,6.203,4.266,0,0,,11.3356,0
2009-08-20,3008110,대청,70.84,905.427,81.055,38.763,60.8,70.69,70.71,897.612,39.7085,814.5204,663.8242,846.2809,28.31,0,0,0,0,6.134,4.319,0,0,,11.0653,0
2009-08-19,3008110,대청,70.77,901.773,15.214,39.358,60.5,70.44,70.69,884.714,0.4964,774.8119,657.8401,835.2156,28.348,0,0,0,0,6.517,4.493,0,0,,5.8707,0
2009-08-18,3008110,대청,70.81,903.859,26.863,38.958,60.7,69.92,70.6,858.499,0,774.3155,656.7857,829.3449,28.222,0,0,0,0,6.308,4.428,0,0,,9.5173,0
2009-08-17,3008110,대청,70.83,904.904,20.257,38.417,60.7,69.44,70.65,835.299,0,774.3155,628.2834,819.8276,28.198,0,0,0,0,5.961,4.258,0,0,,5.4318,0
2009-08-16,3008110,대청,70.86,906.473,38.367,38.367,60.8,68.59,70.64,795.092,0,774.3155,627.961,814.3958,28.157,0,0,0,0,5.926,4.284,0,0,,9.0571,0
2009-08-15,3008110,대청,70.86,906.473,57.056,38.896,60.8,67.36,70.49,738.897,0,774.3155,569.6051,805.3387,28.018,0,0,0,0,6.342,4.536,0,0,,9.2737,0
2009-08-14,3008110,대청,70.83,904.904,75.161,38.923,60.7,67.29,70.4,735.77,0,774.3155,532.667,796.065,28.089,0,0,0,0,6.597,4.237,0,0,,6.4914,0
2009-08-13,3008110,대청,70.77,901.773,98.512,38.35,60.5,67.24,70.42,733.54,7.8777,774.3155,530.4176,789.5736,28.098,0,0,0,0,6.262,3.99,0,0,,7.2408,0
2009-08-12,3008110,대청,70.67,896.575,55.893,49.886,60.2,67.18,70.48,730.87,19.8811,766.4378,514.9109,782.3328,39.698,0,0,0,0,5.984,4.204,0,0,,8.807,0
2009-08-11,3008110,대청,70.66,896.056,33.608,129.974,60.1,67.2,70.34,731.76,7.5141,746.5567,504.0879,773.5258,120.081,0,0,0,0,5.763,4.13,0,0,,7.0435,0
2009-08-10,3008110,대청,70.82,904.3816,33.731,130.836,60.7,67.24,70.28,733.54,0,739.0426,500.9414,766.4823,119.836,0,0,0,0,6.667,4.333,0,0,,9.2828,0
2009-08-09,3008110,대청,70.98,912.7715,33.031,130.882,61.3,67.29,70.36,735.77,0,739.0426,500.9414,757.1995,119.784,0,0,0,0,6.667,4.431,0,0,,5.0107,0
2009-08-08,3008110,대청,71.14,921.2258,42.68,240.621,61.8,67.33,70.4,737.556,0.4036,739.0426,491.9315,752.1888,229.789,0,0,0,0,6.643,4.188,0,0,,5.8244,0
2009-08-07,3008110,대청,71.46,938.328,28.546,153.777,63,67.38,70.5,739.792,12.5849,738.639,490.9283,746.3644,143.821,0,0,0,0,6.087,3.869,0,0,,5.6788,0
2009-08-06,3008110,대청,71.66,949.148,20.525,39.402,63.7,67.43,70.54,742.032,0.3759,726.0541,490.9283,740.6856,28.867,0,0,0,0,6.319,4.216,0,0,,5.9061,0
2009-08-05,3008110,대청,71.69,950.779,17.53,30.134,63.8,67.47,70.47,743.827,0,725.6782,490.9283,734.7795,20.298,0,0,0,0,5.825,4.011,0,0,,1.7069,0
2009-08-04,3008110,대청,71.71,951.868,23.357,29.665,63.9,67.51,70.35,745.625,0,725.6782,490.9283,733.0726,19.359,0,0,0,0,5.926,4.38,0,0,,12.3862,0
2009-08-03,3008110,대청,71.72,952.413,23.51,29.818,63.9,67.54,70.14,746.974,0,725.6782,490.9283,720.6864,20.203,0,0,0,0,5.558,4.057,0,0,,11.4529,0
2009-08-02,3008110,대청,71.73,952.958,30.287,30.287,64,67.53,70,746.524,0,725.6782,486.1928,709.2335,20.47,0,0,0,0,5.972,3.845,0,0,,6.8969,0
2009-08-01,3008110,대청,71.73,952.958,23.412,29.731,64,67.52,70.04,746.074,0,725.6782,485.0831,702.3366,20.18,0,0,0,0,5.584,3.967,0,0,,6.2931,0
2009-07-31,3008110,대청,71.74,953.504,35.227,130.262,64,67.52,70.1,746.074,0,725.6782,485.0831,696.0435,119.832,0,0,0,0,6.1,4.33,0,0,,2.9627,0
2009-07-30,3008110,대청,71.89,961.715,34.152,129.846,64.5,67.5,70.14,745.175,0,725.6782,484.0661,693.0808,120.221,0,0,0,0,6.111,3.514,0,0,,3.839,0
2009-07-29,3008110,대청,72.04,969.983,46.723,130.184,65.1,67.45,70.16,742.929,3.5443,725.6782,479.4359,689.2418,120.001,0,0,0,0,6.07,4.113,0,0,,5.6787,0
2009-07-28,3008110,대청,72.17,977.194,58.447,129.454,65.6,67.37,70.3,739.345,2.1712,722.1339,477.6975,683.5631,118.897,0,0,0,0,6.157,4.4,0,0,,5.239,0
2009-07-27,3008110,대청,72.28,983.329,72.822,215.889,66,67.24,70.35,733.54,0.0334,719.9627,475.6383,678.3241,205.859,0,0,0,0,5.683,4.347,0,0,,2.8266,0
2009-07-26,3008110,대청,72.5,995.69,86.852,237.94,66.8,66.97,70.28,721.569,0.2155,719.9293,475.6002,675.4975,228.444,0,0,0,0,5.626,3.87,0,0,,10.7546,0
2009-07-25,3008110,대청,72.73,1008.744,109.462,235.434,67.7,66.15,70.25,685.907,5.124,719.7138,475.4333,664.7429,225.405,0,0,0,0,6.041,3.988,0,0,,8.4442,0
2009-07-24,3008110,대청,72.92,1019.628,138.415,225.209,68.4,65.38,70.17,653.369,0,714.5898,422.0742,656.2987,214.962,0,0,0,0,6.007,4.24,0,0,,4.1018,0
2009-07-23,3008110,대청,73.05,1027.127,215.852,235.956,68.9,65.16,69.89,644.241,1.071,714.5898,419.023,652.1969,225.139,0,0,0,0,6.214,4.603,0,0,,15.135,0
2009-07-22,3008110,대청,73.08,1028.864,418.889,219.063,69.1,65.12,69.5,642.59,0,713.5188,389.6798,637.0619,208.551,0,0,0,0,6.204,4.308,0,0,,10.6447,0
2009-07-21,3008110,대청,72.78,1011.599,658.352,240.84,67.9,65.07,69.52,640.529,41.0723,713.5188,385.7841,626.4172,230.402,0,0,0,0,6.1,4.338,0,0,,6.1528,0
2009-07-20,3008110,대청,72.14,975.526,170.909,241.823,65.5,64.98,69.53,636.829,4.9053,672.4465,385.426,620.2644,231.079,0,0,0,0,6.505,4.239,0,0,,3.8014,0
2009-07-19,3008110,대청,72.25,981.653,313.325,469.262,65.9,64.76,69.43,627.838,5.5907,667.5412,383.092,616.463,233.461,225.461,0,0,0,6.193,4.147,0,0,,6.4432,0
2009-07-18,3008110,대청,72.49,995.126,614.887,700.049,66.8,64.62,69.3,622.155,0.3427,661.9505,341.2295,610.0198,231.386,457.999,0,0,0,6.25,4.414,0,0,,7.0019,0
2009-07-17,3008110,대청,72.62,1002.484,617.454,350.521,67.3,64.66,68.89,623.776,28.4542,661.6078,341.0164,603.0179,227.693,112.381,0,0,0,6.053,4.394,0,0,,15.8219,0
2009-07-16,3008110,대청,72.21,979.421,625.22,237.141,65.7,64.66,68.25,623.776,15.0734,633.1536,337.035,587.196,226.921,0,0,0,0,6.192,4.028,0,0,,16.05,0
2009-07-15,3008110,대청,71.6,945.891,2573.329,250.227,63.5,64.66,67.94,623.776,45.9437,618.0802,335.8575,571.146,240.532,0,0,0,0,5.718,3.977,0,0,,16.7657,0
2009-07-14,3008110,대청,67.5,745.175,393.274,279.258,50,64.7,67.66,625.399,63.6918,572.1365,326.9959,554.3803,269.024,0,0,0,0,6.077,4.157,0,0,,12.3689,0
2009-07-13,3008110,대청,67.28,735.324,721.111,30.625,49.4,64.75,67.34,627.431,10.4029,508.4447,324.3886,542.0114,20.226,0,0,0,0,6.308,4.091,0,0,,12.888,0
2009-07-12,3008110,대청,65.91,603.494,297.08,29.372,45.4,64.78,66.93,603.494,54.2032,498.0418,316.7392,529.1234,19.997,0,0,0,0,5.59,3.785,0,0,,16.4052,0
2009-07-11,3008110,대청,65.36,652.536,212.077,30.283,43.8,64.82,66.79,580.372,7.1387,443.8386,310.2926,512.7182,20.196,0,0,0,0,6.342,3.745,0,0,,15.9737,0
2009-07-10,3008110,대청,64.98,636.829,609.382,29.683,42.7,64.89,66.6,633.142,0,436.6999,310.2926,496.7445,20.044,0,0,0,0,5.73,3.909,0,0,,9.2931,0
2009-07-09,3008110,대청,63.73,586.743,381.228,29.33,39.4,64.96,66.39,636.008,78.4475,436.6999,310.2926,487.4514,20.226,0,0,0,0,5.488,3.616,0,0,,13.5913,0
2009-07-08,3008110,대청,62.94,556.339,73.493,29.743,37.3,65.02,66.3,638.472,2.6029,358.2524,310.2926,473.8601,19.997,0,0,0,0,5.625,4.121,0,0,,5.0656,0
2009-07-07,3008110,대청,62.84,552.559,56.5,30.343,37.1,65.07,66.16,640.529,42.6239,355.6495,310.2926,468.7945,20.193,0,0,0,0,6.076,4.074,0,0,,9.0043,0
2009-07-06,3008110,대청,62.78,550.299,17.387,30.466,36.9,65.11,65.97,642.177,0.2908,313.0256,310.2926,459.7902,20.069,0,0,0,0,6.112,4.285,0,0,,8.5307,0
2009-07-05,3008110,대청,62.81,551.429,12.55,30.004,37,65.13,65.71,643.002,0.2072,312.7348,310.2926,451.2595,20.071,0,0,0,0,5.833,4.1,0,0,,7.8727,0
2009-07-04,3008110,대청,62.85,552.937,12.637,30.114,37.1,65.13,65.61,643.002,4.5572,312.5276,310.2926,443.3868,20.206,0,0,0,0,5.96,3.948,0,0,,8.5237,0
2009-07-03,3008110,대청,62.89,554.447,16.976,30.113,37.2,65.14,65.51,643.415,1.966,307.9704,308.8633,434.8631,20.27,0,0,0,0,5.578,4.265,0,0,,9.648,0
2009-07-02,3008110,대청,62.92,555.582,21.314,30.076,37.3,65.12,65.39,642.59,5.9153,306.0044,305.8365,425.2151,20.256,0,0,0,0,5.341,4.479,0,0,,8.0338,0
2009-07-01,3008110,대청,62.94,556.339,17.606,30.766,37.3,65.08,65.31,640.941,0,300.0891,304.4713,417.1813,20.176,0,0,0,0,6.111,4.479,0,0,,10.2586,0
2009-06-30,3008110,대청,62.97,557.476,20.723,29.496,37.4,64.98,65.27,636.829,0.9766,300.0891,304.4713,406.9227,19.056,0,0,0,0,5.961,4.479,0,0,,4.5682,0
2009-06-29,3008110,대청,62.99,558.234,39.261,34.874,37.5,64.79,65.18,629.06,17.4414,299.1125,304.4713,402.3545,24.228,0,0,0,0,6.168,4.478,0,0,,8.023,0
2009-06-28,3008110,대청,62.98,557.855,12.567,30.148,37.4,64.53,65.17,618.519,1.005,281.6711,300.5452,394.3315,19.264,0,0,0,0,6.297,4.587,0,0,,6.3311,0
2009-06-27,3008110,대청,63.02,559.374,12.326,29.93,37.5,64.52,65.1,618.115,0,280.6661,258.4479,388.0004,19.481,0,0,0,0,5.972,4.477,0,0,,10.6941,0
2009-06-26,3008110,대청,63.06,560.895,16.828,30.046,37.6,64.59,65.06,620.942,0,280.6661,257.9199,377.3063,19.335,0,0,0,0,6.261,4.45,0,0,,3.3972,0
2009-06-25,3008110,대청,63.09,562.037,25.549,29.959,37.7,64.67,64.88,624.181,0,280.6661,257.8003,373.9091,19.296,0,0,0,0,6.181,4.482,0,0,,10,0
2009-06-24,3008110,대청,63.1,562.418,47.995,30.368,37.8,64.74,64.72,627.024,0,280.6661,257.8003,363.9091,19.29,0,0,0,0,6.446,4.632,0,0,,11.6552,0
2009-06-23,3008110,대청,63.06,560.895,29.789,29.789,37.6,64.78,64.68,628.652,0,280.6661,257.8003,352.2539,19.112,0,0,0,0,6.165,4.512,0,0,,8.6103,0
2009-06-22,3008110,대청,63.06,490.184,25.238,29.52,37.6,64.8,64.71,629.467,17.3484,280.6661,257.8003,343.6436,19.284,0,0,0,0,6.066,4.17,0,0,,5.2155,0
2009-06-21,3008110,대청,63.07,490.554,24.914,29.199,37.7,64.77,64.72,628.245,0.5609,263.3177,257.8003,338.4281,19.23,0,0,0,0,5.833,4.136,0,0,,4.3187,0
2009-06-20,3008110,대청,63.08,490.924,12.36,29.52,37.7,64.73,64.58,626.618,30.8349,262.7568,249.0191,334.1094,19.24,0,0,0,0,6.03,4.25,0,0,,13.8789,0
2009-06-19,3008110,대청,63.12,563.181,7.207,29.313,37.8,64.63,64.57,622.56,0,231.9219,247.866,320.2305,19.177,0,0,0,0,6.03,4.106,0,0,,8.2295,0
2009-06-18,3008110,대청,63.17,565.091,3.349,29.923,37.9,64.55,64.65,619.326,0.0437,231.9219,247.7097,312.001,19.429,0,0,0,0,6.03,4.464,0,0,,4.6095,0
2009-06-17,3008110,대청,63.23,567.387,4.144,26.343,38.1,64.54,64.61,618.922,0.7094,231.8782,195.7793,307.3915,19.385,0,0,0,0,4.943,2.015,0,0,,7.5763,0
2009-06-16,3008110,대청,63.28,569.305,3.194,29.895,38.2,64.62,64.58,622.155,0,231.1688,194.8761,299.8152,19.223,0,0,0,0,5.17,5.502,0,0,,4.7207,0
2009-06-15,3008110,대청,63.34,571.612,5.207,27.51,38.4,64.72,64.68,626.211,0.1306,231.1688,194.8761,295.0945,19.102,0,0,0,0,6.053,2.355,0,0,,0.7217,0
2009-06-14,3008110,대청,63.39,573.539,5.736,28.074,38.5,64.82,64.78,630.283,0.0682,231.0382,194.8761,294.3728,18.849,0,0,0,0,5.579,3.646,0,0,,3.2368,0
2009-06-13,3008110,대청,63.44,575.469,5.117,27.513,38.6,64.9,64.86,633.551,0,230.97,194.8761,291.136,19.308,0,0,0,0,6.065,2.14,0,0,,2.0414,0
2009-06-12,3008110,대청,63.49,577.404,11.844,29.784,38.8,64.99,64.96,637.239,0,230.97,194.8761,289.0946,19.192,0,0,0,0,6.145,4.447,0,0,,1.9414,0
2009-06-11,3008110,대청,63.53,578.954,15.863,29.335,38.9,65.08,65.06,640.941,0.3052,230.97,194.8761,287.1532,19.125,0,0,0,0,5.822,4.388,0,0,,2.3864,0
2009-06-10,3008110,대청,63.56,580.118,9.877,27.875,38.9,65.14,65.1,643.415,8.1117,230.6648,194.8761,284.7668,19.186,0,0,0,0,5.66,3.029,0,0,,5.9832,0
2009-06-09,3008110,대청,63.6,581.673,13.229,31.25,39,65.16,65.16,644.241,3.8216,222.5531,194.8761,278.7836,19.177,0,0,0,0,5.544,6.529,0,0,,2.518,0
2009-06-08,3008110,대청,63.64,583.23,10.094,32.663,39.1,65.19,65.2,645.481,0,218.7315,194.8761,276.2656,19.168,0,0,0,0,5.729,7.766,0,0,,5.1347,0
2009-06-07,3008110,대청,63.69,585.18,12.683,30.773,39.3,65.23,65.28,647.137,0.0334,218.7315,170.3687,271.1309,19.179,0,0,0,0,5.463,6.131,0,0,,5.1149,0
2009-06-06,3008110,대청,63.73,586.743,19.456,33.032,39.4,65.3,65.41,650.041,1.2674,218.6981,170.3687,266.016,19.237,0,0,0,0,5.798,7.997,0,0,,0.7818,0
2009-06-05,3008110,대청,63.76,587.916,10.174,28.311,39.5,65.38,65.48,653.369,0,217.4307,170.1629,265.2342,19.415,0,0,0,0,4.176,4.72,0,0,,2.2373,0
2009-06-04,3008110,대청,63.8,589.483,14.973,28.596,39.6,65.47,65.57,657.124,0,217.4307,162.7803,262.9969,19.212,0,0,0,0,5.305,4.079,0,0,,0.2481,0
2009-06-03,3008110,대청,63.83,590.66,10.862,29.056,39.6,65.56,65.65,660.893,7.9824,217.4307,162.4867,262.7488,19.213,0,0,0,0,5.822,4.021,0,0,,2.0217,0
2009-06-02,3008110,대청,63.87,592.232,14.664,32.882,39.8,65.64,65.74,664.253,0,209.4483,161.8407,260.7271,19.171,0,0,0,0,5.868,7.843,0,0,,4.2958,0
2009-06-01,3008110,대청,63.91,593.806,10.297,33.109,39.9,65.73,65.84,668.045,0,209.4483,161.3624,256.4313,19.331,0,0,0,0,5.775,8.003,0,0,,3.4862,0
2009-05-31,3008110,대청,63.96,595.777,12.875,26.579,40,65.8,65.94,671.003,0,209.4483,161.3624,252.9451,12.543,0,0,0,0,5.671,8.365,0,0,,0.688,0
2009-05-30,3008110,대청,63.99,596.961,17.439,26.583,40.1,65.86,66.01,673.544,0,209.4483,161.3098,252.2571,12.656,0,0,0,0,5.799,8.128,0,0,,2.7661,0
2009-05-29,3008110,대청,64.01,597.751,16.239,25.394,40.1,65.89,66.1,674.817,0,209.4483,161.1938,249.491,12.551,0,0,0,0,6.065,6.778,0,0,,1.2588,0
2009-05-28,3008110,대청,64.03,598.542,20.322,24.905,40.2,65.94,66.2,676.941,0,209.4483,161.0877,248.2322,12.612,0,0,0,0,5.984,6.309,0,0,,1.6829,0
2009-05-27,3008110,대청,64.04,598.938,19.197,23.78,40.2,66,66.29,679.496,0,209.4483,140.0849,246.5493,12.662,0,0,0,0,5.972,5.146,0,0,,0.8621,0
2009-05-26,3008110,대청,64.05,599.334,35.506,26.339,40.2,66.08,66.39,682.911,0.4189,209.4483,140.0849,245.6872,12.468,0,0,0,0,5.729,8.142,0,0,,2.2834,0
2009-05-25,3008110,대청,64.03,598.542,48.913,26.043,40.2,66.16,66.5,686.335,0,209.0294,140.0849,243.4038,12.644,0,0,0,0,5.682,7.717,0,0,,2.1172,0
2009-05-24,3008110,대청,63.98,596.566,69.169,23.556,40,66.22,66.6,688.91,0,209.0294,140.0849,241.2866,12.545,0,0,0,0,5.324,5.687,0,0,,2.131,0
2009-05-23,3008110,대청,63.88,592.625,110.848,24.679,39.8,66.28,66.69,691.491,0,209.0294,140.0849,239.1556,12.606,0,0,0,0,5.324,6.749,0,0,,0.6899,0
2009-05-22,3008110,대청,63.69,585.18,175.156,22.575,39.3,66.35,66.78,694.509,0.1396,209.0294,139.9774,238.4657,12.577,0,0,0,0,5.683,4.315,0,0,,1.8841,0
2009-05-21,3008110,대청,63.35,571.997,66.447,21.968,38.4,66.42,66.86,697.534,45.0543,208.8898,139.9774,236.5816,12.535,0,0,0,0,5.66,3.773,0,0,,2.8364,0
2009-05-20,3008110,대청,63.25,568.154,25.386,25.386,38.1,66.47,66.94,699.7,0.4759,163.8355,139.9774,233.7452,12.575,0,0,0,0,5.81,7.001,0,0,,1.4509,0
2009-05-19,3008110,대청,63.25,568.154,34.489,25.612,38.1,66.51,67.03,701.435,0,163.3596,139.9774,232.2943,12.485,0,0,0,0,5.845,7.282,0,0,,2.2747,0
2009-05-18,3008110,대청,63.23,567.387,18.549,22.985,38.1,66.53,67.12,702.304,0,163.3596,134.4124,230.0196,12.504,0,0,0,0,4.026,6.456,0,0,,3.0989,0
2009-05-17,3008110,대청,63.24,567.771,22.477,22.477,38.1,66.57,67.19,704.043,4.7404,163.3596,103.0454,226.9207,12.541,0,0,0,0,3.043,6.892,0,0,,2.2117,0
2009-05-16,3008110,대청,63.24,567.771,31.761,22.89,38.1,66.63,67.25,706.656,35.3198,158.6192,103.0454,224.709,12.508,0,0,0,0,4.054,6.329,0,0,,3.3834,0
2009-05-15,3008110,대청,63.22,567.004,4.251,26.442,38.1,66.71,67.26,710.149,0.8836,123.2994,103.0454,221.3256,12.586,0,0,0,0,5.856,8,0,0,,1.0546,0
2009-05-14,3008110,대청,63.27,568.9214,4.246,26.482,38.2,66.79,67.24,713.652,0,122.4158,103.0454,220.271,12.315,0,0,0,0,6.053,8.114,0,0,,2.2773,0
2009-05-13,3008110,대청,63.32,570.843,6.931,24.752,38.3,66.88,67.24,717.604,0,122.4158,102.8046,217.9937,12.466,0,0,0,0,5.752,6.534,0,0,,9.3053,0
2009-05-12,3008110,대청,63.36,572.382,11.067,24.452,38.4,66.97,67.28,721.569,9.7789,122.4158,96.9503,208.6884,12.694,0,0,0,0,5.602,6.157,0,0,,2.1958,0
2009-05-11,3008110,대청,63.39,573.539,6.772,24.643,38.5,67.05,67.32,725.105,0,112.6369,96.9503,206.4926,12.414,0,0,0,0,5.718,6.512,0,0,,3.8897,0
2009-05-10,3008110,대청,63.43,575.083,3.682,26.066,38.6,67.12,67.36,728.206,0,112.6369,96.9503,202.6029,12.556,0,0,0,0,6.065,7.445,0,0,,2.1586,0
2009-05-09,3008110,대청,63.48,577.017,3.301,25.725,38.7,67.19,67.39,731.315,0,112.6369,96.9503,200.4443,12.445,0,0,0,0,6.065,7.216,0,0,,2.0793,0
2009-05-08,3008110,대청,63.53,578.954,6.9,29.369,38.9,67.27,67.37,734.878,0,112.6369,96.9503,198.365,16.357,0,0,0,0,6.065,6.948,0,0,,1.2103,0
2009-05-07,3008110,대청,63.58,580.8953,6.754,29.269,39,67.36,67.31,738.897,0,112.6369,96.9503,197.1547,16.29,0,0,0,0,5.346,7.634,0,0,,8.3586,0
