lead_time,model_name,threshold,accuracy,precision,recall,f1,roc_auc,pr_auc,balanced_accuracy,tn,fp,fn,tp
T+1,RandomForest,0.05,0.9452054794520548,0.8209876543209876,0.9925373134328358,0.8986486486486487,0.998998357667527,0.9977744390482021,0.9612021512750636,769,58,2,266
T+1,RandomForest,0.06,0.9643835616438357,0.8778877887788779,0.9925373134328358,0.9316987740805605,0.998998357667527,0.9977744390482021,0.9738986446245195,790,37,2,266
T+1,RandomForest,0.07,0.9735159817351599,0.9078498293515358,0.9925373134328358,0.948306595365419,0.998998357667527,0.9977744390482021,0.979944593838546,800,27,2,266
T+1,RandomForest,0.08,0.9771689497716894,0.9204152249134948,0.9925373134328358,0.9551166965888689,0.998998357667527,0.9977744390482021,0.9823629735241567,804,23,2,266
T+1,RandomForest,0.09,0.9789954337899544,0.926829268292683,0.9925373134328358,0.9585585585585585,0.998998357667527,0.9977744390482021,0.9835721633669621,806,21,2,266
T+1,RandomForest,0.1,0.9789954337899544,0.926829268292683,0.9925373134328358,0.9585585585585585,0.998998357667527,0.9977744390482021,0.9835721633669621,806,21,2,266
T+1,RandomForest,0.11,0.9799086757990868,0.9300699300699301,0.9925373134328358,0.9602888086642599,0.998998357667527,0.9977744390482021,0.9841767582883647,807,20,2,266
T+1,RandomForest,0.12,0.9835616438356164,0.9432624113475178,0.9925373134328358,0.9672727272727273,0.998998357667527,0.9977744390482021,0.9865951379739754,811,16,2,266
T+1,RandomForest,0.13,0.9844748858447488,0.9466192170818505,0.9925373134328358,0.9690346083788707,0.998998357667527,0.9977744390482021,0.987199732895378,812,15,2,266
T+1,RandomForest,0.14,0.9872146118721461,0.9568345323741008,0.9925373134328358,0.9743589743589743,0.998998357667527,0.9977744390482021,0.989013517659586,815,12,2,266
T+1,RandomForest,0.15,0.989041095890411,0.9637681159420289,0.9925373134328358,0.9779411764705882,0.998998357667527,0.9977744390482021,0.9902227075023913,817,10,2,266
T+1,RandomForest,0.16,0.9899543378995433,0.9672727272727273,0.9925373134328358,0.9797421731123389,0.998998357667527,0.9977744390482021,0.9908273024237939,818,9,2,266
T+1,RandomForest,0.17,0.9908675799086758,0.9708029197080292,0.9925373134328358,0.981549815498155,0.998998357667527,0.9977744390482021,0.9914318973451965,819,8,2,266
T+1,RandomForest,0.18,0.9917808219178083,0.9743589743589743,0.9925373134328358,0.9833641404805915,0.998998357667527,0.9977744390482021,0.9920364922665993,820,7,2,266
T+1,RandomForest,0.19,0.9917808219178083,0.9743589743589743,0.9925373134328358,0.9833641404805915,0.998998357667527,0.9977744390482021,0.9920364922665993,820,7,2,266
T+1,RandomForest,0.2,0.9926940639269406,0.9779411764705882,0.9925373134328358,0.9851851851851852,0.998998357667527,0.9977744390482021,0.9926410871880019,821,6,2,266
T+1,RandomForest,0.21,0.9926940639269406,0.9779411764705882,0.9925373134328358,0.9851851851851852,0.998998357667527,0.9977744390482021,0.9926410871880019,821,6,2,266
T+1,RandomForest,0.22,0.993607305936073,0.981549815498155,0.9925373134328358,0.987012987012987,0.998998357667527,0.9977744390482021,0.9932456821094047,822,5,2,266
T+1,RandomForest,0.23,0.993607305936073,0.981549815498155,0.9925373134328358,0.987012987012987,0.998998357667527,0.9977744390482021,0.9932456821094047,822,5,2,266
T+1,RandomForest,0.24,0.993607305936073,0.981549815498155,0.9925373134328358,0.987012987012987,0.998998357667527,0.9977744390482021,0.9932456821094047,822,5,2,266
T+1,RandomForest,0.25,0.993607305936073,0.981549815498155,0.9925373134328358,0.987012987012987,0.998998357667527,0.9977744390482021,0.9932456821094047,822,5,2,266
T+1,RandomForest,0.26,0.993607305936073,0.981549815498155,0.9925373134328358,0.987012987012987,0.998998357667527,0.9977744390482021,0.9932456821094047,822,5,2,266
T+1,RandomForest,0.27,0.9945205479452055,0.9851851851851852,0.9925373134328358,0.9888475836431226,0.998998357667527,0.9977744390482021,0.9938502770308073,823,4,2,266
T+1,RandomForest,0.28,0.9945205479452055,0.9851851851851852,0.9925373134328358,0.9888475836431226,0.998998357667527,0.9977744390482021,0.9938502770308073,823,4,2,266
T+1,RandomForest,0.29,0.9945205479452055,0.9851851851851852,0.9925373134328358,0.9888475836431226,0.998998357667527,0.9977744390482021,0.9938502770308073,823,4,2,266
T+1,RandomForest,0.3,0.9945205479452055,0.9851851851851852,0.9925373134328358,0.9888475836431226,0.998998357667527,0.9977744390482021,0.9938502770308073,823,4,2,266
T+1,RandomForest,0.31,0.9945205479452055,0.9851851851851852,0.9925373134328358,0.9888475836431226,0.998998357667527,0.9977744390482021,0.9938502770308073,823,4,2,266
T+1,RandomForest,0.32,0.9945205479452055,0.9851851851851852,0.9925373134328358,0.9888475836431226,0.998998357667527,0.9977744390482021,0.9938502770308073,823,4,2,266
T+1,RandomForest,0.33,0.9945205479452055,0.9851851851851852,0.9925373134328358,0.9888475836431226,0.998998357667527,0.9977744390482021,0.9938502770308073,823,4,2,266
T+1,RandomForest,0.34,0.9954337899543378,0.9888475836431226,0.9925373134328358,0.9906890130353817,0.998998357667527,0.9977744390482021,0.9944548719522099,824,3,2,266
T+1,RandomForest,0.35,0.9954337899543378,0.9888475836431226,0.9925373134328358,0.9906890130353817,0.998998357667527,0.9977744390482021,0.9944548719522099,824,3,2,266
T+1,RandomForest,0.36,0.9954337899543378,0.9888475836431226,0.9925373134328358,0.9906890130353817,0.998998357667527,0.9977744390482021,0.9944548719522099,824,3,2,266
T+1,RandomForest,0.37,0.9954337899543378,0.9888475836431226,0.9925373134328358,0.9906890130353817,0.998998357667527,0.9977744390482021,0.9944548719522099,824,3,2,266
T+1,RandomForest,0.38,0.9954337899543378,0.9888475836431226,0.9925373134328358,0.9906890130353817,0.998998357667527,0.9977744390482021,0.9944548719522099,824,3,2,266
T+1,RandomForest,0.39,0.9954337899543378,0.9888475836431226,0.9925373134328358,0.9906890130353817,0.998998357667527,0.9977744390482021,0.9944548719522099,824,3,2,266
T+1,RandomForest,0.4,0.9954337899543378,0.9888475836431226,0.9925373134328358,0.9906890130353817,0.998998357667527,0.9977744390482021,0.9944548719522099,824,3,2,266
T+1,RandomForest,0.41,0.9954337899543378,0.9888475836431226,0.9925373134328358,0.9906890130353817,0.998998357667527,0.9977744390482021,0.9944548719522099,824,3,2,266
T+1,RandomForest,0.42,0.9945205479452055,0.9888059701492538,0.9888059701492538,0.9888059701492538,0.998998357667527,0.9977744390482021,0.9925892003104189,824,3,3,265
T+1,RandomForest,0.43,0.9945205479452055,0.9888059701492538,0.9888059701492538,0.9888059701492538,0.998998357667527,0.9977744390482021,0.9925892003104189,824,3,3,265
T+1,RandomForest,0.44,0.9945205479452055,0.9888059701492538,0.9888059701492538,0.9888059701492538,0.998998357667527,0.9977744390482021,0.9925892003104189,824,3,3,265
T+1,RandomForest,0.45,0.9945205479452055,0.9888059701492538,0.9888059701492538,0.9888059701492538,0.998998357667527,0.9977744390482021,0.9925892003104189,824,3,3,265
T+1,RandomForest,0.46,0.9945205479452055,0.9888059701492538,0.9888059701492538,0.9888059701492538,0.998998357667527,0.9977744390482021,0.9925892003104189,824,3,3,265
T+1,RandomForest,0.47,0.9945205479452055,0.9888059701492538,0.9888059701492538,0.9888059701492538,0.998998357667527,0.9977744390482021,0.9925892003104189,824,3,3,265
T+1,RandomForest,0.48,0.9945205479452055,0.9888059701492538,0.9888059701492538,0.9888059701492538,0.998998357667527,0.9977744390482021,0.9925892003104189,824,3,3,265
T+1,RandomForest,0.49,0.9945205479452055,0.9888059701492538,0.9888059701492538,0.9888059701492538,0.998998357667527,0.9977744390482021,0.9925892003104189,824,3,3,265
T+1,RandomForest,0.5,0.9945205479452055,0.9888059701492538,0.9888059701492538,0.9888059701492538,0.998998357667527,0.9977744390482021,0.9925892003104189,824,3,3,265
T+1,RandomForest,0.51,0.9945205479452055,0.9888059701492538,0.9888059701492538,0.9888059701492538,0.998998357667527,0.9977744390482021,0.9925892003104189,824,3,3,265
T+1,RandomForest,0.52,0.9945205479452055,0.9888059701492538,0.9888059701492538,0.9888059701492538,0.998998357667527,0.9977744390482021,0.9925892003104189,824,3,3,265
T+1,RandomForest,0.53,0.9945205479452055,0.9962121212121212,0.9813432835820896,0.9887218045112782,0.998998357667527,0.9977744390482021,0.9900670468696422,826,1,5,263
T+1,RandomForest,0.54,0.9945205479452055,0.9962121212121212,0.9813432835820896,0.9887218045112782,0.998998357667527,0.9977744390482021,0.9900670468696422,826,1,5,263
T+1,RandomForest,0.55,0.9945205479452055,0.9962121212121212,0.9813432835820896,0.9887218045112782,0.998998357667527,0.9977744390482021,0.9900670468696422,826,1,5,263
T+1,RandomForest,0.56,0.9945205479452055,0.9962121212121212,0.9813432835820896,0.9887218045112782,0.998998357667527,0.9977744390482021,0.9900670468696422,826,1,5,263
T+1,RandomForest,0.57,0.9945205479452055,0.9962121212121212,0.9813432835820896,0.9887218045112782,0.998998357667527,0.9977744390482021,0.9900670468696422,826,1,5,263
T+1,RandomForest,0.58,0.9945205479452055,0.9962121212121212,0.9813432835820896,0.9887218045112782,0.998998357667527,0.9977744390482021,0.9900670468696422,826,1,5,263
T+1,RandomForest,0.59,0.9945205479452055,0.9962121212121212,0.9813432835820896,0.9887218045112782,0.998998357667527,0.9977744390482021,0.9900670468696422,826,1,5,263
T+1,RandomForest,0.6,0.9945205479452055,0.9962121212121212,0.9813432835820896,0.9887218045112782,0.998998357667527,0.9977744390482021,0.9900670468696422,826,1,5,263
T+1,RandomForest,0.61,0.9945205479452055,0.9962121212121212,0.9813432835820896,0.9887218045112782,0.998998357667527,0.9977744390482021,0.9900670468696422,826,1,5,263
T+1,RandomForest,0.62,0.9945205479452055,0.9962121212121212,0.9813432835820896,0.9887218045112782,0.998998357667527,0.9977744390482021,0.9900670468696422,826,1,5,263
T+1,RandomForest,0.63,0.9945205479452055,0.9962121212121212,0.9813432835820896,0.9887218045112782,0.998998357667527,0.9977744390482021,0.9900670468696422,826,1,5,263
T+1,RandomForest,0.64,0.9945205479452055,0.9962121212121212,0.9813432835820896,0.9887218045112782,0.998998357667527,0.9977744390482021,0.9900670468696422,826,1,5,263
T+1,RandomForest,0.65,0.9945205479452055,0.9962121212121212,0.9813432835820896,0.9887218045112782,0.998998357667527,0.9977744390482021,0.9900670468696422,826,1,5,263
T+1,RandomForest,0.66,0.9945205479452055,0.9962121212121212,0.9813432835820896,0.9887218045112782,0.998998357667527,0.9977744390482021,0.9900670468696422,826,1,5,263
T+1,RandomForest,0.67,0.9945205479452055,0.9962121212121212,0.9813432835820896,0.9887218045112782,0.998998357667527,0.9977744390482021,0.9900670468696422,826,1,5,263
T+1,RandomForest,0.68,0.9945205479452055,0.9962121212121212,0.9813432835820896,0.9887218045112782,0.998998357667527,0.9977744390482021,0.9900670468696422,826,1,5,263
T+1,RandomForest,0.69,0.9945205479452055,0.9962121212121212,0.9813432835820896,0.9887218045112782,0.998998357667527,0.9977744390482021,0.9900670468696422,826,1,5,263
T+1,RandomForest,0.7,0.9945205479452055,0.9962121212121212,0.9813432835820896,0.9887218045112782,0.998998357667527,0.9977744390482021,0.9900670468696422,826,1,5,263
T+1,RandomForest,0.71,0.9945205479452055,0.9962121212121212,0.9813432835820896,0.9887218045112782,0.998998357667527,0.9977744390482021,0.9900670468696422,826,1,5,263
T+1,RandomForest,0.72,0.993607305936073,0.9961977186311787,0.9776119402985075,0.9868173258003766,0.998998357667527,0.9977744390482021,0.9882013752278511,826,1,6,262
T+1,RandomForest,0.73,0.993607305936073,0.9961977186311787,0.9776119402985075,0.9868173258003766,0.998998357667527,0.9977744390482021,0.9882013752278511,826,1,6,262
T+1,RandomForest,0.74,0.993607305936073,0.9961977186311787,0.9776119402985075,0.9868173258003766,0.998998357667527,0.9977744390482021,0.9882013752278511,826,1,6,262
T+1,RandomForest,0.75,0.993607305936073,0.9961977186311787,0.9776119402985075,0.9868173258003766,0.998998357667527,0.9977744390482021,0.9882013752278511,826,1,6,262
T+1,RandomForest,0.76,0.9945205479452055,1.0,0.9776119402985075,0.9886792452830189,0.998998357667527,0.9977744390482021,0.9888059701492538,827,0,6,262
T+1,RandomForest,0.77,0.9945205479452055,1.0,0.9776119402985075,0.9886792452830189,0.998998357667527,0.9977744390482021,0.9888059701492538,827,0,6,262
T+1,RandomForest,0.78,0.9945205479452055,1.0,0.9776119402985075,0.9886792452830189,0.998998357667527,0.9977744390482021,0.9888059701492538,827,0,6,262
T+1,RandomForest,0.79,0.9945205479452055,1.0,0.9776119402985075,0.9886792452830189,0.998998357667527,0.9977744390482021,0.9888059701492538,827,0,6,262
T+1,RandomForest,0.8,0.9945205479452055,1.0,0.9776119402985075,0.9886792452830189,0.998998357667527,0.9977744390482021,0.9888059701492538,827,0,6,262
T+1,RandomForest,0.81,0.993607305936073,1.0,0.9738805970149254,0.9867674858223062,0.998998357667527,0.9977744390482021,0.9869402985074627,827,0,7,261
T+1,RandomForest,0.82,0.993607305936073,1.0,0.9738805970149254,0.9867674858223062,0.998998357667527,0.9977744390482021,0.9869402985074627,827,0,7,261
T+1,RandomForest,0.83,0.9926940639269406,1.0,0.9701492537313433,0.9848484848484849,0.998998357667527,0.9977744390482021,0.9850746268656716,827,0,8,260
T+1,RandomForest,0.84,0.9926940639269406,1.0,0.9701492537313433,0.9848484848484849,0.998998357667527,0.9977744390482021,0.9850746268656716,827,0,8,260
T+1,RandomForest,0.85,0.9917808219178083,1.0,0.9664179104477612,0.9829222011385199,0.998998357667527,0.9977744390482021,0.9832089552238805,827,0,9,259
T+1,RandomForest,0.86,0.9863013698630136,1.0,0.9440298507462687,0.9712092130518234,0.998998357667527,0.9977744390482021,0.9720149253731343,827,0,15,253
T+1,RandomForest,0.87,0.9817351598173516,1.0,0.9253731343283582,0.9612403100775194,0.998998357667527,0.9977744390482021,0.9626865671641791,827,0,20,248
T+1,RandomForest,0.88,0.9799086757990868,1.0,0.917910447761194,0.9571984435797666,0.998998357667527,0.9977744390482021,0.958955223880597,827,0,22,246
T+1,RandomForest,0.89,0.9771689497716894,1.0,0.9067164179104478,0.9510763209393346,0.998998357667527,0.9977744390482021,0.9533582089552239,827,0,25,243
T+1,RandomForest,0.9,0.9762557077625571,1.0,0.9029850746268657,0.9490196078431372,0.998998357667527,0.9977744390482021,0.9514925373134329,827,0,26,242
T+1,RandomForest,0.91,0.9744292237442922,1.0,0.8955223880597015,0.9448818897637795,0.998998357667527,0.9977744390482021,0.9477611940298507,827,0,28,240
T+1,RandomForest,0.92,0.9643835616438357,1.0,0.8544776119402985,0.9215291750503019,0.998998357667527,0.9977744390482021,0.9272388059701493,827,0,39,229
T+1,RandomForest,0.93,0.9497716894977168,1.0,0.7947761194029851,0.8856548856548857,0.998998357667527,0.9977744390482021,0.8973880597014925,827,0,55,213
T+1,RandomForest,0.94,0.9360730593607306,1.0,0.7388059701492538,0.8497854077253219,0.998998357667527,0.9977744390482021,0.8694029850746269,827,0,70,198
T+1,RandomForest,0.95,0.9287671232876712,1.0,0.7089552238805971,0.8296943231441049,0.998998357667527,0.9977744390482021,0.8544776119402986,827,0,78,190
T+1,XGBoost,0.05,0.9945205479452055,0.9851851851851852,0.9925373134328358,0.9888475836431226,0.9991066433250916,0.9979781644281557,0.9938502770308073,823,4,2,266
T+1,XGBoost,0.06,0.9945205479452055,0.9851851851851852,0.9925373134328358,0.9888475836431226,0.9991066433250916,0.9979781644281557,0.9938502770308073,823,4,2,266
T+1,XGBoost,0.07,0.9954337899543378,0.9888475836431226,0.9925373134328358,0.9906890130353817,0.9991066433250916,0.9979781644281557,0.9944548719522099,824,3,2,266
T+1,XGBoost,0.08,0.9954337899543378,0.9888475836431226,0.9925373134328358,0.9906890130353817,0.9991066433250916,0.9979781644281557,0.9944548719522099,824,3,2,266
T+1,XGBoost,0.09,0.9954337899543378,0.9888475836431226,0.9925373134328358,0.9906890130353817,0.9991066433250916,0.9979781644281557,0.9944548719522099,824,3,2,266
T+1,XGBoost,0.1,0.9954337899543378,0.9888475836431226,0.9925373134328358,0.9906890130353817,0.9991066433250916,0.9979781644281557,0.9944548719522099,824,3,2,266
T+1,XGBoost,0.11,0.9954337899543378,0.9888475836431226,0.9925373134328358,0.9906890130353817,0.9991066433250916,0.9979781644281557,0.9944548719522099,824,3,2,266
T+1,XGBoost,0.12,0.9954337899543378,0.9888475836431226,0.9925373134328358,0.9906890130353817,0.9991066433250916,0.9979781644281557,0.9944548719522099,824,3,2,266
T+1,XGBoost,0.13,0.9954337899543378,0.9888475836431226,0.9925373134328358,0.9906890130353817,0.9991066433250916,0.9979781644281557,0.9944548719522099,824,3,2,266
T+1,XGBoost,0.14,0.9963470319634703,0.9925373134328358,0.9925373134328358,0.9925373134328358,0.9991066433250916,0.9979781644281557,0.9950594668736126,825,2,2,266
T+1,XGBoost,0.15,0.9963470319634703,0.9925373134328358,0.9925373134328358,0.9925373134328358,0.9991066433250916,0.9979781644281557,0.9950594668736126,825,2,2,266
T+1,XGBoost,0.16,0.9963470319634703,0.9925373134328358,0.9925373134328358,0.9925373134328358,0.9991066433250916,0.9979781644281557,0.9950594668736126,825,2,2,266
T+1,XGBoost,0.17,0.9963470319634703,0.9925373134328358,0.9925373134328358,0.9925373134328358,0.9991066433250916,0.9979781644281557,0.9950594668736126,825,2,2,266
T+1,XGBoost,0.18,0.9963470319634703,0.9925373134328358,0.9925373134328358,0.9925373134328358,0.9991066433250916,0.9979781644281557,0.9950594668736126,825,2,2,266
T+1,XGBoost,0.19,0.9963470319634703,0.9925373134328358,0.9925373134328358,0.9925373134328358,0.9991066433250916,0.9979781644281557,0.9950594668736126,825,2,2,266
T+1,XGBoost,0.2,0.9963470319634703,0.9925373134328358,0.9925373134328358,0.9925373134328358,0.9991066433250916,0.9979781644281557,0.9950594668736126,825,2,2,266
T+1,XGBoost,0.21,0.9963470319634703,0.9925373134328358,0.9925373134328358,0.9925373134328358,0.9991066433250916,0.9979781644281557,0.9950594668736126,825,2,2,266
T+1,XGBoost,0.22,0.9963470319634703,0.9925373134328358,0.9925373134328358,0.9925373134328358,0.9991066433250916,0.9979781644281557,0.9950594668736126,825,2,2,266
T+1,XGBoost,0.23,0.9963470319634703,0.9925373134328358,0.9925373134328358,0.9925373134328358,0.9991066433250916,0.9979781644281557,0.9950594668736126,825,2,2,266
T+1,XGBoost,0.24,0.9963470319634703,0.9925373134328358,0.9925373134328358,0.9925373134328358,0.9991066433250916,0.9979781644281557,0.9950594668736126,825,2,2,266
T+1,XGBoost,0.25,0.9963470319634703,0.9925373134328358,0.9925373134328358,0.9925373134328358,0.9991066433250916,0.9979781644281557,0.9950594668736126,825,2,2,266
T+1,XGBoost,0.26,0.9963470319634703,0.9925373134328358,0.9925373134328358,0.9925373134328358,0.9991066433250916,0.9979781644281557,0.9950594668736126,825,2,2,266
T+1,XGBoost,0.27,0.9963470319634703,0.9925373134328358,0.9925373134328358,0.9925373134328358,0.9991066433250916,0.9979781644281557,0.9950594668736126,825,2,2,266
T+1,XGBoost,0.28,0.9963470319634703,0.9925373134328358,0.9925373134328358,0.9925373134328358,0.9991066433250916,0.9979781644281557,0.9950594668736126,825,2,2,266
T+1,XGBoost,0.29,0.9963470319634703,0.9925373134328358,0.9925373134328358,0.9925373134328358,0.9991066433250916,0.9979781644281557,0.9950594668736126,825,2,2,266
T+1,XGBoost,0.3,0.9963470319634703,0.9925373134328358,0.9925373134328358,0.9925373134328358,0.9991066433250916,0.9979781644281557,0.9950594668736126,825,2,2,266
T+1,XGBoost,0.31,0.9963470319634703,0.9925373134328358,0.9925373134328358,0.9925373134328358,0.9991066433250916,0.9979781644281557,0.9950594668736126,825,2,2,266
T+1,XGBoost,0.32,0.9963470319634703,0.9925373134328358,0.9925373134328358,0.9925373134328358,0.9991066433250916,0.9979781644281557,0.9950594668736126,825,2,2,266
T+1,XGBoost,0.33,0.9963470319634703,0.9925373134328358,0.9925373134328358,0.9925373134328358,0.9991066433250916,0.9979781644281557,0.9950594668736126,825,2,2,266
T+1,XGBoost,0.34,0.9963470319634703,0.9925373134328358,0.9925373134328358,0.9925373134328358,0.9991066433250916,0.9979781644281557,0.9950594668736126,825,2,2,266
T+1,XGBoost,0.35,0.9963470319634703,0.9925373134328358,0.9925373134328358,0.9925373134328358,0.9991066433250916,0.9979781644281557,0.9950594668736126,825,2,2,266
T+1,XGBoost,0.36,0.9963470319634703,0.9925373134328358,0.9925373134328358,0.9925373134328358,0.9991066433250916,0.9979781644281557,0.9950594668736126,825,2,2,266
T+1,XGBoost,0.37,0.9963470319634703,0.9925373134328358,0.9925373134328358,0.9925373134328358,0.9991066433250916,0.9979781644281557,0.9950594668736126,825,2,2,266
T+1,XGBoost,0.38,0.9963470319634703,0.9925373134328358,0.9925373134328358,0.9925373134328358,0.9991066433250916,0.9979781644281557,0.9950594668736126,825,2,2,266
T+1,XGBoost,0.39,0.9963470319634703,0.9925373134328358,0.9925373134328358,0.9925373134328358,0.9991066433250916,0.9979781644281557,0.9950594668736126,825,2,2,266
T+1,XGBoost,0.4,0.9963470319634703,0.9925373134328358,0.9925373134328358,0.9925373134328358,0.9991066433250916,0.9979781644281557,0.9950594668736126,825,2,2,266
T+1,XGBoost,0.41,0.9963470319634703,0.9925373134328358,0.9925373134328358,0.9925373134328358,0.9991066433250916,0.9979781644281557,0.9950594668736126,825,2,2,266
T+1,XGBoost,0.42,0.9963470319634703,0.9925373134328358,0.9925373134328358,0.9925373134328358,0.9991066433250916,0.9979781644281557,0.9950594668736126,825,2,2,266
T+1,XGBoost,0.43,0.9963470319634703,0.9925373134328358,0.9925373134328358,0.9925373134328358,0.9991066433250916,0.9979781644281557,0.9950594668736126,825,2,2,266
T+1,XGBoost,0.44,0.9963470319634703,0.9925373134328358,0.9925373134328358,0.9925373134328358,0.9991066433250916,0.9979781644281557,0.9950594668736126,825,2,2,266
T+1,XGBoost,0.45,0.9963470319634703,0.9925373134328358,0.9925373134328358,0.9925373134328358,0.9991066433250916,0.9979781644281557,0.9950594668736126,825,2,2,266
T+1,XGBoost,0.46,0.9963470319634703,0.9925373134328358,0.9925373134328358,0.9925373134328358,0.9991066433250916,0.9979781644281557,0.9950594668736126,825,2,2,266
T+1,XGBoost,0.47,0.9963470319634703,0.9925373134328358,0.9925373134328358,0.9925373134328358,0.9991066433250916,0.9979781644281557,0.9950594668736126,825,2,2,266
T+1,XGBoost,0.48,0.9963470319634703,0.9925373134328358,0.9925373134328358,0.9925373134328358,0.9991066433250916,0.9979781644281557,0.9950594668736126,825,2,2,266
T+1,XGBoost,0.49,0.9972602739726028,0.9962546816479401,0.9925373134328358,0.994392523364486,0.9991066433250916,0.9979781644281557,0.9956640617950152,826,1,2,266
T+1,XGBoost,0.5,0.9972602739726028,0.9962546816479401,0.9925373134328358,0.994392523364486,0.9991066433250916,0.9979781644281557,0.9956640617950152,826,1,2,266
T+1,XGBoost,0.51,0.9972602739726028,0.9962546816479401,0.9925373134328358,0.994392523364486,0.9991066433250916,0.9979781644281557,0.9956640617950152,826,1,2,266
T+1,XGBoost,0.52,0.9972602739726028,0.9962546816479401,0.9925373134328358,0.994392523364486,0.9991066433250916,0.9979781644281557,0.9956640617950152,826,1,2,266
T+1,XGBoost,0.53,0.9972602739726028,0.9962546816479401,0.9925373134328358,0.994392523364486,0.9991066433250916,0.9979781644281557,0.9956640617950152,826,1,2,266
T+1,XGBoost,0.54,0.9972602739726028,0.9962546816479401,0.9925373134328358,0.994392523364486,0.9991066433250916,0.9979781644281557,0.9956640617950152,826,1,2,266
T+1,XGBoost,0.55,0.9972602739726028,0.9962546816479401,0.9925373134328358,0.994392523364486,0.9991066433250916,0.9979781644281557,0.9956640617950152,826,1,2,266
T+1,XGBoost,0.56,0.9972602739726028,0.9962546816479401,0.9925373134328358,0.994392523364486,0.9991066433250916,0.9979781644281557,0.9956640617950152,826,1,2,266
T+1,XGBoost,0.57,0.9972602739726028,0.9962546816479401,0.9925373134328358,0.994392523364486,0.9991066433250916,0.9979781644281557,0.9956640617950152,826,1,2,266
T+1,XGBoost,0.58,0.9972602739726028,0.9962546816479401,0.9925373134328358,0.994392523364486,0.9991066433250916,0.9979781644281557,0.9956640617950152,826,1,2,266
T+1,XGBoost,0.59,0.9972602739726028,0.9962546816479401,0.9925373134328358,0.994392523364486,0.9991066433250916,0.9979781644281557,0.9956640617950152,826,1,2,266
T+1,XGBoost,0.6,0.9972602739726028,0.9962546816479401,0.9925373134328358,0.994392523364486,0.9991066433250916,0.9979781644281557,0.9956640617950152,826,1,2,266
T+1,XGBoost,0.61,0.9972602739726028,0.9962546816479401,0.9925373134328358,0.994392523364486,0.9991066433250916,0.9979781644281557,0.9956640617950152,826,1,2,266
T+1,XGBoost,0.62,0.9972602739726028,0.9962546816479401,0.9925373134328358,0.994392523364486,0.9991066433250916,0.9979781644281557,0.9956640617950152,826,1,2,266
T+1,XGBoost,0.63,0.9972602739726028,0.9962546816479401,0.9925373134328358,0.994392523364486,0.9991066433250916,0.9979781644281557,0.9956640617950152,826,1,2,266
T+1,XGBoost,0.64,0.9972602739726028,0.9962546816479401,0.9925373134328358,0.994392523364486,0.9991066433250916,0.9979781644281557,0.9956640617950152,826,1,2,266
T+1,XGBoost,0.65,0.9972602739726028,0.9962546816479401,0.9925373134328358,0.994392523364486,0.9991066433250916,0.9979781644281557,0.9956640617950152,826,1,2,266
T+1,XGBoost,0.66,0.9972602739726028,0.9962546816479401,0.9925373134328358,0.994392523364486,0.9991066433250916,0.9979781644281557,0.9956640617950152,826,1,2,266
T+1,XGBoost,0.67,0.9972602739726028,0.9962546816479401,0.9925373134328358,0.994392523364486,0.9991066433250916,0.9979781644281557,0.9956640617950152,826,1,2,266
T+1,XGBoost,0.68,0.9972602739726028,0.9962546816479401,0.9925373134328358,0.994392523364486,0.9991066433250916,0.9979781644281557,0.9956640617950152,826,1,2,266
T+1,XGBoost,0.69,0.9972602739726028,0.9962546816479401,0.9925373134328358,0.994392523364486,0.9991066433250916,0.9979781644281557,0.9956640617950152,826,1,2,266
T+1,XGBoost,0.7,0.9972602739726028,0.9962546816479401,0.9925373134328358,0.994392523364486,0.9991066433250916,0.9979781644281557,0.9956640617950152,826,1,2,266
T+1,XGBoost,0.71,0.9972602739726028,0.9962546816479401,0.9925373134328358,0.994392523364486,0.9991066433250916,0.9979781644281557,0.9956640617950152,826,1,2,266
T+1,XGBoost,0.72,0.9972602739726028,0.9962546816479401,0.9925373134328358,0.994392523364486,0.9991066433250916,0.9979781644281557,0.9956640617950152,826,1,2,266
T+1,XGBoost,0.73,0.9972602739726028,0.9962546816479401,0.9925373134328358,0.994392523364486,0.9991066433250916,0.9979781644281557,0.9956640617950152,826,1,2,266
T+1,XGBoost,0.74,0.9972602739726028,0.9962546816479401,0.9925373134328358,0.994392523364486,0.9991066433250916,0.9979781644281557,0.9956640617950152,826,1,2,266
T+1,XGBoost,0.75,0.9972602739726028,0.9962546816479401,0.9925373134328358,0.994392523364486,0.9991066433250916,0.9979781644281557,0.9956640617950152,826,1,2,266
T+1,XGBoost,0.76,0.9972602739726028,0.9962546816479401,0.9925373134328358,0.994392523364486,0.9991066433250916,0.9979781644281557,0.9956640617950152,826,1,2,266
T+1,XGBoost,0.77,0.9972602739726028,0.9962546816479401,0.9925373134328358,0.994392523364486,0.9991066433250916,0.9979781644281557,0.9956640617950152,826,1,2,266
T+1,XGBoost,0.78,0.9972602739726028,0.9962546816479401,0.9925373134328358,0.994392523364486,0.9991066433250916,0.9979781644281557,0.9956640617950152,826,1,2,266
T+1,XGBoost,0.79,0.9972602739726028,0.9962546816479401,0.9925373134328358,0.994392523364486,0.9991066433250916,0.9979781644281557,0.9956640617950152,826,1,2,266
T+1,XGBoost,0.8,0.9972602739726028,0.9962546816479401,0.9925373134328358,0.994392523364486,0.9991066433250916,0.9979781644281557,0.9956640617950152,826,1,2,266
T+1,XGBoost,0.81,0.9972602739726028,0.9962546816479401,0.9925373134328358,0.994392523364486,0.9991066433250916,0.9979781644281557,0.9956640617950152,826,1,2,266
T+1,XGBoost,0.82,0.9972602739726028,0.9962546816479401,0.9925373134328358,0.994392523364486,0.9991066433250916,0.9979781644281557,0.9956640617950152,826,1,2,266
T+1,XGBoost,0.83,0.9972602739726028,0.9962546816479401,0.9925373134328358,0.994392523364486,0.9991066433250916,0.9979781644281557,0.9956640617950152,826,1,2,266
T+1,XGBoost,0.84,0.9972602739726028,0.9962546816479401,0.9925373134328358,0.994392523364486,0.9991066433250916,0.9979781644281557,0.9956640617950152,826,1,2,266
T+1,XGBoost,0.85,0.9972602739726028,0.9962546816479401,0.9925373134328358,0.994392523364486,0.9991066433250916,0.9979781644281557,0.9956640617950152,826,1,2,266
T+1,XGBoost,0.86,0.9972602739726028,0.9962546816479401,0.9925373134328358,0.994392523364486,0.9991066433250916,0.9979781644281557,0.9956640617950152,826,1,2,266
T+1,XGBoost,0.87,0.9972602739726028,0.9962546816479401,0.9925373134328358,0.994392523364486,0.9991066433250916,0.9979781644281557,0.9956640617950152,826,1,2,266
T+1,XGBoost,0.88,0.9972602739726028,0.9962546816479401,0.9925373134328358,0.994392523364486,0.9991066433250916,0.9979781644281557,0.9956640617950152,826,1,2,266
T+1,XGBoost,0.89,0.9972602739726028,0.9962546816479401,0.9925373134328358,0.994392523364486,0.9991066433250916,0.9979781644281557,0.9956640617950152,826,1,2,266
T+1,XGBoost,0.9,0.9972602739726028,0.9962546816479401,0.9925373134328358,0.994392523364486,0.9991066433250916,0.9979781644281557,0.9956640617950152,826,1,2,266
T+1,XGBoost,0.91,0.9972602739726028,0.9962546816479401,0.9925373134328358,0.994392523364486,0.9991066433250916,0.9979781644281557,0.9956640617950152,826,1,2,266
T+1,XGBoost,0.92,0.9972602739726028,0.9962546816479401,0.9925373134328358,0.994392523364486,0.9991066433250916,0.9979781644281557,0.9956640617950152,826,1,2,266
T+1,XGBoost,0.93,0.9972602739726028,1.0,0.9888059701492538,0.9943714821763602,0.9991066433250916,0.9979781644281557,0.9944029850746269,827,0,3,265
T+1,XGBoost,0.94,0.9963470319634703,1.0,0.9850746268656716,0.9924812030075187,0.9991066433250916,0.9979781644281557,0.9925373134328358,827,0,4,264
T+1,XGBoost,0.95,0.9954337899543378,1.0,0.9813432835820896,0.9905838041431262,0.9991066433250916,0.9979781644281557,0.9906716417910448,827,0,5,263
T+1,LightGBM,0.05,0.9972602739726028,0.9962546816479401,0.9925373134328358,0.994392523364486,0.9991337147394828,0.9980477822779472,0.9956640617950152,826,1,2,266
T+1,LightGBM,0.06,0.9972602739726028,0.9962546816479401,0.9925373134328358,0.994392523364486,0.9991337147394828,0.9980477822779472,0.9956640617950152,826,1,2,266
T+1,LightGBM,0.07,0.9972602739726028,0.9962546816479401,0.9925373134328358,0.994392523364486,0.9991337147394828,0.9980477822779472,0.9956640617950152,826,1,2,266
T+1,LightGBM,0.08,0.9972602739726028,0.9962546816479401,0.9925373134328358,0.994392523364486,0.9991337147394828,0.9980477822779472,0.9956640617950152,826,1,2,266
T+1,LightGBM,0.09,0.9972602739726028,0.9962546816479401,0.9925373134328358,0.994392523364486,0.9991337147394828,0.9980477822779472,0.9956640617950152,826,1,2,266
T+1,LightGBM,0.1,0.9972602739726028,0.9962546816479401,0.9925373134328358,0.994392523364486,0.9991337147394828,0.9980477822779472,0.9956640617950152,826,1,2,266
T+1,LightGBM,0.11,0.9972602739726028,0.9962546816479401,0.9925373134328358,0.994392523364486,0.9991337147394828,0.9980477822779472,0.9956640617950152,826,1,2,266
T+1,LightGBM,0.12,0.9972602739726028,0.9962546816479401,0.9925373134328358,0.994392523364486,0.9991337147394828,0.9980477822779472,0.9956640617950152,826,1,2,266
T+1,LightGBM,0.13,0.9972602739726028,0.9962546816479401,0.9925373134328358,0.994392523364486,0.9991337147394828,0.9980477822779472,0.9956640617950152,826,1,2,266
T+1,LightGBM,0.14,0.9972602739726028,0.9962546816479401,0.9925373134328358,0.994392523364486,0.9991337147394828,0.9980477822779472,0.9956640617950152,826,1,2,266
T+1,LightGBM,0.15,0.9972602739726028,0.9962546816479401,0.9925373134328358,0.994392523364486,0.9991337147394828,0.9980477822779472,0.9956640617950152,826,1,2,266
T+1,LightGBM,0.16,0.9972602739726028,0.9962546816479401,0.9925373134328358,0.994392523364486,0.9991337147394828,0.9980477822779472,0.9956640617950152,826,1,2,266
T+1,LightGBM,0.17,0.9972602739726028,0.9962546816479401,0.9925373134328358,0.994392523364486,0.9991337147394828,0.9980477822779472,0.9956640617950152,826,1,2,266
T+1,LightGBM,0.18,0.9972602739726028,0.9962546816479401,0.9925373134328358,0.994392523364486,0.9991337147394828,0.9980477822779472,0.9956640617950152,826,1,2,266
T+1,LightGBM,0.19,0.9972602739726028,0.9962546816479401,0.9925373134328358,0.994392523364486,0.9991337147394828,0.9980477822779472,0.9956640617950152,826,1,2,266
T+1,LightGBM,0.2,0.9972602739726028,0.9962546816479401,0.9925373134328358,0.994392523364486,0.9991337147394828,0.9980477822779472,0.9956640617950152,826,1,2,266
T+1,LightGBM,0.21,0.9972602739726028,0.9962546816479401,0.9925373134328358,0.994392523364486,0.9991337147394828,0.9980477822779472,0.9956640617950152,826,1,2,266
T+1,LightGBM,0.22,0.9972602739726028,0.9962546816479401,0.9925373134328358,0.994392523364486,0.9991337147394828,0.9980477822779472,0.9956640617950152,826,1,2,266
T+1,LightGBM,0.23,0.9972602739726028,0.9962546816479401,0.9925373134328358,0.994392523364486,0.9991337147394828,0.9980477822779472,0.9956640617950152,826,1,2,266
T+1,LightGBM,0.24,0.9972602739726028,0.9962546816479401,0.9925373134328358,0.994392523364486,0.9991337147394828,0.9980477822779472,0.9956640617950152,826,1,2,266
T+1,LightGBM,0.25,0.9972602739726028,0.9962546816479401,0.9925373134328358,0.994392523364486,0.9991337147394828,0.9980477822779472,0.9956640617950152,826,1,2,266
T+1,LightGBM,0.26,0.9972602739726028,0.9962546816479401,0.9925373134328358,0.994392523364486,0.9991337147394828,0.9980477822779472,0.9956640617950152,826,1,2,266
T+1,LightGBM,0.27,0.9972602739726028,0.9962546816479401,0.9925373134328358,0.994392523364486,0.9991337147394828,0.9980477822779472,0.9956640617950152,826,1,2,266
T+1,LightGBM,0.28,0.9972602739726028,0.9962546816479401,0.9925373134328358,0.994392523364486,0.9991337147394828,0.9980477822779472,0.9956640617950152,826,1,2,266
T+1,LightGBM,0.29,0.9972602739726028,0.9962546816479401,0.9925373134328358,0.994392523364486,0.9991337147394828,0.9980477822779472,0.9956640617950152,826,1,2,266
T+1,LightGBM,0.3,0.9972602739726028,0.9962546816479401,0.9925373134328358,0.994392523364486,0.9991337147394828,0.9980477822779472,0.9956640617950152,826,1,2,266
T+1,LightGBM,0.31,0.9972602739726028,0.9962546816479401,0.9925373134328358,0.994392523364486,0.9991337147394828,0.9980477822779472,0.9956640617950152,826,1,2,266
T+1,LightGBM,0.32,0.9972602739726028,0.9962546816479401,0.9925373134328358,0.994392523364486,0.9991337147394828,0.9980477822779472,0.9956640617950152,826,1,2,266
T+1,LightGBM,0.33,0.9972602739726028,0.9962546816479401,0.9925373134328358,0.994392523364486,0.9991337147394828,0.9980477822779472,0.9956640617950152,826,1,2,266
T+1,LightGBM,0.34,0.9972602739726028,0.9962546816479401,0.9925373134328358,0.994392523364486,0.9991337147394828,0.9980477822779472,0.9956640617950152,826,1,2,266
T+1,LightGBM,0.35,0.9972602739726028,0.9962546816479401,0.9925373134328358,0.994392523364486,0.9991337147394828,0.9980477822779472,0.9956640617950152,826,1,2,266
T+1,LightGBM,0.36,0.9972602739726028,0.9962546816479401,0.9925373134328358,0.994392523364486,0.9991337147394828,0.9980477822779472,0.9956640617950152,826,1,2,266
T+1,LightGBM,0.37,0.9972602739726028,0.9962546816479401,0.9925373134328358,0.994392523364486,0.9991337147394828,0.9980477822779472,0.9956640617950152,826,1,2,266
T+1,LightGBM,0.38,0.9972602739726028,0.9962546816479401,0.9925373134328358,0.994392523364486,0.9991337147394828,0.9980477822779472,0.9956640617950152,826,1,2,266
T+1,LightGBM,0.39,0.9972602739726028,0.9962546816479401,0.9925373134328358,0.994392523364486,0.9991337147394828,0.9980477822779472,0.9956640617950152,826,1,2,266
T+1,LightGBM,0.4,0.9972602739726028,0.9962546816479401,0.9925373134328358,0.994392523364486,0.9991337147394828,0.9980477822779472,0.9956640617950152,826,1,2,266
T+1,LightGBM,0.41,0.9972602739726028,0.9962546816479401,0.9925373134328358,0.994392523364486,0.9991337147394828,0.9980477822779472,0.9956640617950152,826,1,2,266
T+1,LightGBM,0.42,0.9972602739726028,0.9962546816479401,0.9925373134328358,0.994392523364486,0.9991337147394828,0.9980477822779472,0.9956640617950152,826,1,2,266
T+1,LightGBM,0.43,0.9972602739726028,0.9962546816479401,0.9925373134328358,0.994392523364486,0.9991337147394828,0.9980477822779472,0.9956640617950152,826,1,2,266
T+1,LightGBM,0.44,0.9972602739726028,0.9962546816479401,0.9925373134328358,0.994392523364486,0.9991337147394828,0.9980477822779472,0.9956640617950152,826,1,2,266
T+1,LightGBM,0.45,0.9972602739726028,0.9962546816479401,0.9925373134328358,0.994392523364486,0.9991337147394828,0.9980477822779472,0.9956640617950152,826,1,2,266
T+1,LightGBM,0.46,0.9972602739726028,0.9962546816479401,0.9925373134328358,0.994392523364486,0.9991337147394828,0.9980477822779472,0.9956640617950152,826,1,2,266
T+1,LightGBM,0.47,0.9972602739726028,0.9962546816479401,0.9925373134328358,0.994392523364486,0.9991337147394828,0.9980477822779472,0.9956640617950152,826,1,2,266
T+1,LightGBM,0.48,0.9972602739726028,0.9962546816479401,0.9925373134328358,0.994392523364486,0.9991337147394828,0.9980477822779472,0.9956640617950152,826,1,2,266
T+1,LightGBM,0.49,0.9972602739726028,0.9962546816479401,0.9925373134328358,0.994392523364486,0.9991337147394828,0.9980477822779472,0.9956640617950152,826,1,2,266
T+1,LightGBM,0.5,0.9972602739726028,0.9962546816479401,0.9925373134328358,0.994392523364486,0.9991337147394828,0.9980477822779472,0.9956640617950152,826,1,2,266
T+1,LightGBM,0.51,0.9972602739726028,0.9962546816479401,0.9925373134328358,0.994392523364486,0.9991337147394828,0.9980477822779472,0.9956640617950152,826,1,2,266
T+1,LightGBM,0.52,0.9972602739726028,0.9962546816479401,0.9925373134328358,0.994392523364486,0.9991337147394828,0.9980477822779472,0.9956640617950152,826,1,2,266
T+1,LightGBM,0.53,0.9972602739726028,0.9962546816479401,0.9925373134328358,0.994392523364486,0.9991337147394828,0.9980477822779472,0.9956640617950152,826,1,2,266
T+1,LightGBM,0.54,0.9972602739726028,0.9962546816479401,0.9925373134328358,0.994392523364486,0.9991337147394828,0.9980477822779472,0.9956640617950152,826,1,2,266
T+1,LightGBM,0.55,0.9972602739726028,0.9962546816479401,0.9925373134328358,0.994392523364486,0.9991337147394828,0.9980477822779472,0.9956640617950152,826,1,2,266
T+1,LightGBM,0.56,0.9972602739726028,0.9962546816479401,0.9925373134328358,0.994392523364486,0.9991337147394828,0.9980477822779472,0.9956640617950152,826,1,2,266
T+1,LightGBM,0.57,0.9972602739726028,0.9962546816479401,0.9925373134328358,0.994392523364486,0.9991337147394828,0.9980477822779472,0.9956640617950152,826,1,2,266
T+1,LightGBM,0.58,0.9972602739726028,0.9962546816479401,0.9925373134328358,0.994392523364486,0.9991337147394828,0.9980477822779472,0.9956640617950152,826,1,2,266
T+1,LightGBM,0.59,0.9972602739726028,0.9962546816479401,0.9925373134328358,0.994392523364486,0.9991337147394828,0.9980477822779472,0.9956640617950152,826,1,2,266
T+1,LightGBM,0.6,0.9972602739726028,0.9962546816479401,0.9925373134328358,0.994392523364486,0.9991337147394828,0.9980477822779472,0.9956640617950152,826,1,2,266
T+1,LightGBM,0.61,0.9972602739726028,0.9962546816479401,0.9925373134328358,0.994392523364486,0.9991337147394828,0.9980477822779472,0.9956640617950152,826,1,2,266
T+1,LightGBM,0.62,0.9972602739726028,0.9962546816479401,0.9925373134328358,0.994392523364486,0.9991337147394828,0.9980477822779472,0.9956640617950152,826,1,2,266
T+1,LightGBM,0.63,0.9972602739726028,0.9962546816479401,0.9925373134328358,0.994392523364486,0.9991337147394828,0.9980477822779472,0.9956640617950152,826,1,2,266
T+1,LightGBM,0.64,0.9972602739726028,0.9962546816479401,0.9925373134328358,0.994392523364486,0.9991337147394828,0.9980477822779472,0.9956640617950152,826,1,2,266
T+1,LightGBM,0.65,0.9972602739726028,0.9962546816479401,0.9925373134328358,0.994392523364486,0.9991337147394828,0.9980477822779472,0.9956640617950152,826,1,2,266
T+1,LightGBM,0.66,0.9972602739726028,0.9962546816479401,0.9925373134328358,0.994392523364486,0.9991337147394828,0.9980477822779472,0.9956640617950152,826,1,2,266
T+1,LightGBM,0.67,0.9972602739726028,0.9962546816479401,0.9925373134328358,0.994392523364486,0.9991337147394828,0.9980477822779472,0.9956640617950152,826,1,2,266
T+1,LightGBM,0.68,0.9972602739726028,0.9962546816479401,0.9925373134328358,0.994392523364486,0.9991337147394828,0.9980477822779472,0.9956640617950152,826,1,2,266
T+1,LightGBM,0.69,0.9972602739726028,0.9962546816479401,0.9925373134328358,0.994392523364486,0.9991337147394828,0.9980477822779472,0.9956640617950152,826,1,2,266
T+1,LightGBM,0.7,0.9972602739726028,0.9962546816479401,0.9925373134328358,0.994392523364486,0.9991337147394828,0.9980477822779472,0.9956640617950152,826,1,2,266
T+1,LightGBM,0.71,0.9972602739726028,0.9962546816479401,0.9925373134328358,0.994392523364486,0.9991337147394828,0.9980477822779472,0.9956640617950152,826,1,2,266
T+1,LightGBM,0.72,0.9972602739726028,0.9962546816479401,0.9925373134328358,0.994392523364486,0.9991337147394828,0.9980477822779472,0.9956640617950152,826,1,2,266
T+1,LightGBM,0.73,0.9972602739726028,0.9962546816479401,0.9925373134328358,0.994392523364486,0.9991337147394828,0.9980477822779472,0.9956640617950152,826,1,2,266
T+1,LightGBM,0.74,0.9972602739726028,0.9962546816479401,0.9925373134328358,0.994392523364486,0.9991337147394828,0.9980477822779472,0.9956640617950152,826,1,2,266
T+1,LightGBM,0.75,0.9972602739726028,0.9962546816479401,0.9925373134328358,0.994392523364486,0.9991337147394828,0.9980477822779472,0.9956640617950152,826,1,2,266
T+1,LightGBM,0.76,0.9972602739726028,0.9962546816479401,0.9925373134328358,0.994392523364486,0.9991337147394828,0.9980477822779472,0.9956640617950152,826,1,2,266
T+1,LightGBM,0.77,0.9972602739726028,0.9962546816479401,0.9925373134328358,0.994392523364486,0.9991337147394828,0.9980477822779472,0.9956640617950152,826,1,2,266
T+1,LightGBM,0.78,0.9972602739726028,0.9962546816479401,0.9925373134328358,0.994392523364486,0.9991337147394828,0.9980477822779472,0.9956640617950152,826,1,2,266
T+1,LightGBM,0.79,0.9972602739726028,0.9962546816479401,0.9925373134328358,0.994392523364486,0.9991337147394828,0.9980477822779472,0.9956640617950152,826,1,2,266
T+1,LightGBM,0.8,0.9972602739726028,0.9962546816479401,0.9925373134328358,0.994392523364486,0.9991337147394828,0.9980477822779472,0.9956640617950152,826,1,2,266
T+1,LightGBM,0.81,0.9972602739726028,0.9962546816479401,0.9925373134328358,0.994392523364486,0.9991337147394828,0.9980477822779472,0.9956640617950152,826,1,2,266
T+1,LightGBM,0.82,0.9972602739726028,0.9962546816479401,0.9925373134328358,0.994392523364486,0.9991337147394828,0.9980477822779472,0.9956640617950152,826,1,2,266
T+1,LightGBM,0.83,0.9972602739726028,0.9962546816479401,0.9925373134328358,0.994392523364486,0.9991337147394828,0.9980477822779472,0.9956640617950152,826,1,2,266
T+1,LightGBM,0.84,0.9972602739726028,0.9962546816479401,0.9925373134328358,0.994392523364486,0.9991337147394828,0.9980477822779472,0.9956640617950152,826,1,2,266
T+1,LightGBM,0.85,0.9972602739726028,0.9962546816479401,0.9925373134328358,0.994392523364486,0.9991337147394828,0.9980477822779472,0.9956640617950152,826,1,2,266
T+1,LightGBM,0.86,0.9972602739726028,0.9962546816479401,0.9925373134328358,0.994392523364486,0.9991337147394828,0.9980477822779472,0.9956640617950152,826,1,2,266
T+1,LightGBM,0.87,0.9972602739726028,0.9962546816479401,0.9925373134328358,0.994392523364486,0.9991337147394828,0.9980477822779472,0.9956640617950152,826,1,2,266
T+1,LightGBM,0.88,0.9972602739726028,0.9962546816479401,0.9925373134328358,0.994392523364486,0.9991337147394828,0.9980477822779472,0.9956640617950152,826,1,2,266
T+1,LightGBM,0.89,0.9972602739726028,0.9962546816479401,0.9925373134328358,0.994392523364486,0.9991337147394828,0.9980477822779472,0.9956640617950152,826,1,2,266
T+1,LightGBM,0.9,0.9981735159817352,1.0,0.9925373134328358,0.9962546816479401,0.9991337147394828,0.9980477822779472,0.9962686567164178,827,0,2,266
T+1,LightGBM,0.91,0.9981735159817352,1.0,0.9925373134328358,0.9962546816479401,0.9991337147394828,0.9980477822779472,0.9962686567164178,827,0,2,266
T+1,LightGBM,0.92,0.9981735159817352,1.0,0.9925373134328358,0.9962546816479401,0.9991337147394828,0.9980477822779472,0.9962686567164178,827,0,2,266
T+1,LightGBM,0.93,0.9981735159817352,1.0,0.9925373134328358,0.9962546816479401,0.9991337147394828,0.9980477822779472,0.9962686567164178,827,0,2,266
T+1,LightGBM,0.94,0.9981735159817352,1.0,0.9925373134328358,0.9962546816479401,0.9991337147394828,0.9980477822779472,0.9962686567164178,827,0,2,266
T+1,LightGBM,0.95,0.9981735159817352,1.0,0.9925373134328358,0.9962546816479401,0.9991337147394828,0.9980477822779472,0.9962686567164178,827,0,2,266
T+3,RandomForest,0.05,0.9068493150684932,0.7255434782608695,0.996268656716418,0.839622641509434,0.9972883466584852,0.9932726428608275,0.9370702412965404,726,101,1,267
T+3,RandomForest,0.06,0.9141552511415525,0.7416666666666667,0.996268656716418,0.8503184713375797,0.9972883466584852,0.9932726428608275,0.9419070006677616,734,93,1,267
T+3,RandomForest,0.07,0.9214611872146119,0.76,0.9925373134328358,0.86084142394822,0.9972883466584852,0.9932726428608275,0.9454826833185944,743,84,2,266
T+3,RandomForest,0.08,0.9251141552511416,0.7703488372093024,0.9888059701492538,0.8660130718954249,0.9972883466584852,0.9932726428608275,0.9466399862838167,748,79,3,265
T+3,RandomForest,0.09,0.9287671232876712,0.7810650887573964,0.9850746268656716,0.8712871287128713,0.9972883466584852,0.9932726428608275,0.9477972892490389,753,74,4,264
T+3,RandomForest,0.1,0.9324200913242009,0.7904191616766467,0.9850746268656716,0.8770764119601329,0.9972883466584852,0.9932726428608275,0.9502156689346496,757,70,4,264
T+3,RandomForest,0.11,0.9378995433789954,0.8067484662576687,0.9813432835820896,0.8855218855218855,0.9972883466584852,0.9932726428608275,0.9525821617426772,764,63,5,263
T+3,RandomForest,0.12,0.9415525114155251,0.81875,0.9776119402985075,0.891156462585034,0.9972883466584852,0.9932726428608275,0.9537394647078994,769,58,6,262
T+3,RandomForest,0.13,0.9470319634703196,0.8343949044585988,0.9776119402985075,0.9003436426116839,0.9972883466584852,0.9932726428608275,0.9573670342363154,775,52,6,262
T+3,RandomForest,0.14,0.9525114155251142,0.8506493506493507,0.9776119402985075,0.9097222222222222,0.9972883466584852,0.9932726428608275,0.9609946037647314,781,46,6,262
T+3,RandomForest,0.15,0.958904109589041,0.8729096989966555,0.9738805970149254,0.9206349206349206,0.9972883466584852,0.9932726428608275,0.9639656914941617,789,38,7,261
T+3,RandomForest,0.16,0.9616438356164384,0.8817567567567568,0.9738805970149254,0.925531914893617,0.9972883466584852,0.9932726428608275,0.9657794762583696,792,35,7,261
T+3,RandomForest,0.17,0.965296803652968,0.896551724137931,0.9701492537313433,0.931899641577061,0.9972883466584852,0.9932726428608275,0.9669367792235919,797,30,8,260
T+3,RandomForest,0.18,0.9689497716894977,0.9090909090909091,0.9701492537313433,0.9386281588447654,0.9972883466584852,0.9932726428608275,0.9693551589092024,801,26,8,260
T+3,RandomForest,0.19,0.9707762557077626,0.9154929577464789,0.9701492537313433,0.9420289855072463,0.9972883466584852,0.9932726428608275,0.9705643487520078,803,24,8,260
T+3,RandomForest,0.2,0.9735159817351599,0.9252669039145908,0.9701492537313433,0.9471766848816029,0.9972883466584852,0.9932726428608275,0.9723781335162158,806,21,8,260
T+3,RandomForest,0.21,0.9762557077625571,0.935251798561151,0.9701492537313433,0.9523809523809523,0.9972883466584852,0.9932726428608275,0.9741919182804237,809,18,8,260
T+3,RandomForest,0.22,0.9780821917808219,0.9420289855072463,0.9701492537313433,0.9558823529411765,0.9972883466584852,0.9932726428608275,0.9754011081232291,811,16,8,260
T+3,RandomForest,0.23,0.9789954337899544,0.9454545454545454,0.9701492537313433,0.9576427255985267,0.9972883466584852,0.9932726428608275,0.9760057030446317,812,15,8,260
T+3,RandomForest,0.24,0.9799086757990868,0.948905109489051,0.9701492537313433,0.959409594095941,0.9972883466584852,0.9932726428608275,0.9766102979660345,813,14,8,260
T+3,RandomForest,0.25,0.9808219178082191,0.9523809523809523,0.9701492537313433,0.9611829944547134,0.9972883466584852,0.9932726428608275,0.9772148928874371,814,13,8,260
T+3,RandomForest,0.26,0.9817351598173516,0.9558823529411765,0.9701492537313433,0.9629629629629629,0.9972883466584852,0.9932726428608275,0.9778194878088398,815,12,8,260
T+3,RandomForest,0.27,0.982648401826484,0.959409594095941,0.9701492537313433,0.9647495361781077,0.9972883466584852,0.9932726428608275,0.9784240827302424,816,11,8,260
T+3,RandomForest,0.28,0.982648401826484,0.959409594095941,0.9701492537313433,0.9647495361781077,0.9972883466584852,0.9932726428608275,0.9784240827302424,816,11,8,260
T+3,RandomForest,0.29,0.982648401826484,0.959409594095941,0.9701492537313433,0.9647495361781077,0.9972883466584852,0.9932726428608275,0.9784240827302424,816,11,8,260
T+3,RandomForest,0.3,0.982648401826484,0.959409594095941,0.9701492537313433,0.9647495361781077,0.9972883466584852,0.9932726428608275,0.9784240827302424,816,11,8,260
T+3,RandomForest,0.31,0.982648401826484,0.959409594095941,0.9701492537313433,0.9647495361781077,0.9972883466584852,0.9932726428608275,0.9784240827302424,816,11,8,260
T+3,RandomForest,0.32,0.9844748858447488,0.966542750929368,0.9701492537313433,0.9683426443202979,0.9972883466584852,0.9932726428608275,0.9796332725730477,818,9,8,260
T+3,RandomForest,0.33,0.9844748858447488,0.966542750929368,0.9701492537313433,0.9683426443202979,0.9972883466584852,0.9932726428608275,0.9796332725730477,818,9,8,260
T+3,RandomForest,0.34,0.9844748858447488,0.966542750929368,0.9701492537313433,0.9683426443202979,0.9972883466584852,0.9932726428608275,0.9796332725730477,818,9,8,260
T+3,RandomForest,0.35,0.9844748858447488,0.966542750929368,0.9701492537313433,0.9683426443202979,0.9972883466584852,0.9932726428608275,0.9796332725730477,818,9,8,260
T+3,RandomForest,0.36,0.9844748858447488,0.966542750929368,0.9701492537313433,0.9683426443202979,0.9972883466584852,0.9932726428608275,0.9796332725730477,818,9,8,260
T+3,RandomForest,0.37,0.9844748858447488,0.966542750929368,0.9701492537313433,0.9683426443202979,0.9972883466584852,0.9932726428608275,0.9796332725730477,818,9,8,260
T+3,RandomForest,0.38,0.9844748858447488,0.966542750929368,0.9701492537313433,0.9683426443202979,0.9972883466584852,0.9932726428608275,0.9796332725730477,818,9,8,260
T+3,RandomForest,0.39,0.9853881278538813,0.9701492537313433,0.9701492537313433,0.9701492537313433,0.9972883466584852,0.9932726428608275,0.9802378674944503,819,8,8,260
T+3,RandomForest,0.4,0.9853881278538813,0.9701492537313433,0.9701492537313433,0.9701492537313433,0.9972883466584852,0.9932726428608275,0.9802378674944503,819,8,8,260
T+3,RandomForest,0.41,0.9853881278538813,0.9701492537313433,0.9701492537313433,0.9701492537313433,0.9972883466584852,0.9932726428608275,0.9802378674944503,819,8,8,260
T+3,RandomForest,0.42,0.9863013698630136,0.9737827715355806,0.9701492537313433,0.9719626168224299,0.9972883466584852,0.9932726428608275,0.980842462415853,820,7,8,260
T+3,RandomForest,0.43,0.9863013698630136,0.9737827715355806,0.9701492537313433,0.9719626168224299,0.9972883466584852,0.9932726428608275,0.980842462415853,820,7,8,260
T+3,RandomForest,0.44,0.9872146118721461,0.9774436090225563,0.9701492537313433,0.9737827715355806,0.9972883466584852,0.9932726428608275,0.9814470573372557,821,6,8,260
T+3,RandomForest,0.45,0.9872146118721461,0.9774436090225563,0.9701492537313433,0.9737827715355806,0.9972883466584852,0.9932726428608275,0.9814470573372557,821,6,8,260
T+3,RandomForest,0.46,0.9863013698630136,0.9773584905660377,0.9664179104477612,0.9718574108818011,0.9972883466584852,0.9932726428608275,0.9795813856954646,821,6,9,259
T+3,RandomForest,0.47,0.9853881278538813,0.9772727272727273,0.9626865671641791,0.9699248120300752,0.9972883466584852,0.9932726428608275,0.9777157140536736,821,6,10,258
T+3,RandomForest,0.48,0.9853881278538813,0.9772727272727273,0.9626865671641791,0.9699248120300752,0.9972883466584852,0.9932726428608275,0.9777157140536736,821,6,10,258
T+3,RandomForest,0.49,0.9844748858447488,0.9771863117870723,0.9589552238805971,0.967984934086629,0.9972883466584852,0.9932726428608275,0.9758500424118826,821,6,11,257
T+3,RandomForest,0.5,0.9844748858447488,0.9771863117870723,0.9589552238805971,0.967984934086629,0.9972883466584852,0.9932726428608275,0.9758500424118826,821,6,11,257
T+3,RandomForest,0.51,0.9844748858447488,0.9771863117870723,0.9589552238805971,0.967984934086629,0.9972883466584852,0.9932726428608275,0.9758500424118826,821,6,11,257
T+3,RandomForest,0.52,0.9844748858447488,0.9771863117870723,0.9589552238805971,0.967984934086629,0.9972883466584852,0.9932726428608275,0.9758500424118826,821,6,11,257
T+3,RandomForest,0.53,0.9844748858447488,0.9771863117870723,0.9589552238805971,0.967984934086629,0.9972883466584852,0.9932726428608275,0.9758500424118826,821,6,11,257
T+3,RandomForest,0.54,0.9844748858447488,0.9771863117870723,0.9589552238805971,0.967984934086629,0.9972883466584852,0.9932726428608275,0.9758500424118826,821,6,11,257
T+3,RandomForest,0.55,0.9844748858447488,0.9771863117870723,0.9589552238805971,0.967984934086629,0.9972883466584852,0.9932726428608275,0.9758500424118826,821,6,11,257
T+3,RandomForest,0.56,0.9853881278538813,0.9809160305343512,0.9589552238805971,0.969811320754717,0.9972883466584852,0.9932726428608275,0.9764546373332852,822,5,11,257
T+3,RandomForest,0.57,0.9853881278538813,0.9809160305343512,0.9589552238805971,0.969811320754717,0.9972883466584852,0.9932726428608275,0.9764546373332852,822,5,11,257
T+3,RandomForest,0.58,0.9853881278538813,0.9809160305343512,0.9589552238805971,0.969811320754717,0.9972883466584852,0.9932726428608275,0.9764546373332852,822,5,11,257
T+3,RandomForest,0.59,0.9853881278538813,0.9809160305343512,0.9589552238805971,0.969811320754717,0.9972883466584852,0.9932726428608275,0.9764546373332852,822,5,11,257
T+3,RandomForest,0.6,0.9863013698630136,0.9846743295019157,0.9589552238805971,0.9716446124763705,0.9972883466584852,0.9932726428608275,0.9770592322546878,823,4,11,257
T+3,RandomForest,0.61,0.9872146118721461,0.9884615384615385,0.9589552238805971,0.9734848484848485,0.9972883466584852,0.9932726428608275,0.9776638271760906,824,3,11,257
T+3,RandomForest,0.62,0.9872146118721461,0.9884615384615385,0.9589552238805971,0.9734848484848485,0.9972883466584852,0.9932726428608275,0.9776638271760906,824,3,11,257
T+3,RandomForest,0.63,0.9872146118721461,0.9884615384615385,0.9589552238805971,0.9734848484848485,0.9972883466584852,0.9932726428608275,0.9776638271760906,824,3,11,257
T+3,RandomForest,0.64,0.9872146118721461,0.9884615384615385,0.9589552238805971,0.9734848484848485,0.9972883466584852,0.9932726428608275,0.9776638271760906,824,3,11,257
T+3,RandomForest,0.65,0.9872146118721461,0.9884615384615385,0.9589552238805971,0.9734848484848485,0.9972883466584852,0.9932726428608275,0.9776638271760906,824,3,11,257
T+3,RandomForest,0.66,0.9872146118721461,0.9884615384615385,0.9589552238805971,0.9734848484848485,0.9972883466584852,0.9932726428608275,0.9776638271760906,824,3,11,257
T+3,RandomForest,0.67,0.9872146118721461,0.9884615384615385,0.9589552238805971,0.9734848484848485,0.9972883466584852,0.9932726428608275,0.9776638271760906,824,3,11,257
T+3,RandomForest,0.68,0.9881278538812786,0.9922779922779923,0.9589552238805971,0.9753320683111955,0.9972883466584852,0.9932726428608275,0.9782684220974932,825,2,11,257
T+3,RandomForest,0.69,0.9881278538812786,0.9922779922779923,0.9589552238805971,0.9753320683111955,0.9972883466584852,0.9932726428608275,0.9782684220974932,825,2,11,257
T+3,RandomForest,0.7,0.9872146118721461,0.9922480620155039,0.9552238805970149,0.973384030418251,0.9972883466584852,0.9932726428608275,0.9764027504557021,825,2,12,256
T+3,RandomForest,0.71,0.9853881278538813,0.9921875,0.9477611940298507,0.9694656488549618,0.9972883466584852,0.9932726428608275,0.9726714071721201,825,2,14,254
T+3,RandomForest,0.72,0.9808219178082191,0.9920318725099602,0.9291044776119403,0.9595375722543352,0.9972883466584852,0.9932726428608275,0.9633430489631648,825,2,19,249
T+3,RandomForest,0.73,0.9808219178082191,0.9959839357429718,0.9253731343283582,0.9593810444874274,0.9972883466584852,0.9932726428608275,0.9620819722427765,826,1,20,248
T+3,RandomForest,0.74,0.9799086757990868,0.9959677419354839,0.9216417910447762,0.9573643410852714,0.9972883466584852,0.9932726428608275,0.9602163006009854,826,1,21,247
T+3,RandomForest,0.75,0.9771689497716894,1.0,0.9067164179104478,0.9510763209393346,0.9972883466584852,0.9932726428608275,0.9533582089552239,827,0,25,243
T+3,RandomForest,0.76,0.9753424657534246,1.0,0.8992537313432836,0.9469548133595285,0.9972883466584852,0.9932726428608275,0.9496268656716418,827,0,27,241
T+3,RandomForest,0.77,0.9744292237442922,1.0,0.8955223880597015,0.9448818897637795,0.9972883466584852,0.9932726428608275,0.9477611940298507,827,0,28,240
T+3,RandomForest,0.78,0.9726027397260274,1.0,0.8880597014925373,0.9407114624505929,0.9972883466584852,0.9932726428608275,0.9440298507462687,827,0,30,238
T+3,RandomForest,0.79,0.9726027397260274,1.0,0.8880597014925373,0.9407114624505929,0.9972883466584852,0.9932726428608275,0.9440298507462687,827,0,30,238
T+3,RandomForest,0.8,0.971689497716895,1.0,0.8843283582089553,0.9386138613861386,0.9972883466584852,0.9932726428608275,0.9421641791044777,827,0,31,237
T+3,RandomForest,0.81,0.9707762557077626,1.0,0.8805970149253731,0.9365079365079365,0.9972883466584852,0.9932726428608275,0.9402985074626866,827,0,32,236
T+3,RandomForest,0.82,0.9689497716894977,1.0,0.8731343283582089,0.9322709163346613,0.9972883466584852,0.9932726428608275,0.9365671641791045,827,0,34,234
T+3,RandomForest,0.83,0.9643835616438357,1.0,0.8544776119402985,0.9215291750503019,0.9972883466584852,0.9932726428608275,0.9272388059701493,827,0,39,229
T+3,RandomForest,0.84,0.960730593607306,1.0,0.8395522388059702,0.9127789046653144,0.9972883466584852,0.9932726428608275,0.9197761194029851,827,0,43,225
T+3,RandomForest,0.85,0.9534246575342465,1.0,0.8097014925373134,0.8948453608247423,0.9972883466584852,0.9932726428608275,0.9048507462686567,827,0,51,217
T+3,RandomForest,0.86,0.9461187214611873,1.0,0.7798507462686567,0.8763102725366876,0.9972883466584852,0.9932726428608275,0.8899253731343284,827,0,59,209
T+3,RandomForest,0.87,0.9360730593607306,1.0,0.7388059701492538,0.8497854077253219,0.9972883466584852,0.9932726428608275,0.8694029850746269,827,0,70,198
T+3,RandomForest,0.88,0.9232876712328767,1.0,0.6865671641791045,0.8141592920353983,0.9972883466584852,0.9932726428608275,0.8432835820895522,827,0,84,184
T+3,RandomForest,0.89,0.9141552511415525,1.0,0.6492537313432836,0.7873303167420814,0.9972883466584852,0.9932726428608275,0.8246268656716418,827,0,94,174
T+3,RandomForest,0.9,0.9068493150684932,1.0,0.6194029850746269,0.7649769585253456,0.9972883466584852,0.9932726428608275,0.8097014925373134,827,0,102,166
T+3,RandomForest,0.91,0.9041095890410958,1.0,0.6082089552238806,0.7563805104408353,0.9972883466584852,0.9932726428608275,0.8041044776119404,827,0,105,163
T+3,RandomForest,0.92,0.9004566210045662,1.0,0.5932835820895522,0.7447306791569087,0.9972883466584852,0.9932726428608275,0.7966417910447761,827,0,109,159
T+3,RandomForest,0.93,0.8968036529680365,1.0,0.5783582089552238,0.7328605200945626,0.9972883466584852,0.9932726428608275,0.789179104477612,827,0,113,155
T+3,RandomForest,0.94,0.8858447488584474,1.0,0.5335820895522388,0.6958637469586375,0.9972883466584852,0.9932726428608275,0.7667910447761195,827,0,125,143
T+3,RandomForest,0.95,0.8767123287671232,1.0,0.4962686567164179,0.6633416458852868,0.9972883466584852,0.9932726428608275,0.7481343283582089,827,0,135,133
T+3,XGBoost,0.05,0.9689497716894977,0.8952702702702703,0.9888059701492538,0.9397163120567376,0.9990750600083019,0.9973893766673697,0.9756605425111444,796,31,3,265
T+3,XGBoost,0.06,0.9735159817351599,0.9134948096885813,0.9850746268656716,0.947935368043088,0.9990750600083019,0.9973893766673697,0.9774224403977694,802,25,4,264
T+3,XGBoost,0.07,0.9744292237442922,0.925531914893617,0.9738805970149254,0.9490909090909091,0.9990750600083019,0.9973893766673697,0.9742438051580068,806,21,7,261
T+3,XGBoost,0.08,0.9762557077625571,0.9321428571428572,0.9738805970149254,0.9525547445255474,0.9990750600083019,0.9973893766673697,0.9754529950008122,808,19,7,261
T+3,XGBoost,0.09,0.9817351598173516,0.9525547445255474,0.9738805970149254,0.9630996309963099,0.9990750600083019,0.9973893766673697,0.9790805645292281,814,13,7,261
T+3,XGBoost,0.1,0.9817351598173516,0.9525547445255474,0.9738805970149254,0.9630996309963099,0.9990750600083019,0.9973893766673697,0.9790805645292281,814,13,7,261
T+3,XGBoost,0.11,0.9835616438356164,0.9595588235294118,0.9738805970149254,0.9666666666666667,0.9990750600083019,0.9973893766673697,0.9802897543720335,816,11,7,261
T+3,XGBoost,0.12,0.9835616438356164,0.9595588235294118,0.9738805970149254,0.9666666666666667,0.9990750600083019,0.9973893766673697,0.9802897543720335,816,11,7,261
T+3,XGBoost,0.13,0.9835616438356164,0.9595588235294118,0.9738805970149254,0.9666666666666667,0.9990750600083019,0.9973893766673697,0.9802897543720335,816,11,7,261
T+3,XGBoost,0.14,0.9835616438356164,0.9595588235294118,0.9738805970149254,0.9666666666666667,0.9990750600083019,0.9973893766673697,0.9802897543720335,816,11,7,261
T+3,XGBoost,0.15,0.9853881278538813,0.9666666666666667,0.9738805970149254,0.9702602230483272,0.9990750600083019,0.9973893766673697,0.9814989442148387,818,9,7,261
T+3,XGBoost,0.16,0.9853881278538813,0.9666666666666667,0.9738805970149254,0.9702602230483272,0.9990750600083019,0.9973893766673697,0.9814989442148387,818,9,7,261
T+3,XGBoost,0.17,0.9853881278538813,0.9666666666666667,0.9738805970149254,0.9702602230483272,0.9990750600083019,0.9973893766673697,0.9814989442148387,818,9,7,261
T+3,XGBoost,0.18,0.9872146118721461,0.9738805970149254,0.9738805970149254,0.9738805970149254,0.9990750600083019,0.9973893766673697,0.982708134057644,820,7,7,261
T+3,XGBoost,0.19,0.9872146118721461,0.9738805970149254,0.9738805970149254,0.9738805970149254,0.9990750600083019,0.9973893766673697,0.982708134057644,820,7,7,261
T+3,XGBoost,0.2,0.9872146118721461,0.9738805970149254,0.9738805970149254,0.9738805970149254,0.9990750600083019,0.9973893766673697,0.982708134057644,820,7,7,261
T+3,XGBoost,0.21,0.9872146118721461,0.9738805970149254,0.9738805970149254,0.9738805970149254,0.9990750600083019,0.9973893766673697,0.982708134057644,820,7,7,261
T+3,XGBoost,0.22,0.9872146118721461,0.9738805970149254,0.9738805970149254,0.9738805970149254,0.9990750600083019,0.9973893766673697,0.982708134057644,820,7,7,261
T+3,XGBoost,0.23,0.9872146118721461,0.9738805970149254,0.9738805970149254,0.9738805970149254,0.9990750600083019,0.9973893766673697,0.982708134057644,820,7,7,261
T+3,XGBoost,0.24,0.9872146118721461,0.9738805970149254,0.9738805970149254,0.9738805970149254,0.9990750600083019,0.9973893766673697,0.982708134057644,820,7,7,261
T+3,XGBoost,0.25,0.9872146118721461,0.9738805970149254,0.9738805970149254,0.9738805970149254,0.9990750600083019,0.9973893766673697,0.982708134057644,820,7,7,261
T+3,XGBoost,0.26,0.9872146118721461,0.9738805970149254,0.9738805970149254,0.9738805970149254,0.9990750600083019,0.9973893766673697,0.982708134057644,820,7,7,261
T+3,XGBoost,0.27,0.9872146118721461,0.9738805970149254,0.9738805970149254,0.9738805970149254,0.9990750600083019,0.9973893766673697,0.982708134057644,820,7,7,261
T+3,XGBoost,0.28,0.9872146118721461,0.9738805970149254,0.9738805970149254,0.9738805970149254,0.9990750600083019,0.9973893766673697,0.982708134057644,820,7,7,261
T+3,XGBoost,0.29,0.9872146118721461,0.9738805970149254,0.9738805970149254,0.9738805970149254,0.9990750600083019,0.9973893766673697,0.982708134057644,820,7,7,261
T+3,XGBoost,0.3,0.9872146118721461,0.9738805970149254,0.9738805970149254,0.9738805970149254,0.9990750600083019,0.9973893766673697,0.982708134057644,820,7,7,261
T+3,XGBoost,0.31,0.9881278538812786,0.9775280898876404,0.9738805970149254,0.9757009345794393,0.9990750600083019,0.9973893766673697,0.9833127289790466,821,6,7,261
T+3,XGBoost,0.32,0.9881278538812786,0.9775280898876404,0.9738805970149254,0.9757009345794393,0.9990750600083019,0.9973893766673697,0.9833127289790466,821,6,7,261
T+3,XGBoost,0.33,0.9881278538812786,0.9775280898876404,0.9738805970149254,0.9757009345794393,0.9990750600083019,0.9973893766673697,0.9833127289790466,821,6,7,261
T+3,XGBoost,0.34,0.989041095890411,0.981203007518797,0.9738805970149254,0.9775280898876404,0.9990750600083019,0.9973893766673697,0.9839173239004494,822,5,7,261
T+3,XGBoost,0.35,0.989041095890411,0.981203007518797,0.9738805970149254,0.9775280898876404,0.9990750600083019,0.9973893766673697,0.9839173239004494,822,5,7,261
T+3,XGBoost,0.36,0.989041095890411,0.981203007518797,0.9738805970149254,0.9775280898876404,0.9990750600083019,0.9973893766673697,0.9839173239004494,822,5,7,261
T+3,XGBoost,0.37,0.989041095890411,0.981203007518797,0.9738805970149254,0.9775280898876404,0.9990750600083019,0.9973893766673697,0.9839173239004494,822,5,7,261
T+3,XGBoost,0.38,0.989041095890411,0.981203007518797,0.9738805970149254,0.9775280898876404,0.9990750600083019,0.9973893766673697,0.9839173239004494,822,5,7,261
T+3,XGBoost,0.39,0.989041095890411,0.981203007518797,0.9738805970149254,0.9775280898876404,0.9990750600083019,0.9973893766673697,0.9839173239004494,822,5,7,261
T+3,XGBoost,0.4,0.989041095890411,0.981203007518797,0.9738805970149254,0.9775280898876404,0.9990750600083019,0.9973893766673697,0.9839173239004494,822,5,7,261
T+3,XGBoost,0.41,0.989041095890411,0.981203007518797,0.9738805970149254,0.9775280898876404,0.9990750600083019,0.9973893766673697,0.9839173239004494,822,5,7,261
T+3,XGBoost,0.42,0.989041095890411,0.981203007518797,0.9738805970149254,0.9775280898876404,0.9990750600083019,0.9973893766673697,0.9839173239004494,822,5,7,261
T+3,XGBoost,0.43,0.989041095890411,0.981203007518797,0.9738805970149254,0.9775280898876404,0.9990750600083019,0.9973893766673697,0.9839173239004494,822,5,7,261
T+3,XGBoost,0.44,0.989041095890411,0.981203007518797,0.9738805970149254,0.9775280898876404,0.9990750600083019,0.9973893766673697,0.9839173239004494,822,5,7,261
T+3,XGBoost,0.45,0.989041095890411,0.981203007518797,0.9738805970149254,0.9775280898876404,0.9990750600083019,0.9973893766673697,0.9839173239004494,822,5,7,261
T+3,XGBoost,0.46,0.989041095890411,0.981203007518797,0.9738805970149254,0.9775280898876404,0.9990750600083019,0.9973893766673697,0.9839173239004494,822,5,7,261
T+3,XGBoost,0.47,0.989041095890411,0.9848484848484849,0.9701492537313433,0.9774436090225563,0.9990750600083019,0.9973893766673697,0.9826562471800611,823,4,8,260
T+3,XGBoost,0.48,0.989041095890411,0.9848484848484849,0.9701492537313433,0.9774436090225563,0.9990750600083019,0.9973893766673697,0.9826562471800611,823,4,8,260
T+3,XGBoost,0.49,0.989041095890411,0.9848484848484849,0.9701492537313433,0.9774436090225563,0.9990750600083019,0.9973893766673697,0.9826562471800611,823,4,8,260
T+3,XGBoost,0.5,0.989041095890411,0.9848484848484849,0.9701492537313433,0.9774436090225563,0.9990750600083019,0.9973893766673697,0.9826562471800611,823,4,8,260
T+3,XGBoost,0.51,0.9899543378995433,0.9885931558935361,0.9701492537313433,0.9792843691148776,0.9990750600083019,0.9973893766673697,0.9832608421014637,824,3,8,260
T+3,XGBoost,0.52,0.9899543378995433,0.9885931558935361,0.9701492537313433,0.9792843691148776,0.9990750600083019,0.9973893766673697,0.9832608421014637,824,3,8,260
T+3,XGBoost,0.53,0.9899543378995433,0.9885931558935361,0.9701492537313433,0.9792843691148776,0.9990750600083019,0.9973893766673697,0.9832608421014637,824,3,8,260
T+3,XGBoost,0.54,0.9899543378995433,0.9885931558935361,0.9701492537313433,0.9792843691148776,0.9990750600083019,0.9973893766673697,0.9832608421014637,824,3,8,260
T+3,XGBoost,0.55,0.9899543378995433,0.9885931558935361,0.9701492537313433,0.9792843691148776,0.9990750600083019,0.9973893766673697,0.9832608421014637,824,3,8,260
T+3,XGBoost,0.56,0.9899543378995433,0.9885931558935361,0.9701492537313433,0.9792843691148776,0.9990750600083019,0.9973893766673697,0.9832608421014637,824,3,8,260
T+3,XGBoost,0.57,0.9908675799086758,0.9923664122137404,0.9701492537313433,0.9811320754716981,0.9990750600083019,0.9973893766673697,0.9838654370228663,825,2,8,260
T+3,XGBoost,0.58,0.9917808219178083,0.9961685823754789,0.9701492537313433,0.9829867674858223,0.9990750600083019,0.9973893766673697,0.984470031944269,826,1,8,260
T+3,XGBoost,0.59,0.9917808219178083,0.9961685823754789,0.9701492537313433,0.9829867674858223,0.9990750600083019,0.9973893766673697,0.984470031944269,826,1,8,260
T+3,XGBoost,0.6,0.9917808219178083,0.9961685823754789,0.9701492537313433,0.9829867674858223,0.9990750600083019,0.9973893766673697,0.984470031944269,826,1,8,260
T+3,XGBoost,0.61,0.9917808219178083,0.9961685823754789,0.9701492537313433,0.9829867674858223,0.9990750600083019,0.9973893766673697,0.984470031944269,826,1,8,260
T+3,XGBoost,0.62,0.9917808219178083,0.9961685823754789,0.9701492537313433,0.9829867674858223,0.9990750600083019,0.9973893766673697,0.984470031944269,826,1,8,260
T+3,XGBoost,0.63,0.9917808219178083,0.9961685823754789,0.9701492537313433,0.9829867674858223,0.9990750600083019,0.9973893766673697,0.984470031944269,826,1,8,260
T+3,XGBoost,0.64,0.9917808219178083,0.9961685823754789,0.9701492537313433,0.9829867674858223,0.9990750600083019,0.9973893766673697,0.984470031944269,826,1,8,260
T+3,XGBoost,0.65,0.9917808219178083,0.9961685823754789,0.9701492537313433,0.9829867674858223,0.9990750600083019,0.9973893766673697,0.984470031944269,826,1,8,260
T+3,XGBoost,0.66,0.9908675799086758,0.9961538461538462,0.9664179104477612,0.9810606060606061,0.9990750600083019,0.9973893766673697,0.9826043603024779,826,1,9,259
T+3,XGBoost,0.67,0.9908675799086758,0.9961538461538462,0.9664179104477612,0.9810606060606061,0.9990750600083019,0.9973893766673697,0.9826043603024779,826,1,9,259
T+3,XGBoost,0.68,0.9908675799086758,0.9961538461538462,0.9664179104477612,0.9810606060606061,0.9990750600083019,0.9973893766673697,0.9826043603024779,826,1,9,259
T+3,XGBoost,0.69,0.9908675799086758,0.9961538461538462,0.9664179104477612,0.9810606060606061,0.9990750600083019,0.9973893766673697,0.9826043603024779,826,1,9,259
T+3,XGBoost,0.7,0.9908675799086758,0.9961538461538462,0.9664179104477612,0.9810606060606061,0.9990750600083019,0.9973893766673697,0.9826043603024779,826,1,9,259
T+3,XGBoost,0.71,0.9908675799086758,0.9961538461538462,0.9664179104477612,0.9810606060606061,0.9990750600083019,0.9973893766673697,0.9826043603024779,826,1,9,259
T+3,XGBoost,0.72,0.9899543378995433,0.9961389961389961,0.9626865671641791,0.9791271347248577,0.9990750600083019,0.9973893766673697,0.9807386886606869,826,1,10,258
T+3,XGBoost,0.73,0.9899543378995433,0.9961389961389961,0.9626865671641791,0.9791271347248577,0.9990750600083019,0.9973893766673697,0.9807386886606869,826,1,10,258
T+3,XGBoost,0.74,0.989041095890411,0.9961240310077519,0.9589552238805971,0.9771863117870723,0.9990750600083019,0.9973893766673697,0.978873017018896,826,1,11,257
T+3,XGBoost,0.75,0.989041095890411,0.9961240310077519,0.9589552238805971,0.9771863117870723,0.9990750600083019,0.9973893766673697,0.978873017018896,826,1,11,257
T+3,XGBoost,0.76,0.989041095890411,0.9961240310077519,0.9589552238805971,0.9771863117870723,0.9990750600083019,0.9973893766673697,0.978873017018896,826,1,11,257
T+3,XGBoost,0.77,0.989041095890411,0.9961240310077519,0.9589552238805971,0.9771863117870723,0.9990750600083019,0.9973893766673697,0.978873017018896,826,1,11,257
T+3,XGBoost,0.78,0.989041095890411,0.9961240310077519,0.9589552238805971,0.9771863117870723,0.9990750600083019,0.9973893766673697,0.978873017018896,826,1,11,257
T+3,XGBoost,0.79,0.989041095890411,0.9961240310077519,0.9589552238805971,0.9771863117870723,0.9990750600083019,0.9973893766673697,0.978873017018896,826,1,11,257
T+3,XGBoost,0.8,0.9881278538812786,0.9961089494163424,0.9552238805970149,0.9752380952380952,0.9990750600083019,0.9973893766673697,0.9770073453771049,826,1,12,256
T+3,XGBoost,0.81,0.9881278538812786,0.9961089494163424,0.9552238805970149,0.9752380952380952,0.9990750600083019,0.9973893766673697,0.9770073453771049,826,1,12,256
T+3,XGBoost,0.82,0.9881278538812786,0.9961089494163424,0.9552238805970149,0.9752380952380952,0.9990750600083019,0.9973893766673697,0.9770073453771049,826,1,12,256
T+3,XGBoost,0.83,0.9881278538812786,0.9961089494163424,0.9552238805970149,0.9752380952380952,0.9990750600083019,0.9973893766673697,0.9770073453771049,826,1,12,256
T+3,XGBoost,0.84,0.9881278538812786,0.9961089494163424,0.9552238805970149,0.9752380952380952,0.9990750600083019,0.9973893766673697,0.9770073453771049,826,1,12,256
T+3,XGBoost,0.85,0.9881278538812786,0.9961089494163424,0.9552238805970149,0.9752380952380952,0.9990750600083019,0.9973893766673697,0.9770073453771049,826,1,12,256
T+3,XGBoost,0.86,0.9881278538812786,1.0,0.9514925373134329,0.9751434034416826,0.9990750600083019,0.9973893766673697,0.9757462686567164,827,0,13,255
T+3,XGBoost,0.87,0.9881278538812786,1.0,0.9514925373134329,0.9751434034416826,0.9990750600083019,0.9973893766673697,0.9757462686567164,827,0,13,255
T+3,XGBoost,0.88,0.9872146118721461,1.0,0.9477611940298507,0.9731800766283525,0.9990750600083019,0.9973893766673697,0.9738805970149254,827,0,14,254
T+3,XGBoost,0.89,0.9872146118721461,1.0,0.9477611940298507,0.9731800766283525,0.9990750600083019,0.9973893766673697,0.9738805970149254,827,0,14,254
T+3,XGBoost,0.9,0.9872146118721461,1.0,0.9477611940298507,0.9731800766283525,0.9990750600083019,0.9973893766673697,0.9738805970149254,827,0,14,254
T+3,XGBoost,0.91,0.9863013698630136,1.0,0.9440298507462687,0.9712092130518234,0.9990750600083019,0.9973893766673697,0.9720149253731343,827,0,15,253
T+3,XGBoost,0.92,0.9853881278538813,1.0,0.9402985074626866,0.9692307692307692,0.9990750600083019,0.9973893766673697,0.9701492537313433,827,0,16,252
T+3,XGBoost,0.93,0.9835616438356164,1.0,0.9328358208955224,0.9652509652509652,0.9990750600083019,0.9973893766673697,0.9664179104477613,827,0,18,250
T+3,XGBoost,0.94,0.9771689497716894,1.0,0.9067164179104478,0.9510763209393346,0.9990750600083019,0.9973893766673697,0.9533582089552239,827,0,25,243
T+3,XGBoost,0.95,0.9762557077625571,1.0,0.9029850746268657,0.9490196078431372,0.9990750600083019,0.9973893766673697,0.9514925373134329,827,0,26,242
T+3,LightGBM,0.05,0.9899543378995433,0.9849056603773585,0.9738805970149254,0.9793621013133208,0.9987547149380064,0.9966202243775719,0.984521918821852,823,4,7,261
T+3,LightGBM,0.06,0.9899543378995433,0.9849056603773585,0.9738805970149254,0.9793621013133208,0.9987547149380064,0.9966202243775719,0.984521918821852,823,4,7,261
T+3,LightGBM,0.07,0.9899543378995433,0.9849056603773585,0.9738805970149254,0.9793621013133208,0.9987547149380064,0.9966202243775719,0.984521918821852,823,4,7,261
T+3,LightGBM,0.08,0.9899543378995433,0.9885931558935361,0.9701492537313433,0.9792843691148776,0.9987547149380064,0.9966202243775719,0.9832608421014637,824,3,8,260
T+3,LightGBM,0.09,0.9899543378995433,0.9885931558935361,0.9701492537313433,0.9792843691148776,0.9987547149380064,0.9966202243775719,0.9832608421014637,824,3,8,260
T+3,LightGBM,0.1,0.9899543378995433,0.9885931558935361,0.9701492537313433,0.9792843691148776,0.9987547149380064,0.9966202243775719,0.9832608421014637,824,3,8,260
T+3,LightGBM,0.11,0.9899543378995433,0.9885931558935361,0.9701492537313433,0.9792843691148776,0.9987547149380064,0.9966202243775719,0.9832608421014637,824,3,8,260
T+3,LightGBM,0.12,0.9899543378995433,0.9885931558935361,0.9701492537313433,0.9792843691148776,0.9987547149380064,0.9966202243775719,0.9832608421014637,824,3,8,260
T+3,LightGBM,0.13,0.9899543378995433,0.9885931558935361,0.9701492537313433,0.9792843691148776,0.9987547149380064,0.9966202243775719,0.9832608421014637,824,3,8,260
T+3,LightGBM,0.14,0.9908675799086758,0.9923664122137404,0.9701492537313433,0.9811320754716981,0.9987547149380064,0.9966202243775719,0.9838654370228663,825,2,8,260
T+3,LightGBM,0.15,0.9908675799086758,0.9923664122137404,0.9701492537313433,0.9811320754716981,0.9987547149380064,0.9966202243775719,0.9838654370228663,825,2,8,260
T+3,LightGBM,0.16,0.9908675799086758,0.9923664122137404,0.9701492537313433,0.9811320754716981,0.9987547149380064,0.9966202243775719,0.9838654370228663,825,2,8,260
T+3,LightGBM,0.17,0.9908675799086758,0.9923664122137404,0.9701492537313433,0.9811320754716981,0.9987547149380064,0.9966202243775719,0.9838654370228663,825,2,8,260
T+3,LightGBM,0.18,0.9908675799086758,0.9923664122137404,0.9701492537313433,0.9811320754716981,0.9987547149380064,0.9966202243775719,0.9838654370228663,825,2,8,260
T+3,LightGBM,0.19,0.9908675799086758,0.9923664122137404,0.9701492537313433,0.9811320754716981,0.9987547149380064,0.9966202243775719,0.9838654370228663,825,2,8,260
T+3,LightGBM,0.2,0.9908675799086758,0.9923664122137404,0.9701492537313433,0.9811320754716981,0.9987547149380064,0.9966202243775719,0.9838654370228663,825,2,8,260
T+3,LightGBM,0.21,0.9908675799086758,0.9923664122137404,0.9701492537313433,0.9811320754716981,0.9987547149380064,0.9966202243775719,0.9838654370228663,825,2,8,260
T+3,LightGBM,0.22,0.9908675799086758,0.9923664122137404,0.9701492537313433,0.9811320754716981,0.9987547149380064,0.9966202243775719,0.9838654370228663,825,2,8,260
T+3,LightGBM,0.23,0.9908675799086758,0.9923664122137404,0.9701492537313433,0.9811320754716981,0.9987547149380064,0.9966202243775719,0.9838654370228663,825,2,8,260
T+3,LightGBM,0.24,0.9908675799086758,0.9923664122137404,0.9701492537313433,0.9811320754716981,0.9987547149380064,0.9966202243775719,0.9838654370228663,825,2,8,260
T+3,LightGBM,0.25,0.9908675799086758,0.9923664122137404,0.9701492537313433,0.9811320754716981,0.9987547149380064,0.9966202243775719,0.9838654370228663,825,2,8,260
T+3,LightGBM,0.26,0.9908675799086758,0.9923664122137404,0.9701492537313433,0.9811320754716981,0.9987547149380064,0.9966202243775719,0.9838654370228663,825,2,8,260
T+3,LightGBM,0.27,0.9908675799086758,0.9923664122137404,0.9701492537313433,0.9811320754716981,0.9987547149380064,0.9966202243775719,0.9838654370228663,825,2,8,260
T+3,LightGBM,0.28,0.9908675799086758,0.9923664122137404,0.9701492537313433,0.9811320754716981,0.9987547149380064,0.9966202243775719,0.9838654370228663,825,2,8,260
T+3,LightGBM,0.29,0.9908675799086758,0.9923664122137404,0.9701492537313433,0.9811320754716981,0.9987547149380064,0.9966202243775719,0.9838654370228663,825,2,8,260
T+3,LightGBM,0.3,0.9908675799086758,0.9923664122137404,0.9701492537313433,0.9811320754716981,0.9987547149380064,0.9966202243775719,0.9838654370228663,825,2,8,260
T+3,LightGBM,0.31,0.9908675799086758,0.9923664122137404,0.9701492537313433,0.9811320754716981,0.9987547149380064,0.9966202243775719,0.9838654370228663,825,2,8,260
T+3,LightGBM,0.32,0.9908675799086758,0.9923664122137404,0.9701492537313433,0.9811320754716981,0.9987547149380064,0.9966202243775719,0.9838654370228663,825,2,8,260
T+3,LightGBM,0.33,0.9908675799086758,0.9923664122137404,0.9701492537313433,0.9811320754716981,0.9987547149380064,0.9966202243775719,0.9838654370228663,825,2,8,260
T+3,LightGBM,0.34,0.9908675799086758,0.9923664122137404,0.9701492537313433,0.9811320754716981,0.9987547149380064,0.9966202243775719,0.9838654370228663,825,2,8,260
T+3,LightGBM,0.35,0.9908675799086758,0.9923664122137404,0.9701492537313433,0.9811320754716981,0.9987547149380064,0.9966202243775719,0.9838654370228663,825,2,8,260
T+3,LightGBM,0.36,0.9908675799086758,0.9923664122137404,0.9701492537313433,0.9811320754716981,0.9987547149380064,0.9966202243775719,0.9838654370228663,825,2,8,260
T+3,LightGBM,0.37,0.9908675799086758,0.9923664122137404,0.9701492537313433,0.9811320754716981,0.9987547149380064,0.9966202243775719,0.9838654370228663,825,2,8,260
T+3,LightGBM,0.38,0.9908675799086758,0.9923664122137404,0.9701492537313433,0.9811320754716981,0.9987547149380064,0.9966202243775719,0.9838654370228663,825,2,8,260
T+3,LightGBM,0.39,0.9908675799086758,0.9923664122137404,0.9701492537313433,0.9811320754716981,0.9987547149380064,0.9966202243775719,0.9838654370228663,825,2,8,260
T+3,LightGBM,0.4,0.9908675799086758,0.9923664122137404,0.9701492537313433,0.9811320754716981,0.9987547149380064,0.9966202243775719,0.9838654370228663,825,2,8,260
T+3,LightGBM,0.41,0.9908675799086758,0.9923664122137404,0.9701492537313433,0.9811320754716981,0.9987547149380064,0.9966202243775719,0.9838654370228663,825,2,8,260
T+3,LightGBM,0.42,0.9908675799086758,0.9923664122137404,0.9701492537313433,0.9811320754716981,0.9987547149380064,0.9966202243775719,0.9838654370228663,825,2,8,260
T+3,LightGBM,0.43,0.9908675799086758,0.9923664122137404,0.9701492537313433,0.9811320754716981,0.9987547149380064,0.9966202243775719,0.9838654370228663,825,2,8,260
T+3,LightGBM,0.44,0.9908675799086758,0.9923664122137404,0.9701492537313433,0.9811320754716981,0.9987547149380064,0.9966202243775719,0.9838654370228663,825,2,8,260
T+3,LightGBM,0.45,0.9908675799086758,0.9923664122137404,0.9701492537313433,0.9811320754716981,0.9987547149380064,0.9966202243775719,0.9838654370228663,825,2,8,260
T+3,LightGBM,0.46,0.9908675799086758,0.9923664122137404,0.9701492537313433,0.9811320754716981,0.9987547149380064,0.9966202243775719,0.9838654370228663,825,2,8,260
T+3,LightGBM,0.47,0.9908675799086758,0.9923664122137404,0.9701492537313433,0.9811320754716981,0.9987547149380064,0.9966202243775719,0.9838654370228663,825,2,8,260
T+3,LightGBM,0.48,0.9908675799086758,0.9923664122137404,0.9701492537313433,0.9811320754716981,0.9987547149380064,0.9966202243775719,0.9838654370228663,825,2,8,260
T+3,LightGBM,0.49,0.9908675799086758,0.9923664122137404,0.9701492537313433,0.9811320754716981,0.9987547149380064,0.9966202243775719,0.9838654370228663,825,2,8,260
T+3,LightGBM,0.5,0.9908675799086758,0.9923664122137404,0.9701492537313433,0.9811320754716981,0.9987547149380064,0.9966202243775719,0.9838654370228663,825,2,8,260
T+3,LightGBM,0.51,0.9908675799086758,0.9923664122137404,0.9701492537313433,0.9811320754716981,0.9987547149380064,0.9966202243775719,0.9838654370228663,825,2,8,260
T+3,LightGBM,0.52,0.9908675799086758,0.9923664122137404,0.9701492537313433,0.9811320754716981,0.9987547149380064,0.9966202243775719,0.9838654370228663,825,2,8,260
T+3,LightGBM,0.53,0.9908675799086758,0.9923664122137404,0.9701492537313433,0.9811320754716981,0.9987547149380064,0.9966202243775719,0.9838654370228663,825,2,8,260
T+3,LightGBM,0.54,0.9908675799086758,0.9923664122137404,0.9701492537313433,0.9811320754716981,0.9987547149380064,0.9966202243775719,0.9838654370228663,825,2,8,260
T+3,LightGBM,0.55,0.9917808219178083,0.9961685823754789,0.9701492537313433,0.9829867674858223,0.9987547149380064,0.9966202243775719,0.984470031944269,826,1,8,260
T+3,LightGBM,0.56,0.9917808219178083,0.9961685823754789,0.9701492537313433,0.9829867674858223,0.9987547149380064,0.9966202243775719,0.984470031944269,826,1,8,260
T+3,LightGBM,0.57,0.9917808219178083,0.9961685823754789,0.9701492537313433,0.9829867674858223,0.9987547149380064,0.9966202243775719,0.984470031944269,826,1,8,260
T+3,LightGBM,0.58,0.9917808219178083,0.9961685823754789,0.9701492537313433,0.9829867674858223,0.9987547149380064,0.9966202243775719,0.984470031944269,826,1,8,260
T+3,LightGBM,0.59,0.9917808219178083,0.9961685823754789,0.9701492537313433,0.9829867674858223,0.9987547149380064,0.9966202243775719,0.984470031944269,826,1,8,260
T+3,LightGBM,0.6,0.9917808219178083,0.9961685823754789,0.9701492537313433,0.9829867674858223,0.9987547149380064,0.9966202243775719,0.984470031944269,826,1,8,260
T+3,LightGBM,0.61,0.9917808219178083,0.9961685823754789,0.9701492537313433,0.9829867674858223,0.9987547149380064,0.9966202243775719,0.984470031944269,826,1,8,260
T+3,LightGBM,0.62,0.9917808219178083,0.9961685823754789,0.9701492537313433,0.9829867674858223,0.9987547149380064,0.9966202243775719,0.984470031944269,826,1,8,260
T+3,LightGBM,0.63,0.9917808219178083,0.9961685823754789,0.9701492537313433,0.9829867674858223,0.9987547149380064,0.9966202243775719,0.984470031944269,826,1,8,260
T+3,LightGBM,0.64,0.9917808219178083,0.9961685823754789,0.9701492537313433,0.9829867674858223,0.9987547149380064,0.9966202243775719,0.984470031944269,826,1,8,260
T+3,LightGBM,0.65,0.9917808219178083,0.9961685823754789,0.9701492537313433,0.9829867674858223,0.9987547149380064,0.9966202243775719,0.984470031944269,826,1,8,260
T+3,LightGBM,0.66,0.9917808219178083,0.9961685823754789,0.9701492537313433,0.9829867674858223,0.9987547149380064,0.9966202243775719,0.984470031944269,826,1,8,260
T+3,LightGBM,0.67,0.9917808219178083,0.9961685823754789,0.9701492537313433,0.9829867674858223,0.9987547149380064,0.9966202243775719,0.984470031944269,826,1,8,260
T+3,LightGBM,0.68,0.9917808219178083,0.9961685823754789,0.9701492537313433,0.9829867674858223,0.9987547149380064,0.9966202243775719,0.984470031944269,826,1,8,260
T+3,LightGBM,0.69,0.9917808219178083,0.9961685823754789,0.9701492537313433,0.9829867674858223,0.9987547149380064,0.9966202243775719,0.984470031944269,826,1,8,260
T+3,LightGBM,0.7,0.9917808219178083,0.9961685823754789,0.9701492537313433,0.9829867674858223,0.9987547149380064,0.9966202243775719,0.984470031944269,826,1,8,260
T+3,LightGBM,0.71,0.9917808219178083,0.9961685823754789,0.9701492537313433,0.9829867674858223,0.9987547149380064,0.9966202243775719,0.984470031944269,826,1,8,260
T+3,LightGBM,0.72,0.9917808219178083,0.9961685823754789,0.9701492537313433,0.9829867674858223,0.9987547149380064,0.9966202243775719,0.984470031944269,826,1,8,260
T+3,LightGBM,0.73,0.9908675799086758,0.9961538461538462,0.9664179104477612,0.9810606060606061,0.9987547149380064,0.9966202243775719,0.9826043603024779,826,1,9,259
T+3,LightGBM,0.74,0.9908675799086758,0.9961538461538462,0.9664179104477612,0.9810606060606061,0.9987547149380064,0.9966202243775719,0.9826043603024779,826,1,9,259
T+3,LightGBM,0.75,0.9908675799086758,0.9961538461538462,0.9664179104477612,0.9810606060606061,0.9987547149380064,0.9966202243775719,0.9826043603024779,826,1,9,259
T+3,LightGBM,0.76,0.9899543378995433,0.9961389961389961,0.9626865671641791,0.9791271347248577,0.9987547149380064,0.9966202243775719,0.9807386886606869,826,1,10,258
T+3,LightGBM,0.77,0.9899543378995433,0.9961389961389961,0.9626865671641791,0.9791271347248577,0.9987547149380064,0.9966202243775719,0.9807386886606869,826,1,10,258
T+3,LightGBM,0.78,0.9899543378995433,0.9961389961389961,0.9626865671641791,0.9791271347248577,0.9987547149380064,0.9966202243775719,0.9807386886606869,826,1,10,258
T+3,LightGBM,0.79,0.9899543378995433,0.9961389961389961,0.9626865671641791,0.9791271347248577,0.9987547149380064,0.9966202243775719,0.9807386886606869,826,1,10,258
T+3,LightGBM,0.8,0.9899543378995433,0.9961389961389961,0.9626865671641791,0.9791271347248577,0.9987547149380064,0.9966202243775719,0.9807386886606869,826,1,10,258
T+3,LightGBM,0.81,0.9899543378995433,0.9961389961389961,0.9626865671641791,0.9791271347248577,0.9987547149380064,0.9966202243775719,0.9807386886606869,826,1,10,258
T+3,LightGBM,0.82,0.9899543378995433,0.9961389961389961,0.9626865671641791,0.9791271347248577,0.9987547149380064,0.9966202243775719,0.9807386886606869,826,1,10,258
T+3,LightGBM,0.83,0.9899543378995433,0.9961389961389961,0.9626865671641791,0.9791271347248577,0.9987547149380064,0.9966202243775719,0.9807386886606869,826,1,10,258
T+3,LightGBM,0.84,0.9899543378995433,0.9961389961389961,0.9626865671641791,0.9791271347248577,0.9987547149380064,0.9966202243775719,0.9807386886606869,826,1,10,258
T+3,LightGBM,0.85,0.9899543378995433,0.9961389961389961,0.9626865671641791,0.9791271347248577,0.9987547149380064,0.9966202243775719,0.9807386886606869,826,1,10,258
T+3,LightGBM,0.86,0.9899543378995433,0.9961389961389961,0.9626865671641791,0.9791271347248577,0.9987547149380064,0.9966202243775719,0.9807386886606869,826,1,10,258
T+3,LightGBM,0.87,0.989041095890411,0.9961240310077519,0.9589552238805971,0.9771863117870723,0.9987547149380064,0.9966202243775719,0.978873017018896,826,1,11,257
T+3,LightGBM,0.88,0.989041095890411,0.9961240310077519,0.9589552238805971,0.9771863117870723,0.9987547149380064,0.9966202243775719,0.978873017018896,826,1,11,257
T+3,LightGBM,0.89,0.989041095890411,0.9961240310077519,0.9589552238805971,0.9771863117870723,0.9987547149380064,0.9966202243775719,0.978873017018896,826,1,11,257
T+3,LightGBM,0.9,0.989041095890411,0.9961240310077519,0.9589552238805971,0.9771863117870723,0.9987547149380064,0.9966202243775719,0.978873017018896,826,1,11,257
T+3,LightGBM,0.91,0.9881278538812786,0.9961089494163424,0.9552238805970149,0.9752380952380952,0.9987547149380064,0.9966202243775719,0.9770073453771049,826,1,12,256
T+3,LightGBM,0.92,0.9881278538812786,0.9961089494163424,0.9552238805970149,0.9752380952380952,0.9987547149380064,0.9966202243775719,0.9770073453771049,826,1,12,256
T+3,LightGBM,0.93,0.9872146118721461,0.99609375,0.9514925373134329,0.9732824427480916,0.9987547149380064,0.9966202243775719,0.9751416737353138,826,1,13,255
T+3,LightGBM,0.94,0.9872146118721461,0.99609375,0.9514925373134329,0.9732824427480916,0.9987547149380064,0.9966202243775719,0.9751416737353138,826,1,13,255
T+3,LightGBM,0.95,0.9872146118721461,1.0,0.9477611940298507,0.9731800766283525,0.9987547149380064,0.9966202243775719,0.9738805970149254,827,0,14,254
T+7,RandomForest,0.05,0.873972602739726,0.6600985221674877,1.0,0.7952522255192879,0.9940713602483351,0.9838010130592458,0.9165659008464329,689,138,0,268
T+7,RandomForest,0.06,0.8849315068493151,0.6802030456852792,1.0,0.8096676737160121,0.9940713602483351,0.9838010130592458,0.9238210399032648,701,126,0,268
T+7,RandomForest,0.07,0.897716894977169,0.7052631578947368,1.0,0.8271604938271605,0.9940713602483351,0.9838010130592458,0.932285368802902,715,112,0,268
T+7,RandomForest,0.08,0.9059360730593607,0.7223719676549866,1.0,0.838810641627543,0.9940713602483351,0.9838010130592458,0.937726723095526,724,103,0,268
T+7,RandomForest,0.09,0.9114155251141552,0.7355371900826446,0.996268656716418,0.8462757527733756,0.9940713602483351,0.9838010130592458,0.9400932159035535,731,96,1,267
T+7,RandomForest,0.1,0.915068493150685,0.7450980392156863,0.9925373134328358,0.8512,0.9940713602483351,0.9838010130592458,0.9412505188687759,736,91,2,266
T+7,RandomForest,0.11,0.9187214611872146,0.7535410764872521,0.9925373134328358,0.856682769726248,0.9940713602483351,0.9838010130592458,0.9436688985543864,740,87,2,266
T+7,RandomForest,0.12,0.9223744292237442,0.7621776504297995,0.9925373134328358,0.8622366288492707,0.9940713602483351,0.9838010130592458,0.9460872782399972,744,83,2,266
T+7,RandomForest,0.13,0.9287671232876712,0.7777777777777778,0.9925373134328358,0.8721311475409836,0.9940713602483351,0.9838010130592458,0.9503194426898157,751,76,2,266
T+7,RandomForest,0.14,0.9333333333333333,0.7893175074183977,0.9925373134328358,0.8793388429752066,0.9940713602483351,0.9838010130592458,0.953342417296829,756,71,2,266
T+7,RandomForest,0.15,0.9360730593607306,0.801829268292683,0.9813432835820896,0.8825503355704698,0.9940713602483351,0.9838010130592458,0.9513729718998718,762,65,5,263
T+7,RandomForest,0.16,0.9342465753424658,0.8043478260869565,0.9664179104477612,0.8779661016949153,0.9940713602483351,0.9838010130592458,0.945119475175513,764,63,9,259
T+7,RandomForest,0.17,0.9360730593607306,0.8113207547169812,0.9626865671641791,0.8805460750853242,0.9940713602483351,0.9838010130592458,0.9450675882979299,767,60,10,258
T+7,RandomForest,0.18,0.9360730593607306,0.8113207547169812,0.9626865671641791,0.8805460750853242,0.9940713602483351,0.9838010130592458,0.9450675882979299,767,60,10,258
T+7,RandomForest,0.19,0.9397260273972603,0.821656050955414,0.9626865671641791,0.8865979381443299,0.9940713602483351,0.9838010130592458,0.9474859679835406,771,56,10,258
T+7,RandomForest,0.2,0.9415525114155251,0.8311688311688312,0.9552238805970149,0.8888888888888888,0.9940713602483351,0.9838010130592458,0.9461730043855692,775,52,12,256
T+7,RandomForest,0.21,0.9415525114155251,0.8311688311688312,0.9552238805970149,0.8888888888888888,0.9940713602483351,0.9838010130592458,0.9461730043855692,775,52,12,256
T+7,RandomForest,0.22,0.9424657534246575,0.8360655737704918,0.9514925373134329,0.8900523560209425,0.9940713602483351,0.9838010130592458,0.9455165225865834,777,50,13,255
T+7,RandomForest,0.23,0.9452054794520548,0.8466666666666667,0.9477611940298507,0.8943661971830986,0.9940713602483351,0.9838010130592458,0.946069230630403,781,46,14,254
T+7,RandomForest,0.24,0.947945205479452,0.8552188552188552,0.9477611940298507,0.8991150442477877,0.9940713602483351,0.9838010130592458,0.947883015394611,784,43,14,254
T+7,RandomForest,0.25,0.9497716894977168,0.863481228668942,0.9440298507462687,0.9019607843137255,0.9940713602483351,0.9838010130592458,0.947831128517028,787,40,15,253
T+7,RandomForest,0.26,0.9525114155251142,0.8724137931034482,0.9440298507462687,0.9068100358422939,0.9940713602483351,0.9838010130592458,0.9496449132812359,790,37,15,253
T+7,RandomForest,0.27,0.9561643835616438,0.8846153846153846,0.9440298507462687,0.9133574007220217,0.9940713602483351,0.9838010130592458,0.9520632929668466,794,33,15,253
T+7,RandomForest,0.28,0.9561643835616438,0.8873239436619719,0.9402985074626866,0.9130434782608695,0.9940713602483351,0.9838010130592458,0.9508022162464582,795,32,16,252
T+7,RandomForest,0.29,0.9561643835616438,0.8873239436619719,0.9402985074626866,0.9130434782608695,0.9940713602483351,0.9838010130592458,0.9508022162464582,795,32,16,252
T+7,RandomForest,0.3,0.9561643835616438,0.8873239436619719,0.9402985074626866,0.9130434782608695,0.9940713602483351,0.9838010130592458,0.9508022162464582,795,32,16,252
T+7,RandomForest,0.31,0.9552511415525115,0.8896797153024911,0.9328358208955224,0.9107468123861566,0.9940713602483351,0.9838010130592458,0.9476754678842787,796,31,18,250
T+7,RandomForest,0.32,0.958904109589041,0.9025270758122743,0.9328358208955224,0.9174311926605505,0.9940713602483351,0.9838010130592458,0.9500938475698895,800,27,18,250
T+7,RandomForest,0.33,0.9598173515981735,0.9087591240875912,0.9291044776119403,0.9188191881918819,0.9940713602483351,0.9838010130592458,0.9494373657709037,802,25,19,249
T+7,RandomForest,0.34,0.9598173515981735,0.9087591240875912,0.9291044776119403,0.9188191881918819,0.9940713602483351,0.9838010130592458,0.9494373657709037,802,25,19,249
T+7,RandomForest,0.35,0.960730593607306,0.915129151291513,0.9253731343283582,0.9202226345083488,0.9940713602483351,0.9838010130592458,0.9487808839719178,804,23,20,248
T+7,RandomForest,0.36,0.9616438356164384,0.9185185185185185,0.9253731343283582,0.9219330855018587,0.9940713602483351,0.9838010130592458,0.9493854788933206,805,22,20,248
T+7,RandomForest,0.37,0.9625570776255707,0.9219330855018587,0.9253731343283582,0.9236499068901304,0.9940713602483351,0.9838010130592458,0.9499900738147232,806,21,20,248
T+7,RandomForest,0.38,0.9643835616438357,0.9288389513108615,0.9253731343283582,0.9271028037383178,0.9940713602483351,0.9838010130592458,0.9511992636575286,808,19,20,248
T+7,RandomForest,0.39,0.9643835616438357,0.9320754716981132,0.9216417910447762,0.926829268292683,0.9940713602483351,0.9838010130592458,0.9499381869371402,809,18,21,247
T+7,RandomForest,0.4,0.9643835616438357,0.9320754716981132,0.9216417910447762,0.926829268292683,0.9940713602483351,0.9838010130592458,0.9499381869371402,809,18,21,247
T+7,RandomForest,0.41,0.965296803652968,0.9356060606060606,0.9216417910447762,0.9285714285714286,0.9940713602483351,0.9838010130592458,0.9505427818585428,810,17,21,247
T+7,RandomForest,0.42,0.965296803652968,0.9356060606060606,0.9216417910447762,0.9285714285714286,0.9940713602483351,0.9838010130592458,0.9505427818585428,810,17,21,247
T+7,RandomForest,0.43,0.9662100456621004,0.9391634980988594,0.9216417910447762,0.9303201506591338,0.9940713602483351,0.9838010130592458,0.9511473767799455,811,16,21,247
T+7,RandomForest,0.44,0.9662100456621004,0.9391634980988594,0.9216417910447762,0.9303201506591338,0.9940713602483351,0.9838010130592458,0.9511473767799455,811,16,21,247
T+7,RandomForest,0.45,0.9662100456621004,0.9391634980988594,0.9216417910447762,0.9303201506591338,0.9940713602483351,0.9838010130592458,0.9511473767799455,811,16,21,247
T+7,RandomForest,0.46,0.9662100456621004,0.9425287356321839,0.917910447761194,0.9300567107750473,0.9940713602483351,0.9838010130592458,0.9498863000595571,812,15,22,246
T+7,RandomForest,0.47,0.9662100456621004,0.9425287356321839,0.917910447761194,0.9300567107750473,0.9940713602483351,0.9838010130592458,0.9498863000595571,812,15,22,246
T+7,RandomForest,0.48,0.9662100456621004,0.9425287356321839,0.917910447761194,0.9300567107750473,0.9940713602483351,0.9838010130592458,0.9498863000595571,812,15,22,246
T+7,RandomForest,0.49,0.9662100456621004,0.9425287356321839,0.917910447761194,0.9300567107750473,0.9940713602483351,0.9838010130592458,0.9498863000595571,812,15,22,246
T+7,RandomForest,0.5,0.965296803652968,0.9423076923076923,0.914179104477612,0.928030303030303,0.9940713602483351,0.9838010130592458,0.9480206284177661,812,15,23,245
T+7,RandomForest,0.51,0.965296803652968,0.9423076923076923,0.914179104477612,0.928030303030303,0.9940713602483351,0.9838010130592458,0.9480206284177661,812,15,23,245
T+7,RandomForest,0.52,0.9662100456621004,0.9459459459459459,0.914179104477612,0.9297912713472486,0.9940713602483351,0.9838010130592458,0.9486252233391688,813,14,23,245
T+7,RandomForest,0.53,0.9662100456621004,0.9459459459459459,0.914179104477612,0.9297912713472486,0.9940713602483351,0.9838010130592458,0.9486252233391688,813,14,23,245
T+7,RandomForest,0.54,0.965296803652968,0.94921875,0.9067164179104478,0.9274809160305344,0.9940713602483351,0.9838010130592458,0.9454984749769892,814,13,25,243
T+7,RandomForest,0.55,0.965296803652968,0.94921875,0.9067164179104478,0.9274809160305344,0.9940713602483351,0.9838010130592458,0.9454984749769892,814,13,25,243
T+7,RandomForest,0.56,0.965296803652968,0.94921875,0.9067164179104478,0.9274809160305344,0.9940713602483351,0.9838010130592458,0.9454984749769892,814,13,25,243
T+7,RandomForest,0.57,0.965296803652968,0.94921875,0.9067164179104478,0.9274809160305344,0.9940713602483351,0.9838010130592458,0.9454984749769892,814,13,25,243
T+7,RandomForest,0.58,0.9662100456621004,0.9601593625498008,0.8992537313432836,0.928709055876686,0.9940713602483351,0.9838010130592458,0.9435809164576152,817,10,27,241
T+7,RandomForest,0.59,0.9698630136986301,0.9757085020242915,0.8992537313432836,0.9359223300970874,0.9940713602483351,0.9838010130592458,0.9459992961432258,821,6,27,241
T+7,RandomForest,0.6,0.9698630136986301,0.9835390946502057,0.8917910447761194,0.9354207436399217,0.9940713602483351,0.9838010130592458,0.9434771427024491,823,4,29,239
T+7,RandomForest,0.61,0.9689497716894977,0.9834710743801653,0.8880597014925373,0.9333333333333333,0.9940713602483351,0.9838010130592458,0.941611471060658,823,4,30,238
T+7,RandomForest,0.62,0.9643835616438357,0.9831223628691983,0.8694029850746269,0.9227722772277228,0.9940713602483351,0.9838010130592458,0.9322831128517028,823,4,35,233
T+7,RandomForest,0.63,0.965296803652968,0.9872881355932204,0.8694029850746269,0.9246031746031746,0.9940713602483351,0.9838010130592458,0.9328877077731055,824,3,35,233
T+7,RandomForest,0.64,0.9643835616438357,0.9872340425531915,0.8656716417910447,0.9224652087475149,0.9940713602483351,0.9838010130592458,0.9310220361313144,824,3,36,232
T+7,RandomForest,0.65,0.9634703196347032,0.9913793103448276,0.8582089552238806,0.92,0.9940713602483351,0.9838010130592458,0.927895287769135,825,2,38,230
T+7,RandomForest,0.66,0.9616438356164384,0.991304347826087,0.8507462686567164,0.9156626506024096,0.9940713602483351,0.9838010130592458,0.924163944485553,825,2,40,228
T+7,RandomForest,0.67,0.9570776255707762,0.9911111111111112,0.832089552238806,0.9046653144016227,0.9940713602483351,0.9838010130592458,0.9148355862765977,825,2,45,223
T+7,RandomForest,0.68,0.9534246575342465,0.9954337899543378,0.8134328358208955,0.8952772073921971,0.9940713602483351,0.9838010130592458,0.9061118229890451,826,1,50,218
T+7,RandomForest,0.69,0.9497716894977168,0.9953488372093023,0.7985074626865671,0.8861283643892339,0.9940713602483351,0.9838010130592458,0.8986491364218809,826,1,54,214
T+7,RandomForest,0.7,0.9415525114155251,0.9951456310679612,0.7649253731343284,0.8649789029535865,0.9940713602483351,0.9838010130592458,0.8818580916457616,826,1,63,205
T+7,RandomForest,0.71,0.9388127853881278,0.9950738916256158,0.753731343283582,0.8577494692144374,0.9940713602483351,0.9838010130592458,0.8762610767203884,826,1,66,202
T+7,RandomForest,0.72,0.9315068493150684,0.9948717948717949,0.7238805970149254,0.838012958963283,0.9940713602483351,0.9838010130592458,0.86133570358606,826,1,74,194
T+7,RandomForest,0.73,0.9205479452054794,0.994535519125683,0.6791044776119403,0.8070953436807096,0.9940713602483351,0.9838010130592458,0.8389476438845676,826,1,86,182
T+7,RandomForest,0.74,0.9123287671232877,0.9942528735632183,0.6455223880597015,0.7828054298642534,0.9940713602483351,0.9838010130592458,0.8221565991084481,826,1,95,173
T+7,RandomForest,0.75,0.902283105022831,1.0,0.6007462686567164,0.7505827505827506,0.9940713602483351,0.9838010130592458,0.8003731343283582,827,0,107,161
T+7,RandomForest,0.76,0.8940639269406393,1.0,0.5671641791044776,0.7238095238095238,0.9940713602483351,0.9838010130592458,0.7835820895522387,827,0,116,152
T+7,RandomForest,0.77,0.8885844748858448,1.0,0.5447761194029851,0.7053140096618358,0.9940713602483351,0.9838010130592458,0.7723880597014925,827,0,122,146
T+7,RandomForest,0.78,0.8776255707762557,1.0,0.5,0.6666666666666666,0.9940713602483351,0.9838010130592458,0.75,827,0,134,134
T+7,RandomForest,0.79,0.8703196347031964,1.0,0.4701492537313433,0.6395939086294417,0.9940713602483351,0.9838010130592458,0.7350746268656716,827,0,142,126
T+7,RandomForest,0.8,0.867579908675799,1.0,0.458955223880597,0.629156010230179,0.9940713602483351,0.9838010130592458,0.7294776119402985,827,0,145,123
T+7,RandomForest,0.81,0.8639269406392694,1.0,0.44402985074626866,0.6149870801033591,0.9940713602483351,0.9838010130592458,0.7220149253731343,827,0,149,119
T+7,RandomForest,0.82,0.8602739726027397,1.0,0.4291044776119403,0.6005221932114883,0.9940713602483351,0.9838010130592458,0.7145522388059702,827,0,153,115
T+7,RandomForest,0.83,0.852054794520548,1.0,0.39552238805970147,0.5668449197860963,0.9940713602483351,0.9838010130592458,0.6977611940298507,827,0,162,106
T+7,RandomForest,0.84,0.8465753424657534,1.0,0.373134328358209,0.5434782608695652,0.9940713602483351,0.9838010130592458,0.6865671641791045,827,0,168,100
T+7,RandomForest,0.85,0.8383561643835616,1.0,0.33955223880597013,0.5069637883008357,0.9940713602483351,0.9838010130592458,0.6697761194029851,827,0,177,91
T+7,RandomForest,0.86,0.8337899543378996,1.0,0.3208955223880597,0.4858757062146893,0.9940713602483351,0.9838010130592458,0.6604477611940298,827,0,182,86
T+7,RandomForest,0.87,0.821917808219178,1.0,0.27238805970149255,0.4281524926686217,0.9940713602483351,0.9838010130592458,0.6361940298507462,827,0,195,73
T+7,RandomForest,0.88,0.8091324200913242,1.0,0.22014925373134328,0.36085626911314983,0.9940713602483351,0.9838010130592458,0.6100746268656716,827,0,209,59
T+7,RandomForest,0.89,0.7926940639269406,1.0,0.15298507462686567,0.26537216828478966,0.9940713602483351,0.9838010130592458,0.5764925373134329,827,0,227,41
T+7,RandomForest,0.9,0.7753424657534247,1.0,0.08208955223880597,0.15172413793103448,0.9940713602483351,0.9838010130592458,0.5410447761194029,827,0,246,22
T+7,RandomForest,0.91,0.7671232876712328,1.0,0.048507462686567165,0.09252669039145907,0.9940713602483351,0.9838010130592458,0.5242537313432836,827,0,255,13
T+7,RandomForest,0.92,0.7625570776255708,1.0,0.029850746268656716,0.057971014492753624,0.9940713602483351,0.9838010130592458,0.5149253731343284,827,0,260,8
T+7,RandomForest,0.93,0.7570776255707763,1.0,0.007462686567164179,0.014814814814814815,0.9940713602483351,0.9838010130592458,0.503731343283582,827,0,266,2
T+7,RandomForest,0.94,0.7561643835616438,1.0,0.0037313432835820895,0.007434944237918215,0.9940713602483351,0.9838010130592458,0.5018656716417911,827,0,267,1
T+7,RandomForest,0.95,0.7552511415525114,0.0,0.0,0.0,0.9940713602483351,0.9838010130592458,0.5,827,0,268,0
T+7,XGBoost,0.05,0.9287671232876712,0.7794117647058824,0.9888059701492538,0.8717105263157895,0.9953121334079301,0.9868418602564144,0.9490583659694274,752,75,3,265
T+7,XGBoost,0.06,0.9342465753424658,0.7951807228915663,0.9850746268656716,0.88,0.9953121334079301,0.9868418602564144,0.951424858777455,759,68,4,264
T+7,XGBoost,0.07,0.936986301369863,0.8042813455657493,0.9813432835820896,0.8840336134453781,0.9953121334079301,0.9868418602564144,0.9519775668212745,763,64,5,263
T+7,XGBoost,0.08,0.9397260273972603,0.8136645962732919,0.9776119402985075,0.888135593220339,0.9953121334079301,0.9868418602564144,0.9525302748650941,767,60,6,262
T+7,XGBoost,0.09,0.9415525114155251,0.8207547169811321,0.9738805970149254,0.8907849829351536,0.9953121334079301,0.9868418602564144,0.952478387987511,770,57,7,261
T+7,XGBoost,0.1,0.9442922374429223,0.8306709265175719,0.9701492537313433,0.8950086058519794,0.9953121334079301,0.9868418602564144,0.9530310960313306,774,53,8,260
T+7,XGBoost,0.11,0.947945205479452,0.8414239482200647,0.9701492537313433,0.901213171577123,0.9953121334079301,0.9868418602564144,0.9554494757169413,778,49,8,260
T+7,XGBoost,0.12,0.9488584474885845,0.8441558441558441,0.9701492537313433,0.9027777777777778,0.9953121334079301,0.9868418602564144,0.956054070638344,779,48,8,260
T+7,XGBoost,0.13,0.9525114155251142,0.8552631578947368,0.9701492537313433,0.9090909090909091,0.9953121334079301,0.9868418602564144,0.9584724503239546,783,44,8,260
T+7,XGBoost,0.14,0.9552511415525115,0.8637873754152824,0.9701492537313433,0.9138840070298769,0.9953121334079301,0.9868418602564144,0.9602862350881626,786,41,8,260
T+7,XGBoost,0.15,0.9579908675799087,0.87248322147651,0.9701492537313433,0.9187279151943463,0.9953121334079301,0.9868418602564144,0.9621000198523706,789,38,8,260
T+7,XGBoost,0.16,0.958904109589041,0.8805460750853242,0.9626865671641791,0.9197860962566845,0.9953121334079301,0.9868418602564144,0.9601824613329965,792,35,10,258
T+7,XGBoost,0.17,0.9616438356164384,0.8923611111111112,0.9589552238805971,0.9244604316546763,0.9953121334079301,0.9868418602564144,0.960735169376816,796,31,11,257
T+7,XGBoost,0.18,0.9616438356164384,0.8951048951048951,0.9552238805970149,0.924187725631769,0.9953121334079301,0.9868418602564144,0.9594740926564276,797,30,12,256
T+7,XGBoost,0.19,0.9616438356164384,0.897887323943662,0.9514925373134329,0.9239130434782609,0.9953121334079301,0.9868418602564144,0.9582130159360394,798,29,13,255
T+7,XGBoost,0.2,0.9634703196347032,0.9042553191489362,0.9514925373134329,0.9272727272727272,0.9953121334079301,0.9868418602564144,0.9594222057788446,800,27,13,255
T+7,XGBoost,0.21,0.9643835616438357,0.9074733096085409,0.9514925373134329,0.9289617486338798,0.9953121334079301,0.9868418602564144,0.9600268007002473,801,26,13,255
T+7,XGBoost,0.22,0.965296803652968,0.9107142857142857,0.9514925373134329,0.9306569343065694,0.9953121334079301,0.9868418602564144,0.9606313956216499,802,25,13,255
T+7,XGBoost,0.23,0.965296803652968,0.9136690647482014,0.9477611940298507,0.9304029304029304,0.9953121334079301,0.9868418602564144,0.9593703189012615,803,24,14,254
T+7,XGBoost,0.24,0.9643835616438357,0.9133574007220217,0.9440298507462687,0.9284403669724771,0.9953121334079301,0.9868418602564144,0.9575046472594705,803,24,15,253
T+7,XGBoost,0.25,0.965296803652968,0.9166666666666666,0.9440298507462687,0.9301470588235294,0.9953121334079301,0.9868418602564144,0.9581092421808731,804,23,15,253
T+7,XGBoost,0.26,0.965296803652968,0.9166666666666666,0.9440298507462687,0.9301470588235294,0.9953121334079301,0.9868418602564144,0.9581092421808731,804,23,15,253
T+7,XGBoost,0.27,0.965296803652968,0.9166666666666666,0.9440298507462687,0.9301470588235294,0.9953121334079301,0.9868418602564144,0.9581092421808731,804,23,15,253
T+7,XGBoost,0.28,0.9671232876712329,0.9233576642335767,0.9440298507462687,0.933579335793358,0.9953121334079301,0.9868418602564144,0.9593184320236785,806,21,15,253
T+7,XGBoost,0.29,0.9671232876712329,0.9233576642335767,0.9440298507462687,0.933579335793358,0.9953121334079301,0.9868418602564144,0.9593184320236785,806,21,15,253
T+7,XGBoost,0.3,0.9680365296803652,0.9267399267399268,0.9440298507462687,0.9353049907578558,0.9953121334079301,0.9868418602564144,0.9599230269450811,807,20,15,253
T+7,XGBoost,0.31,0.9680365296803652,0.9267399267399268,0.9440298507462687,0.9353049907578558,0.9953121334079301,0.9868418602564144,0.9599230269450811,807,20,15,253
T+7,XGBoost,0.32,0.9680365296803652,0.9267399267399268,0.9440298507462687,0.9353049907578558,0.9953121334079301,0.9868418602564144,0.9599230269450811,807,20,15,253
T+7,XGBoost,0.33,0.9680365296803652,0.9267399267399268,0.9440298507462687,0.9353049907578558,0.9953121334079301,0.9868418602564144,0.9599230269450811,807,20,15,253
T+7,XGBoost,0.34,0.9671232876712329,0.9264705882352942,0.9402985074626866,0.9333333333333333,0.9953121334079301,0.9868418602564144,0.9580573553032901,807,20,16,252
T+7,XGBoost,0.35,0.9680365296803652,0.9298892988929889,0.9402985074626866,0.935064935064935,0.9953121334079301,0.9868418602564144,0.9586619502246927,808,19,16,252
T+7,XGBoost,0.36,0.9680365296803652,0.9298892988929889,0.9402985074626866,0.935064935064935,0.9953121334079301,0.9868418602564144,0.9586619502246927,808,19,16,252
T+7,XGBoost,0.37,0.9680365296803652,0.9298892988929889,0.9402985074626866,0.935064935064935,0.9953121334079301,0.9868418602564144,0.9586619502246927,808,19,16,252
T+7,XGBoost,0.38,0.9680365296803652,0.9298892988929889,0.9402985074626866,0.935064935064935,0.9953121334079301,0.9868418602564144,0.9586619502246927,808,19,16,252
T+7,XGBoost,0.39,0.9680365296803652,0.9298892988929889,0.9402985074626866,0.935064935064935,0.9953121334079301,0.9868418602564144,0.9586619502246927,808,19,16,252
T+7,XGBoost,0.4,0.9689497716894977,0.9333333333333333,0.9402985074626866,0.9368029739776952,0.9953121334079301,0.9868418602564144,0.9592665451460954,809,18,16,252
T+7,XGBoost,0.41,0.9689497716894977,0.9333333333333333,0.9402985074626866,0.9368029739776952,0.9953121334079301,0.9868418602564144,0.9592665451460954,809,18,16,252
T+7,XGBoost,0.42,0.9689497716894977,0.9333333333333333,0.9402985074626866,0.9368029739776952,0.9953121334079301,0.9868418602564144,0.9592665451460954,809,18,16,252
T+7,XGBoost,0.43,0.9671232876712329,0.9328358208955224,0.9328358208955224,0.9328358208955224,0.9953121334079301,0.9868418602564144,0.9555352018625134,809,18,18,250
T+7,XGBoost,0.44,0.9671232876712329,0.9328358208955224,0.9328358208955224,0.9328358208955224,0.9953121334079301,0.9868418602564144,0.9555352018625134,809,18,18,250
T+7,XGBoost,0.45,0.9671232876712329,0.9328358208955224,0.9328358208955224,0.9328358208955224,0.9953121334079301,0.9868418602564144,0.9555352018625134,809,18,18,250
T+7,XGBoost,0.46,0.9671232876712329,0.9360902255639098,0.9291044776119403,0.9325842696629213,0.9953121334079301,0.9868418602564144,0.954274125142125,810,17,19,249
T+7,XGBoost,0.47,0.9671232876712329,0.9360902255639098,0.9291044776119403,0.9325842696629213,0.9953121334079301,0.9868418602564144,0.954274125142125,810,17,19,249
T+7,XGBoost,0.48,0.9671232876712329,0.9360902255639098,0.9291044776119403,0.9325842696629213,0.9953121334079301,0.9868418602564144,0.954274125142125,810,17,19,249
T+7,XGBoost,0.49,0.9680365296803652,0.939622641509434,0.9291044776119403,0.9343339587242027,0.9953121334079301,0.9868418602564144,0.9548787200635276,811,16,19,249
T+7,XGBoost,0.5,0.965296803652968,0.9389312977099237,0.917910447761194,0.9283018867924528,0.9953121334079301,0.9868418602564144,0.9492817051381545,811,16,22,246
T+7,XGBoost,0.51,0.9671232876712329,0.9461538461538461,0.917910447761194,0.9318181818181818,0.9953121334079301,0.9868418602564144,0.9504908949809598,813,14,22,246
T+7,XGBoost,0.52,0.9671232876712329,0.9461538461538461,0.917910447761194,0.9318181818181818,0.9953121334079301,0.9868418602564144,0.9504908949809598,813,14,22,246
T+7,XGBoost,0.53,0.9671232876712329,0.9461538461538461,0.917910447761194,0.9318181818181818,0.9953121334079301,0.9868418602564144,0.9504908949809598,813,14,22,246
T+7,XGBoost,0.54,0.9671232876712329,0.9461538461538461,0.917910447761194,0.9318181818181818,0.9953121334079301,0.9868418602564144,0.9504908949809598,813,14,22,246
T+7,XGBoost,0.55,0.9680365296803652,0.9498069498069498,0.917910447761194,0.9335863377609108,0.9953121334079301,0.9868418602564144,0.9510954899023625,814,13,22,246
T+7,XGBoost,0.56,0.9689497716894977,0.9534883720930233,0.917910447761194,0.935361216730038,0.9953121334079301,0.9868418602564144,0.9517000848237651,815,12,22,246
T+7,XGBoost,0.57,0.9698630136986301,0.9571984435797666,0.917910447761194,0.9371428571428572,0.9953121334079301,0.9868418602564144,0.9523046797451677,816,11,22,246
T+7,XGBoost,0.58,0.9698630136986301,0.9571984435797666,0.917910447761194,0.9371428571428572,0.9953121334079301,0.9868418602564144,0.9523046797451677,816,11,22,246
T+7,XGBoost,0.59,0.9698630136986301,0.9571984435797666,0.917910447761194,0.9371428571428572,0.9953121334079301,0.9868418602564144,0.9523046797451677,816,11,22,246
T+7,XGBoost,0.6,0.9698630136986301,0.9571984435797666,0.917910447761194,0.9371428571428572,0.9953121334079301,0.9868418602564144,0.9523046797451677,816,11,22,246
T+7,XGBoost,0.61,0.9698630136986301,0.9571984435797666,0.917910447761194,0.9371428571428572,0.9953121334079301,0.9868418602564144,0.9523046797451677,816,11,22,246
T+7,XGBoost,0.62,0.9698630136986301,0.9571984435797666,0.917910447761194,0.9371428571428572,0.9953121334079301,0.9868418602564144,0.9523046797451677,816,11,22,246
T+7,XGBoost,0.63,0.9707762557077626,0.9609375,0.917910447761194,0.9389312977099237,0.9953121334079301,0.9868418602564144,0.9529092746665704,817,10,22,246
T+7,XGBoost,0.64,0.9698630136986301,0.9607843137254902,0.914179104477612,0.9369024856596558,0.9953121334079301,0.9868418602564144,0.9510436030247793,817,10,23,245
T+7,XGBoost,0.65,0.9689497716894977,0.9606299212598425,0.9104477611940298,0.9348659003831418,0.9953121334079301,0.9868418602564144,0.9491779313829882,817,10,24,244
T+7,XGBoost,0.66,0.9689497716894977,0.9606299212598425,0.9104477611940298,0.9348659003831418,0.9953121334079301,0.9868418602564144,0.9491779313829882,817,10,24,244
T+7,XGBoost,0.67,0.9689497716894977,0.9606299212598425,0.9104477611940298,0.9348659003831418,0.9953121334079301,0.9868418602564144,0.9491779313829882,817,10,24,244
T+7,XGBoost,0.68,0.9698630136986301,0.9681274900398407,0.9067164179104478,0.9364161849710982,0.9953121334079301,0.9868418602564144,0.9485214495840026,819,8,25,243
T+7,XGBoost,0.69,0.9689497716894977,0.968,0.9029850746268657,0.9343629343629344,0.9953121334079301,0.9868418602564144,0.9466557779422116,819,8,26,242
T+7,XGBoost,0.7,0.9680365296803652,0.9678714859437751,0.8992537313432836,0.9323017408123792,0.9953121334079301,0.9868418602564144,0.9447901063004205,819,8,27,241
T+7,XGBoost,0.71,0.9680365296803652,0.9678714859437751,0.8992537313432836,0.9323017408123792,0.9953121334079301,0.9868418602564144,0.9447901063004205,819,8,27,241
T+7,XGBoost,0.72,0.9671232876712329,0.967741935483871,0.8955223880597015,0.9302325581395349,0.9953121334079301,0.9868418602564144,0.9429244346586294,819,8,28,240
T+7,XGBoost,0.73,0.9671232876712329,0.967741935483871,0.8955223880597015,0.9302325581395349,0.9953121334079301,0.9868418602564144,0.9429244346586294,819,8,28,240
T+7,XGBoost,0.74,0.9671232876712329,0.967741935483871,0.8955223880597015,0.9302325581395349,0.9953121334079301,0.9868418602564144,0.9429244346586294,819,8,28,240
T+7,XGBoost,0.75,0.9671232876712329,0.967741935483871,0.8955223880597015,0.9302325581395349,0.9953121334079301,0.9868418602564144,0.9429244346586294,819,8,28,240
T+7,XGBoost,0.76,0.9680365296803652,0.97165991902834,0.8955223880597015,0.9320388349514563,0.9953121334079301,0.9868418602564144,0.9435290295800322,820,7,28,240
T+7,XGBoost,0.77,0.9680365296803652,0.97165991902834,0.8955223880597015,0.9320388349514563,0.9953121334079301,0.9868418602564144,0.9435290295800322,820,7,28,240
T+7,XGBoost,0.78,0.9689497716894977,0.975609756097561,0.8955223880597015,0.933852140077821,0.9953121334079301,0.9868418602564144,0.9441336245014348,821,6,28,240
T+7,XGBoost,0.79,0.9680365296803652,0.9794238683127572,0.8880597014925373,0.9315068493150684,0.9953121334079301,0.9868418602564144,0.9410068761392554,822,5,30,238
T+7,XGBoost,0.8,0.9680365296803652,0.9794238683127572,0.8880597014925373,0.9315068493150684,0.9953121334079301,0.9868418602564144,0.9410068761392554,822,5,30,238
T+7,XGBoost,0.81,0.9671232876712329,0.9793388429752066,0.8843283582089553,0.9294117647058824,0.9953121334079301,0.9868418602564144,0.9391412044974643,822,5,31,237
T+7,XGBoost,0.82,0.9689497716894977,0.9875,0.8843283582089553,0.9330708661417323,0.9953121334079301,0.9868418602564144,0.9403503943402697,824,3,31,237
T+7,XGBoost,0.83,0.9689497716894977,0.9915966386554622,0.8805970149253731,0.932806324110672,0.9953121334079301,0.9868418602564144,0.9390893176198812,825,2,32,236
T+7,XGBoost,0.84,0.9680365296803652,0.9915611814345991,0.8768656716417911,0.9306930693069307,0.9953121334079301,0.9868418602564144,0.9372236459780903,825,2,33,235
T+7,XGBoost,0.85,0.9671232876712329,0.9915254237288136,0.8731343283582089,0.9285714285714286,0.9953121334079301,0.9868418602564144,0.9353579743362992,825,2,34,234
T+7,XGBoost,0.86,0.9671232876712329,0.9915254237288136,0.8731343283582089,0.9285714285714286,0.9953121334079301,0.9868418602564144,0.9353579743362992,825,2,34,234
T+7,XGBoost,0.87,0.9662100456621004,0.9914893617021276,0.8694029850746269,0.9264413518886679,0.9953121334079301,0.9868418602564144,0.9334923026945081,825,2,35,233
T+7,XGBoost,0.88,0.965296803652968,0.9914529914529915,0.8656716417910447,0.9243027888446215,0.9953121334079301,0.9868418602564144,0.931626631052717,825,2,36,232
T+7,XGBoost,0.89,0.9634703196347032,0.9913793103448276,0.8582089552238806,0.92,0.9953121334079301,0.9868418602564144,0.927895287769135,825,2,38,230
T+7,XGBoost,0.9,0.9598173515981735,0.9912280701754386,0.8432835820895522,0.9112903225806451,0.9953121334079301,0.9868418602564144,0.9204326012019708,825,2,42,226
T+7,XGBoost,0.91,0.954337899543379,0.9954545454545455,0.8171641791044776,0.8975409836065574,0.9953121334079301,0.9868418602564144,0.9079774946308361,826,1,49,219
T+7,XGBoost,0.92,0.9515981735159817,0.9953917050691244,0.8059701492537313,0.8907216494845361,0.9953121334079301,0.9868418602564144,0.9023804797054631,826,1,52,216
T+7,XGBoost,0.93,0.9442922374429223,0.9952153110047847,0.7761194029850746,0.8721174004192872,0.9953121334079301,0.9868418602564144,0.8874551065711347,826,1,60,208
T+7,XGBoost,0.94,0.9333333333333333,0.9949238578680203,0.7313432835820896,0.843010752688172,0.9953121334079301,0.9868418602564144,0.8650670468696422,826,1,72,196
T+7,XGBoost,0.95,0.9205479452054794,0.994535519125683,0.6791044776119403,0.8070953436807096,0.9953121334079301,0.9868418602564144,0.8389476438845676,826,1,86,182
T+7,LightGBM,0.05,0.9552511415525115,0.8815331010452961,0.9440298507462687,0.9117117117117117,0.9936562652276706,0.9828181187194032,0.9514586980454438,793,34,15,253
T+7,LightGBM,0.06,0.9552511415525115,0.8815331010452961,0.9440298507462687,0.9117117117117117,0.9936562652276706,0.9828181187194032,0.9514586980454438,793,34,15,253
T+7,LightGBM,0.07,0.9561643835616438,0.8873239436619719,0.9402985074626866,0.9130434782608695,0.9936562652276706,0.9828181187194032,0.9508022162464582,795,32,16,252
T+7,LightGBM,0.08,0.9579908675799087,0.8936170212765957,0.9402985074626866,0.9163636363636364,0.9936562652276706,0.9828181187194032,0.9520114060892635,797,30,16,252
T+7,LightGBM,0.09,0.9579908675799087,0.8964285714285715,0.9365671641791045,0.916058394160584,0.9936562652276706,0.9828181187194032,0.950750329368875,798,29,17,251
T+7,LightGBM,0.1,0.9561643835616438,0.89568345323741,0.9291044776119403,0.9120879120879121,0.9936562652276706,0.9828181187194032,0.947018986085293,798,29,19,249
T+7,LightGBM,0.11,0.9561643835616438,0.89568345323741,0.9291044776119403,0.9120879120879121,0.9936562652276706,0.9828181187194032,0.947018986085293,798,29,19,249
T+7,LightGBM,0.12,0.9552511415525115,0.8953068592057761,0.9253731343283582,0.9100917431192661,0.9936562652276706,0.9828181187194032,0.945153314443502,798,29,20,248
T+7,LightGBM,0.13,0.9552511415525115,0.8953068592057761,0.9253731343283582,0.9100917431192661,0.9936562652276706,0.9828181187194032,0.945153314443502,798,29,20,248
T+7,LightGBM,0.14,0.9561643835616438,0.8985507246376812,0.9253731343283582,0.9117647058823529,0.9936562652276706,0.9828181187194032,0.9457579093649047,799,28,20,248
T+7,LightGBM,0.15,0.9570776255707762,0.9047619047619048,0.9216417910447762,0.9131238447319778,0.9936562652276706,0.9828181187194032,0.9451014275659189,801,26,21,247
T+7,LightGBM,0.16,0.9579908675799087,0.9080882352941176,0.9216417910447762,0.9148148148148149,0.9936562652276706,0.9828181187194032,0.9457060224873216,802,25,21,247
T+7,LightGBM,0.17,0.9579908675799087,0.9080882352941176,0.9216417910447762,0.9148148148148149,0.9936562652276706,0.9828181187194032,0.9457060224873216,802,25,21,247
T+7,LightGBM,0.18,0.9579908675799087,0.9080882352941176,0.9216417910447762,0.9148148148148149,0.9936562652276706,0.9828181187194032,0.9457060224873216,802,25,21,247
T+7,LightGBM,0.19,0.958904109589041,0.9114391143911439,0.9216417910447762,0.9165120593692022,0.9936562652276706,0.9828181187194032,0.9463106174087242,803,24,21,247
T+7,LightGBM,0.2,0.9598173515981735,0.9148148148148149,0.9216417910447762,0.9182156133828996,0.9936562652276706,0.9828181187194032,0.9469152123301269,804,23,21,247
T+7,LightGBM,0.21,0.9616438356164384,0.9216417910447762,0.9216417910447762,0.9216417910447762,0.9936562652276706,0.9828181187194032,0.9481244021729323,806,21,21,247
T+7,LightGBM,0.22,0.9625570776255707,0.9250936329588015,0.9216417910447762,0.9233644859813084,0.9936562652276706,0.9828181187194032,0.9487289970943349,807,20,21,247
T+7,LightGBM,0.23,0.9625570776255707,0.9250936329588015,0.9216417910447762,0.9233644859813084,0.9936562652276706,0.9828181187194032,0.9487289970943349,807,20,21,247
T+7,LightGBM,0.24,0.9634703196347032,0.9285714285714286,0.9216417910447762,0.9250936329588015,0.9936562652276706,0.9828181187194032,0.9493335920157375,808,19,21,247
T+7,LightGBM,0.25,0.9634703196347032,0.9285714285714286,0.9216417910447762,0.9250936329588015,0.9936562652276706,0.9828181187194032,0.9493335920157375,808,19,21,247
T+7,LightGBM,0.26,0.9643835616438357,0.9320754716981132,0.9216417910447762,0.926829268292683,0.9936562652276706,0.9828181187194032,0.9499381869371402,809,18,21,247
T+7,LightGBM,0.27,0.9634703196347032,0.9318181818181818,0.917910447761194,0.924812030075188,0.9936562652276706,0.9828181187194032,0.9480725152953491,809,18,22,246
T+7,LightGBM,0.28,0.9634703196347032,0.9318181818181818,0.917910447761194,0.924812030075188,0.9936562652276706,0.9828181187194032,0.9480725152953491,809,18,22,246
T+7,LightGBM,0.29,0.9643835616438357,0.935361216730038,0.917910447761194,0.9265536723163842,0.9936562652276706,0.9828181187194032,0.9486771102167517,810,17,22,246
T+7,LightGBM,0.3,0.965296803652968,0.9389312977099237,0.917910447761194,0.9283018867924528,0.9936562652276706,0.9828181187194032,0.9492817051381545,811,16,22,246
T+7,LightGBM,0.31,0.965296803652968,0.9389312977099237,0.917910447761194,0.9283018867924528,0.9936562652276706,0.9828181187194032,0.9492817051381545,811,16,22,246
T+7,LightGBM,0.32,0.9662100456621004,0.9425287356321839,0.917910447761194,0.9300567107750473,0.9936562652276706,0.9828181187194032,0.9498863000595571,812,15,22,246
T+7,LightGBM,0.33,0.9662100456621004,0.9425287356321839,0.917910447761194,0.9300567107750473,0.9936562652276706,0.9828181187194032,0.9498863000595571,812,15,22,246
T+7,LightGBM,0.34,0.9662100456621004,0.9425287356321839,0.917910447761194,0.9300567107750473,0.9936562652276706,0.9828181187194032,0.9498863000595571,812,15,22,246
T+7,LightGBM,0.35,0.9662100456621004,0.9425287356321839,0.917910447761194,0.9300567107750473,0.9936562652276706,0.9828181187194032,0.9498863000595571,812,15,22,246
T+7,LightGBM,0.36,0.9662100456621004,0.9425287356321839,0.917910447761194,0.9300567107750473,0.9936562652276706,0.9828181187194032,0.9498863000595571,812,15,22,246
T+7,LightGBM,0.37,0.9662100456621004,0.9425287356321839,0.917910447761194,0.9300567107750473,0.9936562652276706,0.9828181187194032,0.9498863000595571,812,15,22,246
T+7,LightGBM,0.38,0.9662100456621004,0.9425287356321839,0.917910447761194,0.9300567107750473,0.9936562652276706,0.9828181187194032,0.9498863000595571,812,15,22,246
T+7,LightGBM,0.39,0.9662100456621004,0.9425287356321839,0.917910447761194,0.9300567107750473,0.9936562652276706,0.9828181187194032,0.9498863000595571,812,15,22,246
T+7,LightGBM,0.4,0.9662100456621004,0.9425287356321839,0.917910447761194,0.9300567107750473,0.9936562652276706,0.9828181187194032,0.9498863000595571,812,15,22,246
T+7,LightGBM,0.41,0.9671232876712329,0.9461538461538461,0.917910447761194,0.9318181818181818,0.9936562652276706,0.9828181187194032,0.9504908949809598,813,14,22,246
T+7,LightGBM,0.42,0.9671232876712329,0.9461538461538461,0.917910447761194,0.9318181818181818,0.9936562652276706,0.9828181187194032,0.9504908949809598,813,14,22,246
T+7,LightGBM,0.43,0.9671232876712329,0.9461538461538461,0.917910447761194,0.9318181818181818,0.9936562652276706,0.9828181187194032,0.9504908949809598,813,14,22,246
T+7,LightGBM,0.44,0.9671232876712329,0.9461538461538461,0.917910447761194,0.9318181818181818,0.9936562652276706,0.9828181187194032,0.9504908949809598,813,14,22,246
T+7,LightGBM,0.45,0.9680365296803652,0.9498069498069498,0.917910447761194,0.9335863377609108,0.9936562652276706,0.9828181187194032,0.9510954899023625,814,13,22,246
T+7,LightGBM,0.46,0.9680365296803652,0.9498069498069498,0.917910447761194,0.9335863377609108,0.9936562652276706,0.9828181187194032,0.9510954899023625,814,13,22,246
T+7,LightGBM,0.47,0.9671232876712329,0.9496124031007752,0.914179104477612,0.9315589353612167,0.9936562652276706,0.9828181187194032,0.9492298182605714,814,13,23,245
T+7,LightGBM,0.48,0.9671232876712329,0.9496124031007752,0.914179104477612,0.9315589353612167,0.9936562652276706,0.9828181187194032,0.9492298182605714,814,13,23,245
T+7,LightGBM,0.49,0.9671232876712329,0.9496124031007752,0.914179104477612,0.9315589353612167,0.9936562652276706,0.9828181187194032,0.9492298182605714,814,13,23,245
T+7,LightGBM,0.5,0.9662100456621004,0.9494163424124513,0.9104477611940298,0.9295238095238095,0.9936562652276706,0.9828181187194032,0.9473641466187803,814,13,24,244
T+7,LightGBM,0.51,0.9643835616438357,0.9490196078431372,0.9029850746268657,0.9254302103250478,0.9936562652276706,0.9828181187194032,0.9436328033351983,814,13,26,242
T+7,LightGBM,0.52,0.9643835616438357,0.9490196078431372,0.9029850746268657,0.9254302103250478,0.9936562652276706,0.9828181187194032,0.9436328033351983,814,13,26,242
T+7,LightGBM,0.53,0.9643835616438357,0.9490196078431372,0.9029850746268657,0.9254302103250478,0.9936562652276706,0.9828181187194032,0.9436328033351983,814,13,26,242
T+7,LightGBM,0.54,0.965296803652968,0.952755905511811,0.9029850746268657,0.9272030651340997,0.9936562652276706,0.9828181187194032,0.9442373982566009,815,12,26,242
T+7,LightGBM,0.55,0.9643835616438357,0.9525691699604744,0.8992537313432836,0.9251439539347409,0.9936562652276706,0.9828181187194032,0.9423717266148098,815,12,27,241
T+7,LightGBM,0.56,0.965296803652968,0.9563492063492064,0.8992537313432836,0.926923076923077,0.9936562652276706,0.9828181187194032,0.9429763215362126,816,11,27,241
T+7,LightGBM,0.57,0.965296803652968,0.9563492063492064,0.8992537313432836,0.926923076923077,0.9936562652276706,0.9828181187194032,0.9429763215362126,816,11,27,241
T+7,LightGBM,0.58,0.965296803652968,0.9563492063492064,0.8992537313432836,0.926923076923077,0.9936562652276706,0.9828181187194032,0.9429763215362126,816,11,27,241
T+7,LightGBM,0.59,0.965296803652968,0.9563492063492064,0.8992537313432836,0.926923076923077,0.9936562652276706,0.9828181187194032,0.9429763215362126,816,11,27,241
T+7,LightGBM,0.6,0.965296803652968,0.9563492063492064,0.8992537313432836,0.926923076923077,0.9936562652276706,0.9828181187194032,0.9429763215362126,816,11,27,241
T+7,LightGBM,0.61,0.9662100456621004,0.9601593625498008,0.8992537313432836,0.928709055876686,0.9936562652276706,0.9828181187194032,0.9435809164576152,817,10,27,241
T+7,LightGBM,0.62,0.9662100456621004,0.9601593625498008,0.8992537313432836,0.928709055876686,0.9936562652276706,0.9828181187194032,0.9435809164576152,817,10,27,241
T+7,LightGBM,0.63,0.9662100456621004,0.9601593625498008,0.8992537313432836,0.928709055876686,0.9936562652276706,0.9828181187194032,0.9435809164576152,817,10,27,241
T+7,LightGBM,0.64,0.9662100456621004,0.9601593625498008,0.8992537313432836,0.928709055876686,0.9936562652276706,0.9828181187194032,0.9435809164576152,817,10,27,241
T+7,LightGBM,0.65,0.9662100456621004,0.963855421686747,0.8955223880597015,0.9284332688588007,0.9936562652276706,0.9828181187194032,0.9423198397372268,818,9,28,240
T+7,LightGBM,0.66,0.9662100456621004,0.9676113360323887,0.8917910447761194,0.9281553398058252,0.9936562652276706,0.9828181187194032,0.9410587630168383,819,8,29,239
T+7,LightGBM,0.67,0.9662100456621004,0.9676113360323887,0.8917910447761194,0.9281553398058252,0.9936562652276706,0.9828181187194032,0.9410587630168383,819,8,29,239
T+7,LightGBM,0.68,0.9671232876712329,0.9715447154471545,0.8917910447761194,0.9299610894941635,0.9936562652276706,0.9828181187194032,0.9416633579382411,820,7,29,239
T+7,LightGBM,0.69,0.9671232876712329,0.9715447154471545,0.8917910447761194,0.9299610894941635,0.9936562652276706,0.9828181187194032,0.9416633579382411,820,7,29,239
T+7,LightGBM,0.7,0.9680365296803652,0.9755102040816327,0.8917910447761194,0.9317738791423001,0.9936562652276706,0.9828181187194032,0.9422679528596437,821,6,29,239
T+7,LightGBM,0.71,0.9671232876712329,0.9754098360655737,0.8880597014925373,0.9296875,0.9936562652276706,0.9828181187194032,0.9404022812178527,821,6,30,238
T+7,LightGBM,0.72,0.9671232876712329,0.9754098360655737,0.8880597014925373,0.9296875,0.9936562652276706,0.9828181187194032,0.9404022812178527,821,6,30,238
T+7,LightGBM,0.73,0.9680365296803652,0.9794238683127572,0.8880597014925373,0.9315068493150684,0.9936562652276706,0.9828181187194032,0.9410068761392554,822,5,30,238
T+7,LightGBM,0.74,0.9680365296803652,0.9794238683127572,0.8880597014925373,0.9315068493150684,0.9936562652276706,0.9828181187194032,0.9410068761392554,822,5,30,238
T+7,LightGBM,0.75,0.9680365296803652,0.9794238683127572,0.8880597014925373,0.9315068493150684,0.9936562652276706,0.9828181187194032,0.9410068761392554,822,5,30,238
T+7,LightGBM,0.76,0.9680365296803652,0.9794238683127572,0.8880597014925373,0.9315068493150684,0.9936562652276706,0.9828181187194032,0.9410068761392554,822,5,30,238
T+7,LightGBM,0.77,0.9680365296803652,0.9794238683127572,0.8880597014925373,0.9315068493150684,0.9936562652276706,0.9828181187194032,0.9410068761392554,822,5,30,238
T+7,LightGBM,0.78,0.9680365296803652,0.9794238683127572,0.8880597014925373,0.9315068493150684,0.9936562652276706,0.9828181187194032,0.9410068761392554,822,5,30,238
T+7,LightGBM,0.79,0.9680365296803652,0.9794238683127572,0.8880597014925373,0.9315068493150684,0.9936562652276706,0.9828181187194032,0.9410068761392554,822,5,30,238
T+7,LightGBM,0.8,0.9680365296803652,0.9794238683127572,0.8880597014925373,0.9315068493150684,0.9936562652276706,0.9828181187194032,0.9410068761392554,822,5,30,238
T+7,LightGBM,0.81,0.9680365296803652,0.983402489626556,0.8843283582089553,0.931237721021611,0.9936562652276706,0.9828181187194032,0.9397457994188669,823,4,31,237
T+7,LightGBM,0.82,0.9680365296803652,0.983402489626556,0.8843283582089553,0.931237721021611,0.9936562652276706,0.9828181187194032,0.9397457994188669,823,4,31,237
T+7,LightGBM,0.83,0.9680365296803652,0.983402489626556,0.8843283582089553,0.931237721021611,0.9936562652276706,0.9828181187194032,0.9397457994188669,823,4,31,237
T+7,LightGBM,0.84,0.9680365296803652,0.983402489626556,0.8843283582089553,0.931237721021611,0.9936562652276706,0.9828181187194032,0.9397457994188669,823,4,31,237
T+7,LightGBM,0.85,0.9680365296803652,0.983402489626556,0.8843283582089553,0.931237721021611,0.9936562652276706,0.9828181187194032,0.9397457994188669,823,4,31,237
T+7,LightGBM,0.86,0.9680365296803652,0.983402489626556,0.8843283582089553,0.931237721021611,0.9936562652276706,0.9828181187194032,0.9397457994188669,823,4,31,237
T+7,LightGBM,0.87,0.9680365296803652,0.983402489626556,0.8843283582089553,0.931237721021611,0.9936562652276706,0.9828181187194032,0.9397457994188669,823,4,31,237
T+7,LightGBM,0.88,0.9680365296803652,0.983402489626556,0.8843283582089553,0.931237721021611,0.9936562652276706,0.9828181187194032,0.9397457994188669,823,4,31,237
T+7,LightGBM,0.89,0.9680365296803652,0.983402489626556,0.8843283582089553,0.931237721021611,0.9936562652276706,0.9828181187194032,0.9397457994188669,823,4,31,237
T+7,LightGBM,0.9,0.9689497716894977,0.9875,0.8843283582089553,0.9330708661417323,0.9936562652276706,0.9828181187194032,0.9403503943402697,824,3,31,237
T+7,LightGBM,0.91,0.9689497716894977,0.9875,0.8843283582089553,0.9330708661417323,0.9936562652276706,0.9828181187194032,0.9403503943402697,824,3,31,237
T+7,LightGBM,0.92,0.9698630136986301,0.9916317991631799,0.8843283582089553,0.9349112426035503,0.9936562652276706,0.9828181187194032,0.9409549892616723,825,2,31,237
T+7,LightGBM,0.93,0.9689497716894977,0.9915966386554622,0.8805970149253731,0.932806324110672,0.9936562652276706,0.9828181187194032,0.9390893176198812,825,2,32,236
T+7,LightGBM,0.94,0.9680365296803652,0.9915611814345991,0.8768656716417911,0.9306930693069307,0.9936562652276706,0.9828181187194032,0.9372236459780903,825,2,33,235
T+7,LightGBM,0.95,0.9671232876712329,0.9915254237288136,0.8731343283582089,0.9285714285714286,0.9936562652276706,0.9828181187194032,0.9353579743362992,825,2,34,234
T+10,RandomForest,0.05,0.8639269406392694,0.6426858513189448,1.0,0.7824817518248175,0.9909852190077424,0.9747015643983896,0.9099153567110037,678,149,0,268
T+10,RandomForest,0.06,0.8757990867579909,0.6633663366336634,1.0,0.7976190476190477,0.9909852190077424,0.9747015643983896,0.9177750906892382,691,136,0,268
T+10,RandomForest,0.07,0.8904109589041096,0.6907216494845361,1.0,0.8170731707317073,0.9909852190077424,0.9747015643983896,0.9274486094316807,707,120,0,268
T+10,RandomForest,0.08,0.9013698630136986,0.7127659574468085,1.0,0.8322981366459627,0.9909852190077424,0.9747015643983896,0.9347037484885127,719,108,0,268
T+10,RandomForest,0.09,0.9077625570776255,0.7262872628726287,1.0,0.8414442700156985,0.9909852190077424,0.9747015643983896,0.9389359129383313,726,101,0,268
T+10,RandomForest,0.1,0.9123287671232877,0.7375690607734806,0.996268656716418,0.8476190476190476,0.9909852190077424,0.9747015643983896,0.9406978108249562,732,95,1,267
T+10,RandomForest,0.11,0.9187214611872146,0.752112676056338,0.996268656716418,0.8571428571428571,0.9909852190077424,0.9747015643983896,0.9449299752747748,739,88,1,267
T+10,RandomForest,0.12,0.9205479452054794,0.7563739376770539,0.996268656716418,0.8599033816425121,0.9909852190077424,0.9747015643983896,0.9461391651175801,741,86,1,267
T+10,RandomForest,0.13,0.9287671232876712,0.7777777777777778,0.9925373134328358,0.8721311475409836,0.9909852190077424,0.9747015643983896,0.9503194426898157,751,76,2,266
T+10,RandomForest,0.14,0.9287671232876712,0.7810650887573964,0.9850746268656716,0.8712871287128713,0.9909852190077424,0.9747015643983896,0.9477972892490389,753,74,4,264
T+10,RandomForest,0.15,0.9296803652968036,0.7850746268656716,0.9813432835820896,0.8723051409618574,0.9909852190077424,0.9747015643983896,0.9471408074500532,755,72,5,263
T+10,RandomForest,0.16,0.9324200913242009,0.7921686746987951,0.9813432835820896,0.8766666666666667,0.9909852190077424,0.9747015643983896,0.9489545922142613,758,69,5,263
T+10,RandomForest,0.17,0.9315068493150684,0.796923076923077,0.9664179104477612,0.8735244519392917,0.9909852190077424,0.9747015643983896,0.9433056904113051,761,66,9,259
T+10,RandomForest,0.18,0.9305936073059361,0.7981366459627329,0.9589552238805971,0.8711864406779661,0.9909852190077424,0.9747015643983896,0.9401789420491256,762,65,11,257
T+10,RandomForest,0.19,0.9315068493150684,0.8006230529595015,0.9589552238805971,0.8726655348047538,0.9909852190077424,0.9747015643983896,0.9407835369705283,763,64,11,257
T+10,RandomForest,0.2,0.9324200913242009,0.8050314465408805,0.9552238805970149,0.8737201365187713,0.9909852190077424,0.9747015643983896,0.9401270551715426,765,62,12,256
T+10,RandomForest,0.21,0.9333333333333333,0.8115015974440895,0.9477611940298507,0.8743545611015491,0.9909852190077424,0.9747015643983896,0.9382094966521684,768,59,14,254
T+10,RandomForest,0.22,0.9333333333333333,0.8135048231511254,0.9440298507462687,0.8739205526770294,0.9909852190077424,0.9747015643983896,0.93694841993178,769,58,15,253
T+10,RandomForest,0.23,0.9351598173515981,0.8187702265372169,0.9440298507462687,0.8769497400346621,0.9909852190077424,0.9747015643983896,0.9381576097745854,771,56,15,253
T+10,RandomForest,0.24,0.936986301369863,0.8241042345276873,0.9440298507462687,0.88,0.9909852190077424,0.9747015643983896,0.9393667996173907,773,54,15,253
T+10,RandomForest,0.25,0.9388127853881278,0.8316831683168316,0.9402985074626866,0.882661996497373,0.9909852190077424,0.9747015643983896,0.9393149127398077,776,51,16,252
T+10,RandomForest,0.26,0.9397260273972603,0.8366666666666667,0.9365671641791045,0.8838028169014085,0.9909852190077424,0.9747015643983896,0.9386584309408219,778,49,17,251
T+10,RandomForest,0.27,0.9406392694063926,0.8394648829431438,0.9365671641791045,0.8853615520282186,0.9909852190077424,0.9747015643983896,0.9392630258622245,779,48,17,251
T+10,RandomForest,0.28,0.9415525114155251,0.8445945945945946,0.9328358208955224,0.8865248226950354,0.9909852190077424,0.9747015643983896,0.9386065440632388,781,46,18,250
T+10,RandomForest,0.29,0.9424657534246575,0.8498293515358362,0.9291044776119403,0.8877005347593583,0.9909852190077424,0.9747015643983896,0.9379500622642531,783,44,19,249
T+10,RandomForest,0.3,0.9442922374429223,0.8606271777003485,0.9216417910447762,0.8900900900900901,0.9909852190077424,0.9747015643983896,0.9366370986662818,787,40,21,247
T+10,RandomForest,0.31,0.94337899543379,0.8601398601398601,0.917910447761194,0.8880866425992779,0.9909852190077424,0.9747015643983896,0.9347714270244907,787,40,22,246
T+10,RandomForest,0.32,0.9452054794520548,0.8661971830985915,0.917910447761194,0.8913043478260869,0.9909852190077424,0.9747015643983896,0.935980616867296,789,38,22,246
T+10,RandomForest,0.33,0.9442922374429223,0.8657243816254417,0.914179104477612,0.8892921960072595,0.9909852190077424,0.9747015643983896,0.9341149452255049,789,38,23,245
T+10,RandomForest,0.34,0.9442922374429223,0.8657243816254417,0.914179104477612,0.8892921960072595,0.9909852190077424,0.9747015643983896,0.9341149452255049,789,38,23,245
T+10,RandomForest,0.35,0.9461187214611873,0.8745519713261649,0.9104477611940298,0.8921389396709324,0.9909852190077424,0.9747015643983896,0.9340630583479218,792,35,24,244
T+10,RandomForest,0.36,0.9442922374429223,0.8736462093862816,0.9029850746268657,0.8880733944954129,0.9909852190077424,0.9747015643983896,0.9303317150643398,792,35,26,242
T+10,RandomForest,0.37,0.9452054794520548,0.8768115942028986,0.9029850746268657,0.8897058823529411,0.9909852190077424,0.9747015643983896,0.9309363099857424,793,34,26,242
T+10,RandomForest,0.38,0.947945205479452,0.8864468864468864,0.9029850746268657,0.8946395563770795,0.9909852190077424,0.9747015643983896,0.9327500947499504,796,31,26,242
T+10,RandomForest,0.39,0.947945205479452,0.8921933085501859,0.8955223880597015,0.8938547486033519,0.9909852190077424,0.9747015643983896,0.9302279413091736,798,29,28,240
T+10,RandomForest,0.4,0.947945205479452,0.9011406844106464,0.8843283582089553,0.8926553672316384,0.9909852190077424,0.9747015643983896,0.9264447111480085,801,26,31,237
T+10,RandomForest,0.41,0.9488584474885845,0.9045801526717557,0.8843283582089553,0.8943396226415095,0.9909852190077424,0.9747015643983896,0.9270493060694112,802,25,31,237
T+10,RandomForest,0.42,0.9488584474885845,0.9045801526717557,0.8843283582089553,0.8943396226415095,0.9909852190077424,0.9747015643983896,0.9270493060694112,802,25,31,237
T+10,RandomForest,0.43,0.9488584474885845,0.9076923076923077,0.8805970149253731,0.8939393939393939,0.9909852190077424,0.9747015643983896,0.9257882293490227,803,24,32,236
T+10,RandomForest,0.44,0.9497716894977168,0.9111969111969112,0.8805970149253731,0.8956356736242884,0.9909852190077424,0.9747015643983896,0.9263928242704254,804,23,32,236
T+10,RandomForest,0.45,0.9497716894977168,0.9111969111969112,0.8805970149253731,0.8956356736242884,0.9909852190077424,0.9747015643983896,0.9263928242704254,804,23,32,236
T+10,RandomForest,0.46,0.9525114155251142,0.921875,0.8805970149253731,0.9007633587786259,0.9909852190077424,0.9747015643983896,0.9282066090346334,807,20,32,236
T+10,RandomForest,0.47,0.9506849315068493,0.9212598425196851,0.8731343283582089,0.896551724137931,0.9909852190077424,0.9747015643983896,0.9244752657510513,807,20,34,234
T+10,RandomForest,0.48,0.9515981735159817,0.9282868525896414,0.8694029850746269,0.8978805394990366,0.9909852190077424,0.9747015643983896,0.9238187839520655,809,18,35,233
T+10,RandomForest,0.49,0.9497716894977168,0.927710843373494,0.8619402985074627,0.8936170212765957,0.9909852190077424,0.9747015643983896,0.9200874406684835,809,18,37,231
T+10,RandomForest,0.5,0.9488584474885845,0.9274193548387096,0.8582089552238806,0.8914728682170543,0.9909852190077424,0.9747015643983896,0.9182217690266925,809,18,38,230
T+10,RandomForest,0.51,0.9470319634703196,0.930327868852459,0.8470149253731343,0.88671875,0.9909852190077424,0.9747015643983896,0.9132293490227219,810,17,41,227
T+10,RandomForest,0.52,0.9506849315068493,0.9458333333333333,0.8470149253731343,0.8937007874015748,0.9909852190077424,0.9747015643983896,0.9156477287083326,814,13,41,227
T+10,RandomForest,0.53,0.9515981735159817,0.9497907949790795,0.8470149253731343,0.8954635108481263,0.9909852190077424,0.9747015643983896,0.9162523236297352,815,12,41,227
T+10,RandomForest,0.54,0.9506849315068493,0.9533898305084746,0.8395522388059702,0.8928571428571429,0.9909852190077424,0.9747015643983896,0.9131255752675558,816,11,43,225
T+10,RandomForest,0.55,0.9506849315068493,0.9612068965517241,0.832089552238806,0.892,0.9909852190077424,0.9747015643983896,0.9106034218267791,818,9,45,223
T+10,RandomForest,0.56,0.9515981735159817,0.9820627802690582,0.8171641791044776,0.8920570264765784,0.9909852190077424,0.9747015643983896,0.9061637098666282,823,4,49,219
T+10,RandomForest,0.57,0.9497716894977168,0.9863013698630136,0.8059701492537313,0.8870636550308009,0.9909852190077424,0.9747015643983896,0.9011712898626577,824,3,52,216
T+10,RandomForest,0.58,0.9488584474885845,0.9907407407407407,0.7985074626865671,0.8842975206611571,0.9909852190077424,0.9747015643983896,0.8980445415004783,825,2,54,214
T+10,RandomForest,0.59,0.9452054794520548,0.9905660377358491,0.7835820895522388,0.875,0.9909852190077424,0.9747015643983896,0.8905818549333141,825,2,58,210
T+10,RandomForest,0.6,0.9397260273972603,0.9902912621359223,0.7611940298507462,0.8607594936708861,0.9909852190077424,0.9747015643983896,0.8793878250825677,825,2,64,204
T+10,RandomForest,0.61,0.9333333333333333,0.9949238578680203,0.7313432835820896,0.843010752688172,0.9909852190077424,0.9747015643983896,0.8650670468696422,826,1,72,196
T+10,RandomForest,0.62,0.9260273972602739,0.9947089947089947,0.7014925373134329,0.8227571115973742,0.9909852190077424,0.9747015643983896,0.8501416737353138,826,1,80,188
T+10,RandomForest,0.63,0.9205479452054794,0.994535519125683,0.6791044776119403,0.8070953436807096,0.9909852190077424,0.9747015643983896,0.8389476438845676,826,1,86,182
T+10,RandomForest,0.64,0.9168949771689497,0.994413407821229,0.664179104477612,0.796420581655481,0.9909852190077424,0.9747015643983896,0.8314849573174034,826,1,90,178
T+10,RandomForest,0.65,0.9095890410958904,0.9941520467836257,0.6343283582089553,0.7744874715261959,0.9909852190077424,0.9747015643983896,0.8165595841830751,826,1,98,170
T+10,RandomForest,0.66,0.8986301369863013,0.9937106918238994,0.5895522388059702,0.7400468384074942,0.9909852190077424,0.9747015643983896,0.7941715244815825,826,1,110,158
T+10,RandomForest,0.67,0.8958904109589041,1.0,0.5746268656716418,0.7298578199052133,0.9909852190077424,0.9747015643983896,0.7873134328358209,827,0,114,154
T+10,RandomForest,0.68,0.8840182648401826,1.0,0.5261194029850746,0.6894865525672371,0.9909852190077424,0.9747015643983896,0.7630597014925373,827,0,127,141
T+10,RandomForest,0.69,0.8748858447488584,1.0,0.48880597014925375,0.656641604010025,0.9909852190077424,0.9747015643983896,0.7444029850746269,827,0,137,131
T+10,RandomForest,0.7,0.869406392694064,1.0,0.4664179104477612,0.6361323155216285,0.9909852190077424,0.9747015643983896,0.7332089552238806,827,0,143,125
T+10,RandomForest,0.71,0.8621004566210045,1.0,0.43656716417910446,0.6077922077922078,0.9909852190077424,0.9747015643983896,0.7182835820895522,827,0,151,117
T+10,RandomForest,0.72,0.8602739726027397,1.0,0.4291044776119403,0.6005221932114883,0.9909852190077424,0.9747015643983896,0.7145522388059702,827,0,153,115
T+10,RandomForest,0.73,0.85662100456621,1.0,0.4141791044776119,0.5857519788918206,0.9909852190077424,0.9747015643983896,0.707089552238806,827,0,157,111
T+10,RandomForest,0.74,0.8557077625570776,1.0,0.41044776119402987,0.582010582010582,0.9909852190077424,0.9747015643983896,0.7052238805970149,827,0,158,110
T+10,RandomForest,0.75,0.8502283105022831,1.0,0.3880597014925373,0.5591397849462365,0.9909852190077424,0.9747015643983896,0.6940298507462687,827,0,164,104
T+10,RandomForest,0.76,0.8484018264840183,1.0,0.3805970149253731,0.5513513513513514,0.9909852190077424,0.9747015643983896,0.6902985074626866,827,0,166,102
T+10,RandomForest,0.77,0.8438356164383561,1.0,0.3619402985074627,0.5315068493150685,0.9909852190077424,0.9747015643983896,0.6809701492537313,827,0,171,97
T+10,RandomForest,0.78,0.8365296803652968,1.0,0.332089552238806,0.49859943977591037,0.9909852190077424,0.9747015643983896,0.666044776119403,827,0,179,89
T+10,RandomForest,0.79,0.8310502283105022,1.0,0.30970149253731344,0.47293447293447294,0.9909852190077424,0.9747015643983896,0.6548507462686567,827,0,185,83
T+10,RandomForest,0.8,0.8264840182648402,1.0,0.291044776119403,0.4508670520231214,0.9909852190077424,0.9747015643983896,0.6455223880597015,827,0,190,78
T+10,RandomForest,0.81,0.8182648401826484,1.0,0.2574626865671642,0.4094955489614243,0.9909852190077424,0.9747015643983896,0.6287313432835822,827,0,199,69
T+10,RandomForest,0.82,0.8036529680365296,1.0,0.19776119402985073,0.3302180685358255,0.9909852190077424,0.9747015643983896,0.5988805970149254,827,0,215,53
T+10,RandomForest,0.83,0.7926940639269406,1.0,0.15298507462686567,0.26537216828478966,0.9909852190077424,0.9747015643983896,0.5764925373134329,827,0,227,41
T+10,RandomForest,0.84,0.7844748858447489,1.0,0.11940298507462686,0.21333333333333335,0.9909852190077424,0.9747015643983896,0.5597014925373134,827,0,236,32
T+10,RandomForest,0.85,0.7789954337899543,1.0,0.09701492537313433,0.17687074829931973,0.9909852190077424,0.9747015643983896,0.5485074626865671,827,0,242,26
T+10,RandomForest,0.86,0.7707762557077625,1.0,0.06343283582089553,0.11929824561403508,0.9909852190077424,0.9747015643983896,0.5317164179104478,827,0,251,17
T+10,RandomForest,0.87,0.7643835616438356,1.0,0.03731343283582089,0.07194244604316546,0.9909852190077424,0.9747015643983896,0.5186567164179104,827,0,258,10
T+10,RandomForest,0.88,0.7579908675799086,1.0,0.011194029850746268,0.02214022140221402,0.9909852190077424,0.9747015643983896,0.5055970149253731,827,0,265,3
T+10,RandomForest,0.89,0.7579908675799086,1.0,0.011194029850746268,0.02214022140221402,0.9909852190077424,0.9747015643983896,0.5055970149253731,827,0,265,3
T+10,RandomForest,0.9,0.7561643835616438,1.0,0.0037313432835820895,0.007434944237918215,0.9909852190077424,0.9747015643983896,0.5018656716417911,827,0,267,1
T+10,RandomForest,0.91,0.7552511415525114,0.0,0.0,0.0,0.9909852190077424,0.9747015643983896,0.5,827,0,268,0
T+10,RandomForest,0.92,0.7552511415525114,0.0,0.0,0.0,0.9909852190077424,0.9747015643983896,0.5,827,0,268,0
T+10,RandomForest,0.93,0.7552511415525114,0.0,0.0,0.0,0.9909852190077424,0.9747015643983896,0.5,827,0,268,0
T+10,RandomForest,0.94,0.7552511415525114,0.0,0.0,0.0,0.9909852190077424,0.9747015643983896,0.5,827,0,268,0
T+10,RandomForest,0.95,0.7552511415525114,0.0,0.0,0.0,0.9909852190077424,0.9747015643983896,0.5,827,0,268,0
T+10,XGBoost,0.05,0.9315068493150684,0.782991202346041,0.996268656716418,0.8768472906403941,0.9919101589994406,0.9773012227403328,0.9533943041744122,753,74,1,267
T+10,XGBoost,0.06,0.9351598173515981,0.7922848664688428,0.996268656716418,0.8826446280991735,0.9919101589994406,0.9773012227403328,0.9558126838600227,757,70,1,267
T+10,XGBoost,0.07,0.9351598173515981,0.797583081570997,0.9850746268656716,0.8814691151919867,0.9919101589994406,0.9773012227403328,0.9520294536988576,760,67,4,264
T+10,XGBoost,0.08,0.9333333333333333,0.7981651376146789,0.9738805970149254,0.8773109243697479,0.9919101589994406,0.9773012227403328,0.9470370336948871,761,66,7,261
T+10,XGBoost,0.09,0.9360730593607306,0.8055555555555556,0.9738805970149254,0.8817567567567568,0.9919101589994406,0.9773012227403328,0.9488508184590951,764,63,7,261
T+10,XGBoost,0.1,0.9378995433789954,0.8105590062111802,0.9738805970149254,0.8847457627118644,0.9919101589994406,0.9773012227403328,0.9500600083019004,766,61,7,261
T+10,XGBoost,0.11,0.9388127853881278,0.8170347003154574,0.9664179104477612,0.8854700854700854,0.9919101589994406,0.9773012227403328,0.9481424497825263,769,58,9,259
T+10,XGBoost,0.12,0.9378995433789954,0.8184713375796179,0.9589552238805971,0.8831615120274914,0.9919101589994406,0.9773012227403328,0.9450157014203469,770,57,11,257
T+10,XGBoost,0.13,0.9378995433789954,0.8246753246753247,0.9477611940298507,0.8819444444444444,0.9919101589994406,0.9773012227403328,0.9412324712591817,773,54,14,254
T+10,XGBoost,0.14,0.9388127853881278,0.8273615635179153,0.9477611940298507,0.8834782608695653,0.9919101589994406,0.9773012227403328,0.9418370661805844,774,53,14,254
T+10,XGBoost,0.15,0.9388127853881278,0.8295081967213115,0.9440298507462687,0.8830715532286213,0.9919101589994406,0.9773012227403328,0.9405759894601959,775,52,15,253
T+10,XGBoost,0.16,0.9397260273972603,0.8344370860927153,0.9402985074626866,0.8842105263157894,0.9919101589994406,0.9773012227403328,0.9399195076612104,777,50,16,252
T+10,XGBoost,0.17,0.9406392694063926,0.8372093023255814,0.9402985074626866,0.8857644991212654,0.9919101589994406,0.9773012227403328,0.940524102582613,778,49,16,252
T+10,XGBoost,0.18,0.9415525114155251,0.84,0.9402985074626866,0.8873239436619719,0.9919101589994406,0.9773012227403328,0.9411286975040156,779,48,16,252
T+10,XGBoost,0.19,0.9415525114155251,0.8445945945945946,0.9328358208955224,0.8865248226950354,0.9919101589994406,0.9773012227403328,0.9386065440632388,781,46,18,250
T+10,XGBoost,0.2,0.9452054794520548,0.8561643835616438,0.9328358208955224,0.8928571428571429,0.9919101589994406,0.9773012227403328,0.9410249237488495,785,42,18,250
T+10,XGBoost,0.21,0.9424657534246575,0.8546712802768166,0.9216417910447762,0.8868940754039497,0.9919101589994406,0.9773012227403328,0.9354279088234764,785,42,21,247
T+10,XGBoost,0.22,0.9424657534246575,0.8596491228070176,0.914179104477612,0.8860759493670886,0.9919101589994406,0.9773012227403328,0.9329057553826996,787,40,23,245
T+10,XGBoost,0.23,0.9415525114155251,0.8617021276595744,0.9067164179104478,0.8836363636363637,0.9919101589994406,0.9773012227403328,0.9297790070205201,788,39,25,243
T+10,XGBoost,0.24,0.9415525114155251,0.8617021276595744,0.9067164179104478,0.8836363636363637,0.9919101589994406,0.9773012227403328,0.9297790070205201,788,39,25,243
T+10,XGBoost,0.25,0.9424657534246575,0.8647686832740213,0.9067164179104478,0.8852459016393442,0.9919101589994406,0.9773012227403328,0.9303836019419228,789,38,25,243
T+10,XGBoost,0.26,0.94337899543379,0.8678571428571429,0.9067164179104478,0.8868613138686131,0.9919101589994406,0.9773012227403328,0.9309881968633255,790,37,25,243
T+10,XGBoost,0.27,0.94337899543379,0.8678571428571429,0.9067164179104478,0.8868613138686131,0.9919101589994406,0.9773012227403328,0.9309881968633255,790,37,25,243
T+10,XGBoost,0.28,0.9461187214611873,0.8772563176895307,0.9067164179104478,0.8917431192660551,0.9919101589994406,0.9773012227403328,0.9328019816275335,793,34,25,243
T+10,XGBoost,0.29,0.9461187214611873,0.88,0.9029850746268657,0.8913443830570903,0.9919101589994406,0.9773012227403328,0.931540904907145,794,33,26,242
T+10,XGBoost,0.3,0.9452054794520548,0.8823529411764706,0.8955223880597015,0.8888888888888888,0.9919101589994406,0.9773012227403328,0.9284141565449656,795,32,28,240
T+10,XGBoost,0.31,0.9442922374429223,0.8819188191881919,0.8917910447761194,0.8868274582560297,0.9919101589994406,0.9773012227403328,0.9265484849031745,795,32,29,239
T+10,XGBoost,0.32,0.9452054794520548,0.8851851851851852,0.8917910447761194,0.8884758364312267,0.9919101589994406,0.9773012227403328,0.9271530798245773,796,31,29,239
T+10,XGBoost,0.33,0.9452054794520548,0.8851851851851852,0.8917910447761194,0.8884758364312267,0.9919101589994406,0.9773012227403328,0.9271530798245773,796,31,29,239
T+10,XGBoost,0.34,0.9452054794520548,0.8851851851851852,0.8917910447761194,0.8884758364312267,0.9919101589994406,0.9773012227403328,0.9271530798245773,796,31,29,239
T+10,XGBoost,0.35,0.9452054794520548,0.8880597014925373,0.8880597014925373,0.8880597014925373,0.9919101589994406,0.9773012227403328,0.9258920031041888,797,30,30,238
T+10,XGBoost,0.36,0.9452054794520548,0.8880597014925373,0.8880597014925373,0.8880597014925373,0.9919101589994406,0.9773012227403328,0.9258920031041888,797,30,30,238
T+10,XGBoost,0.37,0.9452054794520548,0.8880597014925373,0.8880597014925373,0.8880597014925373,0.9919101589994406,0.9773012227403328,0.9258920031041888,797,30,30,238
T+10,XGBoost,0.38,0.9461187214611873,0.8913857677902621,0.8880597014925373,0.8897196261682243,0.9919101589994406,0.9773012227403328,0.9264965980255915,798,29,30,238
T+10,XGBoost,0.39,0.9461187214611873,0.8913857677902621,0.8880597014925373,0.8897196261682243,0.9919101589994406,0.9773012227403328,0.9264965980255915,798,29,30,238
T+10,XGBoost,0.4,0.9461187214611873,0.8913857677902621,0.8880597014925373,0.8897196261682243,0.9919101589994406,0.9773012227403328,0.9264965980255915,798,29,30,238
T+10,XGBoost,0.41,0.9461187214611873,0.8913857677902621,0.8880597014925373,0.8897196261682243,0.9919101589994406,0.9773012227403328,0.9264965980255915,798,29,30,238
T+10,XGBoost,0.42,0.9470319634703196,0.8947368421052632,0.8880597014925373,0.8913857677902621,0.9919101589994406,0.9773012227403328,0.9271011929469941,799,28,30,238
T+10,XGBoost,0.43,0.947945205479452,0.8981132075471698,0.8880597014925373,0.8930581613508443,0.9919101589994406,0.9773012227403328,0.9277057878683969,800,27,30,238
T+10,XGBoost,0.44,0.947945205479452,0.8981132075471698,0.8880597014925373,0.8930581613508443,0.9919101589994406,0.9773012227403328,0.9277057878683969,800,27,30,238
T+10,XGBoost,0.45,0.9488584474885845,0.9015151515151515,0.8880597014925373,0.8947368421052632,0.9919101589994406,0.9773012227403328,0.9283103827897995,801,26,30,238
T+10,XGBoost,0.46,0.9497716894977168,0.9049429657794676,0.8880597014925373,0.896421845574388,0.9919101589994406,0.9773012227403328,0.9289149777112022,802,25,30,238
T+10,XGBoost,0.47,0.9497716894977168,0.9049429657794676,0.8880597014925373,0.896421845574388,0.9919101589994406,0.9773012227403328,0.9289149777112022,802,25,30,238
T+10,XGBoost,0.48,0.9497716894977168,0.9049429657794676,0.8880597014925373,0.896421845574388,0.9919101589994406,0.9773012227403328,0.9289149777112022,802,25,30,238
T+10,XGBoost,0.49,0.9506849315068493,0.9083969465648855,0.8880597014925373,0.8981132075471698,0.9919101589994406,0.9773012227403328,0.9295195726326049,803,24,30,238
T+10,XGBoost,0.5,0.9515981735159817,0.9118773946360154,0.8880597014925373,0.8998109640831758,0.9919101589994406,0.9773012227403328,0.9301241675540075,804,23,30,238
T+10,XGBoost,0.51,0.9525114155251142,0.9186046511627907,0.8843283582089553,0.9011406844106464,0.9919101589994406,0.9773012227403328,0.9294676857550217,806,21,31,237
T+10,XGBoost,0.52,0.9525114155251142,0.9186046511627907,0.8843283582089553,0.9011406844106464,0.9919101589994406,0.9773012227403328,0.9294676857550217,806,21,31,237
T+10,XGBoost,0.53,0.9534246575342465,0.9221789883268483,0.8843283582089553,0.9028571428571428,0.9919101589994406,0.9773012227403328,0.9300722806764244,807,20,31,237
T+10,XGBoost,0.54,0.9525114155251142,0.921875,0.8805970149253731,0.9007633587786259,0.9919101589994406,0.9773012227403328,0.9282066090346334,807,20,32,236
T+10,XGBoost,0.55,0.9561643835616438,0.9365079365079365,0.8805970149253731,0.9076923076923077,0.9919101589994406,0.9773012227403328,0.930624988720244,811,16,32,236
T+10,XGBoost,0.56,0.9552511415525115,0.9362549800796812,0.8768656716417911,0.905587668593449,0.9919101589994406,0.9773012227403328,0.9287593170784529,811,16,33,235
T+10,XGBoost,0.57,0.9561643835616438,0.94,0.8768656716417911,0.9073359073359073,0.9919101589994406,0.9773012227403328,0.9293639119998556,812,15,33,235
T+10,XGBoost,0.58,0.9561643835616438,0.94,0.8768656716417911,0.9073359073359073,0.9919101589994406,0.9773012227403328,0.9293639119998556,812,15,33,235
T+10,XGBoost,0.59,0.9561643835616438,0.94,0.8768656716417911,0.9073359073359073,0.9919101589994406,0.9773012227403328,0.9293639119998556,812,15,33,235
T+10,XGBoost,0.6,0.9570776255707762,0.9437751004016064,0.8768656716417911,0.9090909090909091,0.9919101589994406,0.9773012227403328,0.9299685069212583,813,14,33,235
T+10,XGBoost,0.61,0.9570776255707762,0.9437751004016064,0.8768656716417911,0.9090909090909091,0.9919101589994406,0.9773012227403328,0.9299685069212583,813,14,33,235
T+10,XGBoost,0.62,0.9570776255707762,0.9473684210526315,0.8731343283582089,0.9087378640776699,0.9919101589994406,0.9773012227403328,0.9287074302008699,814,13,34,234
T+10,XGBoost,0.63,0.9561643835616438,0.9471544715447154,0.8694029850746269,0.9066147859922179,0.9919101589994406,0.9773012227403328,0.9268417585590789,814,13,35,233
T+10,XGBoost,0.64,0.9561643835616438,0.9471544715447154,0.8694029850746269,0.9066147859922179,0.9919101589994406,0.9773012227403328,0.9268417585590789,814,13,35,233
T+10,XGBoost,0.65,0.9561643835616438,0.9471544715447154,0.8694029850746269,0.9066147859922179,0.9919101589994406,0.9773012227403328,0.9268417585590789,814,13,35,233
T+10,XGBoost,0.66,0.9561643835616438,0.9471544715447154,0.8694029850746269,0.9066147859922179,0.9919101589994406,0.9773012227403328,0.9268417585590789,814,13,35,233
T+10,XGBoost,0.67,0.9570776255707762,0.9510204081632653,0.8694029850746269,0.9083820662768031,0.9919101589994406,0.9773012227403328,0.9274463534804815,815,12,35,233
T+10,XGBoost,0.68,0.9570776255707762,0.9510204081632653,0.8694029850746269,0.9083820662768031,0.9919101589994406,0.9773012227403328,0.9274463534804815,815,12,35,233
T+10,XGBoost,0.69,0.9570776255707762,0.9510204081632653,0.8694029850746269,0.9083820662768031,0.9919101589994406,0.9773012227403328,0.9274463534804815,815,12,35,233
T+10,XGBoost,0.7,0.9570776255707762,0.9510204081632653,0.8694029850746269,0.9083820662768031,0.9919101589994406,0.9773012227403328,0.9274463534804815,815,12,35,233
T+10,XGBoost,0.71,0.9570776255707762,0.9510204081632653,0.8694029850746269,0.9083820662768031,0.9919101589994406,0.9773012227403328,0.9274463534804815,815,12,35,233
T+10,XGBoost,0.72,0.9570776255707762,0.9510204081632653,0.8694029850746269,0.9083820662768031,0.9919101589994406,0.9773012227403328,0.9274463534804815,815,12,35,233
T+10,XGBoost,0.73,0.9570776255707762,0.9510204081632653,0.8694029850746269,0.9083820662768031,0.9919101589994406,0.9773012227403328,0.9274463534804815,815,12,35,233
T+10,XGBoost,0.74,0.9570776255707762,0.9510204081632653,0.8694029850746269,0.9083820662768031,0.9919101589994406,0.9773012227403328,0.9274463534804815,815,12,35,233
T+10,XGBoost,0.75,0.9570776255707762,0.9510204081632653,0.8694029850746269,0.9083820662768031,0.9919101589994406,0.9773012227403328,0.9274463534804815,815,12,35,233
T+10,XGBoost,0.76,0.9561643835616438,0.9508196721311475,0.8656716417910447,0.90625,0.9919101589994406,0.9773012227403328,0.9255806818386905,815,12,36,232
T+10,XGBoost,0.77,0.9561643835616438,0.9545454545454546,0.8619402985074627,0.9058823529411765,0.9919101589994406,0.9773012227403328,0.924319605118302,816,11,37,231
T+10,XGBoost,0.78,0.954337899543379,0.9541666666666667,0.8544776119402985,0.9015748031496063,0.9919101589994406,0.9773012227403328,0.92058826183472,816,11,39,229
T+10,XGBoost,0.79,0.9525114155251142,0.9537815126050421,0.8470149253731343,0.8972332015810277,0.9919101589994406,0.9773012227403328,0.9168569185511379,816,11,41,227
T+10,XGBoost,0.8,0.9525114155251142,0.9576271186440678,0.8432835820895522,0.8968253968253969,0.9919101589994406,0.9773012227403328,0.9155958418307495,817,10,42,226
T+10,XGBoost,0.81,0.9525114155251142,0.9615384615384616,0.8395522388059702,0.896414342629482,0.9919101589994406,0.9773012227403328,0.9143347651103612,818,9,43,225
T+10,XGBoost,0.82,0.9534246575342465,0.9696969696969697,0.835820895522388,0.8977955911823647,0.9919101589994406,0.9773012227403328,0.9136782833113755,820,7,44,224
T+10,XGBoost,0.83,0.9534246575342465,0.9696969696969697,0.835820895522388,0.8977955911823647,0.9919101589994406,0.9773012227403328,0.9136782833113755,820,7,44,224
T+10,XGBoost,0.84,0.9525114155251142,0.9695652173913043,0.832089552238806,0.8955823293172691,0.9919101589994406,0.9773012227403328,0.9118126116695844,820,7,45,223
T+10,XGBoost,0.85,0.9534246575342465,0.9779735682819384,0.8283582089552238,0.896969696969697,0.9919101589994406,0.9773012227403328,0.9111561298705986,822,5,46,222
T+10,XGBoost,0.86,0.9525114155251142,0.9778761061946902,0.8246268656716418,0.8947368421052632,0.9919101589994406,0.9773012227403328,0.9092904582288076,822,5,47,221
T+10,XGBoost,0.87,0.9506849315068493,0.9819819819819819,0.8134328358208955,0.889795918367347,0.9919101589994406,0.9773012227403328,0.9042980382248371,823,4,50,218
T+10,XGBoost,0.88,0.9461187214611873,0.9815668202764977,0.7947761194029851,0.8783505154639175,0.9919101589994406,0.9773012227403328,0.894969680015882,823,4,55,213
T+10,XGBoost,0.89,0.9424657534246575,0.985781990521327,0.7761194029850746,0.8684759916492694,0.9919101589994406,0.9773012227403328,0.8862459167283294,824,3,60,208
T+10,XGBoost,0.9,0.9342465753424658,0.99,0.7388059701492538,0.8461538461538461,0.9919101589994406,0.9773012227403328,0.8681937952318215,825,2,70,198
T+10,XGBoost,0.91,0.9342465753424658,1.0,0.7313432835820896,0.8448275862068966,0.9919101589994406,0.9773012227403328,0.8656716417910448,827,0,72,196
T+10,XGBoost,0.92,0.9269406392694064,1.0,0.7014925373134329,0.8245614035087719,0.9919101589994406,0.9773012227403328,0.8507462686567164,827,0,80,188
T+10,XGBoost,0.93,0.919634703196347,1.0,0.6716417910447762,0.8035714285714286,0.9919101589994406,0.9773012227403328,0.835820895522388,827,0,88,180
T+10,XGBoost,0.94,0.91324200913242,1.0,0.6455223880597015,0.7845804988662132,0.9919101589994406,0.9773012227403328,0.8227611940298507,827,0,95,173
T+10,XGBoost,0.95,0.9068493150684932,1.0,0.6194029850746269,0.7649769585253456,0.9919101589994406,0.9773012227403328,0.8097014925373134,827,0,102,166
T+10,LightGBM,0.05,0.9360730593607306,0.8485915492957746,0.8992537313432836,0.8731884057971014,0.988354779909401,0.9690109687599843,0.9236292840513274,784,43,27,241
T+10,LightGBM,0.06,0.936986301369863,0.8515901060070671,0.8992537313432836,0.8747731397459165,0.988354779909401,0.9690109687599843,0.92423387897273,785,42,27,241
T+10,LightGBM,0.07,0.9378995433789954,0.8546099290780141,0.8992537313432836,0.8763636363636363,0.988354779909401,0.9690109687599843,0.9248384738941327,786,41,27,241
T+10,LightGBM,0.08,0.9378995433789954,0.8546099290780141,0.8992537313432836,0.8763636363636363,0.988354779909401,0.9690109687599843,0.9248384738941327,786,41,27,241
T+10,LightGBM,0.09,0.9378995433789954,0.8571428571428571,0.8955223880597015,0.8759124087591241,0.988354779909401,0.9690109687599843,0.9235773971737444,787,40,28,240
T+10,LightGBM,0.1,0.9388127853881278,0.8602150537634409,0.8955223880597015,0.8775137111517367,0.988354779909401,0.9690109687599843,0.9241819920951471,788,39,28,240
T+10,LightGBM,0.11,0.9397260273972603,0.8659420289855072,0.8917910447761194,0.8786764705882353,0.988354779909401,0.9690109687599843,0.9235255102961613,790,37,29,239
T+10,LightGBM,0.12,0.9397260273972603,0.8659420289855072,0.8917910447761194,0.8786764705882353,0.988354779909401,0.9690109687599843,0.9235255102961613,790,37,29,239
T+10,LightGBM,0.13,0.9397260273972603,0.8659420289855072,0.8917910447761194,0.8786764705882353,0.988354779909401,0.9690109687599843,0.9235255102961613,790,37,29,239
T+10,LightGBM,0.14,0.9388127853881278,0.8654545454545455,0.8880597014925373,0.8766114180478821,0.988354779909401,0.9690109687599843,0.9216598386543702,790,37,30,238
T+10,LightGBM,0.15,0.9388127853881278,0.8654545454545455,0.8880597014925373,0.8766114180478821,0.988354779909401,0.9690109687599843,0.9216598386543702,790,37,30,238
T+10,LightGBM,0.16,0.9397260273972603,0.8686131386861314,0.8880597014925373,0.8782287822878229,0.988354779909401,0.9690109687599843,0.9222644335757728,791,36,30,238
T+10,LightGBM,0.17,0.9397260273972603,0.8686131386861314,0.8880597014925373,0.8782287822878229,0.988354779909401,0.9690109687599843,0.9222644335757728,791,36,30,238
T+10,LightGBM,0.18,0.9397260273972603,0.8686131386861314,0.8880597014925373,0.8782287822878229,0.988354779909401,0.9690109687599843,0.9222644335757728,791,36,30,238
T+10,LightGBM,0.19,0.9406392694063926,0.8717948717948718,0.8880597014925373,0.8798521256931608,0.988354779909401,0.9690109687599843,0.9228690284971756,792,35,30,238
T+10,LightGBM,0.2,0.9406392694063926,0.8717948717948718,0.8880597014925373,0.8798521256931608,0.988354779909401,0.9690109687599843,0.9228690284971756,792,35,30,238
T+10,LightGBM,0.21,0.9406392694063926,0.8717948717948718,0.8880597014925373,0.8798521256931608,0.988354779909401,0.9690109687599843,0.9228690284971756,792,35,30,238
T+10,LightGBM,0.22,0.9406392694063926,0.8717948717948718,0.8880597014925373,0.8798521256931608,0.988354779909401,0.9690109687599843,0.9228690284971756,792,35,30,238
T+10,LightGBM,0.23,0.9406392694063926,0.8717948717948718,0.8880597014925373,0.8798521256931608,0.988354779909401,0.9690109687599843,0.9228690284971756,792,35,30,238
T+10,LightGBM,0.24,0.9406392694063926,0.8717948717948718,0.8880597014925373,0.8798521256931608,0.988354779909401,0.9690109687599843,0.9228690284971756,792,35,30,238
T+10,LightGBM,0.25,0.9415525114155251,0.875,0.8880597014925373,0.8814814814814815,0.988354779909401,0.9690109687599843,0.9234736234185782,793,34,30,238
T+10,LightGBM,0.26,0.94337899543379,0.8814814814814815,0.8880597014925373,0.8847583643122676,0.988354779909401,0.9690109687599843,0.9246828132613836,795,32,30,238
T+10,LightGBM,0.27,0.9452054794520548,0.8880597014925373,0.8880597014925373,0.8880597014925373,0.988354779909401,0.9690109687599843,0.9258920031041888,797,30,30,238
T+10,LightGBM,0.28,0.9452054794520548,0.8880597014925373,0.8880597014925373,0.8880597014925373,0.988354779909401,0.9690109687599843,0.9258920031041888,797,30,30,238
T+10,LightGBM,0.29,0.9442922374429223,0.8876404494382022,0.8843283582089553,0.8859813084112149,0.988354779909401,0.9690109687599843,0.9240263314623978,797,30,31,237
T+10,LightGBM,0.3,0.94337899543379,0.8872180451127819,0.8805970149253731,0.8838951310861424,0.988354779909401,0.9690109687599843,0.9221606598206067,797,30,32,236
T+10,LightGBM,0.31,0.94337899543379,0.8872180451127819,0.8805970149253731,0.8838951310861424,0.988354779909401,0.9690109687599843,0.9221606598206067,797,30,32,236
T+10,LightGBM,0.32,0.94337899543379,0.8872180451127819,0.8805970149253731,0.8838951310861424,0.988354779909401,0.9690109687599843,0.9221606598206067,797,30,32,236
T+10,LightGBM,0.33,0.94337899543379,0.8872180451127819,0.8805970149253731,0.8838951310861424,0.988354779909401,0.9690109687599843,0.9221606598206067,797,30,32,236
T+10,LightGBM,0.34,0.94337899543379,0.8872180451127819,0.8805970149253731,0.8838951310861424,0.988354779909401,0.9690109687599843,0.9221606598206067,797,30,32,236
T+10,LightGBM,0.35,0.9424657534246575,0.8867924528301887,0.8768656716417911,0.8818011257035647,0.988354779909401,0.9690109687599843,0.9202949881788157,797,30,33,235
T+10,LightGBM,0.36,0.9415525114155251,0.8863636363636364,0.8731343283582089,0.8796992481203008,0.988354779909401,0.9690109687599843,0.9184293165370246,797,30,34,234
T+10,LightGBM,0.37,0.9415525114155251,0.8863636363636364,0.8731343283582089,0.8796992481203008,0.988354779909401,0.9690109687599843,0.9184293165370246,797,30,34,234
T+10,LightGBM,0.38,0.9424657534246575,0.89272030651341,0.8694029850746269,0.8809073724007561,0.988354779909401,0.9690109687599843,0.917772834738039,799,28,35,233
T+10,LightGBM,0.39,0.9424657534246575,0.89272030651341,0.8694029850746269,0.8809073724007561,0.988354779909401,0.9690109687599843,0.917772834738039,799,28,35,233
T+10,LightGBM,0.4,0.9424657534246575,0.89272030651341,0.8694029850746269,0.8809073724007561,0.988354779909401,0.9690109687599843,0.917772834738039,799,28,35,233
T+10,LightGBM,0.41,0.9424657534246575,0.89272030651341,0.8694029850746269,0.8809073724007561,0.988354779909401,0.9690109687599843,0.917772834738039,799,28,35,233
T+10,LightGBM,0.42,0.9424657534246575,0.89272030651341,0.8694029850746269,0.8809073724007561,0.988354779909401,0.9690109687599843,0.917772834738039,799,28,35,233
T+10,LightGBM,0.43,0.9424657534246575,0.89272030651341,0.8694029850746269,0.8809073724007561,0.988354779909401,0.9690109687599843,0.917772834738039,799,28,35,233
T+10,LightGBM,0.44,0.9415525114155251,0.8923076923076924,0.8656716417910447,0.8787878787878788,0.988354779909401,0.9690109687599843,0.9159071630962479,799,28,36,232
T+10,LightGBM,0.45,0.9415525114155251,0.8923076923076924,0.8656716417910447,0.8787878787878788,0.988354779909401,0.9690109687599843,0.9159071630962479,799,28,36,232
T+10,LightGBM,0.46,0.9415525114155251,0.8923076923076924,0.8656716417910447,0.8787878787878788,0.988354779909401,0.9690109687599843,0.9159071630962479,799,28,36,232
T+10,LightGBM,0.47,0.9424657534246575,0.8957528957528957,0.8656716417910447,0.8804554079696395,0.988354779909401,0.9690109687599843,0.9165117580176505,800,27,36,232
T+10,LightGBM,0.48,0.9424657534246575,0.8957528957528957,0.8656716417910447,0.8804554079696395,0.988354779909401,0.9690109687599843,0.9165117580176505,800,27,36,232
T+10,LightGBM,0.49,0.9424657534246575,0.8957528957528957,0.8656716417910447,0.8804554079696395,0.988354779909401,0.9690109687599843,0.9165117580176505,800,27,36,232
T+10,LightGBM,0.5,0.9424657534246575,0.8957528957528957,0.8656716417910447,0.8804554079696395,0.988354779909401,0.9690109687599843,0.9165117580176505,800,27,36,232
T+10,LightGBM,0.51,0.9424657534246575,0.8988326848249028,0.8619402985074627,0.88,0.988354779909401,0.9690109687599843,0.9152506812972622,801,26,37,231
T+10,LightGBM,0.52,0.9424657534246575,0.8988326848249028,0.8619402985074627,0.88,0.988354779909401,0.9690109687599843,0.9152506812972622,801,26,37,231
T+10,LightGBM,0.53,0.9424657534246575,0.8988326848249028,0.8619402985074627,0.88,0.988354779909401,0.9690109687599843,0.9152506812972622,801,26,37,231
T+10,LightGBM,0.54,0.9424657534246575,0.8988326848249028,0.8619402985074627,0.88,0.988354779909401,0.9690109687599843,0.9152506812972622,801,26,37,231
T+10,LightGBM,0.55,0.9424657534246575,0.8988326848249028,0.8619402985074627,0.88,0.988354779909401,0.9690109687599843,0.9152506812972622,801,26,37,231
T+10,LightGBM,0.56,0.9424657534246575,0.8988326848249028,0.8619402985074627,0.88,0.988354779909401,0.9690109687599843,0.9152506812972622,801,26,37,231
T+10,LightGBM,0.57,0.9424657534246575,0.8988326848249028,0.8619402985074627,0.88,0.988354779909401,0.9690109687599843,0.9152506812972622,801,26,37,231
T+10,LightGBM,0.58,0.9424657534246575,0.8988326848249028,0.8619402985074627,0.88,0.988354779909401,0.9690109687599843,0.9152506812972622,801,26,37,231
T+10,LightGBM,0.59,0.9424657534246575,0.8988326848249028,0.8619402985074627,0.88,0.988354779909401,0.9690109687599843,0.9152506812972622,801,26,37,231
T+10,LightGBM,0.6,0.9424657534246575,0.8988326848249028,0.8619402985074627,0.88,0.988354779909401,0.9690109687599843,0.9152506812972622,801,26,37,231
T+10,LightGBM,0.61,0.9424657534246575,0.8988326848249028,0.8619402985074627,0.88,0.988354779909401,0.9690109687599843,0.9152506812972622,801,26,37,231
T+10,LightGBM,0.62,0.94337899543379,0.90234375,0.8619402985074627,0.8816793893129771,0.988354779909401,0.9690109687599843,0.9158552762186649,802,25,37,231
T+10,LightGBM,0.63,0.94337899543379,0.90234375,0.8619402985074627,0.8816793893129771,0.988354779909401,0.9690109687599843,0.9158552762186649,802,25,37,231
T+10,LightGBM,0.64,0.9442922374429223,0.9058823529411765,0.8619402985074627,0.8833652007648184,0.988354779909401,0.9690109687599843,0.9164598711400676,803,24,37,231
T+10,LightGBM,0.65,0.9442922374429223,0.9058823529411765,0.8619402985074627,0.8833652007648184,0.988354779909401,0.9690109687599843,0.9164598711400676,803,24,37,231
T+10,LightGBM,0.66,0.9442922374429223,0.9058823529411765,0.8619402985074627,0.8833652007648184,0.988354779909401,0.9690109687599843,0.9164598711400676,803,24,37,231
T+10,LightGBM,0.67,0.9442922374429223,0.9058823529411765,0.8619402985074627,0.8833652007648184,0.988354779909401,0.9690109687599843,0.9164598711400676,803,24,37,231
T+10,LightGBM,0.68,0.94337899543379,0.905511811023622,0.8582089552238806,0.8812260536398467,0.988354779909401,0.9690109687599843,0.9145941994982765,803,24,38,230
T+10,LightGBM,0.69,0.94337899543379,0.905511811023622,0.8582089552238806,0.8812260536398467,0.988354779909401,0.9690109687599843,0.9145941994982765,803,24,38,230
T+10,LightGBM,0.7,0.94337899543379,0.905511811023622,0.8582089552238806,0.8812260536398467,0.988354779909401,0.9690109687599843,0.9145941994982765,803,24,38,230
T+10,LightGBM,0.71,0.94337899543379,0.905511811023622,0.8582089552238806,0.8812260536398467,0.988354779909401,0.9690109687599843,0.9145941994982765,803,24,38,230
T+10,LightGBM,0.72,0.9442922374429223,0.9090909090909091,0.8582089552238806,0.8829174664107485,0.988354779909401,0.9690109687599843,0.9151987944196791,804,23,38,230
T+10,LightGBM,0.73,0.9452054794520548,0.9126984126984127,0.8582089552238806,0.8846153846153846,0.988354779909401,0.9690109687599843,0.9158033893410817,805,22,38,230
T+10,LightGBM,0.74,0.9452054794520548,0.9126984126984127,0.8582089552238806,0.8846153846153846,0.988354779909401,0.9690109687599843,0.9158033893410817,805,22,38,230
T+10,LightGBM,0.75,0.9461187214611873,0.9163346613545816,0.8582089552238806,0.8863198458574181,0.988354779909401,0.9690109687599843,0.9164079842624844,806,21,38,230
T+10,LightGBM,0.76,0.9452054794520548,0.9193548387096774,0.8507462686567164,0.8837209302325582,0.988354779909401,0.9690109687599843,0.9132812359003051,807,20,40,228
T+10,LightGBM,0.77,0.9452054794520548,0.9193548387096774,0.8507462686567164,0.8837209302325582,0.988354779909401,0.9690109687599843,0.9132812359003051,807,20,40,228
T+10,LightGBM,0.78,0.9452054794520548,0.9227642276422764,0.8470149253731343,0.8832684824902723,0.988354779909401,0.9690109687599843,0.9120201591799166,808,19,41,227
T+10,LightGBM,0.79,0.9461187214611873,0.926530612244898,0.8470149253731343,0.884990253411306,0.988354779909401,0.9690109687599843,0.9126247541013193,809,18,41,227
T+10,LightGBM,0.8,0.9452054794520548,0.9262295081967213,0.8432835820895522,0.8828125,0.988354779909401,0.9690109687599843,0.9107590824595282,809,18,42,226
T+10,LightGBM,0.81,0.9470319634703196,0.9338842975206612,0.8432835820895522,0.8862745098039215,0.988354779909401,0.9690109687599843,0.9119682723023336,811,16,42,226
T+10,LightGBM,0.82,0.9461187214611873,0.9336099585062241,0.8395522388059702,0.8840864440078585,0.988354779909401,0.9690109687599843,0.9101026006605426,811,16,43,225
T+10,LightGBM,0.83,0.9461187214611873,0.9336099585062241,0.8395522388059702,0.8840864440078585,0.988354779909401,0.9690109687599843,0.9101026006605426,811,16,43,225
T+10,LightGBM,0.84,0.9470319634703196,0.9375,0.8395522388059702,0.8858267716535433,0.988354779909401,0.9690109687599843,0.9107071955819452,812,15,43,225
T+10,LightGBM,0.85,0.947945205479452,0.9414225941422594,0.8395522388059702,0.8875739644970414,0.988354779909401,0.9690109687599843,0.9113117905033479,813,14,43,225
T+10,LightGBM,0.86,0.9470319634703196,0.9487179487179487,0.8283582089552238,0.8844621513944223,0.988354779909401,0.9690109687599843,0.9069239654207799,815,12,46,222
T+10,LightGBM,0.87,0.947945205479452,0.9527896995708155,0.8283582089552238,0.8862275449101796,0.988354779909401,0.9690109687599843,0.9075285603421827,816,11,46,222
T+10,LightGBM,0.88,0.9488584474885845,0.9608695652173913,0.8246268656716418,0.8875502008032129,0.988354779909401,0.9690109687599843,0.906872078543197,818,9,47,221
T+10,LightGBM,0.89,0.9506849315068493,0.9692982456140351,0.8246268656716418,0.8911290322580645,0.988354779909401,0.9690109687599843,0.9080812683860022,820,7,47,221
T+10,LightGBM,0.9,0.9515981735159817,0.973568281938326,0.8246268656716418,0.8929292929292929,0.988354779909401,0.9690109687599843,0.9086858633074049,821,6,47,221
T+10,LightGBM,0.91,0.9497716894977168,0.9775784753363229,0.8134328358208955,0.8879837067209776,0.988354779909401,0.9690109687599843,0.9036934433034345,822,5,50,218
T+10,LightGBM,0.92,0.9470319634703196,0.981651376146789,0.7985074626865671,0.8806584362139918,0.988354779909401,0.9690109687599843,0.8968353516576729,823,4,54,214
T+10,LightGBM,0.93,0.9424657534246575,0.9812206572769953,0.7798507462686567,0.8690228690228691,0.988354779909401,0.9690109687599843,0.8875069934487176,823,4,59,209
T+10,LightGBM,0.94,0.9415525114155251,0.9857142857142858,0.7723880597014925,0.8661087866108786,0.988354779909401,0.9690109687599843,0.8843802450865383,824,3,61,207
T+10,LightGBM,0.95,0.94337899543379,0.9951923076923077,0.7723880597014925,0.8697478991596639,0.988354779909401,0.9690109687599843,0.8855894349293436,826,1,61,207
